mrdDt,A1510180031,precipitation,humidity,rainy,temperature,wind direction,wind speed
2021-09-01 00,0.227,0,85,0,26,189,2
2021-09-01 01,0.175,0,85,0,26,181,3
2021-09-01 02,0.156,0,85,0,26,213,2
2021-09-01 03,0.155,0,85,0,26,213,2
2021-09-01 04,0.161,0,80,0,26,188,4
2021-09-01 05,0.157,0,80,0,26,200,3
2021-09-01 06,0.159,0,80,0,26,196,4
2021-09-01 07,0.155,0,80,0,27,209,4
2021-09-01 08,0.159,0,75,0,27,209,5
2021-09-01 09,0.149,0,80,0,28,205,6
2021-09-01 10,0.147,5,85,0.2,27,216,5
2021-09-01 11,0.185,1,80,1.3,28,216,6
2021-09-01 12,0.234,1,90,2.1,26,232,4
2021-09-01 13,0.144,1,85,0.6,28,228,4
2021-09-01 14,0.166,0,85,0,28,208,4
2021-09-01 15,0.171,0,85,0,28,213,4
2021-09-01 16,0.161,0,80,0,28,214,4
2021-09-01 17,0.149,1,90,8.1,27,241,4
2021-09-01 18,0.161,1,85,1.9,26,223,2
2021-09-01 19,0.166,0,90,0,26,231,3
2021-09-01 20,0.165,1,85,0.3,26,262,4
2021-09-01 21,0.165,0,85,0,25,293,3
2021-09-01 22,0.166,0,85,0,25,310,2
2021-09-01 23,0.239,0,85,0,25,282,1
2021-09-02 00,0.16,0,80,0,24,36,3
2021-09-02 01,0.161,0,85,0,24,51,3
2021-09-02 02,0.146,0,80,0,24,62,4
2021-09-02 03,0.152,5,85,0.1,23,72,3
2021-09-02 04,0.147,5,85,0.1,23,61,3
2021-09-02 05,0.156,0,85,0,23,63,4
2021-09-02 06,0.155,5,85,0.1,22,72,5
2021-09-02 07,0.156,5,85,0.1,23,53,4
2021-09-02 08,0.155,5,80,0.1,23,56,4
2021-09-02 09,0.153,0,80,0,24,61,4
2021-09-02 10,0.23,0,80,0,24,44,3
2021-09-02 11,0.16,1,80,0.8,24,35,2
2021-09-02 12,0.152,1,85,1.5,23,68,4
2021-09-02 13,0.167,5,85,0.2,24,59,3
2021-09-02 14,0.166,1,85,1,23,30,2
2021-09-02 15,0.158,1,90,0.9,23,68,2
2021-09-02 16,0.164,1,90,0.6,23,86,2
2021-09-02 17,0.156,5,90,0.1,23,87,2
2021-09-02 18,0.144,5,85,0.1,22,94,2
2021-09-02 19,0.153,0,85,0,22,81,2
2021-09-02 20,0.154,5,85,0.1,22,74,3
2021-09-02 21,0.236,0,85,0,22,58,5
2021-09-02 22,0.185,1,90,0.5,21,50,5
2021-09-02 23,0.153,1,90,0.4,21,49,5
2021-09-03 00,0.15,1,90,0.3,21,52,4
2021-09-03 01,0.153,1,90,0.4,21,37,4
2021-09-03 02,0.115,5,90,0.1,21,53,5
2021-09-03 03,0.149,5,90,0.2,21,61,5
2021-09-03 04,0.165,5,85,0.1,21,43,5
2021-09-03 05,0.164,5,85,0.1,21,48,5
2021-09-03 06,0.156,0,85,0,21,55,5
2021-09-03 07,0.229,5,85,0.1,21,46,4
2021-09-03 08,0.154,5,85,0.2,21,38,5
2021-09-03 09,0.153,0,80,0,22,38,5
2021-09-03 10,0.162,0,75,0,22,58,5
2021-09-03 11,0.159,0,75,0,23,42,3
2021-09-03 12,0.157,0,75,0,24,45,4
2021-09-03 13,0.175,0,75,0,24,21,5
2021-09-03 14,0.171,0,75,0,25,44,3
2021-09-03 15,0.169,0,75,0,24,32,4
2021-09-03 16,0.154,0,75,0,24,40,3
2021-09-03 17,0.158,0,75,0,24,50,4
2021-09-03 18,0.167,0,80,0,23,56,5
2021-09-03 19,0.212,0,80,0,23,53,4
2021-09-03 20,0.232,0,80,0,22,45,4
2021-09-03 21,0.16,0,80,0,22,48,4
2021-09-03 22,0.159,0,80,0,22,52,4
2021-09-03 23,0.152,0,80,0,22,49,4
2021-09-04 00,0.158,0,80,0,22,48,4
2021-09-04 01,0.17,0,80,0,21,60,4
2021-09-04 02,0.169,0,80,0,21,50,3
2021-09-04 03,0.165,0,80,0,22,65,3
2021-09-04 04,0.15,0,75,0,22,58,3
2021-09-04 05,0.152,0,75,0,22,59,3
2021-09-04 06,0.229,0,75,0,22,63,3
2021-09-04 07,0.206,0,75,0,22,63,4
2021-09-04 08,0.152,0,70,0,23,54,3
2021-09-04 09,0.155,0,70,0,24,70,3
2021-09-04 10,0.174,0,65,0,25,64,3
2021-09-04 11,0.173,0,65,0,25,67,3
2021-09-04 12,0.173,0,65,0,25,69,3
2021-09-04 13,0.154,0,65,0,26,78,3
2021-09-04 14,0.168,0,65,0,26,89,3
2021-09-04 15,0.178,0,65,0,25,91,2
2021-09-04 16,0.231,0,70,0,25,109,2
2021-09-04 17,0.224,0,75,0,24,124,2
2021-09-04 18,0.183,0,75,0,24,118,1
2021-09-04 19,0.141,0,75,0,24,136,1
2021-09-04 20,0.179,0,70,0,24,76,2
2021-09-04 21,0.141,0,70,0,24,66,2
2021-09-04 22,0.173,0,70,0,24,74,3
2021-09-04 23,0.179,0,70,0,24,70,3
2021-09-05 00,0.154,0,75,0,23,59,4
2021-09-05 01,0.168,0,70,0,23,66,4
2021-09-05 02,0.171,0,70,0,23,58,4
2021-09-05 03,0.236,0,70,0,23,52,4
2021-09-05 04,0.184,0,70,0,22,66,4
2021-09-05 05,0.179,0,65,0,22,70,4
2021-09-05 06,0.162,0,70,0,22,68,5
2021-09-05 07,0.163,0,70,0,22,62,4
2021-09-05 08,0.156,0,70,0,23,65,5
2021-09-05 09,0.18,0,70,0,23,64,4
2021-09-05 10,0.174,5,70,0.1,23,70,4
2021-09-05 11,0.163,0,70,0,23,65,4
2021-09-05 12,0.156,1,70,0.3,23,71,4
2021-09-05 13,0.231,0,70,0,24,75,4
2021-09-05 14,0.212,5,70,0.1,24,61,5
2021-09-05 15,0.166,5,75,0.2,23,62,4
2021-09-05 16,0.151,5,70,0.2,23,67,4
2021-09-05 17,0.174,0,70,0,23,56,5
2021-09-05 18,0.179,5,70,0.1,23,55,5
2021-09-05 19,0.163,0,70,0,23,55,5
2021-09-05 20,0.149,0,70,0,23,52,5
2021-09-05 21,0.167,0,70,0,23,60,4
2021-09-05 22,0.169,0,70,0,23,64,4
2021-09-05 23,0.167,0,70,0,22,59,6
2021-09-06 00,0.238,5,65,0.1,21,46,5
2021-09-06 01,0.159,5,65,0.1,21,49,4
2021-09-06 02,0.171,5,75,0.2,20,40,5
2021-09-06 03,0.173,0,75,0,21,54,4
2021-09-06 04,0.154,1,75,0.3,21,62,3
2021-09-06 05,0.146,5,75,0.1,22,61,5
2021-09-06 06,0.152,1,75,0.4,22,67,5
2021-09-06 07,0.16,1,85,0.8,21,65,4
2021-09-06 08,0.158,1,80,0.4,22,64,5
2021-09-06 09,0.162,1,85,0.4,21,63,5
2021-09-06 10,0.158,1,90,0.6,21,37,3
2021-09-06 11,0.229,5,85,0.2,21,40,4
2021-09-06 12,0.154,5,85,0.1,22,72,5
2021-09-06 13,0.158,1,85,0.3,22,46,4
2021-09-06 14,0.161,5,90,0.2,22,77,5
2021-09-06 15,0.166,0,85,0,22,58,4
2021-09-06 16,0.169,5,80,0.1,22,56,4
2021-09-06 17,0.171,5,80,0.2,22,56,4
2021-09-06 18,0.156,0,85,0,22,66,4
2021-09-06 19,0.145,0,80,0,23,56,5
2021-09-06 20,0.166,0,80,0,22,67,5
2021-09-06 21,0.163,0,80,0,22,62,5
2021-09-06 22,0.234,0,75,0,22,65,5
2021-09-06 23,0.161,0,75,0,22,66,6
2021-09-07 00,0.165,0,80,0,22,65,5
2021-09-07 01,0.16,0,80,0,22,63,4
2021-09-07 02,0.162,0,80,0,22,68,4
2021-09-07 03,0.156,0,80,0,22,68,4
2021-09-07 04,0.154,0,80,0,22,67,4
2021-09-07 05,0.142,0,80,0,22,58,4
2021-09-07 06,0.145,0,80,0,22,64,4
2021-09-07 07,0.148,0,80,0,22,56,2
2021-09-07 08,0.14,0,80,0,22,69,3
2021-09-07 09,0.183,0,85,0,22,60,2
2021-09-07 10,0.229,1,90,4.8,22,46,3
2021-09-07 11,0.129,1,90,0.3,22,57,1
2021-09-07 12,0.155,0,90,0,23,39,1
2021-09-07 13,0.157,0,85,0,24,359,1
2021-09-07 14,0.161,0,85,0,25,339,1
2021-09-07 15,0.164,0,85,0,25,249,3
2021-09-07 16,0.169,0,80,0,25,231,3
2021-09-07 17,0.158,0,85,0,25,235,4
2021-09-07 18,0.149,0,80,0,25,245,5
2021-09-07 19,0.156,0,80,0,24,260,5
2021-09-07 20,0.172,0,80,0,23,258,4
2021-09-07 21,0.23,0,75,0,23,273,5
2021-09-07 22,0.173,0,80,0,23,267,5
2021-09-07 23,0.162,0,80,0,22,264,4
2021-09-08 00,0.162,0,80,0,22,264,3
2021-09-08 01,0.163,0,80,0,22,257,4
2021-09-08 02,0.157,0,80,0,22,259,3
2021-09-08 03,0.157,0,80,0,22,264,4
2021-09-08 04,0.15,0,80,0,22,260,4
2021-09-08 05,0.149,0,75,0,22,289,3
2021-09-08 06,0.143,0,75,0,22,274,4
2021-09-08 07,0.145,0,75,0,22,291,3
2021-09-08 08,0.17,0,70,0,24,297,4
2021-09-08 09,0.235,0,70,0,24,305,4
2021-09-08 10,0.141,0,65,0,25,311,5
2021-09-08 11,0.152,0,55,0,26,303,5
2021-09-08 12,0.159,0,60,0,27,311,2
2021-09-08 13,0.152,0,55,0,27,303,2
2021-09-08 14,0.157,0,55,0,27,271,1
2021-09-08 15,0.15,0,55,0,28,287,1
2021-09-08 16,0.152,0,55,0,27,271,2
2021-09-08 17,0.151,0,60,0,26,309,2
2021-09-08 18,0.163,0,70,0,25,290,2
2021-09-08 19,0.169,0,70,0,24,304,2
2021-09-08 20,0.232,0,70,0,24,324,1
2021-09-08 21,0.184,0,75,0,23,343,1
2021-09-08 22,0.158,0,80,0,22,49,1
2021-09-08 23,0.148,0,85,0,22,70,1
2021-09-09 00,0.149,0,85,0,22,12,0
2021-09-09 01,0.147,0,85,0,21,10,1
2021-09-09 02,0.155,0,85,0,21,26,1
2021-09-09 03,0.156,0,85,0,21,37,2
2021-09-09 04,0.156,0,85,0,21,34,1
2021-09-09 05,0.151,0,90,0,20,35,1
2021-09-09 06,0.15,0,90,0,21,39,2
2021-09-09 07,0.153,0,85,0,22,38,2
2021-09-09 08,0.235,0,80,0,23,41,2
2021-09-09 09,0.148,0,75,0,24,25,1
2021-09-09 10,0.154,0,70,0,25,24,2
2021-09-09 11,0.156,0,65,0,26,51,1
2021-09-09 12,0.157,0,60,0,27,63,2
2021-09-09 13,0.156,0,60,0,28,23,1
2021-09-09 14,0.161,0,65,0,27,145,2
2021-09-09 15,0.158,0,70,0,26,181,3
2021-09-09 16,0.155,0,70,0,26,176,3
2021-09-09 17,0.151,0,75,0,25,165,2
2021-09-09 18,0.154,0,75,0,24,175,2
2021-09-09 19,0.233,0,75,0,24,175,2
2021-09-09 20,0.206,0,80,0,24,232,1
2021-09-09 21,0.151,0,85,0,24,164,1
2021-09-09 22,0.158,5,85,0.1,23,195,0
2021-09-09 23,0.15,0,85,0,23,108,0
2021-09-10 00,0.147,0,85,0,23,51,1
2021-09-10 01,0.152,5,90,0.1,23,330,1
2021-09-10 02,0.15,0,90,0,23,33,0
2021-09-10 03,0.155,0,90,0,23,77,1
2021-09-10 04,0.155,0,90,0,22,23,2
2021-09-10 05,0.151,1,90,1.2,22,35,2
2021-09-10 06,0.159,1,90,1.7,23,71,1
2021-09-10 07,0.229,1,85,1.1,22,190,1
2021-09-10 08,0.154,1,90,1,22,128,2
2021-09-10 09,0.153,1,90,0.8,22,18,0
2021-09-10 10,0.162,1,90,0.4,22,123,2
2021-09-10 11,0.154,1,85,0.6,21,57,1
2021-09-10 12,0.164,5,80,0.1,22,83,2
2021-09-10 13,0.163,5,80,0.1,22,29,2
2021-09-10 14,0.159,0,80,0,23,143,2
2021-09-10 15,0.148,0,80,0,23,128,0
2021-09-10 16,0.149,0,75,0,24,22,1
2021-09-10 17,0.158,0,75,0,24,54,1
2021-09-10 18,0.238,0,85,0,23,109,0
2021-09-10 19,0.194,0,85,0,22,8,1
2021-09-10 20,0.154,0,85,0,22,7,0
2021-09-10 21,0.149,0,85,0,22,354,1
2021-09-10 22,0.15,0,85,0,22,341,2
2021-09-10 23,0.152,0,85,0,22,14,1
2021-09-11 00,0.158,0,85,0,22,13,0
2021-09-11 01,0.161,0,90,0,21,356,1
2021-09-11 02,0.151,0,90,0,21,7,1
2021-09-11 03,0.157,0,90,0,21,12,1
2021-09-11 04,0.152,0,90,0,21,18,1
2021-09-11 05,0.152,0,95,0,21,9,1
2021-09-11 06,0.236,0,90,0,21,25,1
2021-09-11 07,0.149,0,85,0,22,41,2
2021-09-11 08,0.154,0,85,0,23,51,3
2021-09-11 09,0.154,0,75,0,25,38,2
2021-09-11 10,0.153,0,70,0,26,38,1
2021-09-11 11,0.159,0,65,0,27,114,2
2021-09-11 12,0.153,0,65,0,27,85,1
2021-09-11 13,0.162,0,65,0,28,134,1
2021-09-11 14,0.15,0,65,0,28,127,1
2021-09-11 15,0.15,0,65,0,27,143,2
2021-09-11 16,0.16,0,65,0,27,141,2
2021-09-11 17,0.237,0,65,0,26,152,2
2021-09-11 18,0.199,0,75,0,25,154,2
2021-09-11 19,0.16,0,80,0,24,165,2
2021-09-11 20,0.154,0,85,0,24,90,1
2021-09-11 21,0.151,0,85,0,24,220,0
2021-09-11 22,0.164,0,85,0,23,18,1
2021-09-11 23,0.17,0,90,0,23,324,1
2021-09-12 00,0.161,0,90,0,23,314,0
2021-09-12 01,0.164,0,90,0,22,3,1
2021-09-12 02,0.155,0,90,0,22,35,1
2021-09-12 03,0.169,0,90,0,22,30,1
2021-09-12 04,0.238,0,90,0,22,23,1
2021-09-12 05,0.152,0,95,0,21,17,1
2021-09-12 06,0.16,0,90,0,22,9,1
2021-09-12 07,0.159,0,85,0,22,32,3
2021-09-12 08,0.162,0,85,0,23,29,3
2021-09-12 09,0.157,0,75,0,24,50,2
2021-09-12 10,0.162,0,70,0,26,54,2
2021-09-12 11,0.154,0,65,0,27,78,1
2021-09-12 12,0.151,0,55,0,28,56,2
2021-09-12 13,0.149,0,55,0,29,53,2
2021-09-12 14,0.152,0,55,0,28,70,2
2021-09-12 15,0.236,0,60,0,28,90,2
2021-09-12 16,0.202,0,60,0,27,135,2
2021-09-12 17,0.152,0,70,0,26,159,3
2021-09-12 18,0.161,0,70,0,25,147,3
2021-09-12 19,0.15,0,75,0,24,129,2
2021-09-12 20,0.145,0,75,0,24,38,1
2021-09-12 21,0.165,0,70,0,24,74,1
2021-09-12 22,0.159,0,70,0,24,64,2
2021-09-12 23,0.163,0,70,0,24,59,4
2021-09-13 00,0.16,0,70,0,24,57,3
2021-09-13 01,0.163,0,70,0,24,60,4
2021-09-13 02,0.16,0,70,0,24,58,4
2021-09-13 03,0.24,0,75,0,23,57,4
2021-09-13 04,0.16,0,70,0,23,59,5
2021-09-13 05,0.162,0,70,0,23,69,5
2021-09-13 06,0.148,0,70,0,23,62,6
2021-09-13 07,0.145,0,70,0,23,66,5
2021-09-13 08,0.151,0,70,0,23,71,6
2021-09-13 09,0.149,0,70,0,24,62,5
2021-09-13 10,0.164,0,70,0,24,61,5
2021-09-13 11,0.165,0,65,0,25,64,6
2021-09-13 12,0.167,0,65,0,25,72,6
2021-09-13 13,0.167,0,65,0,25,74,6
2021-09-13 14,0.236,0,65,0,25,81,6
2021-09-13 15,0.173,0,60,0,25,74,4
2021-09-13 16,0.178,1,65,0.3,24,89,5
2021-09-13 17,0.166,1,65,0.3,24,68,6
2021-09-13 18,0.152,5,65,0.2,24,74,6
2021-09-13 19,0.169,0,70,0,24,78,5
2021-09-13 20,0.172,0,70,0,24,57,4
2021-09-13 21,0.171,0,70,0,24,81,5
2021-09-13 22,0.155,0,70,0,24,61,6
2021-09-13 23,0.15,0,70,0,23,61,6
2021-09-14 00,0.227,0,75,0,23,63,6
2021-09-14 01,0.199,5,75,0.2,22,72,6
2021-09-14 02,0.158,1,80,0.3,22,68,6
2021-09-14 03,0.169,1,80,0.4,21,54,5
2021-09-14 04,0.169,1,80,0.7,21,65,7
2021-09-14 05,0.17,1,90,5.4,20,63,6
2021-09-14 06,0.151,1,95,2.9,20,69,7
2021-09-14 07,0.147,1,90,0.6,20,66,6
2021-09-14 08,0.16,1,90,0.9,20,64,7
2021-09-14 09,0.169,5,85,0.1,21,62,7
2021-09-14 10,0.168,0,85,0,22,67,6
2021-09-14 11,0.24,5,85,0.2,21,74,6
2021-09-14 12,0.168,5,85,0.1,22,64,6
2021-09-14 13,0.179,5,85,0.1,22,56,6
2021-09-14 14,0.173,0,85,0,22,64,7
2021-09-14 15,0.147,0,80,0,23,68,7
2021-09-14 16,0.176,0,80,0,23,64,7
2021-09-14 17,0.176,0,75,0,23,59,7
2021-09-14 18,0.172,0,75,0,23,66,7
2021-09-14 19,0.191,0,75,0,23,59,7
2021-09-14 20,0.134,1,80,0.4,22,63,6
2021-09-14 21,0.239,1,75,0.5,23,57,6
2021-09-14 22,0.209,0,75,0,22,63,7
2021-09-14 23,0.158,0,70,0,22,64,6
2021-09-15 00,0.169,1,70,0.4,22,71,6
2021-09-15 01,0.175,5,70,0.1,22,67,7
2021-09-15 02,0.176,5,70,0.1,22,60,7
2021-09-15 03,0.15,1,75,0.6,21,61,6
2021-09-15 04,0.162,1,80,1.1,20,70,6
2021-09-15 05,0.17,1,80,1.4,20,70,7
2021-09-15 06,0.17,1,75,0.5,21,69,7
2021-09-15 07,0.174,1,70,0.7,22,65,7
2021-09-15 08,0.235,1,65,0.8,22,65,7
2021-09-15 09,0.16,1,60,0.8,23,67,7
2021-09-15 10,0.173,5,60,0.2,24,67,7
2021-09-15 11,0.178,0,55,0,25,57,6
2021-09-15 12,0.154,0,55,0,26,65,6
2021-09-15 13,0.173,0,50,0,26,76,7
2021-09-15 14,0.177,0,55,0,26,80,6
2021-09-15 15,0.172,0,55,0,26,84,6
2021-09-15 16,0.144,0,55,0,25,92,5
2021-09-15 17,0.18,0,55,0,25,86,6
2021-09-15 18,0.241,0,55,0,25,88,6
2021-09-15 19,0.19,0,55,0,24,79,5
2021-09-15 20,0.19,0,55,0,24,67,7
2021-09-15 21,0.157,0,60,0,23,63,7
2021-09-15 22,0.17,0,60,0,23,66,7
2021-09-15 23,0.187,0,60,0,22,62,6
2021-09-16 00,0.144,0,65,0,22,63,6
2021-09-16 01,0.171,0,65,0,22,58,6
2021-09-16 02,0.158,0,65,0,21,57,6
2021-09-16 03,0.171,0,65,0,21,69,5
2021-09-16 04,0.238,0,65,0,21,65,6
2021-09-16 05,0.217,0,65,0,21,62,6
2021-09-16 06,0.153,0,70,0,21,61,5
2021-09-16 07,0.164,0,70,0,21,66,6
2021-09-16 08,0.18,1,70,0.3,21,68,7
2021-09-16 09,0.176,0,70,0,22,64,6
2021-09-16 10,0.155,1,70,0.6,22,66,6
2021-09-16 11,0.161,5,70,0.1,22,62,5
2021-09-16 12,0.181,0,70,0,23,49,4
2021-09-16 13,0.178,0,75,0,23,59,7
2021-09-16 14,0.23,0,75,0,23,67,6
2021-09-16 15,0.219,0,75,0,23,57,6
2021-09-16 16,0.176,1,75,0.3,23,60,6
2021-09-16 17,0.142,1,80,0.7,22,68,6
2021-09-16 18,0.181,1,80,0.8,22,61,5
2021-09-16 19,0.143,5,75,0.2,23,56,6
2021-09-16 20,0.179,0,75,0,23,72,6
2021-09-16 21,0.179,0,75,0,23,64,7
2021-09-16 22,0.167,5,75,0.2,22,60,7
2021-09-16 23,0.157,1,75,0.3,22,64,7
2021-09-17 00,0.202,1,80,0.8,21,64,7
2021-09-17 01,0.239,5,80,0.1,21,59,7
2021-09-17 02,0.176,1,85,1.1,21,59,6
2021-09-17 03,0.175,1,85,0.7,21,70,6
2021-09-17 04,0.136,1,90,0.4,21,54,5
2021-09-17 05,0.176,5,85,0.2,21,52,6
2021-09-17 06,0.178,5,85,0.2,21,44,5
2021-09-17 07,0.173,0,85,0,21,59,7
2021-09-17 08,0.15,1,85,0.4,21,47,8
2021-09-17 09,0.172,1,85,2.9,21,62,8
2021-09-17 10,0.172,1,85,3.9,21,24,7
2021-09-17 11,0.238,1,85,3.1,21,18,7
2021-09-17 12,0.195,5,80,0.2,22,13,6
2021-09-17 13,0.162,0,70,0,24,19,5
2021-09-17 14,0.185,0,70,0,24,18,6
2021-09-17 15,0.169,0,65,0,24,21,7
2021-09-17 16,0.171,0,65,0,24,41,5
2021-09-17 17,0.153,0,70,0,24,47,5
2021-09-17 18,0.154,0,65,0,23,64,6
2021-09-17 19,0.211,0,70,0,23,65,6
2021-09-17 20,0.147,0,65,0,23,69,6
2021-09-17 21,0.178,0,65,0,23,42,4
2021-09-17 22,0.242,0,70,0,23,47,4
2021-09-17 23,0.204,0,70,0,22,56,4
2021-09-18 00,0.153,0,70,0,22,72,3
2021-09-18 01,0.181,0,75,0,22,69,2
2021-09-18 02,0.142,0,75,0,21,63,2
2021-09-18 03,0.177,0,75,0,21,70,3
2021-09-18 04,0.174,0,75,0,21,67,3
2021-09-18 05,0.152,0,70,0,21,61,2
2021-09-18 06,0.177,0,75,0,21,59,2
2021-09-18 07,0.177,0,70,0,22,44,2
2021-09-18 08,0.235,0,65,0,23,65,3
2021-09-18 09,0.187,0,65,0,23,55,3
2021-09-18 10,0.167,0,60,0,24,44,2
2021-09-18 11,0.175,0,60,0,25,67,2
2021-09-18 12,0.176,0,60,0,25,100,3
2021-09-18 13,0.146,0,55,0,25,110,2
2021-09-18 14,0.183,0,55,0,26,83,2
2021-09-18 15,0.164,0,60,0,26,89,1
2021-09-18 16,0.201,0,60,0,25,176,2
2021-09-18 17,0.152,0,65,0,25,163,2
2021-09-18 18,0.219,0,70,0,23,126,1
2021-09-18 19,0.24,0,75,0,22,115,1
2021-09-18 20,0.155,0,75,0,22,334,1
2021-09-18 21,0.209,0,80,0,22,360,1
2021-09-18 22,0.157,0,80,0,21,17,1
2021-09-18 23,0.151,0,85,0,21,51,1
2021-09-19 00,0.196,0,85,0,21,25,2
2021-09-19 01,0.166,0,90,0,20,37,2
2021-09-19 02,0.147,0,90,0,20,37,2
2021-09-19 03,0.193,0,85,0,20,37,2
2021-09-19 04,0.169,0,85,0,20,26,1
2021-09-19 05,0.241,0,85,0,20,24,2
2021-09-19 06,0.191,0,80,0,20,4,2
2021-09-19 07,0.191,0,75,0,21,52,3
2021-09-19 08,0.173,0,75,0,22,48,2
2021-09-19 09,0.147,0,70,0,23,60,2
2021-09-19 10,0.181,0,65,0,24,58,4
2021-09-19 11,0.182,0,60,0,25,63,3
2021-09-19 12,0.149,0,55,0,25,59,3
2021-09-19 13,0.179,0,55,0,26,70,2
2021-09-19 14,0.192,0,55,0,26,72,2
2021-09-19 15,0.159,0,55,0,26,66,2
2021-09-19 16,0.242,0,55,0,26,110,2
2021-09-19 17,0.209,0,65,0,25,133,3
2021-09-19 18,0.196,0,70,0,24,157,2
2021-09-19 19,0.171,0,75,0,23,149,2
2021-09-19 20,0.153,0,75,0,23,122,1
2021-09-19 21,0.197,0,75,0,22,49,1
2021-09-19 22,0.174,0,75,0,22,5,1
2021-09-19 23,0.147,0,70,0,22,76,3
2021-09-20 00,0.182,0,75,0,22,48,3
2021-09-20 01,0.149,0,75,0,22,63,4
2021-09-20 02,0.233,0,75,0,21,66,5
2021-09-20 03,0.207,0,80,0,21,62,5
2021-09-20 04,0.187,0,75,0,21,65,4
2021-09-20 05,0.146,0,75,0,21,62,4
2021-09-20 06,0.17,0,75,0,21,59,3
2021-09-20 07,0.15,0,75,0,21,65,4
2021-09-20 08,0.171,0,70,0,22,63,4
2021-09-20 09,0.172,0,70,0,23,66,5
2021-09-20 10,0.167,0,70,0,24,51,3
2021-09-20 11,0.15,0,70,0,24,49,4
2021-09-20 12,0.203,0,65,0,25,59,3
2021-09-20 13,0.241,0,65,0,25,59,2
2021-09-20 14,0.17,0,65,0,26,108,3
2021-09-20 15,0.179,0,70,0,26,124,3
2021-09-20 16,0.152,0,70,0,25,125,2
2021-09-20 17,0.174,0,75,0,25,117,2
2021-09-20 18,0.179,0,80,0,24,126,3
2021-09-20 19,0.165,0,80,0,24,131,3
2021-09-20 20,0.153,0,80,0,24,122,3
2021-09-20 21,0.173,0,85,0,24,150,3
2021-09-20 22,0.171,0,90,0,24,126,2
2021-09-20 23,0.234,0,85,0,24,146,2
2021-09-21 00,0.178,0,85,0,24,145,3
2021-09-21 01,0.154,0,85,0,24,153,3
2021-09-21 02,0.165,0,80,0,24,150,4
2021-09-21 03,0.164,0,75,0,25,158,5
2021-09-21 04,0.162,0,75,0,25,165,6
2021-09-21 05,0.158,0,75,0,26,170,6
2021-09-21 06,0.147,1,80,0.4,25,175,7
2021-09-21 07,0.147,1,90,1.1,25,189,6
2021-09-21 08,0.146,1,90,0.7,24,249,4
2021-09-21 09,0.152,1,90,1.2,23,252,3
2021-09-21 10,0.206,5,85,0.1,24,251,3
2021-09-21 11,0.239,0,85,0,24,210,2
2021-09-21 12,0.143,0,85,0,24,218,4
2021-09-21 13,0.157,0,75,0,25,220,4
2021-09-21 14,0.164,0,70,0,26,232,3
2021-09-21 15,0.151,0,65,0,27,237,3
2021-09-21 16,0.153,0,70,0,26,213,3
2021-09-21 17,0.164,0,70,0,25,222,3
2021-09-21 18,0.171,0,80,0,24,223,4
2021-09-21 19,0.165,0,80,0,24,234,3
2021-09-21 20,0.16,0,80,0,23,233,4
2021-09-21 21,0.165,0,80,0,23,248,3
2021-09-21 22,0.238,0,80,0,23,242,4
2021-09-21 23,0.136,0,80,0,22,254,2
2021-09-22 00,0.154,0,80,0,22,253,3
2021-09-22 01,0.148,0,80,0,22,244,2
2021-09-22 02,0.148,0,85,0,21,243,2
2021-09-22 03,0.146,0,85,0,21,229,1
2021-09-22 04,0.149,0,85,0,21,225,2
2021-09-22 05,0.14,0,90,0,21,236,1
2021-09-22 06,0.137,0,90,0,21,256,1
2021-09-22 07,0.142,0,85,0,22,242,1
2021-09-22 08,0.133,0,80,0,24,232,2
2021-09-22 09,0.128,0,75,0,25,223,3
2021-09-22 10,0.128,0,70,0,26,217,4
2021-09-22 11,0.231,0,70,0,24,312,3
2021-09-22 12,0.134,1,65,7.4,23,296,3
2021-09-22 13,0.145,0,60,0,26,193,1
2021-09-22 14,0.148,0,60,0,26,135,1
2021-09-22 15,0.154,0,65,0,27,164,1
2021-09-22 16,0.153,0,70,0,27,215,3
2021-09-22 17,0.149,0,70,0,27,223,4
2021-09-22 18,0.149,0,75,0,25,233,3
2021-09-22 19,0.146,0,75,0,25,232,3
2021-09-22 20,0.152,0,70,0,25,242,4
2021-09-22 21,0.146,5,70,0.1,24,280,3
2021-09-22 22,0.19,0,65,0,24,275,2
2021-09-22 23,0.236,0,70,0,22,299,3
2021-09-23 00,0.119,0,65,0,22,303,3
2021-09-23 01,0.143,0,70,0,21,300,2
2021-09-23 02,0.149,0,75,0,21,303,2
2021-09-23 03,0.146,0,75,0,21,293,3
2021-09-23 04,0.14,0,75,0,20,292,3
2021-09-23 05,0.15,0,75,0,20,306,3
2021-09-23 06,0.143,0,75,0,20,298,4
2021-09-23 07,0.14,0,65,0,21,285,3
2021-09-23 08,0.146,0,60,0,23,296,4
2021-09-23 09,0.146,0,50,0,24,300,5
2021-09-23 10,0.143,0,50,0,25,313,4
2021-09-23 11,0.172,0,50,0,25,303,5
2021-09-23 12,0.231,0,50,0,26,320,5
2021-09-23 13,0.143,0,50,0,27,312,4
2021-09-23 14,0.153,0,45,0,27,310,5
2021-09-23 15,0.153,0,45,0,27,300,4
2021-09-23 16,0.158,0,50,0,26,301,3
2021-09-23 17,0.154,0,55,0,25,300,4
2021-09-23 18,0.158,0,50,0,24,306,4
2021-09-23 19,0.148,0,55,0,23,318,4
2021-09-23 20,0.145,0,60,0,22,320,4
2021-09-23 21,0.148,0,65,0,22,334,2
2021-09-23 22,0.145,0,65,0,21,320,2
2021-09-23 23,0.17,0,65,0,21,329,2
2021-09-24 00,0.235,0,70,0,20,315,1
2021-09-24 01,0.133,0,70,0,20,358,1
2021-09-24 02,0.138,0,70,0,19,17,1
2021-09-24 03,0.138,0,70,0,19,37,1
2021-09-24 04,0.131,0,75,0,19,46,2
2021-09-24 05,0.134,0,80,0,18,39,3
2021-09-24 06,0.137,0,75,0,19,41,2
2021-09-24 07,0.133,0,75,0,20,48,3
2021-09-24 08,0.131,0,70,0,21,42,3
2021-09-24 09,0.136,0,65,0,22,46,3
2021-09-24 10,0.132,0,60,0,24,47,2
2021-09-24 11,0.14,0,55,0,24,32,3
2021-09-24 12,0.133,0,50,0,25,54,3
2021-09-24 13,0.133,0,50,0,26,73,2
2021-09-24 14,0.225,0,45,0,26,60,3
2021-09-24 15,0.15,0,50,0,26,73,2
2021-09-24 16,0.148,0,55,0,25,109,3
2021-09-24 17,0.147,0,65,0,24,122,2
2021-09-24 18,0.149,0,70,0,23,105,1
2021-09-24 19,0.142,0,70,0,23,78,3
2021-09-24 20,0.148,0,65,0,23,80,4
2021-09-24 21,0.142,0,65,0,22,56,4
2021-09-24 22,0.147,0,70,0,22,61,4
2021-09-24 23,0.141,0,70,0,21,47,4
2021-09-25 00,0.146,0,70,0,21,59,5
2021-09-25 01,0.141,0,70,0,21,58,5
2021-09-25 02,0.14,0,70,0,21,52,4
2021-09-25 03,0.23,0,75,0,21,65,5
2021-09-25 04,0.124,0,75,0,21,68,5
2021-09-25 05,0.139,0,75,0,21,68,4
2021-09-25 06,0.139,0,75,0,21,66,5
2021-09-25 07,0.14,0,75,0,21,73,4
2021-09-25 08,0.146,0,70,0,22,60,4
2021-09-25 09,0.139,0,65,0,23,43,4
2021-09-25 10,0.136,0,65,0,24,65,4
2021-09-25 11,0.134,0,65,0,24,66,5
2021-09-25 12,0.127,0,65,0,25,58,5
2021-09-25 13,0.128,0,65,0,25,72,5
2021-09-25 14,0.132,0,65,0,25,84,5
2021-09-25 15,0.138,0,65,0,25,79,5
2021-09-25 16,0.207,0,70,0,24,81,5
2021-09-25 17,0.218,0,70,0,24,67,3
2021-09-25 18,0.134,0,70,0,24,73,5
2021-09-25 19,0.144,0,70,0,23,79,5
2021-09-25 20,0.135,0,70,0,22,55,5
2021-09-25 21,0.132,0,75,0,22,63,5
2021-09-25 22,0.138,0,75,0,22,65,5
2021-09-25 23,0.129,0,70,0,22,59,4
2021-09-26 00,0.129,0,70,0,22,59,4
2021-09-26 01,0.141,0,75,0,21,62,5
2021-09-26 02,0.141,0,75,0,21,67,5
2021-09-26 03,0.141,0,70,0,21,58,5
2021-09-26 04,0.142,0,70,0,21,60,5
2021-09-26 05,0.152,0,70,0,21,65,4
2021-09-26 06,0.227,0,75,0,21,68,5
2021-09-26 07,0.122,0,75,0,22,65,5
2021-09-26 08,0.125,0,70,0,22,56,3
2021-09-26 09,0.138,0,65,0,23,55,4
2021-09-26 10,0.14,0,65,0,23,43,3
2021-09-26 11,0.14,0,65,0,24,55,4
2021-09-26 12,0.142,0,60,0,24,63,3
2021-09-26 13,0.147,0,60,0,24,69,3
2021-09-26 14,0.131,5,60,0.1,24,67,3
2021-09-26 15,0.129,0,60,0,24,63,3
2021-09-26 16,0.138,0,60,0,24,71,4
2021-09-26 17,0.135,0,60,0,24,61,4
2021-09-26 18,0.134,0,65,0,23,56,4
2021-09-26 19,0.232,0,60,0,23,57,4
2021-09-26 20,0.178,0,60,0,22,58,5
2021-09-26 21,0.144,0,60,0,22,60,5
2021-09-26 22,0.142,0,65,0,22,60,4
2021-09-26 23,0.132,0,60,0,21,48,5
2021-09-27 00,0.129,0,60,0,21,40,5
2021-09-27 01,0.129,0,60,0,21,50,5
2021-09-27 02,0.127,0,65,0,21,51,4
2021-09-27 03,0.132,0,65,0,21,50,4
2021-09-27 04,0.136,0,65,0,21,42,4
2021-09-27 05,0.141,0,65,0,21,44,4
2021-09-27 06,0.139,0,65,0,21,53,4
2021-09-27 07,0.14,0,65,0,21,51,4
2021-09-27 08,0.146,0,65,0,22,60,4
2021-09-27 09,0.227,0,65,0,23,63,4
2021-09-27 10,0.122,0,65,0,23,57,4
2021-09-27 11,0.135,0,60,0,24,58,4
2021-09-27 12,0.144,0,60,0,25,59,4
2021-09-27 13,0.144,0,60,0,25,58,3
2021-09-27 14,0.143,0,60,0,25,64,3
2021-09-27 15,0.151,0,60,0,25,64,3
2021-09-27 16,0.145,0,60,0,25,85,3
2021-09-27 17,0.144,0,65,0,24,91,2
2021-09-27 18,0.151,0,70,0,23,105,3
2021-09-27 19,0.144,0,70,0,23,133,2
2021-09-27 20,0.143,0,75,0,23,95,2
2021-09-27 21,0.163,0,70,0,22,80,2
2021-09-27 22,0.229,0,70,0,22,70,3
2021-09-27 23,0.136,0,65,0,22,63,3
2021-09-28 00,0.142,0,65,0,22,67,4
2021-09-28 01,0.137,0,65,0,22,60,4
2021-09-28 02,0.135,0,70,0,21,63,4
2021-09-28 03,0.131,0,70,0,21,51,4
2021-09-28 04,0.133,0,70,0,21,46,4
2021-09-28 05,0.141,0,70,0,21,54,4
2021-09-28 06,0.145,0,70,0,21,48,3
2021-09-28 07,0.143,0,70,0,21,56,4
2021-09-28 08,0.141,5,70,0.2,22,65,4
2021-09-28 09,0.14,0,70,0,22,50,4
2021-09-28 10,0.131,0,65,0,22,61,4
2021-09-28 11,0.232,0,70,0,23,55,3
2021-09-28 12,0.134,0,70,0,23,51,2
2021-09-28 13,0.142,0,70,0,23,57,2
2021-09-28 14,0.151,0,70,0,24,76,2
2021-09-28 15,0.144,0,70,0,24,84,2
2021-09-28 16,0.148,0,70,0,24,64,2
2021-09-28 17,0.152,0,75,0,23,85,1
2021-09-28 18,0.147,0,75,0,23,100,1
2021-09-28 19,0.15,0,75,0,23,88,1
2021-09-28 20,0.147,1,80,0.3,23,79,1
2021-09-28 21,0.143,5,85,0.2,22,51,1
2021-09-28 22,0.145,0,85,0,22,39,2
2021-09-28 23,0.228,0,85,0,22,43,2
2021-09-29 00,0.172,0,90,0,22,46,2
2021-09-29 01,0.146,0,85,0,22,47,2
2021-09-29 02,0.146,1,90,0.7,22,52,2
2021-09-29 03,0.141,5,90,0.1,22,50,1
2021-09-29 04,0.14,0,90,0,22,48,1
2021-09-29 05,0.141,1,90,0.4,22,36,1
2021-09-29 06,0.14,1,95,1,22,254,1
2021-09-29 07,0.138,1,90,1.4,23,48,1
2021-09-29 08,0.128,1,95,4,23,345,1
2021-09-29 09,0.128,1,95,1.2,23,61,1
2021-09-29 10,0.128,1,95,14,23,100,1
2021-09-29 11,0.13,0,90,0,24,226,0
2021-09-29 12,0.234,0,85,0,25,177,2
2021-09-29 13,0.179,0,85,0,26,165,2
2021-09-29 14,0.144,0,80,0,27,177,4
2021-09-29 15,0.151,1,85,0.4,25,181,4
2021-09-29 16,0.144,1,90,2.3,25,195,3
2021-09-29 17,0.149,1,95,24.799999,23,252,2
2021-09-29 18,0.146,1,95,3.2,22,20,1
2021-09-29 19,0.143,0,95,0,22,339,1
2021-09-29 20,0.149,0,95,0,22,217,0
2021-09-29 21,0.142,0,95,0,22,37,1
2021-09-29 22,0.149,0,95,0,22,327,1
2021-09-29 23,0.14,1,95,0.4,22,298,1
2021-09-30 00,0.164,1,95,0.7,22,308,2
2021-09-30 01,0.234,1,90,0.7,21,318,3
2021-09-30 02,0.132,1,90,0.5,21,357,1
2021-09-30 03,0.134,5,90,0.2,21,343,1
2021-09-30 04,0.14,0,95,0,21,31,2
2021-09-30 05,0.129,5,90,0.1,21,330,2
2021-09-30 06,0.129,1,95,0.4,21,24,2
2021-09-30 07,0.133,0,90,0,21,45,2
2021-09-30 08,0.145,0,90,0,22,22,2
2021-09-30 09,0.139,0,85,0,22,53,3
2021-09-30 10,0.14,0,85,0,23,56,4
2021-09-30 11,0.147,0,80,0,23,60,3
2021-09-30 12,0.137,0,75,0,24,72,3
2021-09-30 13,0.133,0,70,0,24,86,3
2021-09-30 14,0.23,0,70,0,25,82,3
2021-09-30 15,0.151,0,70,0,25,83,3
2021-09-30 16,0.152,0,70,0,25,102,2
2021-09-30 17,0.145,0,75,0,24,74,2
2021-09-30 18,0.147,0,80,0,23,112,1
2021-09-30 19,0.155,0,85,0,22,63,1
2021-09-30 20,0.147,0,90,0,22,58,1
2021-09-30 21,0.152,0,90,0,21,19,1
2021-09-30 22,0.143,0,90,0,21,337,0
2021-09-30 23,0.144,0,80,0,21,29,1
2021-10-01 00,0.153,0,80,0,21,21,2
2021-10-01 01,0.239,0,85,0,20,54,1
2021-10-01 02,0.147,0,85,0,20,13,2
2021-10-01 03,0.153,0,85,0,19,27,1
2021-10-01 04,0.23,0,90,0,19,44,1
2021-10-01 05,0.186,0,85,0,19,36,1
2021-10-01 06,0.145,0,85,0,19,315,1
2021-10-01 07,0.144,0,80,0,20,342,1
2021-10-01 08,0.144,0,80,0,22,26,1
2021-10-01 09,0.143,0,75,0,23,66,1
2021-10-01 10,0.143,0,70,0,25,49,1
2021-10-01 11,0.146,0,65,0,26,28,0
2021-10-01 12,0.142,0,60,0,26,139,1
2021-10-01 13,0.148,0,55,0,27,36,1
2021-10-01 14,0.15,0,55,0,27,297,1
2021-10-01 15,0.161,0,55,0,27,215,2
2021-10-01 16,0.211,0,60,0,27,201,2
2021-10-01 17,0.233,0,65,0,25,204,2
2021-10-01 18,0.144,0,75,0,24,196,2
2021-10-01 19,0.158,0,75,0,23,194,2
2021-10-01 20,0.152,0,80,0,23,191,1
2021-10-01 21,0.146,0,80,0,23,233,1
2021-10-01 22,0.15,0,80,0,22,268,1
2021-10-01 23,0.144,0,80,0,22,300,3
2021-10-02 00,0.152,0,80,0,22,316,3
2021-10-02 01,0.154,0,80,0,21,263,1
2021-10-02 02,0.152,0,80,0,20,292,2
2021-10-02 03,0.152,0,80,0,20,339,1
2021-10-02 04,0.23,0,85,0,20,332,1
2021-10-02 05,0.169,0,85,0,20,316,1
2021-10-02 06,0.145,0,85,0,20,7,1
2021-10-02 07,0.143,0,80,0,21,356,0
2021-10-02 08,0.143,0,70,0,23,184,1
2021-10-02 09,0.143,0,65,0,24,279,1
2021-10-02 10,0.143,0,60,0,26,297,2
2021-10-02 11,0.146,0,60,0,27,310,3
2021-10-02 12,0.142,0,55,0,28,282,1
2021-10-02 13,0.15,0,50,0,28,250,2
2021-10-02 14,0.155,0,50,0,29,255,3
2021-10-02 15,0.158,0,50,0,28,278,1
2021-10-02 16,0.224,0,60,0,27,135,1
2021-10-02 17,0.218,0,75,0,25,145,3
2021-10-02 18,0.148,0,80,0,24,192,3
2021-10-02 19,0.159,0,80,0,24,195,1
2021-10-02 20,0.148,0,85,0,23,192,0
2021-10-02 21,0.147,0,90,0,23,354,1
2021-10-02 22,0.149,0,90,0,22,252,1
2021-10-02 23,0.145,0,90,0,22,315,1
2021-10-03 00,0.148,0,90,0,22,7,1
2021-10-03 01,0.154,0,90,0,21,39,1
2021-10-03 02,0.148,0,90,0,21,54,1
2021-10-03 03,0.155,0,90,0,21,53,1
2021-10-03 04,0.236,0,90,0,20,49,2
2021-10-03 05,0.169,0,95,0,20,46,2
2021-10-03 06,0.148,0,95,0,20,45,2
2021-10-03 07,0.146,0,90,0,21,54,2
2021-10-03 08,0.143,0,85,0,22,38,2
2021-10-03 09,0.144,0,80,0,24,52,2
2021-10-03 10,0.144,0,70,0,25,77,1
2021-10-03 11,0.142,0,65,0,26,135,3
2021-10-03 12,0.146,0,60,0,27,149,3
2021-10-03 13,0.147,0,65,0,27,158,2
2021-10-03 14,0.149,0,65,0,26,161,3
2021-10-03 15,0.163,0,65,0,26,155,3
2021-10-03 16,0.217,0,75,0,26,145,3
2021-10-03 17,0.227,0,80,0,24,140,1
2021-10-03 18,0.147,0,85,0,23,140,2
2021-10-03 19,0.161,0,85,0,23,148,2
2021-10-03 20,0.152,0,90,0,23,146,2
2021-10-03 21,0.148,0,90,0,23,136,2
2021-10-03 22,0.146,0,90,0,22,104,1
2021-10-03 23,0.148,0,90,0,23,67,1
2021-10-04 00,0.146,0,85,0,23,130,2
2021-10-04 01,0.148,0,85,0,23,124,2
2021-10-04 02,0.158,0,85,0,24,121,2
2021-10-04 03,0.152,0,85,0,24,125,1
2021-10-04 04,0.236,0,85,0,24,124,1
2021-10-04 05,0.177,0,85,0,23,126,2
2021-10-04 06,0.149,0,85,0,24,110,1
2021-10-04 07,0.149,0,70,0,26,165,3
2021-10-04 08,0.146,0,65,0,27,170,4
2021-10-04 09,0.144,0,70,0,27,174,5
2021-10-04 10,0.151,0,65,0,27,195,5
2021-10-04 11,0.156,0,60,0,28,197,5
2021-10-04 12,0.159,0,60,0,28,195,5
2021-10-04 13,0.164,0,65,0,28,197,5
2021-10-04 14,0.164,0,60,0,28,191,5
2021-10-04 15,0.167,0,60,0,28,192,5
2021-10-04 16,0.234,0,70,0,27,191,4
2021-10-04 17,0.158,0,70,0,26,182,3
2021-10-04 18,0.174,0,70,0,25,191,3
2021-10-04 19,0.169,0,80,0,25,178,4
2021-10-04 20,0.166,0,80,0,25,182,4
2021-10-04 21,0.165,0,80,0,25,188,4
2021-10-04 22,0.153,0,85,0,24,172,1
2021-10-04 23,0.153,0,85,0,23,182,1
2021-10-05 00,0.145,0,80,0,23,175,1
2021-10-05 01,0.156,0,85,0,23,175,1
2021-10-05 02,0.162,0,85,0,22,300,1
2021-10-05 03,0.231,0,90,0,22,7,1
2021-10-05 04,0.177,0,90,0,22,45,1
2021-10-05 05,0.152,0,90,0,21,351,1
2021-10-05 06,0.152,0,90,0,21,350,1
2021-10-05 07,0.16,0,90,0,22,344,1
2021-10-05 08,0.151,0,80,0,24,4,1
2021-10-05 09,0.158,0,70,0,26,345,1
2021-10-05 10,0.153,0,70,0,26,120,0
2021-10-05 11,0.156,0,65,0,27,214,2
2021-10-05 12,0.157,0,60,0,28,211,3
2021-10-05 13,0.155,0,60,0,28,213,3
2021-10-05 14,0.169,0,60,0,28,217,3
2021-10-05 15,0.237,0,65,0,28,212,3
2021-10-05 16,0.155,0,65,0,27,220,3
2021-10-05 17,0.173,0,75,0,26,214,3
2021-10-05 18,0.168,0,75,0,25,220,3
2021-10-05 19,0.166,0,80,0,25,223,1
2021-10-05 20,0.153,0,85,0,25,157,1
2021-10-05 21,0.148,0,85,0,24,197,1
2021-10-05 22,0.164,0,90,0,23,194,0
2021-10-05 23,0.166,0,90,0,23,21,0
2021-10-06 00,0.16,0,90,0,22,312,1
2021-10-06 01,0.161,0,90,0,22,16,1
2021-10-06 02,0.234,0,90,0,22,29,1
2021-10-06 03,0.154,0,85,0,21,36,1
2021-10-06 04,0.159,0,85,0,21,48,2
2021-10-06 05,0.16,0,90,0,21,36,2
2021-10-06 06,0.154,0,90,0,21,39,3
2021-10-06 07,0.15,0,85,0,22,37,3
2021-10-06 08,0.153,0,80,0,23,46,3
2021-10-06 09,0.144,0,75,0,24,46,3
2021-10-06 10,0.148,0,75,0,25,46,2
2021-10-06 11,0.143,0,70,0,26,98,2
2021-10-06 12,0.146,0,65,0,26,95,2
2021-10-06 13,0.185,0,60,0,27,120,2
2021-10-06 14,0.236,0,65,0,26,158,3
2021-10-06 15,0.149,0,70,0,26,157,3
2021-10-06 16,0.162,0,70,0,25,156,3
2021-10-06 17,0.166,0,75,0,24,156,3
2021-10-06 18,0.17,0,80,0,23,165,2
2021-10-06 19,0.153,0,80,0,23,147,0
2021-10-06 20,0.15,0,85,0,22,26,1
2021-10-06 21,0.148,0,85,0,22,32,1
2021-10-06 22,0.161,0,85,0,22,73,1
2021-10-06 23,0.16,0,85,0,22,32,1
2021-10-07 00,0.156,0,85,0,22,44,1
2021-10-07 01,0.232,0,90,0,21,55,1
2021-10-07 02,0.17,0,90,0,21,94,1
2021-10-07 03,0.154,0,90,0,21,43,1
2021-10-07 04,0.147,0,90,0,21,9,2
2021-10-07 05,0.15,0,90,0,21,31,2
2021-10-07 06,0.146,0,90,0,21,31,1
2021-10-07 07,0.142,0,85,0,21,33,2
2021-10-07 08,0.149,0,80,0,23,22,2
2021-10-07 09,0.15,0,75,0,24,30,2
2021-10-07 10,0.153,0,70,0,25,126,1
2021-10-07 11,0.152,0,65,0,25,263,1
2021-10-07 12,0.154,0,60,0,27,216,1
2021-10-07 13,0.232,0,55,0,27,192,2
2021-10-07 14,0.194,0,60,0,27,187,3
2021-10-07 15,0.152,0,65,0,26,185,2
2021-10-07 16,0.159,0,70,0,25,217,2
2021-10-07 17,0.149,0,75,0,25,218,2
2021-10-07 18,0.151,0,75,0,24,192,3
2021-10-07 19,0.159,0,80,0,24,211,2
2021-10-07 20,0.163,0,80,0,24,188,1
2021-10-07 21,0.16,0,85,0,23,223,1
2021-10-07 22,0.16,0,85,0,23,241,1
2021-10-07 23,0.164,0,85,0,22,321,2
2021-10-08 00,0.153,0,85,0,22,12,1
2021-10-08 01,0.239,0,85,0,22,351,1
2021-10-08 02,0.152,0,85,0,22,37,1
2021-10-08 03,0.158,0,80,0,22,41,2
2021-10-08 04,0.157,0,85,0,21,23,1
2021-10-08 05,0.151,0,85,0,21,48,3
2021-10-08 06,0.145,5,85,0.1,22,47,3
2021-10-08 07,0.144,0,80,0,23,53,3
2021-10-08 08,0.146,5,80,0.1,23,42,3
2021-10-08 09,0.141,0,75,0,24,22,2
2021-10-08 10,0.145,0,75,0,24,39,2
2021-10-08 11,0.151,0,70,0,25,22,1
2021-10-08 12,0.182,0,70,0,25,82,2
2021-10-08 13,0.237,0,65,0,26,118,2
2021-10-08 14,0.139,0,65,0,26,121,2
2021-10-08 15,0.163,0,65,0,26,142,2
2021-10-08 16,0.166,0,65,0,25,140,3
2021-10-08 17,0.169,0,75,0,24,153,2
2021-10-08 18,0.161,0,75,0,24,131,1
2021-10-08 19,0.148,0,80,0,24,98,1
2021-10-08 20,0.154,0,80,0,24,59,3
2021-10-08 21,0.153,0,75,0,23,63,3
2021-10-08 22,0.162,0,75,0,23,51,3
2021-10-08 23,0.162,0,80,0,23,70,4
2021-10-09 00,0.234,0,80,0,23,61,4
2021-10-09 01,0.167,0,80,0,23,61,4
2021-10-09 02,0.167,0,80,0,22,59,4
2021-10-09 03,0.164,0,80,0,22,56,4
2021-10-09 04,0.16,0,80,0,22,52,4
2021-10-09 05,0.165,0,80,0,22,57,4
2021-10-09 06,0.154,0,80,0,22,55,4
2021-10-09 07,0.146,0,75,0,23,57,4
2021-10-09 08,0.144,0,75,0,24,60,4
2021-10-09 09,0.151,0,70,0,25,61,4
2021-10-09 10,0.145,0,65,0,25,51,3
2021-10-09 11,0.196,0,65,0,26,52,4
2021-10-09 12,0.235,0,65,0,27,51,3
2021-10-09 13,0.135,0,65,0,27,59,3
2021-10-09 14,0.166,0,60,0,27,103,2
2021-10-09 15,0.166,0,60,0,28,115,2
2021-10-09 16,0.167,0,65,0,27,154,2
2021-10-09 17,0.152,0,75,0,25,122,1
2021-10-09 18,0.154,0,80,0,25,110,1
2021-10-09 19,0.165,0,80,0,24,80,1
2021-10-09 20,0.167,0,85,0,24,111,2
2021-10-09 21,0.167,0,85,0,23,93,1
2021-10-09 22,0.165,0,85,0,23,2,1
2021-10-09 23,0.236,0,85,0,23,47,1
2021-10-10 00,0.162,0,85,0,23,36,1
2021-10-10 01,0.165,0,85,0,22,38,1
2021-10-10 02,0.161,0,85,0,22,41,2
2021-10-10 03,0.151,0,90,0,22,43,2
2021-10-10 04,0.149,0,90,0,21,48,2
2021-10-10 05,0.147,0,90,0,21,35,1
2021-10-10 06,0.147,0,90,0,21,45,1
2021-10-10 07,0.153,0,85,0,22,50,2
2021-10-10 08,0.152,0,80,0,23,35,1
2021-10-10 09,0.155,0,75,0,24,10,1
2021-10-10 10,0.236,0,70,0,26,60,1
2021-10-10 11,0.193,0,70,0,26,33,1
2021-10-10 12,0.144,0,70,0,27,193,1
2021-10-10 13,0.158,0,70,0,28,218,2
2021-10-10 14,0.159,0,70,0,27,204,2
2021-10-10 15,0.147,0,70,0,27,208,1
2021-10-10 16,0.16,0,75,0,26,172,2
2021-10-10 17,0.171,0,80,0,25,161,4
2021-10-10 18,0.172,0,85,0,24,163,4
2021-10-10 19,0.165,0,85,0,25,189,2
2021-10-10 20,0.156,1,90,3.5,24,248,2
2021-10-10 21,0.187,1,90,1.9,23,237,1
2021-10-10 22,0.226,1,90,6.2,23,237,1
2021-10-10 23,0.166,1,95,0.6,23,274,0
2021-10-11 00,0.151,1,95,0.6,23,90,1
2021-10-11 01,0.151,1,95,3.6,23,235,1
2021-10-11 02,0.16,1,95,1.7,23,254,2
2021-10-11 03,0.169,5,95,0.1,23,284,1
2021-10-11 04,0.163,0,95,0,22,317,3
2021-10-11 05,0.157,0,85,0,21,310,4
2021-10-11 06,0.154,0,85,0,20,327,1
2021-10-11 07,0.149,5,85,0.2,20,305,2
2021-10-11 08,0.168,0,80,0,21,306,2
2021-10-11 09,0.235,0,80,0,21,312,2
2021-10-11 10,0.149,0,80,0,21,334,2
2021-10-11 11,0.152,1,85,0.7,21,14,2
2021-10-11 12,0.149,5,85,0.2,21,6,3
2021-10-11 13,0.149,5,90,0.2,20,36,3
2021-10-11 14,0.144,1,90,0.6,19,52,4
2021-10-11 15,0.144,5,90,0.2,19,56,5
2021-10-11 16,0.142,5,90,0.1,18,44,4
2021-10-11 17,0.145,5,95,0.1,18,29,4
2021-10-11 18,0.144,0,90,0,18,40,5
2021-10-11 19,0.142,0,85,0,18,62,5
2021-10-11 20,0.143,1,90,0.5,18,50,5
2021-10-11 21,0.225,5,85,0.1,18,56,5
2021-10-11 22,0.147,5,85,0.1,19,59,5
2021-10-11 23,0.146,0,85,0,19,59,5
2021-10-12 00,0.139,0,85,0,19,60,5
2021-10-12 01,0.144,0,90,0,19,64,5
2021-10-12 02,0.142,0,90,0,18,56,5
2021-10-12 03,0.137,0,90,0,18,57,5
2021-10-12 04,0.148,5,85,0.1,18,57,6
2021-10-12 05,0.142,0,85,0,18,57,6
2021-10-12 06,0.135,0,85,0,18,51,6
2021-10-12 07,0.134,5,85,0.1,18,52,6
2021-10-12 08,0.129,0,80,0,18,58,6
2021-10-12 09,0.129,0,80,0,19,55,6
2021-10-12 10,0.131,0,80,0,19,43,6
2021-10-12 11,0.229,0,80,0,19,60,6
2021-10-12 12,0.152,0,75,0,19,41,4
2021-10-12 13,0.149,0,75,0,19,46,6
2021-10-12 14,0.142,0,75,0,19,67,7
2021-10-12 15,0.146,0,75,0,19,54,6
2021-10-12 16,0.144,0,75,0,18,56,6
2021-10-12 17,0.147,0,75,0,18,56,6
2021-10-12 18,0.143,0,75,0,18,59,6
2021-10-12 19,0.146,0,75,0,18,62,6
2021-10-12 20,0.143,0,75,0,18,57,5
2021-10-12 21,0.146,0,75,0,18,67,5
2021-10-12 22,0.143,0,75,0,18,58,5
2021-10-12 23,0.137,0,75,0,18,63,5
2021-10-13 00,0.222,0,75,0,18,59,5
2021-10-13 01,0.152,0,75,0,18,66,6
2021-10-13 02,0.139,0,75,0,18,71,6
2021-10-13 03,0.144,0,75,0,18,65,6
2021-10-13 04,0.143,0,75,0,18,69,5
2021-10-13 05,0.141,0,80,0,18,58,6
2021-10-13 06,0.142,0,75,0,18,60,5
2021-10-13 07,0.126,0,75,0,19,66,5
2021-10-13 08,0.13,0,70,0,20,62,5
2021-10-13 09,0.127,0,70,0,20,58,3
2021-10-13 10,0.132,0,65,0,21,63,3
2021-10-13 11,0.128,0,65,0,21,66,2
2021-10-13 12,0.149,0,65,0,22,50,4
2021-10-13 13,0.178,0,65,0,22,56,4
2021-10-13 14,0.227,0,65,0,23,40,4
2021-10-13 15,0.136,0,65,0,23,35,4
2021-10-13 16,0.143,0,70,0,22,40,3
2021-10-13 17,0.144,0,70,0,21,54,4
2021-10-13 18,0.141,0,75,0,21,60,5
2021-10-13 19,0.146,0,75,0,21,63,4
2021-10-13 20,0.14,0,75,0,21,56,4
2021-10-13 21,0.14,0,75,0,21,60,4
2021-10-13 22,0.143,0,75,0,21,59,3
2021-10-13 23,0.141,0,75,0,20,52,3
2021-10-14 00,0.138,0,75,0,20,55,3
2021-10-14 01,0.145,0,70,0,20,62,4
2021-10-14 02,0.186,0,70,0,20,59,4
2021-10-14 03,0.227,0,75,0,20,42,3
2021-10-14 04,0.128,0,75,0,19,35,2
2021-10-14 05,0.134,0,80,0,19,12,3
2021-10-14 06,0.133,0,80,0,19,36,2
2021-10-14 07,0.131,0,80,0,20,46,2
2021-10-14 08,0.134,0,70,0,21,26,1
2021-10-14 09,0.143,0,65,0,22,22,1
2021-10-14 10,0.144,0,60,0,24,27,1
2021-10-14 11,0.143,0,65,0,24,150,1
2021-10-14 12,0.145,0,60,0,25,232,2
2021-10-14 13,0.144,0,60,0,26,231,3
2021-10-14 14,0.14,0,60,0,26,223,2
2021-10-14 15,0.145,0,60,0,26,220,2
2021-10-14 16,0.23,0,65,0,25,240,3
2021-10-14 17,0.154,0,75,0,23,251,1
2021-10-14 18,0.149,0,75,0,23,282,2
2021-10-14 19,0.145,0,70,0,22,303,4
2021-10-14 20,0.148,0,65,0,22,307,4
2021-10-14 21,0.143,0,65,0,22,313,4
2021-10-14 22,0.147,0,65,0,21,322,3
2021-10-14 23,0.141,0,70,0,20,299,3
2021-10-15 00,0.141,0,70,0,20,302,4
2021-10-15 01,0.147,0,70,0,20,305,4
2021-10-15 02,0.141,0,65,0,20,334,3
2021-10-15 03,0.141,0,65,0,19,344,1
2021-10-15 04,0.147,0,70,0,19,8,1
2021-10-15 05,0.231,0,75,0,18,28,1
2021-10-15 06,0.128,0,75,0,18,15,1
2021-10-15 07,0.133,0,70,0,19,26,2
2021-10-15 08,0.141,0,65,0,20,35,3
2021-10-15 09,0.14,0,55,0,21,17,2
2021-10-15 10,0.142,0,50,0,23,40,3
2021-10-15 11,0.146,0,50,0,24,46,2
2021-10-15 12,0.144,0,45,0,24,29,2
2021-10-15 13,0.134,0,45,0,25,44,2
2021-10-15 14,0.142,0,50,0,24,93,2
2021-10-15 15,0.14,0,50,0,24,120,1
2021-10-15 16,0.147,0,55,0,23,132,2
2021-10-15 17,0.149,0,60,0,22,159,2
2021-10-15 18,0.228,0,65,0,22,140,1
2021-10-15 19,0.165,0,65,0,22,45,1
2021-10-15 20,0.148,0,70,0,22,19,1
2021-10-15 21,0.146,0,70,0,22,329,2
2021-10-15 22,0.144,0,80,0,21,327,4
2021-10-15 23,0.142,5,80,0.1,20,349,4
2021-10-16 00,0.143,5,85,0.1,19,341,3
2021-10-16 01,0.137,1,85,0.4,19,341,2
2021-10-16 02,0.132,1,90,0.6,18,337,2
2021-10-16 03,0.131,1,85,0.6,17,352,4
2021-10-16 04,0.132,1,90,0.5,17,346,3
2021-10-16 05,0.129,1,90,0.5,17,324,2
2021-10-16 06,0.123,5,90,0.2,16,309,5
2021-10-16 07,0.224,1,80,0.4,15,317,5
2021-10-16 08,0.179,1,80,1.6,14,314,6
2021-10-16 09,0.125,1,80,0.9,15,320,4
2021-10-16 10,0.12,1,75,0.5,15,330,2
2021-10-16 11,0.119,1,70,0.5,16,316,3
2021-10-16 12,0.119,5,65,0.2,17,299,2
2021-10-16 13,0.124,0,50,0,17,304,5
2021-10-16 14,0.121,0,45,0,17,306,7
2021-10-16 15,0.132,0,50,0,16,315,6
2021-10-16 16,0.132,5,50,0.1,16,304,5
2021-10-16 17,0.135,0,50,0,15,303,6
2021-10-16 18,0.135,0,50,0,14,313,7
2021-10-16 19,0.131,0,50,0,13,314,8
2021-10-16 20,0.131,0,45,0,12,317,8
2021-10-16 21,0.122,0,45,0,11,311,10
2021-10-16 22,0.114,0,45,0,10,325,6
2021-10-16 23,0.22,0,45,0,10,325,7
2021-10-17 00,0.106,0,45,0,9,317,8
2021-10-17 01,0.121,0,45,0,8,329,7
2021-10-17 02,0.118,0,45,0,7,318,6
2021-10-17 03,0.126,0,45,0,7,314,5
2021-10-17 04,0.119,0,40,0,6,313,6
2021-10-17 05,0.12,0,40,0,6,318,5
2021-10-17 06,0.113,0,40,0,5,322,5
2021-10-17 07,0.107,0,35,0,6,321,5
2021-10-17 08,0.109,0,35,0,8,322,5
2021-10-17 09,0.105,0,30,0,9,354,3
2021-10-17 10,0.106,0,30,0,10,12,3
2021-10-17 11,0.112,0,30,0,11,23,3
2021-10-17 12,0.119,0,30,0,12,24,3
2021-10-17 13,0.115,0,30,0,14,352,2
2021-10-17 14,0.11,0,30,0,14,329,2
2021-10-17 15,0.153,0,30,0,15,331,3
2021-10-17 16,0.188,0,30,0,14,312,5
2021-10-17 17,0.115,0,35,0,12,310,4
2021-10-17 18,0.115,0,35,0,11,305,5
2021-10-17 19,0.116,0,40,0,11,309,4
2021-10-17 20,0.108,0,40,0,10,323,2
2021-10-17 21,0.108,0,40,0,10,330,2
2021-10-17 22,0.104,0,45,0,9,339,2
2021-10-17 23,0.104,0,45,0,9,325,2
2021-10-18 00,0.108,0,40,0,8,348,3
2021-10-18 01,0.111,0,45,0,8,356,4
2021-10-18 02,0.119,0,50,0,8,357,4
2021-10-18 03,0.112,0,55,0,7,1,3
2021-10-18 04,0.113,0,55,0,7,344,4
2021-10-18 05,0.058,0,55,0,7,1,3
2021-10-18 06,0.059,0,50,0,7,357,3
2021-10-18 07,0.096,0,45,0,8,353,2
2021-10-18 08,0.077,0,40,0,10,18,2
2021-10-18 09,0.07,0,40,0,11,43,3
2021-10-18 10,0.09,0,35,0,13,37,2
2021-10-18 11,0.09,0,30,0,14,49,3
2021-10-18 12,0.09,0,30,0,16,56,2
2021-10-18 13,0.21,0,25,0,17,88,0
2021-10-18 14,0.126,0,25,0,17,257,1
2021-10-18 15,0.12,0,25,0,18,253,1
2021-10-18 16,0.114,0,35,0,16,198,2
2021-10-18 17,0.116,0,40,0,15,153,3
2021-10-18 18,0.12,0,40,0,14,154,1
2021-10-18 19,0.114,0,45,0,14,145,1
2021-10-18 20,0.111,0,50,0,14,290,0
2021-10-18 21,0.105,0,50,0,13,320,1
2021-10-18 22,0.104,0,50,0,13,339,1
2021-10-18 23,0.111,0,55,0,13,333,0
2021-10-19 00,0.104,0,60,0,12,44,1
2021-10-19 01,0.106,0,55,0,12,359,1
2021-10-19 02,0.11,0,60,0,12,336,1
2021-10-19 03,0.115,0,60,0,12,253,1
2021-10-19 04,0.114,0,60,0,12,262,1
2021-10-19 05,0.113,0,65,0,12,301,2
2021-10-19 06,0.168,0,65,0,11,292,2
2021-10-19 07,0.159,0,55,0,13,302,3
2021-10-19 08,0.11,0,50,0,15,298,3
2021-10-19 09,0.109,0,50,0,16,309,5
2021-10-19 10,0.111,0,45,0,17,311,4
2021-10-19 11,0.11,0,40,0,18,308,5
2021-10-19 12,0.112,0,35,0,19,300,5
2021-10-19 13,0.113,0,35,0,19,313,6
2021-10-19 14,0.105,0,40,0,18,329,5
2021-10-19 15,0.106,0,45,0,17,314,4
2021-10-19 16,0.106,0,45,0,16,316,5
2021-10-19 17,0.105,0,50,0,15,302,3
2021-10-19 18,0.106,0,55,0,14,312,3
2021-10-19 19,0.114,0,55,0,14,307,3
2021-10-19 20,0.114,0,55,0,13,304,4
2021-10-19 21,0.113,0,55,0,12,309,4
2021-10-19 22,0.114,0,55,0,12,306,5
2021-10-19 23,0.114,0,50,0,12,312,4
2021-10-20 00,0.141,0,55,0,11,293,4
2021-10-20 01,0.19,0,55,0,10,319,4
2021-10-20 02,0.114,0,60,0,10,322,4
2021-10-20 03,0.112,0,60,0,10,329,3
2021-10-20 04,0.111,0,60,0,9,304,2
2021-10-20 05,0.105,0,60,0,9,313,2
2021-10-20 06,0.106,0,65,0,9,314,2
2021-10-20 07,0.105,0,60,0,10,314,1
2021-10-20 08,0.099,0,55,0,11,355,3
2021-10-20 09,0.104,0,50,0,12,9,2
2021-10-20 10,0.108,0,50,0,14,11,2
2021-10-20 11,0.109,0,45,0,14,36,2
2021-10-20 12,0.111,0,35,0,15,342,1
2021-10-20 13,0.111,0,40,0,15,312,1
2021-10-20 14,0.112,0,40,0,16,248,1
2021-10-20 15,0.112,0,40,0,15,293,2
2021-10-20 16,0.112,0,40,0,14,302,2
2021-10-20 17,0.112,0,45,0,14,312,2
2021-10-20 18,0.132,0,50,0,13,305,1
2021-10-20 19,0.197,0,50,0,13,306,3
2021-10-20 20,0.113,0,50,0,13,319,3
2021-10-20 21,0.113,0,55,0,13,317,2
2021-10-20 22,0.106,0,55,0,12,329,1
2021-10-20 23,0.1,0,55,0,12,328,1
2021-10-21 00,0.105,0,60,0,11,335,2
2021-10-21 01,0.105,0,60,0,11,341,2
2021-10-21 02,0.101,0,60,0,11,356,2
2021-10-21 03,0.107,0,60,0,11,345,3
2021-10-21 04,0.111,0,60,0,11,359,2
2021-10-21 05,0.107,0,65,0,11,343,2
2021-10-21 06,0.111,0,65,0,11,358,3
2021-10-21 07,0.106,0,65,0,11,342,2
2021-10-21 08,0.11,0,60,0,12,349,2
2021-10-21 09,0.11,0,55,0,14,1,2
2021-10-21 10,0.105,0,55,0,15,1,2
2021-10-21 11,0.111,0,55,0,16,32,2
2021-10-21 12,0.13,0,55,0,17,35,2
2021-10-21 13,0.189,0,50,0,17,28,2
2021-10-21 14,0.111,0,50,0,18,14,1
2021-10-21 15,0.114,0,45,0,18,17,1
2021-10-21 16,0.114,0,45,0,17,276,1
2021-10-21 17,0.112,0,50,0,15,322,3
2021-10-21 18,0.107,0,50,0,15,306,4
2021-10-21 19,0.105,0,50,0,14,306,5
2021-10-21 20,0.101,0,50,0,13,302,4
2021-10-21 21,0.103,0,55,0,13,302,4
2021-10-21 22,0.108,0,55,0,13,305,4
2021-10-21 23,0.107,0,55,0,12,302,5
2021-10-22 00,0.114,0,50,0,12,306,6
2021-10-22 01,0.113,0,50,0,12,312,5
2021-10-22 02,0.113,0,50,0,12,314,6
2021-10-22 03,0.108,0,50,0,11,310,6
2021-10-22 04,0.114,0,50,0,11,312,5
2021-10-22 05,0.13,0,50,0,11,314,5
2021-10-22 06,0.194,0,50,0,11,329,3
2021-10-22 07,0.111,0,45,0,12,316,3
2021-10-22 08,0.106,0,45,0,13,317,4
2021-10-22 09,0.11,0,35,0,15,316,6
2021-10-22 10,0.106,0,30,0,16,309,7
2021-10-22 11,0.099,0,30,0,16,304,6
2021-10-22 12,0.104,0,25,0,17,317,6
2021-10-22 13,0.101,0,25,0,17,327,6
2021-10-22 14,0.105,0,25,0,17,317,7
2021-10-22 15,0.105,0,25,0,17,315,6
2021-10-22 16,0.11,0,30,0,16,319,6
2021-10-22 17,0.115,0,35,0,15,328,5
2021-10-22 18,0.111,0,40,0,14,324,5
2021-10-22 19,0.111,0,40,0,14,323,4
2021-10-22 20,0.114,0,45,0,13,322,3
2021-10-22 21,0.114,0,45,0,13,339,3
2021-10-22 22,0.113,0,45,0,13,340,3
2021-10-22 23,0.123,0,45,0,12,352,2
2021-10-23 00,0.202,0,50,0,12,2,2
2021-10-23 01,0.114,0,60,0,12,352,2
2021-10-23 02,0.103,0,60,0,11,333,2
2021-10-23 03,0.107,0,60,0,11,337,3
2021-10-23 04,0.106,0,60,0,11,335,2
2021-10-23 05,0.101,0,65,0,11,341,3
2021-10-23 06,0.105,0,65,0,11,11,2
2021-10-23 07,0.106,0,60,0,12,19,2
2021-10-23 08,0.103,0,50,0,14,33,3
2021-10-23 09,0.111,0,50,0,15,41,3
2021-10-23 10,0.11,0,45,0,16,47,3
2021-10-23 11,0.105,0,45,0,18,46,3
2021-10-23 12,0.111,0,40,0,18,39,3
2021-10-23 13,0.112,0,35,0,19,39,2
2021-10-23 14,0.109,0,35,0,19,72,2
2021-10-23 15,0.111,0,35,0,19,90,2
2021-10-23 16,0.114,0,35,0,18,84,2
2021-10-23 17,0.135,0,45,0,16,114,1
2021-10-23 18,0.197,0,45,0,15,133,1
2021-10-23 19,0.116,0,45,0,15,287,0
2021-10-23 20,0.112,0,55,0,14,341,1
2021-10-23 21,0.105,0,60,0,14,352,1
2021-10-23 22,0.105,0,65,0,13,12,1
2021-10-23 23,0.104,0,65,0,13,27,1
2021-10-24 00,0.105,0,65,0,12,35,1
2021-10-24 01,0.106,0,65,0,12,39,2
2021-10-24 02,0.112,0,65,0,12,348,1
2021-10-24 03,0.106,0,65,0,12,44,2
2021-10-24 04,0.113,0,65,0,12,38,1
2021-10-24 05,0.112,0,65,0,12,24,2
2021-10-24 06,0.109,0,65,0,12,32,2
2021-10-24 07,0.112,0,60,0,12,34,2
2021-10-24 08,0.113,0,60,0,13,28,2
2021-10-24 09,0.105,0,60,0,15,38,3
2021-10-24 10,0.111,0,55,0,16,42,3
2021-10-24 11,0.119,0,50,0,17,48,2
2021-10-24 12,0.203,0,45,0,18,37,2
2021-10-24 13,0.106,0,40,0,19,43,1
2021-10-24 14,0.105,0,45,0,19,135,1
2021-10-24 15,0.106,0,45,0,19,168,2
2021-10-24 16,0.108,0,50,0,18,162,2
2021-10-24 17,0.106,0,55,0,17,169,3
2021-10-24 18,0.106,0,60,0,16,137,1
2021-10-24 19,0.108,0,60,0,16,325,1
2021-10-24 20,0.113,0,65,0,15,29,0
2021-10-24 21,0.115,0,70,0,14,346,1
2021-10-24 22,0.114,0,70,0,15,4,1
2021-10-24 23,0.114,0,70,0,14,3,1
2021-10-25 00,0.113,0,70,0,14,20,1
2021-10-25 01,0.115,0,65,0,14,38,1
2021-10-25 02,0.111,0,65,0,13,22,2
2021-10-25 03,0.111,0,65,0,13,25,1
2021-10-25 04,0.106,0,65,0,12,17,2
2021-10-25 05,0.2,0,70,0,12,41,2
2021-10-25 06,0.111,0,65,0,12,28,2
2021-10-25 07,0.107,0,65,0,13,28,2
2021-10-25 08,0.105,0,60,0,14,16,2
2021-10-25 09,0.102,0,50,0,16,24,2
2021-10-25 10,0.109,0,45,0,19,25,0
2021-10-25 11,0.112,0,40,0,19,10,1
2021-10-25 12,0.108,0,40,0,20,307,1
2021-10-25 13,0.112,0,35,0,21,304,2
2021-10-25 14,0.113,0,30,0,21,330,2
2021-10-25 15,0.114,0,30,0,20,10,0
2021-10-25 16,0.115,0,40,0,19,126,1
2021-10-25 17,0.116,0,45,0,16,177,1
2021-10-25 18,0.117,0,50,0,16,299,1
2021-10-25 19,0.116,0,55,0,16,288,1
2021-10-25 20,0.112,0,55,0,15,321,1
2021-10-25 21,0.105,0,60,0,14,344,1
2021-10-25 22,0.205,0,60,0,13,12,1
2021-10-25 23,0.109,0,60,0,13,336,2
2021-10-26 00,0.106,0,65,0,13,344,1
2021-10-26 01,0.111,0,70,0,12,13,2
2021-10-26 02,0.11,0,65,0,12,9,1
2021-10-26 03,0.114,0,65,0,12,17,2
2021-10-26 04,0.115,0,65,0,11,16,1
2021-10-26 05,0.109,0,70,0,11,14,2
2021-10-26 06,0.115,0,70,0,11,335,1
2021-10-26 07,0.113,0,65,0,12,0,1
2021-10-26 08,0.108,0,55,0,14,358,2
2021-10-26 09,0.112,0,45,0,16,43,1
2021-10-26 10,0.109,0,50,0,16,40,2
2021-10-26 11,0.1,0,45,0,17,40,2
2021-10-26 12,0.106,0,40,0,18,56,2
2021-10-26 13,0.105,0,35,0,19,61,1
2021-10-26 14,0.107,0,30,0,20,96,1
2021-10-26 15,0.204,0,35,0,20,97,1
2021-10-26 16,0.118,0,40,0,18,183,1
2021-10-26 17,0.114,0,50,0,17,207,1
2021-10-26 18,0.116,0,55,0,15,160,0
2021-10-26 19,0.117,0,60,0,15,210,1
2021-10-26 20,0.115,0,65,0,14,270,1
2021-10-26 21,0.115,0,60,0,15,337,1
2021-10-26 22,0.114,0,60,0,14,358,1
2021-10-26 23,0.115,0,65,0,14,315,1
2021-10-27 00,0.114,0,65,0,14,315,2
2021-10-27 01,0.115,0,65,0,14,311,2
2021-10-27 02,0.105,0,70,0,14,314,2
2021-10-27 03,0.106,0,70,0,14,305,3
2021-10-27 04,0.105,0,70,0,14,315,3
2021-10-27 05,0.101,0,75,0,14,315,2
2021-10-27 06,0.108,0,75,0,13,301,1
2021-10-27 07,0.115,0,70,0,14,352,1
2021-10-27 08,0.207,0,65,0,16,313,1
2021-10-27 09,0.124,0,60,0,18,305,3
2021-10-27 10,0.109,0,55,0,19,310,3
2021-10-27 11,0.114,0,50,0,20,325,2
2021-10-27 12,0.114,0,45,0,21,306,4
2021-10-27 13,0.117,0,45,0,21,320,4
2021-10-27 14,0.117,0,40,0,21,316,4
2021-10-27 15,0.118,0,40,0,21,317,5
2021-10-27 16,0.116,0,40,0,20,301,4
2021-10-27 17,0.113,0,40,0,18,302,4
2021-10-27 18,0.111,0,40,0,17,302,4
2021-10-27 19,0.111,0,45,0,16,311,4
2021-10-27 20,0.11,0,50,0,16,304,5
2021-10-27 21,0.11,0,55,0,15,308,6
2021-10-27 22,0.114,0,55,0,15,302,4
2021-10-27 23,0.115,0,50,0,14,304,5
2021-10-28 00,0.117,0,55,0,13,299,4
2021-10-28 01,0.169,0,55,0,13,321,3
2021-10-28 02,0.167,0,50,0,13,315,3
2021-10-28 03,0.117,0,55,0,12,323,1
2021-10-28 04,0.116,0,60,0,11,317,1
2021-10-28 05,0.114,0,65,0,11,2,1
2021-10-28 06,0.107,0,65,0,10,352,1
2021-10-28 07,0.1,0,60,0,12,355,2
2021-10-28 08,0.105,0,55,0,13,36,2
2021-10-28 09,0.105,0,50,0,15,42,3
2021-10-28 10,0.108,0,45,0,16,47,3
2021-10-28 11,0.111,0,35,0,17,31,2
2021-10-28 12,0.114,0,30,0,19,37,2
2021-10-28 13,0.115,0,25,0,20,60,2
2021-10-28 14,0.116,0,25,0,21,92,2
2021-10-28 15,0.115,0,30,0,20,89,2
2021-10-28 16,0.118,0,35,0,20,93,2
2021-10-28 17,0.118,0,45,0,17,98,0
2021-10-28 18,0.129,0,50,0,16,60,1
2021-10-28 19,0.207,0,60,0,15,47,2
2021-10-28 20,0.109,0,55,0,15,47,2
2021-10-28 21,0.111,0,60,0,15,26,2
2021-10-28 22,0.109,0,60,0,15,31,2
2021-10-28 23,0.107,0,60,0,15,51,3
2021-10-29 00,0.11,0,55,0,16,43,4
2021-10-29 01,0.116,0,55,0,16,52,5
2021-10-29 02,0.116,0,55,0,16,40,5
2021-10-29 03,0.116,0,60,0,15,65,4
2021-10-29 04,0.115,0,55,0,15,63,4
2021-10-29 05,0.115,0,60,0,15,60,4
2021-10-29 06,0.115,0,60,0,15,64,4
2021-10-29 07,0.115,0,60,0,15,65,4
2021-10-29 08,0.109,0,55,0,16,63,6
2021-10-29 09,0.105,0,50,0,17,53,4
2021-10-29 10,0.104,0,45,0,17,50,5
2021-10-29 11,0.105,0,45,0,18,58,4
2021-10-29 12,0.203,0,45,0,18,60,3
2021-10-29 13,0.122,0,45,0,19,57,3
2021-10-29 14,0.115,0,45,0,19,61,3
2021-10-29 15,0.117,0,45,0,19,55,3
2021-10-29 16,0.117,0,45,0,18,70,3
2021-10-29 17,0.118,0,50,0,17,75,2
2021-10-29 18,0.122,0,50,0,17,70,3
2021-10-29 19,0.12,0,50,0,17,57,3
2021-10-29 20,0.117,0,55,0,16,58,4
2021-10-29 21,0.117,0,55,0,16,53,4
2021-10-29 22,0.119,0,55,0,16,45,3
2021-10-29 23,0.107,0,60,0,15,45,3
2021-10-30 00,0.106,0,60,0,14,35,3
2021-10-30 01,0.105,0,60,0,14,56,3
2021-10-30 02,0.106,0,65,0,13,41,2
2021-10-30 03,0.114,0,65,0,13,47,2
2021-10-30 04,0.121,0,65,0,13,45,2
2021-10-30 05,0.191,0,65,0,13,46,2
2021-10-30 06,0.144,0,65,0,13,56,3
2021-10-30 07,0.114,0,65,0,14,26,2
2021-10-30 08,0.115,0,60,0,14,24,3
2021-10-30 09,0.116,0,55,0,16,28,2
2021-10-30 10,0.116,0,60,0,16,39,2
2021-10-30 11,0.113,0,50,0,17,31,2
2021-10-30 12,0.108,0,50,0,19,44,1
2021-10-30 13,0.106,0,50,0,18,35,2
2021-10-30 14,0.107,0,55,0,18,59,3
2021-10-30 15,0.113,0,50,0,18,60,3
2021-10-30 16,0.109,0,55,0,18,19,2
2021-10-30 17,0.11,0,55,0,17,17,2
2021-10-30 18,0.118,0,60,0,16,15,1
2021-10-30 19,0.122,0,60,0,16,355,2
2021-10-30 20,0.118,0,65,0,15,17,2
2021-10-30 21,0.117,0,70,0,15,17,2
2021-10-30 22,0.152,0,70,0,14,41,3
2021-10-30 23,0.185,0,70,0,13,21,2
2021-10-31 00,0.123,0,70,0,13,37,2
2021-10-31 01,0.116,0,70,0,13,348,1
2021-10-31 02,0.106,0,75,0,13,34,2
2021-10-31 03,0.106,0,75,0,12,14,2
2021-10-31 04,0.106,0,80,0,12,43,2
2021-10-31 05,0.107,0,75,0,12,44,2
2021-10-31 06,0.117,0,80,0,12,55,3
2021-10-31 07,0.116,0,80,0,13,34,2
2021-10-31 08,0.115,0,70,0,14,39,3
2021-10-31 09,0.115,0,60,0,16,43,3
2021-10-31 10,0.114,0,50,0,18,58,3
2021-10-31 11,0.115,0,50,0,18,51,2
2021-10-31 12,0.114,0,45,0,20,39,2
2021-10-31 13,0.121,0,40,0,20,107,2
2021-10-31 14,0.116,0,40,0,21,99,2
2021-10-31 15,0.11,0,40,0,21,117,1
2021-10-31 16,0.209,0,50,0,19,182,2
2021-10-31 17,0.125,0,55,0,18,203,2
2021-10-31 18,0.114,0,60,0,17,204,0
2021-10-31 19,0.119,0,65,0,16,229,0
2021-10-31 20,0.114,0,70,0,16,228,1
2021-10-31 21,0.118,0,75,0,15,301,1
2021-10-31 22,0.119,0,75,0,15,300,1
2021-10-31 23,0.119,0,70,0,15,274,0
2021-11-01 00,0.116,0,70,0,14,285,1
2021-11-01 01,0.116,0,65,0,15,311,3
2021-11-01 02,0.118,0,65,0,15,343,2
2021-11-01 03,0.118,0,70,0,14,134,1
2021-11-01 04,0.112,0,75,0,14,83,0
2021-11-01 05,0.106,0,75,0,14,353,1
2021-11-01 06,0.106,0,80,0,14,340,1
2021-11-01 07,0.109,0,75,0,15,351,2
2021-11-01 08,0.204,0,70,0,16,349,1
2021-11-01 09,0.119,0,65,0,17,348,1
2021-11-01 10,0.121,0,60,0,19,332,2
2021-11-01 11,0.116,0,55,0,20,309,1
2021-11-01 12,0.117,0,45,0,21,259,3
2021-11-01 13,0.118,0,40,0,22,275,4
2021-11-01 14,0.124,0,40,0,22,280,4
2021-11-01 15,0.12,0,40,0,21,301,5
2021-11-01 16,0.124,0,40,0,19,309,5
2021-11-01 17,0.126,0,45,0,18,306,4
2021-11-01 18,0.126,0,50,0,17,314,3
2021-11-01 19,0.119,0,55,0,16,303,3
2021-11-01 20,0.112,0,65,0,15,327,3
2021-11-01 21,0.117,0,65,0,14,320,4
2021-11-01 22,0.111,0,65,0,14,305,4
2021-11-01 23,0.117,0,65,0,13,310,5
2021-11-02 00,0.22,0,65,0,13,306,4
2021-11-02 01,0.13,0,65,0,13,325,4
2021-11-02 02,0.12,0,65,0,12,319,3
2021-11-02 03,0.122,0,65,0,12,321,3
2021-11-02 04,0.116,0,65,0,11,321,3
2021-11-02 05,0.117,0,65,0,12,325,3
2021-11-02 06,0.114,0,70,0,12,308,3
2021-11-02 07,0.106,0,65,0,13,319,3
2021-11-02 08,0.104,0,60,0,14,333,3
2021-11-02 09,0.105,0,55,0,15,341,2
2021-11-02 10,0.112,0,50,0,16,341,3
2021-11-02 11,0.115,0,45,0,17,334,2
2021-11-02 12,0.115,0,40,0,18,301,3
2021-11-02 13,0.117,0,40,0,18,307,3
2021-11-02 14,0.119,0,40,0,19,289,4
2021-11-02 15,0.12,0,40,0,18,302,4
2021-11-02 16,0.117,0,45,0,17,303,5
2021-11-02 17,0.13,0,50,0,16,307,4
2021-11-02 18,0.214,0,50,0,15,306,4
2021-11-02 19,0.111,0,55,0,14,317,4
2021-11-02 20,0.111,0,55,0,14,314,3
2021-11-02 21,0.108,0,60,0,13,322,2
2021-11-02 22,0.106,0,60,0,13,314,2
2021-11-02 23,0.112,0,65,0,12,324,1
2021-11-03 00,0.122,0,70,0,12,310,1
2021-11-03 01,0.116,0,70,0,11,302,2
2021-11-03 02,0.117,0,70,0,12,305,4
2021-11-03 03,0.116,0,70,0,11,311,4
2021-11-03 04,0.117,0,70,0,11,311,3
2021-11-03 05,0.119,0,65,0,11,317,2
2021-11-03 06,0.114,0,65,0,11,335,4
2021-11-03 07,0.106,0,65,0,12,305,3
2021-11-03 08,0.105,0,60,0,13,321,3
2021-11-03 09,0.104,0,50,0,15,311,2
2021-11-03 10,0.105,0,45,0,16,312,4
2021-11-03 11,0.205,0,40,0,17,308,5
2021-11-03 12,0.124,0,35,0,18,314,5
2021-11-03 13,0.114,0,35,0,18,313,3
2021-11-03 14,0.114,0,35,0,18,329,3
2021-11-03 15,0.114,0,35,0,18,319,2
2021-11-03 16,0.117,0,40,0,17,315,2
2021-11-03 17,0.119,0,40,0,16,288,2
2021-11-03 18,0.119,0,45,0,16,270,3
2021-11-03 19,0.116,0,45,0,15,302,3
2021-11-03 20,0.117,0,50,0,15,296,3
2021-11-03 21,0.107,0,50,0,14,295,3
2021-11-03 22,0.11,0,55,0,14,299,2
2021-11-03 23,0.105,0,55,0,13,303,2
2021-11-04 00,0.106,0,55,0,13,289,1
2021-11-04 01,0.109,0,65,0,13,304,2
2021-11-04 02,0.114,0,65,0,12,251,2
2021-11-04 03,0.115,0,70,0,12,318,1
2021-11-04 04,0.183,0,65,0,12,327,1
2021-11-04 05,0.152,0,70,0,12,295,1
2021-11-04 06,0.115,0,70,0,11,333,1
2021-11-04 07,0.113,0,70,0,13,306,1
2021-11-04 08,0.113,0,65,0,14,259,1
2021-11-04 09,0.113,0,65,0,16,1,1
2021-11-04 10,0.111,0,55,0,18,283,3
2021-11-04 11,0.105,0,50,0,19,336,2
2021-11-04 12,0.105,0,45,0,20,259,0
2021-11-04 13,0.106,0,45,0,21,268,1
2021-11-04 14,0.112,0,40,0,20,188,2
2021-11-04 15,0.108,0,40,0,20,146,1
2021-11-04 16,0.114,0,45,0,19,183,1
2021-11-04 17,0.119,0,50,0,17,235,0
2021-11-04 18,0.121,0,55,0,16,196,0
2021-11-04 19,0.118,0,60,0,15,106,1
2021-11-04 20,0.118,0,65,0,15,328,1
2021-11-04 21,0.15,0,65,0,15,350,1
2021-11-04 22,0.193,0,70,0,14,326,1
2021-11-04 23,0.116,0,65,0,14,25,1
2021-11-05 00,0.117,0,65,0,13,14,1
2021-11-05 01,0.106,0,65,0,13,40,1
2021-11-05 02,0.105,0,70,0,13,41,1
2021-11-05 03,0.105,0,70,0,13,30,1
2021-11-05 04,0.11,0,75,0,12,39,2
2021-11-05 05,0.113,0,70,0,12,39,2
2021-11-05 06,0.114,0,70,0,12,47,3
2021-11-05 07,0.115,0,65,0,13,42,3
2021-11-05 08,0.119,0,60,0,15,54,3
2021-11-05 09,0.114,0,55,0,16,52,4
2021-11-05 10,0.114,0,55,0,17,37,2
2021-11-05 11,0.114,0,50,0,18,47,2
2021-11-05 12,0.119,0,45,0,18,40,2
2021-11-05 13,0.114,0,45,0,18,60,3
2021-11-05 14,0.108,0,45,0,18,67,3
2021-11-05 15,0.206,0,45,0,18,75,3
2021-11-05 16,0.119,0,50,0,17,59,3
2021-11-05 17,0.109,0,50,0,17,58,3
2021-11-05 18,0.113,0,55,0,16,50,2
2021-11-05 19,0.12,0,50,0,16,44,2
2021-11-05 20,0.117,0,55,0,16,59,2
2021-11-05 21,0.117,0,50,0,16,60,4
2021-11-05 22,0.122,0,55,0,16,63,4
2021-11-05 23,0.116,0,60,0,16,71,3
2021-11-06 00,0.116,0,55,0,16,58,4
2021-11-06 01,0.121,0,60,0,15,76,3
2021-11-06 02,0.115,0,60,0,15,56,4
2021-11-06 03,0.106,0,60,0,15,57,4
2021-11-06 04,0.109,0,60,0,15,64,4
2021-11-06 05,0.107,0,60,0,15,73,4
2021-11-06 06,0.106,0,65,0,15,66,4
2021-11-06 07,0.11,0,65,0,15,71,4
2021-11-06 08,0.211,0,60,0,16,73,4
2021-11-06 09,0.125,0,60,0,17,77,4
2021-11-06 10,0.114,0,55,0,18,67,3
2021-11-06 11,0.114,0,55,0,18,65,4
2021-11-06 12,0.115,0,50,0,19,53,3
2021-11-06 13,0.121,0,45,0,19,50,5
2021-11-06 14,0.116,0,45,0,20,63,4
2021-11-06 15,0.121,0,45,0,19,68,4
2021-11-06 16,0.12,0,50,0,19,74,3
2021-11-06 17,0.113,0,55,0,18,72,3
2021-11-06 18,0.116,0,50,0,18,76,4
2021-11-06 19,0.111,0,50,0,18,69,3
2021-11-06 20,0.115,0,55,0,17,63,4
2021-11-06 21,0.11,0,50,0,17,45,5
2021-11-06 22,0.113,0,50,0,16,25,4
2021-11-06 23,0.123,0,55,0,16,39,4
2021-11-07 00,0.117,0,55,0,16,31,5
2021-11-07 01,0.179,0,55,0,16,14,3
2021-11-07 02,0.163,0,55,0,16,63,4
2021-11-07 03,0.117,0,60,0,16,55,5
2021-11-07 04,0.116,0,60,0,16,47,4
2021-11-07 05,0.121,0,65,0,15,30,3
2021-11-07 06,0.106,0,65,0,16,55,4
2021-11-07 07,0.105,0,65,0,16,356,3
2021-11-07 08,0.11,0,60,0,17,47,3
2021-11-07 09,0.105,0,60,0,17,31,4
2021-11-07 10,0.109,0,60,0,19,68,4
2021-11-07 11,0.113,0,60,0,19,73,7
2021-11-07 12,0.122,0,50,0,20,74,6
2021-11-07 13,0.115,0,50,0,21,69,6
2021-11-07 14,0.118,0,50,0,20,82,5
2021-11-07 15,0.122,0,50,0,20,80,3
2021-11-07 16,0.12,0,50,0,19,75,4
2021-11-07 17,0.125,0,50,0,19,112,3
2021-11-07 18,0.127,0,50,0,18,92,3
2021-11-07 19,0.213,0,55,0,18,87,5
2021-11-07 20,0.11,0,55,0,18,71,5
2021-11-07 21,0.108,0,55,0,18,65,5
2021-11-07 22,0.116,0,60,0,17,62,3
2021-11-07 23,0.111,0,60,0,17,63,4
2021-11-08 00,0.119,0,65,0,17,62,2
2021-11-08 01,0.119,0,70,0,16,44,3
2021-11-08 02,0.122,0,70,0,16,45,2
2021-11-08 03,0.121,0,70,0,17,82,1
2021-11-08 04,0.12,0,75,0,17,109,1
2021-11-08 05,0.122,0,75,0,18,120,2
2021-11-08 06,0.121,5,75,0.1,18,130,3
2021-11-08 07,0.119,1,85,6.5,19,181,4
2021-11-08 08,0.122,1,90,8.5,15,285,7
2021-11-08 09,0.109,1,85,4.6,13,288,9
2021-11-08 10,0.111,1,85,4.3,12,287,6
2021-11-08 11,0.207,1,85,3.4,11,273,6
2021-11-08 12,0.11,1,80,1.6,11,270,6
2021-11-08 13,0.116,0,75,0,11,300,6
2021-11-08 14,0.121,0,65,0,12,301,6
2021-11-08 15,0.117,0,65,0,11,297,6
2021-11-08 16,0.119,0,60,0,11,310,6
2021-11-08 17,0.119,0,60,0,10,298,5
2021-11-08 18,0.116,0,60,0,10,287,4
2021-11-08 19,0.116,0,65,0,10,279,5
2021-11-08 20,0.116,0,65,0,9,302,4
2021-11-08 21,0.105,0,65,0,9,282,4
2021-11-08 22,0.103,0,60,0,9,293,4
2021-11-08 23,0.104,0,60,0,8,288,4
2021-11-09 00,0.112,0,65,0,8,258,4
2021-11-09 01,0.114,0,65,0,8,264,4
2021-11-09 02,0.114,0,65,0,8,253,4
2021-11-09 03,0.115,0,65,0,8,256,4
2021-11-09 04,0.162,0,65,0,8,275,4
2021-11-09 05,0.173,0,65,0,8,250,4
2021-11-09 06,0.114,0,60,0,8,260,4
2021-11-09 07,0.113,0,60,0,9,252,4
2021-11-09 08,0.113,0,60,0,10,250,5
2021-11-09 09,0.109,0,55,0,11,264,5
2021-11-09 10,0.104,0,60,0,11,248,6
2021-11-09 11,0.104,0,65,0,11,250,6
2021-11-09 12,0.104,0,50,0,12,277,7
2021-11-09 13,0.105,0,50,0,12,272,6
2021-11-09 14,0.11,0,50,0,12,287,6
2021-11-09 15,0.111,0,50,0,11,258,5
2021-11-09 16,0.114,0,55,0,10,273,5
2021-11-09 17,0.112,0,60,0,10,262,5
2021-11-09 18,0.113,0,60,0,9,263,5
2021-11-09 19,0.112,0,60,0,9,260,5
2021-11-09 20,0.113,0,60,0,9,256,5
2021-11-09 21,0.125,0,60,0,9,254,5
2021-11-09 22,0.203,0,60,0,9,249,6
2021-11-09 23,0.113,0,65,0,8,260,4
2021-11-10 00,0.106,5,65,0.1,8,249,5
2021-11-10 01,0.105,0,70,0,8,249,4
2021-11-10 02,0.1,0,65,0,9,249,5
2021-11-10 03,0.105,0,65,0,9,261,5
2021-11-10 04,0.105,0,60,0,9,254,5
2021-11-10 05,0.105,0,65,0,9,272,4
2021-11-10 06,0.104,0,70,0,8,301,4
2021-11-10 07,0.111,0,70,0,8,299,3
2021-11-10 08,0.11,0,65,0,9,294,3
2021-11-10 09,0.11,0,60,0,11,298,5
2021-11-10 10,0.105,0,55,0,12,260,4
2021-11-10 11,0.108,0,55,0,13,248,6
2021-11-10 12,0.109,0,55,0,12,283,6
2021-11-10 13,0.11,0,50,0,12,271,5
2021-11-10 14,0.103,0,60,0,12,271,6
2021-11-10 15,0.131,0,65,0,11,290,6
2021-11-10 16,0.189,5,65,0.1,10,281,4
2021-11-10 17,0.11,0,70,0,10,273,4
2021-11-10 18,0.104,0,70,0,9,286,3
2021-11-10 19,0.111,0,70,0,9,283,4
2021-11-10 20,0.108,0,70,0,9,282,3
2021-11-10 21,0.099,0,70,0,9,255,4
2021-11-10 22,0.104,0,70,0,10,244,4
2021-11-10 23,0.104,0,70,0,10,260,4
2021-11-11 00,0.103,5,70,0.1,10,253,4
2021-11-11 01,0.1,0,75,0,10,264,4
2021-11-11 02,0.105,0,70,0,10,259,5
2021-11-11 03,0.101,0,70,0,10,264,5
2021-11-11 04,0.109,0,75,0,10,258,4
2021-11-11 05,0.111,0,70,0,9,252,3
2021-11-11 06,0.104,0,70,0,9,278,4
2021-11-11 07,0.109,0,70,0,9,296,3
2021-11-11 08,0.071,0,60,0,10,278,3
2021-11-11 09,0.055,0,55,0,11,287,3
2021-11-11 10,0.092,0,55,0,13,285,3
2021-11-11 11,0.065,5,55,0.1,12,265,4
2021-11-11 12,0.182,0,55,0,13,290,4
2021-11-11 13,0.116,0,55,0,13,232,4
2021-11-11 14,0.116,0,60,0,12,294,4
2021-11-11 15,0.114,1,70,0.5,10,295,6
2021-11-11 16,0.108,0,65,0,10,298,4
2021-11-11 17,0.112,0,65,0,10,299,3
2021-11-11 18,0.108,0,65,0,9,282,4
2021-11-11 19,0.113,0,70,0,9,283,4
2021-11-11 20,0.106,0,70,0,9,292,4
2021-11-11 21,0.111,0,70,0,9,304,3
2021-11-11 22,0.105,0,70,0,8,298,4
2021-11-11 23,0.064,0,70,0,8,276,3
2021-11-12 00,0.053,0,70,0,8,265,3
2021-11-12 01,0.088,0,70,0,7,266,5
2021-11-12 02,0.062,0,75,0,7,281,4
2021-11-12 03,0.082,0,75,0,6,245,3
2021-11-12 04,0.091,0,70,0,7,260,3
2021-11-12 05,0.084,0,60,0,8,262,3
2021-11-12 06,0.06,0,65,0,7,281,3
2021-11-12 07,0.087,0,65,0,7,287,3
2021-11-12 08,0.085,0,60,0,8,298,3
2021-11-12 09,0.075,0,55,0,9,310,3
2021-11-12 10,0.177,0,45,0,11,300,4
2021-11-12 11,0.065,0,45,0,11,289,4
2021-11-12 12,0.092,0,45,0,11,270,4
2021-11-12 13,0.087,0,50,0,11,294,4
2021-11-12 14,0.056,0,55,0,10,257,4
2021-11-12 15,0.087,0,60,0,10,307,5
2021-11-12 16,0.088,0,65,0,9,306,3
2021-11-12 17,0.086,0,70,0,9,299,4
2021-11-12 18,0.069,0,65,0,8,294,3
2021-11-12 19,0.075,0,65,0,8,285,4
2021-11-12 20,0.087,0,65,0,7,294,3
2021-11-12 21,0.092,0,65,0,7,292,2
2021-11-12 22,0.077,0,70,0,7,297,2
2021-11-12 23,0.055,0,70,0,7,277,2
2021-11-13 00,0.079,0,70,0,7,262,1
2021-11-13 01,0.078,0,75,0,7,268,1
2021-11-13 02,0.063,0,75,0,7,225,2
2021-11-13 03,0.056,0,75,0,7,256,1
2021-11-13 04,0.079,0,75,0,7,264,1
2021-11-13 05,0.074,0,75,0,6,271,1
2021-11-13 06,0.056,0,75,0,7,259,1
2021-11-13 07,0.068,0,75,0,8,251,1
2021-11-13 08,0.074,0,70,0,9,227,1
2021-11-13 09,0.075,0,65,0,11,247,2
2021-11-13 10,0.046,0,50,0,13,263,3
2021-11-13 11,0.155,0,45,0,14,273,3
2021-11-13 12,0.085,0,45,0,15,282,4
2021-11-13 13,0.074,0,45,0,16,289,4
2021-11-13 14,0.056,0,45,0,15,233,4
2021-11-13 15,0.067,0,45,0,15,246,4
2021-11-13 16,0.074,0,50,0,14,271,3
2021-11-13 17,0.083,0,50,0,13,245,4
2021-11-13 18,0.075,0,55,0,13,246,4
2021-11-13 19,0.045,0,60,0,13,254,5
2021-11-13 20,0.076,0,65,0,13,250,3
2021-11-13 21,0.076,0,65,0,12,259,2
2021-11-13 22,0.079,0,70,0,11,300,3
2021-11-13 23,0.06,0,70,0,10,293,2
2021-11-14 00,0.058,0,75,0,9,258,0
2021-11-14 01,0.078,0,75,0,9,305,1
2021-11-14 02,0.074,0,80,0,9,336,1
2021-11-14 03,0.074,0,80,0,9,305,0
2021-11-14 04,0.047,0,80,0,8,20,0
2021-11-14 05,0.074,0,80,0,8,34,1
2021-11-14 06,0.079,0,85,0,8,73,0
2021-11-14 07,0.074,0,80,0,9,325,1
2021-11-14 08,0.045,0,75,0,10,296,0
2021-11-14 09,0.079,0,70,0,12,311,0
2021-11-14 10,0.073,0,60,0,15,225,2
2021-11-14 11,0.067,0,55,0,16,239,3
2021-11-14 12,0.054,0,50,0,17,227,3
2021-11-14 13,0.155,0,45,0,17,244,3
2021-11-14 14,0.131,0,45,0,17,239,3
2021-11-14 15,0.099,0,45,0,17,293,3
2021-11-14 16,0.103,0,50,0,16,273,3
2021-11-14 17,0.102,0,50,0,15,287,3
2021-11-14 18,0.101,0,55,0,14,281,3
2021-11-14 19,0.094,0,55,0,14,280,3
2021-11-14 20,0.097,0,60,0,13,294,2
2021-11-14 21,0.089,0,65,0,12,292,1
2021-11-14 22,0.093,0,70,0,12,257,1
2021-11-14 23,0.091,0,70,0,11,255,1
2021-11-15 00,0.087,0,75,0,11,302,1
2021-11-15 01,0.083,0,75,0,11,293,1
2021-11-15 02,0.04,0,75,0,10,264,1
2021-11-15 03,0.061,0,80,0,10,258,2
2021-11-15 04,0.059,0,80,0,9,296,1
2021-11-15 05,0.078,0,75,0,10,291,2
2021-11-15 06,0.077,0,80,0,10,284,1
2021-11-15 07,0.045,0,80,0,10,52,0
2021-11-15 08,0.075,0,75,0,11,328,1
2021-11-15 09,0.073,0,70,0,13,305,1
2021-11-15 10,0.074,0,60,0,14,21,2
2021-11-15 11,0.16,0,55,0,16,295,0
2021-11-15 12,0.047,0,45,0,17,176,1
2021-11-15 13,0.08,0,45,0,16,309,1
2021-11-15 14,0.107,0,40,0,17,102,1
2021-11-15 15,0.106,0,40,0,17,180,1
2021-11-15 16,0.099,0,50,0,15,177,1
2021-11-15 17,0.094,0,50,0,15,248,2
2021-11-15 18,0.088,0,55,0,14,256,1
2021-11-15 19,0.093,0,65,0,12,271,1
2021-11-15 20,0.095,0,65,0,12,293,1
2021-11-15 21,0.095,0,60,0,12,318,2
2021-11-15 22,0.1,0,65,0,12,307,2
2021-11-15 23,0.096,0,65,0,11,326,2
2021-11-16 00,0.099,0,65,0,11,290,1
2021-11-16 01,0.093,0,70,0,11,354,1
2021-11-16 02,0.096,0,60,0,12,313,3
2021-11-16 03,0.098,0,60,0,12,358,2
2021-11-16 04,0.114,0,65,0,11,20,1
2021-11-16 05,0.181,0,65,0,11,333,1
2021-11-16 06,0.091,0,70,0,10,41,1
2021-11-16 07,0.09,0,70,0,10,330,1
2021-11-16 08,0.087,0,65,0,12,341,1
2021-11-16 09,0.081,0,60,0,13,38,1
2021-11-16 10,0.087,0,50,0,14,332,2
2021-11-16 11,0.092,0,45,0,15,27,1
2021-11-16 12,0.1,0,45,0,16,27,0
2021-11-16 13,0.1,0,40,0,16,207,1
2021-11-16 14,0.099,0,40,0,17,232,3
2021-11-16 15,0.095,0,40,0,16,258,3
2021-11-16 16,0.086,0,40,0,15,296,3
2021-11-16 17,0.091,0,45,0,14,305,2
2021-11-16 18,0.093,0,50,0,14,300,3
2021-11-16 19,0.092,0,50,0,13,306,4
2021-11-16 20,0.092,0,45,0,13,302,4
2021-11-16 21,0.1,0,45,0,12,307,3
2021-11-16 22,0.096,0,50,0,11,287,2
2021-11-16 23,0.178,0,50,0,11,303,2
2021-11-17 00,0.113,0,55,0,10,322,2
2021-11-17 01,0.101,0,55,0,10,336,1
2021-11-17 02,0.091,0,55,0,9,355,2
2021-11-17 03,0.096,0,60,0,8,340,2
2021-11-17 04,0.049,0,60,0,8,343,1
2021-11-17 05,0.042,0,60,0,8,294,0
2021-11-17 06,0.079,0,65,0,8,311,1
2021-11-17 07,0.056,0,65,0,8,337,1
2021-11-17 08,0.063,0,55,0,10,11,1
2021-11-17 09,0.077,0,45,0,12,22,1
2021-11-17 10,0.075,0,45,0,13,47,2
2021-11-17 11,0.046,0,45,0,14,12,1
2021-11-17 12,0.075,0,40,0,15,319,1
2021-11-17 13,0.074,0,35,0,17,253,3
2021-11-17 14,0.1,0,35,0,17,246,3
2021-11-17 15,0.128,0,35,0,16,229,3
2021-11-17 16,0.108,0,45,0,14,228,3
2021-11-17 17,0.11,0,40,0,14,288,3
2021-11-17 18,0.114,0,50,0,13,298,4
2021-11-17 19,0.108,0,45,0,12,301,4
2021-11-17 20,0.106,0,45,0,12,294,4
2021-11-17 21,0.202,0,45,0,12,306,4
2021-11-17 22,0.105,0,50,0,11,307,4
2021-11-17 23,0.099,0,55,0,11,296,4
2021-11-18 00,0.092,0,50,0,11,309,3
2021-11-18 01,0.094,0,50,0,11,322,2
2021-11-18 02,0.09,0,45,0,10,44,1
2021-11-18 03,0.089,0,55,0,9,46,1
2021-11-18 04,0.091,0,60,0,9,339,1
2021-11-18 05,0.045,0,65,0,8,124,1
2021-11-18 06,0.049,0,65,0,7,125,0
2021-11-18 07,0.071,0,70,0,8,50,1
2021-11-18 08,0.075,0,60,0,10,4,0
2021-11-18 09,0.067,0,55,0,12,227,0
2021-11-18 10,0.055,0,55,0,14,163,1
2021-11-18 11,0.076,0,55,0,16,242,2
2021-11-18 12,0.077,0,50,0,17,238,2
2021-11-18 13,0.108,0,45,0,18,232,2
2021-11-18 14,0.108,0,45,0,17,206,3
2021-11-18 15,0.11,0,50,0,17,213,3
2021-11-18 16,0.11,0,50,0,15,214,4
2021-11-18 17,0.205,0,55,0,15,230,4
2021-11-18 18,0.12,0,60,0,14,225,3
2021-11-18 19,0.113,0,65,0,13,70,0
2021-11-18 20,0.107,0,70,0,12,15,1
2021-11-18 21,0.113,0,70,0,12,330,1
2021-11-18 22,0.108,0,70,0,11,296,1
2021-11-18 23,0.105,0,75,0,10,220,1
2021-11-19 00,0.11,0,80,0,10,191,1
2021-11-19 01,0.107,0,85,0,9,232,1
2021-11-19 02,0.106,0,80,0,9,275,0
2021-11-19 03,0.104,0,80,0,9,278,0
2021-11-19 04,0.101,0,80,0,8,359,1
2021-11-19 05,0.073,0,80,0,8,252,0
2021-11-19 06,0.059,0,85,0,8,182,0
2021-11-19 07,0.085,0,80,0,8,3,0
2021-11-19 08,0.056,0,70,0,11,16,0
2021-11-19 09,0.091,0,65,0,13,152,1
2021-11-19 10,0.086,0,60,0,15,230,1
2021-11-19 11,0.061,0,55,0,17,321,0
2021-11-19 12,0.101,0,55,0,18,303,1
2021-11-19 13,0.125,0,50,0,19,305,2
2021-11-19 14,0.196,0,45,0,19,277,4
2021-11-19 15,0.123,0,45,0,19,303,3
2021-11-19 16,0.11,0,50,0,17,285,3
2021-11-19 17,0.109,0,60,0,16,293,3
2021-11-19 18,0.105,0,60,0,15,316,3
2021-11-19 19,0.11,0,65,0,15,338,2
2021-11-19 20,0.11,0,70,0,14,9,0
2021-11-19 21,0.114,0,70,0,13,360,1
2021-11-19 22,0.108,0,75,0,13,32,1
2021-11-19 23,0.113,0,75,0,12,103,1
2021-11-20 00,0.107,0,80,0,11,68,1
2021-11-20 01,0.111,0,80,0,11,22,1
2021-11-20 02,0.109,0,80,0,11,39,0
2021-11-20 03,0.113,0,80,0,10,32,1
2021-11-20 04,0.107,0,85,0,10,36,1
2021-11-20 05,0.104,0,85,0,10,35,1
2021-11-20 06,0.106,0,85,0,10,46,2
2021-11-20 07,0.101,0,80,0,11,30,1
2021-11-20 08,0.2,0,75,0,12,40,2
2021-11-20 09,0.103,0,70,0,13,43,2
2021-11-20 10,0.104,0,60,0,15,39,2
2021-11-20 11,0.103,0,55,0,16,51,1
2021-11-20 12,0.101,0,55,0,17,72,2
2021-11-20 13,0.107,0,50,0,18,22,0
2021-11-20 14,0.109,0,45,0,19,230,1
2021-11-20 15,0.106,0,45,0,18,190,1
2021-11-20 16,0.111,0,50,0,17,168,1
2021-11-20 17,0.113,0,55,0,16,226,1
2021-11-20 18,0.112,0,65,0,14,54,1
2021-11-20 19,0.108,0,65,0,14,321,1
2021-11-20 20,0.114,0,65,0,13,40,1
2021-11-20 21,0.108,0,70,0,13,54,1
2021-11-20 22,0.113,0,70,0,12,48,1
2021-11-20 23,0.11,0,70,0,12,273,0
2021-11-21 00,0.11,0,75,0,11,85,2
2021-11-21 01,0.108,0,75,0,11,54,2
2021-11-21 02,0.198,0,80,0,11,55,3
2021-11-21 03,0.11,0,75,0,11,33,3
2021-11-21 04,0.103,0,75,0,11,15,1
2021-11-21 05,0.105,0,80,0,11,306,1
2021-11-21 06,0.1,0,75,0,12,80,1
2021-11-21 07,0.105,0,80,0,12,52,3
2021-11-21 08,0.104,0,75,0,13,52,3
2021-11-21 09,0.111,0,70,0,14,53,2
2021-11-21 10,0.107,0,65,0,16,102,1
2021-11-21 11,0.11,0,60,0,16,36,2
2021-11-21 12,0.108,0,60,0,17,66,1
2021-11-21 13,0.11,0,60,0,17,325,0
2021-11-21 14,0.113,0,65,0,17,10,1
2021-11-21 15,0.108,0,65,0,17,65,0
2021-11-21 16,0.115,0,70,0,16,339,1
2021-11-21 17,0.107,0,70,0,15,330,1
2021-11-21 18,0.114,0,70,0,15,104,1
2021-11-21 19,0.118,0,75,0,14,298,1
2021-11-21 20,0.199,0,75,0,14,285,1
2021-11-21 21,0.113,0,80,0,14,300,0
2021-11-21 22,0.101,0,80,0,14,240,1
2021-11-21 23,0.106,5,75,0.1,14,304,2
2021-11-22 00,0.102,5,75,0.2,15,276,4
2021-11-22 01,0.105,1,75,0.8,14,274,4
2021-11-22 02,0.106,5,70,0.1,14,278,6
2021-11-22 03,0.105,0,65,0,14,280,6
2021-11-22 04,0.113,0,65,0,11,316,8
2021-11-22 05,0.109,0,65,0,10,304,7
2021-11-22 06,0.113,0,65,0,10,295,6
2021-11-22 07,0.108,0,60,0,10,302,6
2021-11-22 08,0.112,0,55,0,10,304,9
2021-11-22 09,0.11,0,40,0,11,302,10
2021-11-22 10,0.109,0,45,0,10,307,9
2021-11-22 11,0.106,0,45,0,10,307,8
2021-11-22 12,0.119,0,45,0,11,300,9
2021-11-22 13,0.198,0,45,0,10,299,9
2021-11-22 14,0.11,0,50,0,9,311,8
2021-11-22 15,0.102,0,50,0,8,329,7
2021-11-22 16,0.104,0,55,0,7,320,5
2021-11-22 17,0.101,0,55,0,7,311,4
2021-11-22 18,0.098,0,50,0,6,299,5
2021-11-22 19,0.103,0,50,0,6,318,4
2021-11-22 20,0.061,0,50,0,6,307,6
2021-11-22 21,0.058,0,60,0,5,310,4
2021-11-22 22,0.087,0,60,0,4,306,3
2021-11-22 23,0.082,0,65,0,4,293,3
2021-11-23 00,0.061,0,65,0,4,298,5
2021-11-23 01,0.085,0,65,0,4,281,3
2021-11-23 02,0.087,0,70,0,4,271,3
2021-11-23 03,0.063,0,70,0,4,280,3
2021-11-23 04,0.081,0,75,0,4,253,3
2021-11-23 05,0.085,0,75,0,5,295,3
2021-11-23 06,0.08,0,75,0,4,293,4
2021-11-23 07,0.052,0,70,0,4,318,4
2021-11-23 08,0.073,0,65,0,4,312,4
2021-11-23 09,0.078,0,60,0,5,304,4
2021-11-23 10,0.056,0,60,0,6,287,4
2021-11-23 11,0.062,0,60,0,7,282,5
2021-11-23 12,0.079,0,55,0,8,271,5
2021-11-23 13,0.077,0,60,0,7,290,7
2021-11-23 14,0.166,0,60,0,8,293,6
2021-11-23 15,0.042,0,60,0,8,298,6
2021-11-23 16,0.076,0,65,0,7,289,6
2021-11-23 17,0.08,5,75,0.1,6,291,5
2021-11-23 18,0.047,0,70,0,6,288,4
2021-11-23 19,0.074,0,70,0,6,278,3
2021-11-23 20,0.074,0,70,0,5,264,4
2021-11-23 21,0.078,0,75,0,6,290,4
2021-11-23 22,0.041,0,75,0,5,283,3
2021-11-23 23,0.078,0,70,0,6,276,4
2021-11-24 00,0.074,0,60,0,7,262,5
2021-11-24 01,0.061,0,60,0,7,253,6
2021-11-24 02,0.057,0,55,0,8,267,6
2021-11-24 03,0.08,0,55,0,8,277,4
2021-11-24 04,0.076,0,55,0,8,252,3
2021-11-24 05,0.042,0,60,0,7,291,3
2021-11-24 06,0.078,0,60,0,6,283,3
2021-11-24 07,0.076,0,60,0,7,288,2
2021-11-24 08,0.051,0,55,0,8,233,3
2021-11-24 09,0.066,0,50,0,10,227,2
2021-11-24 10,0.078,0,45,0,11,232,5
2021-11-24 11,0.067,0,45,0,12,241,4
2021-11-24 12,0.053,0,45,0,13,255,4
2021-11-24 13,0.074,0,45,0,13,268,4
2021-11-24 14,0.077,0,50,0,13,238,5
2021-11-24 15,0.061,0,55,0,12,243,4
2021-11-24 16,0.165,0,50,0,12,262,4
2021-11-24 17,0.061,0,50,0,11,245,4
2021-11-24 18,0.075,0,55,0,11,249,4
2021-11-24 19,0.074,0,55,0,11,244,4
2021-11-24 20,0.049,0,60,0,11,242,4
2021-11-24 21,0.075,0,60,0,10,238,4
2021-11-24 22,0.076,0,60,0,10,232,4
2021-11-24 23,0.075,0,60,0,10,242,4
2021-11-25 00,0.041,0,60,0,11,248,6
2021-11-25 01,0.076,0,60,0,10,250,5
2021-11-25 02,0.079,0,60,0,10,245,4
2021-11-25 03,0.067,0,65,0,10,243,4
2021-11-25 04,0.054,0,70,0,9,226,2
2021-11-25 05,0.077,0,70,0,9,248,2
2021-11-25 06,0.075,0,70,0,9,234,2
2021-11-25 07,0.045,0,70,0,9,235,2
2021-11-25 08,0.073,0,65,0,10,249,2
2021-11-25 09,0.074,0,55,0,13,237,4
2021-11-25 10,0.067,0,55,0,14,246,5
2021-11-25 11,0.057,0,50,0,15,276,5
2021-11-25 12,0.074,0,40,0,16,277,5
2021-11-25 13,0.079,0,40,0,16,287,6
2021-11-25 14,0.058,0,40,0,16,292,6
2021-11-25 15,0.06,0,35,0,16,294,5
2021-11-25 16,0.076,0,35,0,15,282,5
2021-11-25 17,0.08,0,40,0,13,279,4
2021-11-25 18,0.07,0,45,0,12,293,5
2021-11-25 19,0.167,0,55,0,11,293,4
2021-11-25 20,0.041,0,60,0,11,295,4
2021-11-25 21,0.076,0,60,0,10,282,3
2021-11-25 22,0.081,0,60,0,10,302,3
2021-11-25 23,0.07,0,60,0,9,300,4
2021-11-26 00,0.045,0,60,0,9,296,3
2021-11-26 01,0.079,0,65,0,8,302,4
2021-11-26 02,0.073,0,60,0,8,296,5
2021-11-26 03,0.077,0,60,0,8,296,5
2021-11-26 04,0.041,0,60,0,8,301,4
2021-11-26 05,0.078,0,60,0,7,306,5
2021-11-26 06,0.075,0,60,0,7,306,4
2021-11-26 07,0.077,0,55,0,7,303,4
2021-11-26 08,0.044,0,50,0,8,305,5
2021-11-26 09,0.074,0,40,0,10,329,3
2021-11-26 10,0.073,0,40,0,10,0,2
2021-11-26 11,0.065,0,40,0,11,38,1
2021-11-26 12,0.059,0,35,0,12,65,1
2021-11-26 13,0.072,0,25,0,14,281,3
2021-11-26 14,0.077,0,25,0,14,313,4
2021-11-26 15,0.07,0,25,0,13,319,5
2021-11-26 16,0.048,0,25,0,11,332,4
2021-11-26 17,0.08,0,30,0,11,308,3
2021-11-26 18,0.075,0,35,0,10,297,5
2021-11-26 19,0.079,0,40,0,9,290,4
2021-11-26 20,0.046,0,45,0,8,300,4
2021-11-26 21,0.163,0,50,0,8,296,3
2021-11-26 22,0.07,0,55,0,8,288,2
2021-11-26 23,0.075,0,55,0,7,295,1
2021-11-27 00,0.07,0,60,0,7,290,2
2021-11-27 01,0.051,0,60,0,6,291,1
2021-11-27 02,0.073,0,65,0,6,297,2
2021-11-27 03,0.077,0,65,0,6,287,2
2021-11-27 04,0.054,0,60,0,7,290,5
2021-11-27 05,0.063,0,55,0,6,308,5
2021-11-27 06,0.08,0,55,0,6,325,3
2021-11-27 07,0.073,0,60,0,6,320,2
2021-11-27 08,0.043,0,55,0,7,24,2
2021-11-27 09,0.074,0,55,0,8,22,3
2021-11-27 10,0.079,0,50,0,9,33,3
2021-11-27 11,0.052,0,45,0,10,54,3
2021-11-27 12,0.063,0,40,0,11,28,2
2021-11-27 13,0.076,0,35,0,11,77,2
2021-11-27 14,0.079,0,35,0,12,128,1
2021-11-27 15,0.047,0,35,0,12,147,2
2021-11-27 16,0.07,0,40,0,11,146,2
2021-11-27 17,0.08,0,45,0,9,159,2
2021-11-27 18,0.076,0,50,0,8,163,1
2021-11-27 19,0.048,0,50,0,8,348,1
2021-11-27 20,0.07,0,50,0,8,83,1
2021-11-27 21,0.08,0,60,0,7,25,1
2021-11-27 22,0.073,0,60,0,7,53,1
2021-11-27 23,0.046,0,65,0,7,40,1
2021-11-28 00,0.155,0,60,0,6,41,2
2021-11-28 01,0.082,0,60,0,6,47,2
2021-11-28 02,0.075,0,65,0,6,46,3
2021-11-28 03,0.046,0,60,0,6,46,3
2021-11-28 04,0.074,0,55,0,6,49,2
2021-11-28 05,0.074,0,60,0,5,45,3
2021-11-28 06,0.052,0,65,0,5,47,3
2021-11-28 07,0.071,0,60,0,5,59,3
2021-11-28 08,0.074,0,55,0,7,41,3
2021-11-28 09,0.049,0,50,0,9,48,3
2021-11-28 10,0.07,0,45,0,10,45,3
2021-11-28 11,0.076,0,45,0,11,42,2
2021-11-28 12,0.046,0,45,0,13,21,2
2021-11-28 13,0.071,0,40,0,13,21,2
2021-11-28 14,0.079,0,40,0,14,62,1
2021-11-28 15,0.072,0,40,0,14,175,1
2021-11-28 16,0.045,0,50,0,12,195,2
2021-11-28 17,0.079,0,50,0,11,188,2
2021-11-28 18,0.073,0,55,0,10,232,1
2021-11-28 19,0.072,0,60,0,10,359,1
2021-11-28 20,0.051,0,65,0,9,40,0
2021-11-28 21,0.075,0,70,0,9,348,1
2021-11-28 22,0.077,0,65,0,9,357,1
2021-11-28 23,0.058,0,70,0,8,14,2
2021-11-29 00,0.06,0,70,0,7,9,0
2021-11-29 01,0.074,0,75,0,7,353,1
2021-11-29 02,0.089,0,75,0,7,74,1
2021-11-29 03,0.147,0,75,0,6,63,1
2021-11-29 04,0.043,0,75,0,6,67,1
2021-11-29 05,0.075,0,80,0,5,136,0
2021-11-29 06,0.079,0,80,0,6,63,1
2021-11-29 07,0.041,0,80,0,6,65,1
2021-11-29 08,0.078,0,70,0,8,72,1
2021-11-29 09,0.076,0,65,0,9,40,2
2021-11-29 10,0.042,0,60,0,11,64,1
2021-11-29 11,0.075,0,50,0,13,111,1
2021-11-29 12,0.079,0,40,0,14,130,2
2021-11-29 13,0.057,0,40,0,15,117,1
2021-11-29 14,0.061,0,35,0,16,190,2
2021-11-29 15,0.073,0,45,0,15,215,2
2021-11-29 16,0.08,0,50,0,14,178,3
2021-11-29 17,0.054,0,55,0,13,202,3
2021-11-29 18,0.066,0,60,0,12,187,2
2021-11-29 19,0.078,0,65,0,12,222,1
2021-11-29 20,0.073,0,70,0,11,353,1
2021-11-29 21,0.063,0,75,0,11,5,1
2021-11-29 22,0.055,0,75,0,10,21,1
2021-11-29 23,0.079,0,80,0,10,21,1
2021-11-30 00,0.074,0,80,0,10,46,2
2021-11-30 01,0.057,0,80,0,10,50,2
2021-11-30 02,0.06,0,80,0,10,60,2
2021-11-30 03,0.08,0,80,0,10,53,2
2021-11-30 04,0.087,0,85,0,10,59,2
2021-11-30 05,0.15,0,80,0,11,68,2
2021-11-30 06,0.042,1,85,2.2,11,24,1
2021-11-30 07,0.074,1,95,7,12,114,1
2021-11-30 08,0.08,1,95,7.5,13,176,2
2021-11-30 09,0.047,1,95,1.3,13,262,1
2021-11-30 10,0.067,5,90,0.2,14,284,6
2021-11-30 11,0.079,0,85,0,13,269,5
2021-11-30 12,0.073,5,75,0.1,13,250,5
2021-11-30 13,0.051,1,80,0.9,12,246,5
2021-11-30 14,0.069,1,80,0.3,12,263,4
2021-11-30 15,0.078,1,75,1.2,12,299,8
2021-11-30 16,0.073,0,70,0,10,296,7
2021-11-30 17,0.062,0,70,0,10,294,7
2021-11-30 18,0.058,5,70,0.2,8,294,7
2021-11-30 19,0.078,0,55,0,7,296,7
2021-11-30 20,0.076,0,55,0,7,300,8
2021-11-30 21,0.066,0,55,0,6,293,6
2021-11-30 22,0.054,0,60,0,6,302,8
2021-11-30 23,0.074,0,65,0,5,292,8
2021-12-01 00,0.075,0,60,0,5,290,7
2021-12-01 01,0.065,0,60,0,5,297,8
2021-12-01 02,0.057,0,65,0,5,303,8
2021-12-01 03,0.075,0,60,0,5,306,9
2021-12-01 04,0.075,0,60,0,4,304,8
2021-12-01 05,0.046,0,60,0,4,300,6
2021-12-01 06,0.075,0,55,0,4,303,8
2021-12-01 07,0.115,0,55,0,4,302,7
2021-12-01 08,0.128,0,60,0,5,308,7
2021-12-01 09,0.044,0,60,0,5,303,7
2021-12-01 10,0.078,0,65,0,5,298,7
2021-12-01 11,0.07,0,60,0,5,320,7
2021-12-01 12,0.051,0,55,0,5,325,8
2021-12-01 13,0.076,0,50,0,5,311,8
2021-12-01 14,0.062,0,50,0,6,318,6
2021-12-01 15,0.053,0,55,0,5,307,7
2021-12-01 16,0.076,0,55,0,4,313,8
2021-12-01 17,0.055,0,55,0,3,312,5
2021-12-01 18,0.057,0,55,0,3,311,5
2021-12-01 19,0.075,0,55,0,3,306,4
2021-12-01 20,0.041,0,55,0,2,316,5
2021-12-01 21,0.073,0,50,0,2,306,4
2021-12-01 22,0.062,0,50,0,2,294,6
2021-12-01 23,0.049,0,50,0,1,301,5
2021-12-02 00,0.072,0,50,0,1,299,4
2021-12-02 01,0.04,0,50,0,1,292,4
2021-12-02 02,0.076,0,55,0,1,270,3
2021-12-02 03,0.049,0,55,0,1,272,3
2021-12-02 04,0.063,0,60,0,1,275,3
2021-12-02 05,0.06,0,60,0,1,275,3
2021-12-02 06,0.056,0,60,0,2,280,3
2021-12-02 07,0.066,0,60,0,3,280,2
2021-12-02 08,0.141,0,55,0,4,277,2
2021-12-02 09,0.064,0,55,0,5,266,3
2021-12-02 10,0.041,0,45,0,7,299,4
2021-12-02 11,0.068,0,45,0,8,286,4
2021-12-02 12,0.066,0,45,0,8,286,5
2021-12-02 13,0.048,0,45,0,9,294,5
2021-12-02 14,0.071,0,40,0,9,292,5
2021-12-02 15,0.058,0,45,0,9,285,6
2021-12-02 16,0.059,0,50,0,8,284,5
2021-12-02 17,0.074,0,55,0,7,266,4
2021-12-02 18,0.058,0,55,0,7,251,3
2021-12-02 19,0.054,0,55,0,6,251,2
2021-12-02 20,0.071,0,55,0,7,242,4
2021-12-02 21,0.061,0,65,0,6,263,2
2021-12-02 22,0.054,0,65,0,6,259,3
2021-12-02 23,0.072,0,70,0,6,256,3
2021-12-03 00,0.053,0,60,0,8,241,4
2021-12-03 01,0.06,0,65,0,8,241,5
2021-12-03 02,0.071,0,60,0,8,233,5
2021-12-03 03,0.049,0,60,0,8,240,3
2021-12-03 04,0.068,0,60,0,8,248,4
2021-12-03 05,0.07,0,60,0,8,252,4
2021-12-03 06,0.04,0,65,0,8,259,3
2021-12-03 07,0.072,0,70,0,8,245,2
2021-12-03 08,0.064,0,70,0,8,272,2
2021-12-03 09,0.049,0,60,0,10,259,3
2021-12-03 10,0.11,0,50,0,12,278,4
2021-12-03 11,0.118,0,55,0,10,316,5
2021-12-03 12,0.04,0,50,0,11,305,5
2021-12-03 13,0.073,0,50,0,11,302,5
2021-12-03 14,0.07,0,50,0,9,312,6
2021-12-03 15,0.043,0,50,0,9,302,6
2021-12-03 16,0.074,0,50,0,8,294,7
2021-12-03 17,0.072,0,50,0,7,303,6
2021-12-03 18,0.041,0,45,0,6,309,6
2021-12-03 19,0.073,0,50,0,6,306,6
2021-12-03 20,0.072,0,50,0,6,322,7
2021-12-03 21,0.054,0,50,0,5,323,5
2021-12-03 22,0.063,0,50,0,4,326,4
2021-12-03 23,0.072,0,50,0,4,305,4
2021-12-04 00,0.058,0,45,0,4,300,3
2021-12-04 01,0.055,0,45,0,4,297,4
2021-12-04 02,0.072,0,50,0,3,287,3
2021-12-04 03,0.064,0,50,0,3,294,4
2021-12-04 04,0.05,0,50,0,4,283,4
2021-12-04 05,0.072,0,50,0,3,294,4
2021-12-04 06,0.06,0,50,0,3,284,3
2021-12-04 07,0.054,0,45,0,4,274,4
2021-12-04 08,0.071,0,40,0,5,267,4
2021-12-04 09,0.047,0,40,0,7,265,4
2021-12-04 10,0.066,0,40,0,8,271,3
2021-12-04 11,0.072,0,40,0,8,254,3
2021-12-04 12,0.039,0,45,0,9,261,3
2021-12-04 13,0.149,0,45,0,9,270,1
2021-12-04 14,0.08,0,50,0,9,220,2
2021-12-04 15,0.063,0,50,0,10,291,2
2021-12-04 16,0.052,0,55,0,9,343,1
2021-12-04 17,0.072,0,55,0,9,319,2
2021-12-04 18,0.075,0,60,0,8,304,2
2021-12-04 19,0.04,0,60,0,8,296,4
2021-12-04 20,0.071,0,65,0,8,302,4
2021-12-04 21,0.076,0,65,0,7,308,5
2021-12-04 22,0.053,0,65,0,7,327,4
2021-12-04 23,0.06,0,65,0,5,323,2
2021-12-05 00,0.073,0,65,0,6,8,2
2021-12-05 01,0.064,0,65,0,5,359,3
2021-12-05 02,0.049,0,65,0,4,356,3
2021-12-05 03,0.073,0,65,0,5,18,2
2021-12-05 04,0.06,0,70,0,4,10,3
2021-12-05 05,0.052,0,65,0,4,3,3
2021-12-05 06,0.072,0,70,0,3,13,3
2021-12-05 07,0.049,0,65,0,4,29,3
2021-12-05 08,0.062,0,60,0,5,36,3
2021-12-05 09,0.075,0,55,0,6,47,3
2021-12-05 10,0.04,0,55,0,7,43,3
2021-12-05 11,0.067,0,50,0,8,49,3
2021-12-05 12,0.07,0,45,0,10,49,3
2021-12-05 13,0.045,0,50,0,10,59,1
2021-12-05 14,0.071,0,50,0,11,36,2
2021-12-05 15,0.078,0,55,0,11,55,2
2021-12-05 16,0.155,0,55,0,10,56,2
2021-12-05 17,0.039,0,55,0,10,56,2
2021-12-05 18,0.076,0,60,0,10,42,2
2021-12-05 19,0.075,0,60,0,10,27,2
2021-12-05 20,0.036,0,60,0,10,26,2
2021-12-05 21,0.077,0,60,0,9,37,3
2021-12-05 22,0.072,0,60,0,9,49,3
2021-12-05 23,0.05,0,65,0,9,40,3
2021-12-06 00,0.065,0,65,0,9,40,3
2021-12-06 01,0.072,0,65,0,9,54,3
2021-12-06 02,0.066,0,70,0,8,37,3
2021-12-06 03,0.049,0,70,0,8,45,3
2021-12-06 04,0.073,0,70,0,8,44,3
2021-12-06 05,0.069,0,70,0,8,21,2
2021-12-06 06,0.047,0,70,0,8,44,2
2021-12-06 07,0.07,0,75,0,8,38,3
2021-12-06 08,0.073,0,65,0,9,49,3
2021-12-06 09,0.059,0,60,0,10,57,4
2021-12-06 10,0.055,0,55,0,11,41,2
2021-12-06 11,0.072,0,55,0,12,25,2
2021-12-06 12,0.075,0,60,0,13,90,1
2021-12-06 13,0.041,0,60,0,14,351,1
2021-12-06 14,0.071,0,60,0,14,183,0
2021-12-06 15,0.074,0,60,0,14,230,1
2021-12-06 16,0.079,0,60,0,13,219,1
2021-12-06 17,0.044,0,65,0,12,230,1
2021-12-06 18,0.075,0,70,0,11,101,1
2021-12-06 19,0.149,0,70,0,11,147,0
2021-12-06 20,0.081,0,75,0,10,319,1
2021-12-06 21,0.076,0,75,0,9,297,1
2021-12-06 22,0.043,0,80,0,9,347,1
2021-12-06 23,0.076,0,80,0,9,349,1
2021-12-07 00,0.073,0,75,0,8,15,1
2021-12-07 01,0.068,0,75,0,8,351,1
2021-12-07 02,0.049,0,75,0,8,326,1
2021-12-07 03,0.073,0,75,0,9,287,2
2021-12-07 04,0.073,0,75,0,8,297,2
2021-12-07 05,0.054,0,70,0,8,315,1
2021-12-07 06,0.061,0,70,0,7,330,2
2021-12-07 07,0.072,0,70,0,7,334,1
2021-12-07 08,0.076,0,60,0,8,328,1
2021-12-07 09,0.039,0,50,0,10,1,2
2021-12-07 10,0.075,0,40,0,12,358,3
2021-12-07 11,0.074,0,40,0,13,358,3
2021-12-07 12,0.064,0,40,0,14,12,3
2021-12-07 13,0.051,0,40,0,14,24,2
2021-12-07 14,0.073,0,40,0,14,86,2
2021-12-07 15,0.075,0,40,0,14,89,1
2021-12-07 16,0.074,0,45,0,13,259,2
2021-12-07 17,0.047,0,45,0,12,312,3
2021-12-07 18,0.072,0,45,0,12,329,3
2021-12-07 19,0.076,0,45,0,11,12,1
2021-12-07 20,0.076,0,50,0,10,2,3
2021-12-07 21,0.055,0,50,0,10,360,2
2021-12-07 22,0.162,0,50,0,10,26,2
2021-12-07 23,0.059,0,55,0,9,35,3
2021-12-08 00,0.074,0,55,0,9,12,2
2021-12-08 01,0.08,0,60,0,9,11,2
2021-12-08 02,0.043,0,60,0,8,7,3
2021-12-08 03,0.073,0,65,0,8,5,2
2021-12-08 04,0.072,0,65,0,8,25,3
2021-12-08 05,0.071,0,65,0,7,26,3
2021-12-08 06,0.046,0,70,0,7,42,2
2021-12-08 07,0.077,0,70,0,7,37,2
2021-12-08 08,0.075,0,70,0,8,31,3
2021-12-08 09,0.051,0,55,0,10,46,3
2021-12-08 10,0.062,0,55,0,11,53,2
2021-12-08 11,0.073,0,45,0,11,64,4
2021-12-08 12,0.075,0,45,0,12,86,4
2021-12-08 13,0.046,0,40,0,12,57,1
2021-12-08 14,0.072,0,40,0,13,85,1
2021-12-08 15,0.075,0,40,0,13,95,1
2021-12-08 16,0.079,0,45,0,12,139,1
2021-12-08 17,0.04,0,55,0,10,116,1
2021-12-08 18,0.074,0,60,0,10,30,1
2021-12-08 19,0.079,0,60,0,8,9,1
2021-12-08 20,0.075,0,65,0,9,6,1
2021-12-08 21,0.046,0,65,0,7,54,1
2021-12-08 22,0.072,0,70,0,8,59,1
2021-12-08 23,0.075,0,70,0,7,37,2
2021-12-09 00,0.077,0,75,0,7,37,3
2021-12-09 01,0.157,0,70,0,7,43,3
2021-12-09 02,0.04,0,75,0,7,16,3
2021-12-09 03,0.078,0,75,0,7,53,3
2021-12-09 04,0.076,0,75,0,6,40,2
2021-12-09 05,0.04,0,75,0,7,60,3
2021-12-09 06,0.078,0,75,0,6,48,4
2021-12-09 07,0.075,0,75,0,7,55,3
2021-12-09 08,0.047,0,75,0,8,36,3
2021-12-09 09,0.066,0,65,0,10,52,3
2021-12-09 10,0.072,0,60,0,11,49,2
2021-12-09 11,0.068,0,60,0,12,41,2
2021-12-09 12,0.051,0,55,0,12,54,2
2021-12-09 13,0.072,0,55,0,13,34,2
2021-12-09 14,0.075,0,60,0,13,51,3
2021-12-09 15,0.058,0,60,0,13,50,3
2021-12-09 16,0.061,0,65,0,12,66,3
2021-12-09 17,0.075,0,60,0,12,65,4
2021-12-09 18,0.078,0,60,0,12,59,5
2021-12-09 19,0.061,0,65,0,11,52,3
2021-12-09 20,0.054,0,65,0,11,54,3
2021-12-09 21,0.074,0,65,0,11,65,3
2021-12-09 22,0.077,0,65,0,11,60,2
2021-12-09 23,0.07,0,65,0,10,55,2
2021-12-10 00,0.045,0,70,0,9,40,3
2021-12-10 01,0.073,0,75,0,9,51,2
2021-12-10 02,0.076,0,75,0,9,62,2
2021-12-10 03,0.075,0,75,0,9,60,1
2021-12-10 04,0.158,0,80,0,8,42,1
2021-12-10 05,0.046,0,80,0,8,61,1
2021-12-10 06,0.077,0,80,0,8,60,2
2021-12-10 07,0.076,0,80,0,9,81,1
2021-12-10 08,0.045,0,75,0,10,51,1
2021-12-10 09,0.07,0,70,0,11,60,1
2021-12-10 10,0.075,0,70,0,12,44,1
2021-12-10 11,0.079,0,60,0,13,268,1
2021-12-10 12,0.042,0,65,0,14,226,3
2021-12-10 13,0.071,0,55,0,16,248,3
2021-12-10 14,0.08,0,55,0,16,241,2
2021-12-10 15,0.074,0,55,0,16,266,3
2021-12-10 16,0.066,0,55,0,14,279,3
2021-12-10 17,0.054,0,55,0,13,293,3
2021-12-10 18,0.078,0,60,0,12,304,3
2021-12-10 19,0.076,0,60,0,12,307,5
2021-12-10 20,0.075,0,60,0,12,308,6
2021-12-10 21,0.066,0,65,0,11,309,5
2021-12-10 22,0.052,0,65,0,10,310,4
2021-12-10 23,0.08,0,70,0,10,305,4
2021-12-11 00,0.075,0,70,0,9,312,3
2021-12-11 01,0.08,0,70,0,9,304,3
2021-12-11 02,0.057,0,70,0,9,293,1
2021-12-11 03,0.06,0,75,0,8,303,1
2021-12-11 04,0.079,0,75,0,8,332,1
2021-12-11 05,0.113,0,80,0,8,20,1
2021-12-11 06,0.125,0,80,0,7,331,0
2021-12-11 07,0.048,0,80,0,7,6,1
2021-12-11 08,0.068,0,75,0,8,10,1
2021-12-11 09,0.08,0,70,0,10,24,2
2021-12-11 10,0.076,0,60,0,11,26,2
2021-12-11 11,0.052,0,60,0,12,35,1
2021-12-11 12,0.067,0,55,0,12,16,1
2021-12-11 13,0.076,0,55,0,13,229,0
2021-12-11 14,0.073,0,50,0,14,240,2
2021-12-11 15,0.072,0,50,0,14,201,2
2021-12-11 16,0.051,0,55,0,12,233,1
2021-12-11 17,0.077,0,60,0,11,259,3
2021-12-11 18,0.073,0,60,0,11,293,3
2021-12-11 19,0.08,0,60,0,11,301,5
2021-12-11 20,0.071,0,65,0,10,302,3
2021-12-11 21,0.051,0,65,0,10,293,3
2021-12-11 22,0.072,0,65,0,10,266,2
2021-12-11 23,0.074,0,65,0,9,286,4
2021-12-12 00,0.081,0,65,0,10,311,5
2021-12-12 01,0.063,0,65,0,9,301,5
2021-12-12 02,0.057,0,65,0,9,303,6
2021-12-12 03,0.076,0,65,0,9,302,5
2021-12-12 04,0.073,0,65,0,9,301,5
2021-12-12 05,0.08,0,60,0,9,294,5
2021-12-12 06,0.044,0,60,0,9,317,3
2021-12-12 07,0.165,0,65,0,9,303,5
2021-12-12 08,0.07,0,60,0,9,302,4
2021-12-12 09,0.074,0,55,0,10,308,5
2021-12-12 10,0.074,0,50,0,10,311,6
2021-12-12 11,0.045,0,50,0,11,304,5
2021-12-12 12,0.078,0,50,0,12,303,6
2021-12-12 13,0.074,0,50,0,12,317,5
2021-12-12 14,0.079,0,45,0,11,314,8
2021-12-12 15,0.053,0,40,0,10,298,8
2021-12-12 16,0.065,0,45,0,8,298,8
2021-12-12 17,0.075,0,45,0,7,304,6
2021-12-12 18,0.079,0,45,0,5,310,6
2021-12-12 19,0.07,0,50,0,4,302,7
2021-12-12 20,0.048,0,50,0,3,301,6
2021-12-12 21,0.074,0,45,0,3,302,7
2021-12-12 22,0.074,0,50,0,2,307,7
2021-12-12 23,0.065,0,50,0,2,313,6
2021-12-13 00,0.057,0,55,0,1,315,6
2021-12-13 01,0.077,0,50,0,1,315,7
2021-12-13 02,0.068,0,55,0,0,312,8
2021-12-13 03,0.051,0,50,0,0,311,8
2021-12-13 04,0.075,0,50,0,0,312,7
2021-12-13 05,0.048,0,55,0,-0.9,311,5
2021-12-13 06,0.074,0,55,0,-0.9,316,4
2021-12-13 07,0.047,0,50,0,-0.9,306,5
2021-12-13 08,0.145,0,45,0,0,310,5
2021-12-13 09,0.087,0,35,0,1,313,5
2021-12-13 10,0.042,0,30,0,3,305,5
2021-12-13 11,0.079,0,25,0,4,309,5
2021-12-13 12,0.045,0,25,0,6,294,4
2021-12-13 13,0.08,0,20,0,7,305,3
2021-12-13 14,0.047,0,20,0,7,291,4
2021-12-13 15,0.072,0,20,0,7,293,4
2021-12-13 16,0.071,0,20,0,6,299,4
2021-12-13 17,0.047,0,25,0,5,300,5
2021-12-13 18,0.079,0,30,0,3,309,6
2021-12-13 19,0.053,0,35,0,2,301,5
2021-12-13 20,0.063,0,40,0,2,308,4
2021-12-13 21,0.069,0,40,0,1,310,4
2021-12-13 22,0.051,0,35,0,1,307,4
2021-12-13 23,0.077,0,35,0,1,314,4
2021-12-14 00,0.042,0,40,0,1,313,3
2021-12-14 01,0.079,0,45,0,0,304,4
2021-12-14 02,0.044,0,50,0,0,313,2
2021-12-14 03,0.076,0,50,0,0,317,3
2021-12-14 04,0.045,0,55,0,0,309,2
2021-12-14 05,0.079,0,55,0,0,352,1
2021-12-14 06,0.048,0,65,0,0,312,2
2021-12-14 07,0.078,0,65,0,0,355,1
2021-12-14 08,0.144,0,60,0,2,270,0
2021-12-14 09,0.063,0,55,0,3,41,2
2021-12-14 10,0.048,0,55,0,4,120,1
2021-12-14 11,0.076,0,50,0,7,242,1
2021-12-14 12,0.058,0,45,0,9,280,4
2021-12-14 13,0.064,0,40,0,9,295,4
2021-12-14 14,0.072,0,40,0,10,278,4
2021-12-14 15,0.047,0,40,0,10,287,4
2021-12-14 16,0.075,0,45,0,8,274,3
2021-12-14 17,0.073,0,50,0,8,256,3
2021-12-14 18,0.047,0,50,0,8,264,3
2021-12-14 19,0.074,0,55,0,7,263,3
2021-12-14 20,0.073,0,60,0,7,260,4
2021-12-14 21,0.046,0,65,0,6,257,2
2021-12-14 22,0.074,0,65,0,6,260,2
2021-12-14 23,0.059,0,70,0,5,274,1
2021-12-15 00,0.057,0,70,0,5,248,0
2021-12-15 01,0.077,0,70,0,4,300,1
2021-12-15 02,0.044,0,75,0,4,346,1
2021-12-15 03,0.071,0,80,0,4,324,1
2021-12-15 04,0.075,0,75,0,4,344,0
2021-12-15 05,0.047,0,75,0,4,115,1
2021-12-15 06,0.073,0,80,0,5,336,1
2021-12-15 07,0.045,0,80,0,5,343,1
2021-12-15 08,0.068,0,75,0,7,3,1
2021-12-15 09,0.067,0,65,0,9,308,1
2021-12-15 10,0.142,0,65,0,10,348,2
2021-12-15 11,0.056,0,60,0,11,323,1
2021-12-15 12,0.071,0,60,0,12,245,1
2021-12-15 13,0.041,0,60,0,13,252,3
2021-12-15 14,0.074,0,55,0,14,237,3
2021-12-15 15,0.078,0,60,0,13,241,1
2021-12-15 16,0.036,0,60,0,12,220,2
2021-12-15 17,0.078,0,65,0,11,237,2
2021-12-15 18,0.071,0,70,0,10,212,1
2021-12-15 19,0.051,0,75,0,9,165,1
2021-12-15 20,0.066,0,80,0,8,242,1
2021-12-15 21,0.071,0,80,0,8,292,0
2021-12-15 22,0.065,0,85,0,8,119,1
2021-12-15 23,0.049,0,85,0,7,305,1
2021-12-16 00,0.071,0,85,0,7,306,1
2021-12-16 01,0.075,0,85,0,7,5,1
2021-12-16 02,0.039,0,85,0,7,57,1
2021-12-16 03,0.076,0,85,0,7,17,0
2021-12-16 04,0.071,5,85,0.1,7,196,1
2021-12-16 05,0.047,5,80,0.1,8,3,1
2021-12-16 06,0.07,1,75,0.3,8,285,2
2021-12-16 07,0.072,1,80,1,9,338,2
2021-12-16 08,0.055,1,85,1,8,57,1
2021-12-16 09,0.058,1,90,1.2,9,96,1
2021-12-16 10,0.071,5,85,0.2,9,38,1
2021-12-16 11,0.069,5,85,0.2,9,4,1
2021-12-16 12,0.048,0,85,0,9,29,1
2021-12-16 13,0.144,5,85,0.2,10,300,1
2021-12-16 14,0.086,5,80,0.2,10,245,2
2021-12-16 15,0.073,0,80,0,10,262,2
2021-12-16 16,0.042,0,80,0,10,268,3
2021-12-16 17,0.074,0,75,0,10,284,3
2021-12-16 18,0.072,0,75,0,10,284,3
2021-12-16 19,0.068,0,70,0,10,295,4
2021-12-16 20,0.046,0,70,0,9,287,3
2021-12-16 21,0.076,0,70,0,9,285,4
2021-12-16 22,0.074,0,60,0,9,300,4
2021-12-16 23,0.063,0,50,0,8,291,5
2021-12-17 00,0.051,0,50,0,8,294,6
2021-12-17 01,0.072,0,60,0,8,288,3
2021-12-17 02,0.073,0,65,0,8,301,6
2021-12-17 03,0.056,0,60,0,8,310,7
2021-12-17 04,0.058,0,55,0,7,310,7
2021-12-17 05,0.075,0,55,0,6,299,7
2021-12-17 06,0.073,0,50,0,5,303,8
2021-12-17 07,0.039,0,50,0,4,304,9
2021-12-17 08,0.072,0,55,0,3,298,8
2021-12-17 09,0.073,0,55,0,3,304,8
2021-12-17 10,0.053,0,50,0,3,302,9
2021-12-17 11,0.064,0,65,0,1,307,8
2021-12-17 12,0.07,0,60,0,1,324,7
2021-12-17 13,0.056,0,60,0,1,316,6
2021-12-17 14,0.055,7,70,0.1,0,302,7
2021-12-17 15,0.105,0,65,0,0,306,7
2021-12-17 16,0.127,0,60,0,0,316,8
2021-12-17 17,0.039,0,55,0,-0.9,303,7
2021-12-17 18,0.078,0,65,0,-0.9,297,6
2021-12-17 19,0.038,0,65,0,-0.9,311,6
2021-12-17 20,0.078,0,65,0,-1.9,304,5
2021-12-17 21,0.039,0,65,0,-2.9,334,5
2021-12-17 22,0.075,0,55,0,-2.9,308,5
2021-12-17 23,0.041,0,55,0,-3.9,320,7
2021-12-18 00,0.07,0,55,0,-3.9,313,6
2021-12-18 01,0.052,0,50,0,-3.9,313,8
2021-12-18 02,0.045,0,50,0,-3.9,304,6
2021-12-18 03,0.078,0,45,0,-4.9,305,9
2021-12-18 04,0.038,0,45,0,-4.9,303,8
2021-12-18 05,0.071,0,40,0,-4.9,318,5
2021-12-18 06,0.049,0,40,0,-4.9,302,6
2021-12-18 07,0.042,0,35,0,-4.9,304,5
2021-12-18 08,0.077,0,30,0,-3.9,296,5
2021-12-18 09,0.039,0,30,0,-1.9,299,6
2021-12-18 10,0.07,0,25,0,-0.9,317,5
2021-12-18 11,0.054,0,20,0,0,315,6
2021-12-18 12,0.037,0,25,0,2,305,6
2021-12-18 13,0.088,0,35,0,3,303,6
2021-12-18 14,0.125,0,40,0,3,304,6
2021-12-18 15,0.043,0,40,0,3,305,4
2021-12-18 16,0.045,0,45,0,2,297,4
2021-12-18 17,0.07,0,55,0,2,281,3
2021-12-18 18,0.036,0,55,0,2,279,2
2021-12-18 19,0.075,0,55,0,2,256,2
2021-12-18 20,0.036,0,60,0,2,236,3
2021-12-18 21,0.076,0,65,0,3,243,3
2021-12-18 22,0.036,0,65,0,3,246,3
2021-12-18 23,0.074,7,65,0.1,3,248,4
2021-12-19 00,0.036,6,70,0.1,3,246,6
2021-12-19 01,0.069,6,75,0.1,3,248,6
2021-12-19 02,0.044,0,75,0,3,242,6
2021-12-19 03,0.059,0,70,0,3,260,5
2021-12-19 04,0.056,0,70,0,3,271,4
2021-12-19 05,0.043,0,60,0,3,267,4
2021-12-19 06,0.067,0,55,0,4,282,5
2021-12-19 07,0.04,0,60,0,4,304,7
2021-12-19 08,0.069,0,65,0,4,306,5
2021-12-19 09,0.037,0,60,0,5,300,5
2021-12-19 10,0.072,0,50,0,6,323,4
2021-12-19 11,0.04,0,45,0,6,319,6
2021-12-19 12,0.07,0,40,0,7,325,5
2021-12-19 13,0.042,0,40,0,7,331,6
2021-12-19 14,0.146,0,40,0,7,322,4
2021-12-19 15,0.072,0,40,0,7,322,5
2021-12-19 16,0.037,0,45,0,6,306,5
2021-12-19 17,0.071,0,45,0,5,300,3
2021-12-19 18,0.047,0,50,0,4,302,3
2021-12-19 19,0.064,0,50,0,4,298,3
2021-12-19 20,0.062,0,55,0,3,289,1
2021-12-19 21,0.046,0,55,0,3,268,2
2021-12-19 22,0.071,0,60,0,3,293,2
2021-12-19 23,0.039,0,65,0,3,263,2
2021-12-20 00,0.073,0,65,0,3,258,2
2021-12-20 01,0.034,0,65,0,3,268,2
2021-12-20 02,0.072,0,65,0,3,258,1
2021-12-20 03,0.043,0,65,0,4,262,1
2021-12-20 04,0.07,0,70,0,3,331,1
2021-12-20 05,0.037,0,70,0,3,10,0
2021-12-20 06,0.069,0,70,0,3,100,1
2021-12-20 07,0.04,0,75,0,2,310,1
2021-12-20 08,0.073,0,70,0,4,349,0
2021-12-20 09,0.04,0,70,0,6,307,1
2021-12-20 10,0.067,0,60,0,8,233,1
2021-12-20 11,0.042,0,55,0,10,235,3
2021-12-20 12,0.07,0,50,0,11,238,3
2021-12-20 13,0.049,0,50,0,12,250,3
2021-12-20 14,0.056,0,45,0,12,240,4
2021-12-20 15,0.087,0,45,0,12,245,4
2021-12-20 16,0.136,0,50,0,11,239,4
2021-12-20 17,0.04,0,50,0,11,247,4
2021-12-20 18,0.073,0,50,0,11,246,4
2021-12-20 19,0.048,0,55,0,10,249,4
2021-12-20 20,0.064,0,55,0,10,243,3
2021-12-20 21,0.071,0,60,0,9,250,2
2021-12-20 22,0.04,0,65,0,8,248,2
2021-12-20 23,0.07,0,65,0,8,260,2
2021-12-21 00,0.07,0,65,0,8,238,1
2021-12-21 01,0.037,0,75,0,7,311,1
2021-12-21 02,0.07,0,75,0,6,186,0
2021-12-21 03,0.05,0,80,0,6,88,0
2021-12-21 04,0.062,0,85,0,5,294,0
2021-12-21 05,0.071,0,85,0,6,195,1
2021-12-21 06,0.04,0,85,0,6,233,1
2021-12-21 07,0.071,0,80,0,6,187,0
2021-12-21 08,0.036,0,75,0,8,205,1
2021-12-21 09,0.069,0,75,0,9,213,1
2021-12-21 10,0.063,0,65,0,12,236,3
2021-12-21 11,0.048,0,55,0,13,242,4
2021-12-21 12,0.072,0,50,0,14,261,4
2021-12-21 13,0.044,0,45,0,15,258,3
2021-12-21 14,0.068,0,40,0,15,273,4
2021-12-21 15,0.072,0,35,0,14,268,4
2021-12-21 16,0.049,0,40,0,13,288,4
2021-12-21 17,0.062,0,45,0,11,284,3
2021-12-21 18,0.147,0,50,0,11,295,4
2021-12-21 19,0.081,0,55,0,10,297,3
2021-12-21 20,0.044,0,55,0,10,311,3
2021-12-21 21,0.068,0,55,0,9,304,4
2021-12-21 22,0.07,0,60,0,8,298,3
2021-12-21 23,0.06,0,65,0,8,309,2
2021-12-22 00,0.052,0,60,0,7,321,2
2021-12-22 01,0.072,0,65,0,7,292,1
2021-12-22 02,0.073,0,65,0,6,307,2
2021-12-22 03,0.039,0,65,0,6,347,1
2021-12-22 04,0.075,0,70,0,5,292,1
2021-12-22 05,0.073,0,70,0,5,1,1
2021-12-22 06,0.039,0,65,0,4,39,0
2021-12-22 07,0.075,0,65,0,4,310,1
2021-12-22 08,0.073,0,65,0,6,32,1
2021-12-22 09,0.04,0,55,0,8,32,1
2021-12-22 10,0.068,0,45,0,9,38,2
2021-12-22 11,0.072,0,40,0,10,71,1
2021-12-22 12,0.045,0,35,0,12,108,1
2021-12-22 13,0.068,0,35,0,13,92,1
2021-12-22 14,0.073,0,25,0,14,258,1
2021-12-22 15,0.059,0,30,0,13,264,1
2021-12-22 16,0.057,0,30,0,12,297,2
2021-12-22 17,0.072,0,35,0,10,293,3
2021-12-22 18,0.073,0,45,0,8,288,1
2021-12-22 19,0.053,0,50,0,8,333,0
2021-12-22 20,0.064,0,55,0,8,45,1
2021-12-22 21,0.072,0,50,0,7,19,2
2021-12-22 22,0.075,0,50,0,6,95,1
2021-12-22 23,0.158,0,50,0,7,88,1
2021-12-23 00,0.039,0,55,0,6,355,1
2021-12-23 01,0.073,0,60,0,4,161,1
2021-12-23 02,0.066,0,55,0,5,31,1
2021-12-23 03,0.048,0,55,0,4,42,1
2021-12-23 04,0.072,0,50,0,5,32,1
2021-12-23 05,0.076,0,50,0,4,51,1
2021-12-23 06,0.039,0,55,0,4,40,1
2021-12-23 07,0.072,0,55,0,3,96,0
2021-12-23 08,0.06,0,50,0,5,76,1
2021-12-23 09,0.052,0,45,0,6,37,2
2021-12-23 10,0.074,0,40,0,8,71,1
2021-12-23 11,0.044,0,40,0,10,64,1
2021-12-23 12,0.067,0,30,0,11,135,1
2021-12-23 13,0.071,0,25,0,13,295,1
2021-12-23 14,0.057,0,25,0,14,338,0
2021-12-23 15,0.06,0,20,0,13,238,1
2021-12-23 16,0.072,0,30,0,11,191,1
2021-12-23 17,0.078,0,40,0,10,102,1
2021-12-23 18,0.039,0,50,0,9,119,0
2021-12-23 19,0.072,0,55,0,8,80,1
2021-12-23 20,0.078,0,55,0,7,53,1
2021-12-23 21,0.057,0,55,0,7,51,2
2021-12-23 22,0.059,0,50,0,6,41,3
2021-12-23 23,0.071,0,50,0,6,48,2
2021-12-24 00,0.075,0,50,0,6,42,3
2021-12-24 01,0.041,0,55,0,5,35,3
2021-12-24 02,0.148,0,45,0,5,56,2
2021-12-24 03,0.083,0,55,0,5,54,3
2021-12-24 04,0.05,0,55,0,4,40,2
2021-12-24 05,0.062,0,55,0,4,50,3
2021-12-24 06,0.073,0,60,0,4,49,3
2021-12-24 07,0.041,0,55,0,4,53,2
2021-12-24 08,0.072,0,60,0,5,56,3
2021-12-24 09,0.063,0,50,0,7,46,2
2021-12-24 10,0.05,0,45,0,8,52,3
2021-12-24 11,0.077,0,45,0,8,23,1
2021-12-24 12,0.042,0,45,0,9,21,1
2021-12-24 13,0.069,0,35,0,10,317,3
2021-12-24 14,0.072,0,35,0,10,303,4
2021-12-24 15,0.053,0,35,0,11,308,4
2021-12-24 16,0.061,0,40,0,10,314,5
2021-12-24 17,0.072,0,50,0,9,303,8
2021-12-24 18,0.073,0,60,0,8,299,7
2021-12-24 19,0.041,0,65,0,6,305,5
2021-12-24 20,0.077,0,65,0,6,304,6
2021-12-24 21,0.074,0,60,0,5,301,6
2021-12-24 22,0.043,0,60,0,3,300,7
2021-12-24 23,0.065,0,60,0,2,297,7
2021-12-25 00,0.076,0,55,0,1,295,6
2021-12-25 01,0.046,0,55,0,0,298,6
2021-12-25 02,0.069,0,45,0,0,308,7
2021-12-25 03,0.063,0,50,0,-0.9,308,7
2021-12-25 04,0.142,0,55,0,-1.9,316,9
2021-12-25 05,0.068,0,55,0,-1.9,311,8
2021-12-25 06,0.04,0,55,0,-2.9,311,7
2021-12-25 07,0.078,0,55,0,-3.9,307,8
2021-12-25 08,0.041,0,50,0,-2.9,304,8
2021-12-25 09,0.067,0,45,0,-2.9,305,9
2021-12-25 10,0.052,0,45,0,-1.9,311,8
2021-12-25 11,0.049,0,40,0,-0.9,308,8
2021-12-25 12,0.068,0,35,0,-0.9,308,8
2021-12-25 13,0.039,0,30,0,-0.9,305,7
2021-12-25 14,0.077,0,30,0,-0.9,310,9
2021-12-25 15,0.037,0,30,0,-1.9,311,10
2021-12-25 16,0.065,0,35,0,-2.9,308,8
2021-12-25 17,0.059,0,30,0,-3.9,300,7
2021-12-25 18,0.038,0,35,0,-3.9,317,6
2021-12-25 19,0.082,0,45,0,-4.9,317,9
2021-12-25 20,0.039,0,45,0,-4.9,321,6
2021-12-25 21,0.059,0,50,0,-4.9,313,5
2021-12-25 22,0.061,0,50,0,-5.9,317,6
2021-12-25 23,0.037,0,50,0,-5.9,307,6
2021-12-26 00,0.067,0,45,0,-5.9,319,7
2021-12-26 01,0.13,0,50,0,-5.9,314,6
2021-12-26 02,0.078,0,50,0,-6.9,330,4
2021-12-26 03,0.048,0,55,0,-6.9,305,6
2021-12-26 04,0.043,0,55,0,-6.9,307,7
2021-12-26 05,0.067,0,55,0,-6.9,304,7
2021-12-26 06,0.061,0,55,0,-7.9,305,6
2021-12-26 07,0.032,0,55,0,-7.9,306,6
2021-12-26 08,0.055,0,50,0,-6.9,312,6
2021-12-26 09,0.047,0,45,0,-5.9,313,8
2021-12-26 10,0.068,0,40,0,-4.9,314,8
2021-12-26 11,0.038,0,35,0,-2.9,317,8
2021-12-26 12,0.088,0,30,0,-1.9,312,9
2021-12-26 13,0.084,0,30,0,-0.9,313,7
2021-12-26 14,0.116,0,30,0,-0.9,316,4
2021-12-26 15,0.152,0,35,0,-0.9,319,3
2021-12-26 16,0.122,0,35,0,-1.9,318,5
2021-12-26 17,0.108,0,40,0,-2.9,328,4
2021-12-26 18,0.155,0,40,0,-2.9,329,4
2021-12-26 19,0.113,0,45,0,-3.9,313,4
2021-12-26 20,0.111,0,45,0,-3.9,302,4
2021-12-26 21,0.154,0,45,0,-3.9,305,5
2021-12-26 22,0.114,0,45,0,-4.9,297,3
2021-12-26 23,0.12,0,50,0,-4.9,295,4
2021-12-27 00,0.162,0,50,0,-4.9,263,3
2021-12-27 01,0.198,0,50,0,-4.9,277,5
2021-12-27 02,0.134,0,50,0,-4.9,285,5
2021-12-27 03,0.114,0,55,0,-4.9,278,4
2021-12-27 04,0.118,0,55,0,-4.9,278,4
2021-12-27 05,0.156,0,55,0,-4.9,264,3
2021-12-27 06,0.116,0,60,0,-4.9,277,5
2021-12-27 07,0.11,0,55,0,-3.9,280,4
2021-12-27 08,0.152,0,55,0,-2.9,285,4
2021-12-27 09,0.116,0,45,0,-1.9,304,6
2021-12-27 10,0.11,0,45,0,0,297,7
2021-12-27 11,0.149,0,40,0,1,300,8
2021-12-27 12,0.118,0,35,0,2,305,8
2021-12-27 13,0.116,0,40,0,3,308,7
2021-12-27 14,0.152,0,35,0,3,308,6
2021-12-27 15,0.109,0,35,0,4,312,6
2021-12-27 16,0.128,0,45,0,3,320,5
2021-12-27 17,0.136,0,50,0,2,297,4
2021-12-27 18,0.11,0,55,0,2,296,5
2021-12-27 19,0.147,0,60,0,2,299,4
2021-12-27 20,0.114,0,60,0,2,292,4
2021-12-27 21,0.149,0,65,0,2,278,3
2021-12-27 22,0.113,0,65,0,2,260,3
2021-12-27 23,0.125,0,65,0,2,268,3
2021-12-28 00,0.135,0,65,0,2,259,3
2021-12-28 01,0.112,0,65,0,2,269,4
2021-12-28 02,0.15,0,65,0,2,268,3
2021-12-28 03,0.112,0,65,0,2,266,3
2021-12-28 04,0.184,0,65,0,3,265,4
2021-12-28 05,0.177,0,60,0,3,262,3
2021-12-28 06,0.118,0,65,0,3,259,4
2021-12-28 07,0.13,0,60,0,3,251,3
2021-12-28 08,0.127,0,55,0,4,275,3
2021-12-28 09,0.117,0,50,0,5,267,3
2021-12-28 10,0.146,0,50,0,6,253,4
2021-12-28 11,0.109,0,50,0,7,254,4
2021-12-28 12,0.149,0,45,0,8,255,4
2021-12-28 13,0.117,0,40,0,8,240,5
2021-12-28 14,0.142,0,45,0,8,281,4
2021-12-28 15,0.118,0,40,0,8,254,5
2021-12-28 16,0.137,0,50,0,6,272,5
2021-12-28 17,0.136,0,50,0,5,290,3
2021-12-28 18,0.125,0,50,0,5,277,3
2021-12-28 19,0.147,0,50,0,5,272,3
2021-12-28 20,0.111,0,50,0,5,274,2
2021-12-28 21,0.147,0,55,0,4,273,2
2021-12-28 22,0.118,0,60,0,4,299,1
2021-12-28 23,0.141,0,60,0,4,258,2
2021-12-29 00,0.083,0,65,0,3,306,2
2021-12-29 01,0.059,0,65,0,3,246,1
2021-12-29 02,0.054,0,70,0,3,202,1
2021-12-29 03,0.05,0,65,0,3,259,1
2021-12-29 04,0.065,0,70,0,4,225,2
2021-12-29 05,0.045,0,65,0,4,245,2
2021-12-29 06,0.068,0,70,0,4,224,1
2021-12-29 07,0.136,0,75,0,4,191,1
2021-12-29 08,0.052,0,70,0,5,232,1
2021-12-29 09,0.04,0,65,0,6,233,2
2021-12-29 10,0.07,0,55,0,8,272,4
2021-12-29 11,0.04,0,50,0,9,268,4
2021-12-29 12,0.067,0,45,0,10,258,6
2021-12-29 13,0.06,0,40,0,10,296,7
2021-12-29 14,0.048,0,40,0,10,287,6
2021-12-29 15,0.071,0,45,0,9,292,6
2021-12-29 16,0.04,0,45,0,8,275,4
2021-12-29 17,0.071,0,50,0,8,276,5
2021-12-29 18,0.065,0,50,0,7,277,6
2021-12-29 19,0.04,0,55,0,7,275,6
2021-12-29 20,0.072,0,50,0,6,293,5
2021-12-29 21,0.066,0,55,0,5,271,5
2021-12-29 22,0.042,0,55,0,5,277,5
2021-12-29 23,0.071,0,50,0,5,291,6
2021-12-30 00,0.051,0,45,0,4,299,7
2021-12-30 01,0.058,0,50,0,4,303,8
2021-12-30 02,0.071,0,50,0,3,299,7
2021-12-30 03,0.037,0,50,0,3,296,7
2021-12-30 04,0.071,0,50,0,3,299,6
2021-12-30 05,0.048,0,50,0,2,293,5
2021-12-30 06,0.06,0,55,0,2,310,7
2021-12-30 07,0.065,0,55,0,1,307,8
2021-12-30 08,0.042,0,40,0,1,317,7
2021-12-30 09,0.074,0,30,0,1,312,7
2021-12-30 10,0.129,0,35,0,2,311,7
2021-12-30 11,0.058,0,35,0,3,310,6
2021-12-30 12,0.039,0,35,0,5,295,6
2021-12-30 13,0.07,0,35,0,5,293,8
2021-12-30 14,0.037,0,40,0,5,284,8
2021-12-30 15,0.071,0,45,0,5,289,6
2021-12-30 16,0.052,7,55,0.1,4,304,6
2021-12-30 17,0.058,0,55,0,4,285,5
2021-12-30 18,0.066,0,55,0,4,303,5
2021-12-30 19,0.041,0,60,0,3,305,6
2021-12-30 20,0.068,0,70,0,2,307,5
2021-12-30 21,0.038,0,70,0,2,299,5
2021-12-30 22,0.07,0,55,0,1,305,7
2021-12-30 23,0.046,0,55,0,1,301,6
2021-12-31 00,0.061,0,60,0,0,309,5
2021-12-31 01,0.052,0,55,0,0,301,7
2021-12-31 02,0.057,0,60,0,0,328,6
2021-12-31 03,0.046,0,55,0,-0.9,311,6
2021-12-31 04,0.067,0,55,0,-1.9,316,7
2021-12-31 05,0.037,0,50,0,-1.9,296,6
2021-12-31 06,0.072,0,50,0,-1.9,297,6
2021-12-31 07,0.043,0,50,0,-1.9,295,6
2021-12-31 08,0.065,0,50,0,-1.9,297,6
2021-12-31 09,0.045,0,50,0,-0.9,304,6
2021-12-31 10,0.047,0,45,0,1,310,9
2021-12-31 11,0.126,0,40,0,1,313,8
2021-12-31 12,0.086,0,35,0,2,310,7
2021-12-31 13,0.032,0,35,0,3,304,8
2021-12-31 14,0.058,0,30,0,3,307,7
2021-12-31 15,0.052,0,30,0,2,304,7
2021-12-31 16,0.044,0,40,0,1,296,6
2021-12-31 17,0.068,0,40,0,0,296,6
2021-12-31 18,0.037,0,45,0,-0.9,313,7
2021-12-31 19,0.072,0,45,0,-0.9,308,7
2021-12-31 20,0.039,0,45,0,-1.9,305,6
2021-12-31 21,0.074,0,45,0,-1.9,304,5
2021-12-31 22,0.034,0,45,0,-1.9,304,5
2021-12-31 23,0.064,0,40,0,-1.9,307,5
2022-01-01 00,0.05,0,40,0,-2.9,304,5
2022-01-01 01,0.041,0,40,0,-2.9,290,4
2022-01-01 02,0.072,0,35,0,-2.9,303,5
2022-01-01 03,0.04,0,30,0,-2.9,313,2
2022-01-01 04,0.054,0,35,0,-2.9,318,2
2022-01-01 05,0.059,0,35,0,-2.9,322,3
2022-01-01 06,0.038,0,35,0,-2.9,353,2
2022-01-01 07,0.071,0,35,0,-2.9,358,2
2022-01-01 08,0.042,0,35,0,-1.9,12,2
2022-01-01 09,0.038,0,30,0,0,327,2
2022-01-01 10,0.093,0,30,0,1,56,1
2022-01-01 11,0.115,0,30,0,2,44,0
2022-01-01 12,0.057,0,30,0,4,169,1
2022-01-01 13,0.037,0,25,0,5,99,1
2022-01-01 14,0.066,0,20,0,6,180,1
2022-01-01 15,0.044,0,20,0,6,169,1
2022-01-01 16,0.052,0,30,0,4,145,2
2022-01-01 17,0.053,0,35,0,3,152,1
2022-01-01 18,0.054,0,35,0,2,117,1
2022-01-01 19,0.054,0,40,0,1,51,1
2022-01-01 20,0.054,0,45,0,2,4,1
2022-01-01 21,0.059,0,45,0,2,327,1
2022-01-01 22,0.04,0,55,0,1,337,1
2022-01-01 23,0.065,0,55,0,1,316,1
2022-01-02 00,0.038,0,55,0,1,335,0
2022-01-02 01,0.075,0,55,0,0,251,0
2022-01-02 02,0.033,0,60,0,0,289,0
2022-01-02 03,0.073,0,55,0,0,266,2
2022-01-02 04,0.04,0,50,0,0,282,2
2022-01-02 05,0.05,0,45,0,0,283,2
2022-01-02 06,0.06,0,50,0,0,231,1
2022-01-02 07,0.04,0,45,0,0,289,1
2022-01-02 08,0.07,0,45,0,2,232,1
2022-01-02 09,0.041,0,40,0,4,204,1
2022-01-02 10,0.06,0,40,0,7,218,1
2022-01-02 11,0.049,0,45,0,8,248,3
2022-01-02 12,0.04,0,50,0,9,296,5
2022-01-02 13,0.136,0,50,0,8,312,5
2022-01-02 14,0.074,0,45,0,8,318,6
2022-01-02 15,0.034,0,45,0,7,324,4
2022-01-02 16,0.073,0,50,0,6,306,5
2022-01-02 17,0.035,0,55,0,5,307,5
2022-01-02 18,0.071,0,50,0,4,303,5
2022-01-02 19,0.035,0,50,0,4,307,5
2022-01-02 20,0.067,0,50,0,4,317,5
2022-01-02 21,0.049,0,55,0,3,289,4
2022-01-02 22,0.058,0,60,0,2,295,4
2022-01-02 23,0.053,0,60,0,2,300,3
2022-01-03 00,0.056,0,60,0,1,300,3
2022-01-03 01,0.045,0,60,0,1,305,3
2022-01-03 02,0.064,0,60,0,1,304,2
2022-01-03 03,0.033,0,60,0,0,301,4
2022-01-03 04,0.074,0,55,0,0,310,2
2022-01-03 05,0.038,0,55,0,-0.9,267,2
2022-01-03 06,0.069,0,50,0,-0.9,273,2
2022-01-03 07,0.041,0,55,0,-1.9,251,2
2022-01-03 08,0.06,0,40,0,1,304,3
2022-01-03 09,0.046,0,30,0,3,296,2
2022-01-03 10,0.043,0,30,0,5,278,1
2022-01-03 11,0.065,0,20,0,7,276,3
2022-01-03 12,0.037,0,15,0,8,298,5
2022-01-03 13,0.071,0,15,0,9,301,3
2022-01-03 14,0.039,0,20,0,9,292,5
2022-01-03 15,0.147,0,25,0,8,304,5
2022-01-03 16,0.068,0,35,0,6,316,6
2022-01-03 17,0.041,0,35,0,5,306,5
2022-01-03 18,0.068,0,35,0,4,296,4
2022-01-03 19,0.037,0,40,0,4,291,4
2022-01-03 20,0.066,0,45,0,3,285,3
2022-01-03 21,0.043,0,50,0,2,278,4
2022-01-03 22,0.067,0,55,0,2,284,4
2022-01-03 23,0.038,0,55,0,2,301,3
2022-01-04 00,0.067,0,55,0,2,305,2
2022-01-04 01,0.043,0,60,0,3,258,2
2022-01-04 02,0.063,0,60,0,3,265,2
2022-01-04 03,0.049,0,65,0,2,243,1
2022-01-04 04,0.06,0,65,0,3,256,3
2022-01-04 05,0.044,0,65,0,3,279,3
2022-01-04 06,0.065,0,65,0,3,268,2
2022-01-04 07,0.043,0,65,0,3,276,3
2022-01-04 08,0.061,0,60,0,4,307,2
2022-01-04 09,0.049,0,55,0,6,283,3
2022-01-04 10,0.058,0,45,0,6,297,6
2022-01-04 11,0.052,0,40,0,7,304,7
2022-01-04 12,0.053,0,35,0,7,300,6
2022-01-04 13,0.068,0,25,0,8,300,6
2022-01-04 14,0.038,0,15,0,8,296,6
2022-01-04 15,0.069,0,15,0,8,292,6
2022-01-04 16,0.04,0,20,0,7,301,6
2022-01-04 17,0.144,0,25,0,5,311,5
2022-01-04 18,0.073,0,25,0,5,305,5
2022-01-04 19,0.034,0,30,0,4,296,4
2022-01-04 20,0.072,0,35,0,4,290,4
2022-01-04 21,0.038,0,40,0,4,301,3
2022-01-04 22,0.067,0,40,0,3,308,2
2022-01-04 23,0.052,0,45,0,2,333,2
2022-01-05 00,0.056,0,40,0,2,346,2
2022-01-05 01,0.057,0,40,0,2,344,1
2022-01-05 02,0.051,0,35,0,3,359,3
2022-01-05 03,0.061,0,35,0,2,8,3
2022-01-05 04,0.043,0,40,0,2,356,3
2022-01-05 05,0.069,0,35,0,2,39,4
2022-01-05 06,0.039,0,35,0,2,22,2
2022-01-05 07,0.072,0,35,0,2,40,2
2022-01-05 08,0.035,0,35,0,3,39,3
2022-01-05 09,0.069,0,25,0,3,56,3
2022-01-05 10,0.039,7,25,0.1,4,49,3
2022-01-05 11,0.066,7,30,0.1,4,51,3
2022-01-05 12,0.04,7,30,0.1,5,61,3
2022-01-05 13,0.065,0,30,0,5,52,3
2022-01-05 14,0.039,0,35,0,6,62,3
2022-01-05 15,0.07,0,40,0,6,48,3
2022-01-05 16,0.058,7,40,0.1,6,67,2
2022-01-05 17,0.049,7,50,0.2,6,49,2
2022-01-05 18,0.094,6,50,0.1,6,32,3
2022-01-05 19,0.124,5,60,0.2,5,29,2
2022-01-05 20,0.035,5,65,0.2,5,0,2
2022-01-05 21,0.072,5,75,0.2,5,342,2
2022-01-05 22,0.034,0,75,0,5,345,2
2022-01-05 23,0.073,0,75,0,5,9,2
2022-01-06 00,0.053,0,70,0,5,348,3
2022-01-06 01,0.052,0,70,0,5,356,1
2022-01-06 02,0.071,0,70,0,5,336,2
2022-01-06 03,0.034,0,65,0,5,320,2
2022-01-06 04,0.07,0,55,0,5,315,3
2022-01-06 05,0.055,0,45,0,5,312,4
2022-01-06 06,0.049,0,45,0,4,305,4
2022-01-06 07,0.069,0,40,0,3,303,4
2022-01-06 08,0.038,0,35,0,4,308,5
2022-01-06 09,0.069,0,30,0,5,305,5
2022-01-06 10,0.043,0,20,0,7,315,5
2022-01-06 11,0.064,0,15,0,8,314,6
2022-01-06 12,0.058,0,15,0,8,311,7
2022-01-06 13,0.046,0,15,0,9,308,7
2022-01-06 14,0.072,0,20,0,8,306,6
2022-01-06 15,0.039,0,20,0,8,326,7
2022-01-06 16,0.068,0,20,0,7,311,6
2022-01-06 17,0.071,0,20,0,6,310,6
2022-01-06 18,0.034,0,25,0,5,305,5
2022-01-06 19,0.071,0,30,0,4,307,4
2022-01-06 20,0.06,0,35,0,3,299,5
2022-01-06 21,0.135,0,40,0,3,309,4
2022-01-06 22,0.064,0,40,0,2,342,2
2022-01-06 23,0.038,0,40,0,2,351,2
2022-01-07 00,0.066,0,40,0,2,17,0
2022-01-07 01,0.059,0,45,0,1,18,2
2022-01-07 02,0.054,0,45,0,1,342,1
2022-01-07 03,0.057,0,40,0,1,349,2
2022-01-07 04,0.049,0,45,0,0,301,1
2022-01-07 05,0.067,0,45,0,0,0,1
2022-01-07 06,0.043,0,50,0,0,323,1
2022-01-07 07,0.057,0,45,0,-0.9,355,1
2022-01-07 08,0.057,0,50,0,1,22,1
2022-01-07 09,0.044,0,40,0,3,321,1
2022-01-07 10,0.063,0,40,0,4,52,1
2022-01-07 11,0.043,0,35,0,5,24,1
2022-01-07 12,0.067,0,35,0,7,177,1
2022-01-07 13,0.04,0,25,0,9,177,1
2022-01-07 14,0.072,0,15,0,9,222,2
2022-01-07 15,0.045,0,20,0,10,229,3
2022-01-07 16,0.062,0,25,0,8,229,2
2022-01-07 17,0.07,0,30,0,7,252,2
2022-01-07 18,0.04,0,35,0,6,273,2
2022-01-07 19,0.07,0,30,0,5,269,2
2022-01-07 20,0.053,0,30,0,4,293,2
2022-01-07 21,0.056,0,35,0,3,285,1
2022-01-07 22,0.072,0,40,0,2,285,2
2022-01-07 23,0.135,0,40,0,2,268,1
2022-01-08 00,0.044,0,45,0,1,297,1
2022-01-08 01,0.057,0,45,0,0,272,1
2022-01-08 02,0.056,0,45,0,0,280,2
2022-01-08 03,0.049,0,50,0,0,325,0
2022-01-08 04,0.056,0,45,0,0,252,2
2022-01-08 05,0.045,0,50,0,-0.9,278,1
2022-01-08 06,0.072,0,50,0,-0.9,345,1
2022-01-08 07,0.037,0,50,0,-0.9,327,1
2022-01-08 08,0.069,0,45,0,1,272,2
2022-01-08 09,0.04,0,35,0,3,260,1
2022-01-08 10,0.074,0,25,0,6,293,3
2022-01-08 11,0.037,0,25,0,7,268,3
2022-01-08 12,0.073,0,25,0,8,276,3
2022-01-08 13,0.04,0,20,0,9,261,4
2022-01-08 14,0.064,0,20,0,10,264,4
2022-01-08 15,0.044,0,25,0,9,288,5
2022-01-08 16,0.067,0,30,0,8,295,4
2022-01-08 17,0.069,0,30,0,6,308,5
2022-01-08 18,0.04,0,35,0,6,316,5
2022-01-08 19,0.073,0,45,0,5,309,7
2022-01-08 20,0.046,0,50,0,4,312,6
2022-01-08 21,0.059,0,55,0,4,304,5
2022-01-08 22,0.066,0,55,0,4,305,5
2022-01-08 23,0.044,0,55,0,4,318,3
2022-01-09 00,0.09,0,60,0,4,302,3
2022-01-09 01,0.126,0,60,0,4,299,3
2022-01-09 02,0.04,0,60,0,5,305,3
2022-01-09 03,0.063,0,65,0,3,355,0
2022-01-09 04,0.05,0,70,0,3,179,0
2022-01-09 05,0.069,0,65,0,3,315,1
2022-01-09 06,0.04,0,70,0,3,28,1
2022-01-09 07,0.07,0,70,0,2,359,1
2022-01-09 08,0.037,0,70,0,3,166,1
2022-01-09 09,0.071,0,65,0,4,139,0
2022-01-09 10,0.041,0,60,0,6,135,0
2022-01-09 11,0.069,0,55,0,7,50,0
2022-01-09 12,0.055,0,50,0,8,350,1
2022-01-09 13,0.053,0,50,0,8,329,1
2022-01-09 14,0.074,0,45,0,9,265,1
2022-01-09 15,0.037,0,45,0,9,289,1
2022-01-09 16,0.07,0,50,0,8,283,1
2022-01-09 17,0.071,0,55,0,7,287,1
2022-01-09 18,0.039,0,55,0,6,298,2
2022-01-09 19,0.074,0,60,0,5,349,1
2022-01-09 20,0.071,0,60,0,5,326,1
2022-01-09 21,0.036,0,65,0,4,304,1
2022-01-09 22,0.067,0,70,0,4,53,1
2022-01-09 23,0.057,0,70,0,3,295,0
2022-01-10 00,0.053,0,65,0,3,348,1
2022-01-10 01,0.074,0,75,0,2,7,1
2022-01-10 02,0.037,0,75,0,2,19,1
2022-01-10 03,0.133,0,75,0,2,351,1
2022-01-10 04,0.09,0,80,0,1,346,0
2022-01-10 05,0.039,0,80,0,1,16,1
2022-01-10 06,0.063,0,75,0,2,48,1
2022-01-10 07,0.05,0,80,0,1,69,1
2022-01-10 08,0.059,0,75,0,2,11,1
2022-01-10 09,0.045,0,70,0,4,62,1
2022-01-10 10,0.061,0,65,0,5,43,1
2022-01-10 11,0.054,0,60,0,6,61,1
2022-01-10 12,0.069,0,55,0,8,72,0
2022-01-10 13,0.038,0,45,0,9,304,1
2022-01-10 14,0.072,0,45,0,10,263,2
2022-01-10 15,0.04,0,45,0,10,215,3
2022-01-10 16,0.069,0,45,0,8,214,3
2022-01-10 17,0.074,0,55,0,7,245,4
2022-01-10 18,0.04,0,55,0,7,270,3
2022-01-10 19,0.07,0,50,0,7,267,2
2022-01-10 20,0.065,0,50,0,6,274,3
2022-01-10 21,0.042,0,45,0,6,288,5
2022-01-10 22,0.071,0,45,0,5,295,5
2022-01-10 23,0.055,0,45,0,5,300,5
2022-01-11 00,0.055,0,45,0,4,304,6
2022-01-11 01,0.072,0,45,0,4,301,6
2022-01-11 02,0.033,0,50,0,4,299,6
2022-01-11 03,0.071,0,60,0,3,296,6
2022-01-11 04,0.066,0,65,0,3,301,6
2022-01-11 05,0.138,0,60,0,3,302,6
2022-01-11 06,0.06,0,55,0,2,303,7
2022-01-11 07,0.049,0,60,0,1,312,6
2022-01-11 08,0.057,0,55,0,0,303,9
2022-01-11 09,0.056,0,50,0,0,307,10
2022-01-11 10,0.06,0,40,0,0,307,9
2022-01-11 11,0.054,0,35,0,1,314,8
2022-01-11 12,0.052,0,35,0,1,308,10
2022-01-11 13,0.053,0,40,0,1,315,8
2022-01-11 14,0.062,0,40,0,1,308,8
2022-01-11 15,0.037,0,35,0,1,309,9
2022-01-11 16,0.074,0,40,0,0,300,8
2022-01-11 17,0.037,0,45,0,-0.9,302,7
2022-01-11 18,0.075,0,50,0,-1.9,316,7
2022-01-11 19,0.039,0,50,0,-1.9,309,6
2022-01-11 20,0.074,0,50,0,-2.9,320,6
2022-01-11 21,0.037,0,50,0,-2.9,320,6
2022-01-11 22,0.067,0,55,0,-3.9,296,5
2022-01-11 23,0.048,0,55,0,-2.9,306,6
2022-01-12 00,0.043,0,55,0,-3.9,320,6
2022-01-12 01,0.075,0,60,0,-3.9,307,8
2022-01-12 02,0.036,0,55,0,-3.9,308,7
2022-01-12 03,0.07,0,55,0,-3.9,308,7
2022-01-12 04,0.125,0,55,0,-3.9,305,7
2022-01-12 05,0.081,0,55,0,-3.9,303,8
2022-01-12 06,0.039,0,55,0,-3.9,304,8
2022-01-12 07,0.038,0,55,0,-3.9,306,8
2022-01-12 08,0.074,0,55,0,-2.9,305,9
2022-01-12 09,0.04,0,50,0,-1.9,306,7
2022-01-12 10,0.053,0,45,0,-0.9,304,7
2022-01-12 11,0.062,0,40,0,0,304,7
2022-01-12 12,0.039,0,30,0,2,306,8
2022-01-12 13,0.067,0,35,0,2,302,7
2022-01-12 14,0.042,0,35,0,3,303,7
2022-01-12 15,0.046,0,35,0,3,302,7
2022-01-12 16,0.064,0,40,0,2,299,8
2022-01-12 17,0.037,0,45,0,0,297,8
2022-01-12 18,0.074,0,45,0,-0.9,299,8
2022-01-12 19,0.04,0,50,0,-0.9,304,6
2022-01-12 20,0.067,0,50,0,-0.9,302,5
2022-01-12 21,0.041,0,50,0,-1.9,314,4
2022-01-12 22,0.049,0,50,0,-1.9,303,5
2022-01-12 23,0.066,0,45,0,-0.9,286,5
2022-01-13 00,0.033,0,40,0,-1.9,309,5
2022-01-13 01,0.076,0,45,0,-1.9,304,3
2022-01-13 02,0.033,0,40,0,-1.9,270,4
2022-01-13 03,0.05,0,45,0,-0.9,264,3
2022-01-13 04,0.098,0,45,0,-1.9,289,3
2022-01-13 05,0.114,0,55,0,-1.9,308,3
2022-01-13 06,0.043,0,55,0,-1.9,303,3
2022-01-13 07,0.037,0,50,0,-1.9,280,3
2022-01-13 08,0.07,0,55,0,-0.9,279,3
2022-01-13 09,0.04,0,55,0,0,295,4
2022-01-13 10,0.043,0,50,0,-0.9,315,10
2022-01-13 11,0.07,0,45,0,0,320,8
2022-01-13 12,0.038,0,40,0,1,318,7
2022-01-13 13,0.06,0,35,0,2,309,8
2022-01-13 14,0.046,0,35,0,2,329,7
2022-01-13 15,0.039,0,40,0,1,302,10
2022-01-13 16,0.074,0,45,0,0,297,9
2022-01-13 17,0.033,0,50,0,-0.9,304,9
2022-01-13 18,0.075,0,55,0,-1.9,294,6
2022-01-13 19,0.043,0,55,0,-0.9,310,6
2022-01-13 20,0.042,0,55,0,-1.9,301,6
2022-01-13 21,0.067,0,55,0,-1.9,305,6
2022-01-13 22,0.038,0,55,0,-1.9,307,5
2022-01-13 23,0.076,0,55,0,-1.9,316,5
2022-01-14 00,0.035,0,55,0,-2.9,311,5
2022-01-14 01,0.043,0,55,0,-2.9,309,7
2022-01-14 02,0.069,0,50,0,-2.9,306,7
2022-01-14 03,0.034,0,55,0,-3.9,298,6
2022-01-14 04,0.064,0,50,0,-3.9,295,6
2022-01-14 05,0.123,0,55,0,-2.9,300,6
2022-01-14 06,0.086,0,55,0,-3.9,300,7
2022-01-14 07,0.035,0,55,0,-2.9,300,6
2022-01-14 08,0.038,0,50,0,-1.9,305,6
2022-01-14 09,0.064,0,45,0,-0.9,308,7
2022-01-14 10,0.055,0,35,0,0,308,5
2022-01-14 11,0.034,0,30,0,2,308,5
2022-01-14 12,0.072,0,25,0,4,310,5
2022-01-14 13,0.036,0,25,0,4,327,3
2022-01-14 14,0.038,0,20,0,5,327,2
2022-01-14 15,0.067,0,20,0,6,314,2
2022-01-14 16,0.038,0,25,0,4,255,0
2022-01-14 17,0.072,0,35,0,3,108,1
2022-01-14 18,0.033,0,35,0,2,133,1
2022-01-14 19,0.071,0,40,0,2,301,0
2022-01-14 20,0.035,0,40,0,1,20,1
2022-01-14 21,0.062,0,35,0,1,328,1
2022-01-14 22,0.048,0,45,0,0,254,1
2022-01-14 23,0.042,0,45,0,0,345,0
2022-01-15 00,0.066,0,45,0,1,13,1
2022-01-15 01,0.034,0,45,0,0,232,0
2022-01-15 02,0.075,0,50,0,0,327,1
2022-01-15 03,0.038,0,50,0,0,215,1
2022-01-15 04,0.051,0,45,0,-0.9,295,0
2022-01-15 05,0.055,0,45,0,-0.9,336,0
2022-01-15 06,0.034,0,45,0,-0.9,313,1
2022-01-15 07,0.092,0,40,0,-0.9,280,1
2022-01-15 08,0.115,0,45,0,0,300,1
2022-01-15 09,0.054,0,35,0,3,282,1
2022-01-15 10,0.04,0,30,0,4,274,1
2022-01-15 11,0.061,0,25,0,6,272,2
2022-01-15 12,0.04,0,25,0,8,260,3
2022-01-15 13,0.05,0,25,0,9,254,3
2022-01-15 14,0.057,0,30,0,10,296,4
2022-01-15 15,0.056,0,35,0,10,290,4
2022-01-15 16,0.047,0,45,0,9,296,5
2022-01-15 17,0.073,0,50,0,7,299,5
2022-01-15 18,0.035,0,50,0,6,295,4
2022-01-15 19,0.068,0,50,0,6,279,2
2022-01-15 20,0.041,0,55,0,5,283,2
2022-01-15 21,0.062,0,60,0,5,265,1
2022-01-15 22,0.054,0,65,0,4,252,2
2022-01-15 23,0.053,0,65,0,3,253,1
2022-01-16 00,0.059,0,70,0,4,273,2
2022-01-16 01,0.046,0,70,0,4,256,2
2022-01-16 02,0.061,0,75,0,3,292,2
2022-01-16 03,0.046,0,75,0,3,241,3
2022-01-16 04,0.059,0,70,0,5,260,4
2022-01-16 05,0.048,0,70,0,5,259,4
2022-01-16 06,0.059,0,70,0,5,274,4
2022-01-16 07,0.051,0,70,0,5,285,4
2022-01-16 08,0.059,0,70,0,5,275,5
2022-01-16 09,0.044,0,60,0,6,276,4
2022-01-16 10,0.067,0,50,0,7,291,7
2022-01-16 11,0.135,0,50,0,7,295,7
2022-01-16 12,0.051,0,45,0,6,305,7
2022-01-16 13,0.045,0,40,0,6,301,7
2022-01-16 14,0.065,0,35,0,6,306,6
2022-01-16 15,0.057,0,35,0,6,306,7
2022-01-16 16,0.046,0,40,0,4,304,6
2022-01-16 17,0.071,0,45,0,2,315,5
2022-01-16 18,0.04,0,50,0,1,309,7
2022-01-16 19,0.067,0,55,0,0,304,6
2022-01-16 20,0.037,0,50,0,0,306,6
2022-01-16 21,0.071,0,55,0,-0.9,299,6
2022-01-16 22,0.035,0,55,0,-0.9,304,6
2022-01-16 23,0.074,0,55,0,-0.9,292,6
2022-01-17 00,0.034,0,55,0,-0.9,295,6
2022-01-17 01,0.072,0,55,0,-0.9,304,5
2022-01-17 02,0.035,0,55,0,-0.9,302,6
2022-01-17 03,0.061,0,55,0,-0.9,302,6
2022-01-17 04,0.051,0,55,0,-0.9,302,6
2022-01-17 05,0.039,0,55,0,-0.9,300,5
2022-01-17 06,0.075,0,55,0,-0.9,294,4
2022-01-17 07,0.034,0,55,0,-1.9,300,5
2022-01-17 08,0.072,0,55,0,-0.9,298,5
2022-01-17 09,0.038,0,50,0,0,295,5
2022-01-17 10,0.045,0,50,0,1,308,6
2022-01-17 11,0.093,0,45,0,3,303,7
2022-01-17 12,0.12,0,45,0,4,306,6
2022-01-17 13,0.047,0,45,0,4,302,6
2022-01-17 14,0.035,0,45,0,5,304,6
2022-01-17 15,0.066,0,45,0,4,310,5
2022-01-17 16,0.04,0,50,0,4,307,5
2022-01-17 17,0.068,0,50,0,3,304,6
2022-01-17 18,0.041,0,55,0,3,292,5
2022-01-17 19,0.065,0,55,0,3,290,4
2022-01-17 20,0.04,0,55,0,3,285,5
2022-01-17 21,0.067,0,50,0,3,308,7
2022-01-17 22,0.033,0,50,0,2,311,5
2022-01-17 23,0.072,0,55,0,1,316,6
2022-01-18 00,0.036,0,50,0,-0.9,314,7
2022-01-18 01,0.066,0,45,0,-1.9,310,6
2022-01-18 02,0.042,0,35,0,-1.9,300,7
2022-01-18 03,0.054,0,35,0,-2.9,309,7
2022-01-18 04,0.056,0,35,0,-2.9,316,6
2022-01-18 05,0.039,0,40,0,-2.9,306,6
2022-01-18 06,0.073,0,40,0,-3.9,303,5
2022-01-18 07,0.037,0,40,0,-3.9,300,5
2022-01-18 08,0.053,0,35,0,-2.9,306,5
2022-01-18 09,0.06,0,35,0,-0.9,306,4
2022-01-18 10,0.034,0,25,0,0,343,4
2022-01-18 11,0.079,0,25,0,1,346,2
2022-01-18 12,0.035,0,20,0,3,355,2
2022-01-18 13,0.043,0,20,0,4,298,2
2022-01-18 14,0.129,0,20,0,5,327,2
2022-01-18 15,0.066,0,20,0,5,310,2
2022-01-18 16,0.038,0,25,0,4,307,2
2022-01-18 17,0.074,0,25,0,2,337,1
2022-01-18 18,0.033,0,25,0,2,307,1
2022-01-18 19,0.072,0,25,0,1,312,2
2022-01-18 20,0.038,0,30,0,1,292,0
2022-01-18 21,0.059,0,30,0,1,349,1
2022-01-18 22,0.051,0,40,0,0,303,2
2022-01-18 23,0.044,0,40,0,-0.9,304,1
2022-01-19 00,0.064,0,35,0,-0.9,309,2
2022-01-19 01,0.036,0,40,0,-0.9,298,2
2022-01-19 02,0.079,0,40,0,-0.9,304,2
2022-01-19 03,0.034,0,40,0,-1.9,315,3
2022-01-19 04,0.045,0,40,0,-1.9,307,2
2022-01-19 05,0.067,0,45,0,-2.9,4,2
2022-01-19 06,0.038,0,40,0,-1.9,355,1
2022-01-19 07,0.061,0,40,0,-2.9,4,2
2022-01-19 08,0.05,0,35,0,-0.9,359,2
2022-01-19 09,0.038,0,35,0,0,23,3
2022-01-19 10,0.073,0,35,0,1,17,2
2022-01-19 11,0.04,0,30,0,3,327,1
2022-01-19 12,0.053,0,30,0,5,204,2
2022-01-19 13,0.051,0,25,0,5,247,1
2022-01-19 14,0.041,0,25,0,6,224,2
2022-01-19 15,0.137,0,25,0,7,224,3
2022-01-19 16,0.08,0,35,0,6,233,3
2022-01-19 17,0.034,0,45,0,5,289,4
2022-01-19 18,0.058,0,50,0,4,288,4
2022-01-19 19,0.052,0,60,0,4,294,6
2022-01-19 20,0.059,0,65,0,3,313,5
2022-01-19 21,0.043,0,60,0,3,304,6
2022-01-19 22,0.066,0,60,0,2,304,7
2022-01-19 23,0.043,0,60,0,2,305,5
2022-01-20 00,0.065,0,50,0,1,304,7
2022-01-20 01,0.039,0,55,0,0,312,7
2022-01-20 02,0.06,0,50,0,-1.9,315,7
2022-01-20 03,0.049,0,50,0,-1.9,315,5
2022-01-20 04,0.045,0,50,0,-2.9,310,5
2022-01-20 05,0.064,0,55,0,-3.9,307,4
2022-01-20 06,0.04,0,55,0,-3.9,308,4
2022-01-20 07,0.077,0,60,0,-3.9,313,4
2022-01-20 08,0.037,0,55,0,-2.9,323,4
2022-01-20 09,0.036,0,45,0,-0.9,348,2
2022-01-20 10,0.081,0,40,0,1,3,3
2022-01-20 11,0.033,0,40,0,2,35,3
2022-01-20 12,0.054,0,40,0,2,27,2
2022-01-20 13,0.057,0,35,0,4,27,2
2022-01-20 14,0.033,0,35,0,4,45,1
2022-01-20 15,0.072,0,35,0,4,73,1
2022-01-20 16,0.038,0,35,0,5,268,1
2022-01-20 17,0.095,0,45,0,3,290,1
2022-01-20 18,0.123,0,50,0,2,145,1
2022-01-20 19,0.039,0,50,0,2,287,1
2022-01-20 20,0.044,0,50,0,1,314,2
2022-01-20 21,0.066,0,50,0,1,4,1
2022-01-20 22,0.04,0,45,0,1,8,1
2022-01-20 23,0.068,0,45,0,1,20,2
2022-01-21 00,0.04,0,45,0,0,13,2
2022-01-21 01,0.071,0,45,0,0,31,2
2022-01-21 02,0.042,0,45,0,0,40,3
2022-01-21 03,0.045,0,45,0,0,44,3
2022-01-21 04,0.065,0,50,0,-0.9,41,2
2022-01-21 05,0.039,0,50,0,-0.9,44,3
2022-01-21 06,0.073,0,45,0,-0.9,37,2
2022-01-21 07,0.033,0,50,0,-0.9,30,2
2022-01-21 08,0.059,0,50,0,0,46,3
2022-01-21 09,0.055,0,45,0,1,49,4
2022-01-21 10,0.039,0,35,0,3,56,3
2022-01-21 11,0.073,0,40,0,4,59,3
2022-01-21 12,0.039,0,40,0,5,27,2
2022-01-21 13,0.067,0,40,0,6,19,2
2022-01-21 14,0.04,0,40,0,7,33,2
2022-01-21 15,0.062,0,40,0,7,47,2
2022-01-21 16,0.046,0,45,0,6,124,1
2022-01-21 17,0.071,0,50,0,5,112,1
2022-01-21 18,0.042,0,50,0,4,76,0
2022-01-21 19,0.088,0,50,0,4,4,1
2022-01-21 20,0.125,0,55,0,4,34,2
2022-01-21 21,0.039,0,60,0,3,40,3
2022-01-21 22,0.041,0,60,0,3,48,3
2022-01-21 23,0.074,0,60,0,3,46,2
2022-01-22 00,0.035,0,60,0,3,52,3
2022-01-22 01,0.072,0,60,0,3,47,3
2022-01-22 02,0.034,0,60,0,3,52,3
2022-01-22 03,0.072,0,55,0,3,50,3
2022-01-22 04,0.04,0,55,0,3,55,3
2022-01-22 05,0.067,0,55,0,4,61,3
2022-01-22 06,0.04,0,55,0,3,60,3
2022-01-22 07,0.073,0,60,0,4,58,3
2022-01-22 08,0.032,0,55,0,5,59,4
2022-01-22 09,0.072,0,55,0,5,46,3
2022-01-22 10,0.039,0,50,0,6,47,4
2022-01-22 11,0.068,0,50,0,8,52,3
2022-01-22 12,0.042,0,50,0,9,27,2
2022-01-22 13,0.063,0,50,0,10,37,1
2022-01-22 14,0.065,0,45,0,10,84,2
2022-01-22 15,0.045,0,45,0,10,105,2
2022-01-22 16,0.069,0,50,0,9,84,1
2022-01-22 17,0.056,0,55,0,8,97,1
2022-01-22 18,0.055,0,55,0,9,135,1
2022-01-22 19,0.071,0,60,0,8,84,1
2022-01-22 20,0.048,0,65,0,7,43,1
2022-01-22 21,0.056,0,70,0,7,27,2
2022-01-22 22,0.13,0,65,0,7,42,2
2022-01-22 23,0.093,0,65,0,7,31,2
2022-01-23 00,0.04,0,65,0,6,57,2
2022-01-23 01,0.067,0,65,0,6,55,2
2022-01-23 02,0.064,0,70,0,6,39,2
2022-01-23 03,0.047,0,70,0,6,52,3
2022-01-23 04,0.071,0,70,0,6,26,3
2022-01-23 05,0.045,0,65,0,6,43,3
2022-01-23 06,0.06,0,65,0,6,42,3
2022-01-23 07,0.072,0,70,0,6,60,3
2022-01-23 08,0.04,0,65,0,7,49,2
2022-01-23 09,0.069,0,65,0,7,48,2
2022-01-23 10,0.068,0,60,0,8,54,3
2022-01-23 11,0.04,0,60,0,9,55,3
2022-01-23 12,0.071,0,55,0,10,54,2
2022-01-23 13,0.072,0,50,0,10,58,2
2022-01-23 14,0.034,0,50,0,11,78,3
2022-01-23 15,0.072,0,50,0,11,71,2
2022-01-23 16,0.072,0,50,0,11,74,2
2022-01-23 17,0.059,0,50,0,10,20,1
2022-01-23 18,0.052,0,50,0,10,58,1
2022-01-23 19,0.075,0,55,0,9,24,2
2022-01-23 20,0.071,0,55,0,9,24,2
2022-01-23 21,0.041,0,55,0,8,24,1
2022-01-23 22,0.069,0,65,0,7,31,2
2022-01-23 23,0.071,0,65,0,7,30,3
2022-01-24 00,0.062,0,65,0,7,35,3
2022-01-24 01,0.047,0,65,0,7,57,3
2022-01-24 02,0.147,0,70,0,7,56,3
2022-01-24 03,0.08,0,70,0,7,57,3
2022-01-24 04,0.06,0,65,0,7,51,5
2022-01-24 05,0.056,0,65,0,7,38,4
2022-01-24 06,0.067,0,65,0,6,59,4
2022-01-24 07,0.062,0,65,0,6,57,4
2022-01-24 08,0.05,0,65,0,7,60,5
2022-01-24 09,0.072,0,60,0,7,62,5
2022-01-24 10,0.067,0,55,0,8,54,5
2022-01-24 11,0.043,0,50,0,8,60,4
2022-01-24 12,0.068,0,50,0,8,65,4
2022-01-24 13,0.072,0,45,0,8,73,4
2022-01-24 14,0.041,0,45,0,8,68,4
2022-01-24 15,0.071,0,45,0,8,58,4
2022-01-24 16,0.073,0,45,0,7,70,4
2022-01-24 17,0.064,0,50,0,7,71,4
2022-01-24 18,0.05,0,50,0,7,66,4
2022-01-24 19,0.072,0,50,0,6,62,5
2022-01-24 20,0.072,0,50,0,6,54,4
2022-01-24 21,0.05,0,50,0,6,53,4
2022-01-24 22,0.06,0,55,0,5,61,4
2022-01-24 23,0.071,0,55,0,5,54,4
2022-01-25 00,0.074,0,55,0,5,48,4
2022-01-25 01,0.039,0,60,0,5,60,4
2022-01-25 02,0.069,0,55,0,5,56,3
2022-01-25 03,0.075,0,55,0,5,59,3
2022-01-25 04,0.055,0,55,0,5,62,3
2022-01-25 05,0.054,0,55,0,5,54,3
2022-01-25 06,0.148,0,55,0,5,38,2
2022-01-25 07,0.084,0,55,0,5,46,1
2022-01-25 08,0.047,0,55,0,5,33,2
2022-01-25 09,0.062,0,50,0,6,24,1
2022-01-25 10,0.075,0,50,0,7,32,1
2022-01-25 11,0.06,0,55,0,7,336,1
2022-01-25 12,0.046,0,55,0,7,329,1
2022-01-25 13,0.071,0,55,0,7,269,2
2022-01-25 14,0.073,0,60,0,7,239,2
2022-01-25 15,0.045,0,60,0,7,248,3
2022-01-25 16,0.069,0,65,0,7,230,3
2022-01-25 17,0.072,0,65,0,7,228,3
2022-01-25 18,0.066,0,70,0,6,240,2
2022-01-25 19,0.044,0,70,0,7,259,2
2022-01-25 20,0.071,0,65,0,7,284,2
2022-01-25 21,0.07,0,70,0,6,274,3
2022-01-25 22,0.052,0,65,0,6,296,3
2022-01-25 23,0.058,0,65,0,5,289,5
2022-01-26 00,0.073,0,65,0,5,291,4
2022-01-26 01,0.072,0,65,0,4,300,4
2022-01-26 02,0.039,0,65,0,4,303,3
2022-01-26 03,0.073,0,60,0,3,299,4
2022-01-26 04,0.072,0,65,0,3,296,4
2022-01-26 05,0.035,0,65,0,3,301,6
2022-01-26 06,0.071,0,60,0,3,308,4
2022-01-26 07,0.073,0,60,0,3,303,5
2022-01-26 08,0.04,0,55,0,4,314,6
2022-01-26 09,0.146,0,50,0,5,330,3
2022-01-26 10,0.075,0,50,0,6,326,3
2022-01-26 11,0.042,0,45,0,6,300,5
2022-01-26 12,0.071,0,40,0,7,305,6
2022-01-26 13,0.072,0,40,0,8,307,5
2022-01-26 14,0.04,0,35,0,8,308,6
2022-01-26 15,0.071,0,35,0,9,312,4
2022-01-26 16,0.067,0,35,0,8,294,4
2022-01-26 17,0.051,0,40,0,7,317,3
2022-01-26 18,0.061,0,45,0,6,317,3
2022-01-26 19,0.071,0,45,0,6,310,3
2022-01-26 20,0.064,0,50,0,5,318,1
2022-01-26 21,0.044,0,50,0,5,309,1
2022-01-26 22,0.075,0,50,0,5,338,1
2022-01-26 23,0.061,0,50,0,5,319,2
2022-01-27 00,0.049,0,55,0,4,326,2
2022-01-27 01,0.072,0,55,0,4,318,2
2022-01-27 02,0.045,0,60,0,4,304,3
2022-01-27 03,0.061,0,60,0,4,303,3
2022-01-27 04,0.072,0,60,0,3,330,2
2022-01-27 05,0.04,0,60,0,3,318,2
2022-01-27 06,0.071,0,60,0,3,321,2
2022-01-27 07,0.064,0,65,0,3,318,2
2022-01-27 08,0.047,0,55,0,3,324,3
2022-01-27 09,0.066,0,50,0,4,311,2
2022-01-27 10,0.044,0,45,0,5,26,2
2022-01-27 11,0.147,0,45,0,6,56,1
2022-01-27 12,0.077,0,35,0,8,290,2
2022-01-27 13,0.039,0,30,0,9,343,2
2022-01-27 14,0.072,0,25,0,9,289,2
2022-01-27 15,0.063,0,20,0,10,257,3
2022-01-27 16,0.046,0,25,0,9,272,4
2022-01-27 17,0.072,0,25,0,7,290,5
2022-01-27 18,0.071,0,30,0,6,303,5
2022-01-27 19,0.041,0,35,0,5,304,6
2022-01-27 20,0.071,0,35,0,4,302,6
2022-01-27 21,0.063,0,40,0,3,297,5
2022-01-27 22,0.045,0,45,0,3,303,5
2022-01-27 23,0.069,0,50,0,2,310,6
2022-01-28 00,0.041,0,50,0,2,299,5
2022-01-28 01,0.067,0,50,0,2,308,6
2022-01-28 02,0.057,0,45,0,2,310,6
2022-01-28 03,0.052,0,45,0,1,303,5
2022-01-28 04,0.069,0,40,0,1,311,5
2022-01-28 05,0.043,0,40,0,1,310,5
2022-01-28 06,0.063,0,40,0,1,310,4
2022-01-28 07,0.049,0,35,0,1,296,4
2022-01-28 08,0.059,0,35,0,2,304,5
2022-01-28 09,0.05,0,35,0,3,303,6
2022-01-28 10,0.058,0,30,0,4,308,5
2022-01-28 11,0.052,0,25,0,5,311,5
2022-01-28 12,0.056,0,20,0,6,307,4
2022-01-28 13,0.138,0,20,0,8,293,5
2022-01-28 14,0.069,0,15,0,8,301,5
2022-01-28 15,0.047,0,20,0,8,300,7
2022-01-28 16,0.063,0,20,0,7,318,5
2022-01-28 17,0.071,0,25,0,5,317,5
2022-01-28 18,0.033,0,30,0,4,313,6
2022-01-28 19,0.071,0,40,0,3,307,5
2022-01-28 20,0.053,0,40,0,3,308,5
2022-01-28 21,0.057,0,45,0,2,309,5
2022-01-28 22,0.059,0,45,0,2,307,6
2022-01-28 23,0.049,0,50,0,1,310,6
2022-01-29 00,0.069,0,45,0,1,316,5
2022-01-29 01,0.038,0,40,0,1,327,5
2022-01-29 02,0.072,0,40,0,1,308,6
2022-01-29 03,0.037,0,35,0,1,313,8
2022-01-29 04,0.068,0,30,0,1,315,6
2022-01-29 05,0.042,0,35,0,1,314,5
2022-01-29 06,0.066,0,40,0,1,316,5
2022-01-29 07,0.039,0,35,0,1,307,6
2022-01-29 08,0.064,0,30,0,1,320,5
2022-01-29 09,0.046,0,30,0,2,313,5
2022-01-29 10,0.05,0,30,0,2,305,5
2022-01-29 11,0.061,0,25,0,4,316,4
2022-01-29 12,0.041,0,25,0,5,310,4
2022-01-29 13,0.147,0,25,0,5,315,4
2022-01-29 14,0.074,0,15,0,6,304,5
2022-01-29 15,0.037,0,20,0,6,312,6
2022-01-29 16,0.068,0,15,0,6,310,6
2022-01-29 17,0.041,0,20,0,4,313,6
2022-01-29 18,0.068,0,25,0,3,314,6
2022-01-29 19,0.039,0,30,0,3,307,6
2022-01-29 20,0.069,0,35,0,2,303,5
2022-01-29 21,0.035,0,40,0,2,306,5
2022-01-29 22,0.074,0,40,0,1,306,5
2022-01-29 23,0.034,0,35,0,1,307,4
2022-01-30 00,0.071,0,35,0,1,310,3
2022-01-30 01,0.037,0,30,0,1,311,4
2022-01-30 02,0.072,0,35,0,1,310,5
2022-01-30 03,0.039,0,30,0,0,305,4
2022-01-30 04,0.072,0,30,0,0,314,4
2022-01-30 05,0.034,0,30,0,0,322,3
2022-01-30 06,0.073,0,35,0,0,320,3
2022-01-30 07,0.038,0,35,0,-0.9,328,2
2022-01-30 08,0.064,0,30,0,1,329,3
2022-01-30 09,0.044,0,30,0,2,348,2
2022-01-30 10,0.049,0,30,0,3,37,1
2022-01-30 11,0.062,0,25,0,5,2,2
2022-01-30 12,0.037,0,20,0,7,314,0
2022-01-30 13,0.073,0,20,0,7,301,2
2022-01-30 14,0.044,0,15,0,8,305,2
2022-01-30 15,0.136,0,20,0,7,301,4
2022-01-30 16,0.075,0,15,0,6,302,6
2022-01-30 17,0.037,0,15,0,5,306,6
2022-01-30 18,0.069,0,20,0,4,302,7
2022-01-30 19,0.041,0,25,0,3,308,7
2022-01-30 20,0.069,0,35,0,2,303,7
2022-01-30 21,0.045,0,40,0,1,310,7
2022-01-30 22,0.059,0,40,0,1,318,5
2022-01-30 23,0.047,0,40,0,0,310,7
2022-01-31 00,0.061,0,40,0,0,309,7
2022-01-31 01,0.039,0,35,0,0,316,6
2022-01-31 02,0.073,0,35,0,0,305,7
2022-01-31 03,0.033,0,35,0,0,306,6
2022-01-31 04,0.073,0,35,0,0,305,4
2022-01-31 05,0.037,0,35,0,0,303,4
2022-01-31 06,0.067,0,35,0,0,299,3
2022-01-31 07,0.043,0,35,0,0,292,3
2022-01-31 08,0.047,0,30,0,1,319,4
2022-01-31 09,0.065,0,30,0,3,304,3
2022-01-31 10,0.034,0,20,0,4,304,5
2022-01-31 11,0.071,0,20,0,5,294,1
2022-01-31 12,0.038,0,20,0,7,300,1
2022-01-31 13,0.072,0,15,0,8,252,2
2022-01-31 14,0.037,0,15,0,9,250,3
2022-01-31 15,0.085,0,20,0,9,264,4
2022-01-31 16,0.137,0,20,0,8,268,3
2022-01-31 17,0.037,0,30,0,6,213,2
2022-01-31 18,0.054,0,35,0,6,240,2
2022-01-31 19,0.052,0,35,0,5,269,5
2022-01-31 20,0.071,0,45,0,4,276,6
2022-01-31 21,0.039,0,50,0,3,271,4
2022-01-31 22,0.066,0,50,0,3,249,3
2022-01-31 23,0.037,0,55,0,3,233,3
2022-02-01 00,0.07,0,55,0,4,238,3
2022-02-01 01,0.039,0,60,0,4,258,3
2022-02-01 02,0.069,0,65,0,3,256,4
2022-02-01 03,0.038,0,70,0,3,257,3
2022-02-01 04,0.07,0,70,0,3,275,4
2022-02-01 05,0.045,0,70,0,2,285,5
2022-02-01 06,0.062,0,65,0,2,286,5
2022-02-01 07,0.049,0,65,0,2,286,4
2022-02-01 08,0.06,0,55,0,3,287,4
2022-02-01 09,0.05,0,50,0,4,283,6
2022-02-01 10,0.058,0,40,0,4,303,7
2022-02-01 11,0.051,0,40,0,5,288,7
2022-02-01 12,0.057,0,35,0,6,291,7
2022-02-01 13,0.067,0,35,0,6,297,8
2022-02-01 14,0.04,0,40,0,5,306,8
2022-02-01 15,0.065,0,45,0,4,302,8
2022-02-01 16,0.046,0,50,0,4,315,6
2022-02-01 17,0.138,0,45,0,3,305,6
2022-02-01 18,0.075,0,45,0,2,304,5
2022-02-01 19,0.039,0,50,0,2,290,4
2022-02-01 20,0.066,0,50,0,2,279,2
2022-02-01 21,0.043,0,55,0,1,306,4
2022-02-01 22,0.067,0,55,0,1,303,5
2022-02-01 23,0.04,0,55,0,1,300,5
2022-02-02 00,0.069,0,55,0,1,302,6
2022-02-02 01,0.042,0,55,0,1,308,5
2022-02-02 02,0.066,0,55,0,1,310,5
2022-02-02 03,0.037,0,55,0,1,302,5
2022-02-02 04,0.073,0,55,0,0,303,5
2022-02-02 05,0.037,0,55,0,0,294,5
2022-02-02 06,0.069,0,55,0,1,301,4
2022-02-02 07,0.039,0,55,0,1,307,5
2022-02-02 08,0.075,0,50,0,2,303,5
2022-02-02 09,0.035,0,50,0,2,310,6
2022-02-02 10,0.072,0,50,0,3,310,6
2022-02-02 11,0.035,0,45,0,4,318,5
2022-02-02 12,0.07,0,40,0,5,309,6
2022-02-02 13,0.04,0,40,0,5,309,4
2022-02-02 14,0.07,0,35,0,6,312,4
2022-02-02 15,0.037,0,25,0,7,315,5
2022-02-02 16,0.071,0,25,0,6,308,6
2022-02-02 17,0.046,0,25,0,4,302,6
2022-02-02 18,0.14,0,30,0,3,296,5
2022-02-02 19,0.071,0,35,0,2,302,3
2022-02-02 20,0.04,0,45,0,2,299,6
2022-02-02 21,0.067,0,45,0,1,298,6
2022-02-02 22,0.042,0,40,0,1,300,5
2022-02-02 23,0.068,0,40,0,1,301,4
2022-02-03 00,0.04,0,45,0,1,303,4
2022-02-03 01,0.067,0,45,0,0,320,4
2022-02-03 02,0.041,0,50,0,0,288,4
2022-02-03 03,0.064,0,55,0,0,297,2
2022-02-03 04,0.044,0,55,0,0,288,3
2022-02-03 05,0.06,0,55,0,0,292,3
2022-02-03 06,0.049,0,55,0,0,296,4
2022-02-03 07,0.049,0,55,0,0,299,4
2022-02-03 08,0.061,0,50,0,1,301,5
2022-02-03 09,0.042,0,45,0,2,309,4
2022-02-03 10,0.067,0,40,0,3,301,7
2022-02-03 11,0.042,0,35,0,4,300,7
2022-02-03 12,0.065,0,30,0,5,301,6
2022-02-03 13,0.039,0,25,0,6,307,6
2022-02-03 14,0.071,0,30,0,6,308,6
2022-02-03 15,0.037,0,25,0,7,308,5
2022-02-03 16,0.071,0,25,0,6,319,5
2022-02-03 17,0.047,0,25,0,4,311,5
2022-02-03 18,0.056,0,30,0,4,309,6
2022-02-03 19,0.063,0,30,0,3,308,5
2022-02-03 20,0.128,0,35,0,2,308,6
2022-02-03 21,0.062,0,40,0,1,325,6
2022-02-03 22,0.039,0,35,0,1,317,6
2022-02-03 23,0.071,0,35,0,0,324,5
2022-02-04 00,0.033,0,30,0,0,308,5
2022-02-04 01,0.074,0,30,0,-0.9,311,6
2022-02-04 02,0.037,0,30,0,-0.9,313,4
2022-02-04 03,0.065,0,30,0,-0.9,323,4
2022-02-04 04,0.048,0,35,0,-0.9,317,5
2022-02-04 05,0.043,0,40,0,-0.9,313,4
2022-02-04 06,0.068,0,45,0,-0.9,301,5
2022-02-04 07,0.036,0,50,0,-0.9,303,4
2022-02-04 08,0.069,0,50,0,0,288,3
2022-02-04 09,0.04,0,50,0,2,282,4
2022-02-04 10,0.069,0,50,0,3,282,5
2022-02-04 11,0.041,0,40,0,5,296,5
2022-02-04 12,0.051,0,35,0,5,305,7
2022-02-04 13,0.059,0,30,0,6,314,7
2022-02-04 14,0.047,0,30,0,5,317,6
2022-02-04 15,0.06,0,30,0,5,305,7
2022-02-04 16,0.056,0,30,0,4,298,6
2022-02-04 17,0.049,0,35,0,3,307,5
2022-02-04 18,0.071,0,45,0,2,306,6
2022-02-04 19,0.038,0,45,0,1,300,7
2022-02-04 20,0.072,0,55,0,0,297,7
2022-02-04 21,0.125,0,55,0,0,308,7
2022-02-04 22,0.06,0,55,0,-0.9,306,7
2022-02-04 23,0.033,0,55,0,-0.9,301,6
2022-02-05 00,0.075,0,55,0,-1.9,304,7
2022-02-05 01,0.035,0,60,0,-1.9,297,5
2022-02-05 02,0.066,0,60,0,-1.9,301,6
2022-02-05 03,0.044,0,60,0,-1.9,303,6
2022-02-05 04,0.048,0,60,0,-1.9,302,6
2022-02-05 05,0.064,0,60,0,-1.9,308,4
2022-02-05 06,0.037,0,65,0,-2.9,314,4
2022-02-05 07,0.079,0,65,0,-2.9,315,5
2022-02-05 08,0.032,0,55,0,-1.9,301,5
2022-02-05 09,0.056,0,50,0,-1.9,308,6
2022-02-05 10,0.062,0,45,0,-0.9,308,8
2022-02-05 11,0.034,0,40,0,0,310,9
2022-02-05 12,0.076,0,35,0,1,301,8
2022-02-05 13,0.039,0,35,0,2,313,8
2022-02-05 14,0.054,0,30,0,2,305,11
2022-02-05 15,0.056,0,35,0,2,309,10
2022-02-05 16,0.039,0,40,0,1,302,7
2022-02-05 17,0.073,0,50,0,0,307,6
2022-02-05 18,0.033,0,50,0,0,302,6
2022-02-05 19,0.071,0,55,0,-0.9,304,7
2022-02-05 20,0.04,0,55,0,-0.9,308,7
2022-02-05 21,0.049,0,60,0,-0.9,307,6
2022-02-05 22,0.131,0,55,0,-1.9,300,5
2022-02-05 23,0.075,0,60,0,-1.9,292,4
2022-02-06 00,0.038,0,60,0,-1.9,307,3
2022-02-06 01,0.041,0,70,0,-2.9,306,3
2022-02-06 02,0.066,0,70,0,-2.9,313,5
2022-02-06 03,0.038,0,65,0,-2.9,304,6
2022-02-06 04,0.071,0,55,0,-2.9,306,5
2022-02-06 05,0.038,0,50,0,-2.9,304,6
2022-02-06 06,0.047,0,45,0,-2.9,312,5
2022-02-06 07,0.062,0,45,0,-2.9,283,4
2022-02-06 08,0.034,0,40,0,-1.9,292,4
2022-02-06 09,0.077,0,40,0,0,299,3
2022-02-06 10,0.036,0,40,0,1,309,4
2022-02-06 11,0.052,0,35,0,3,267,4
2022-02-06 12,0.056,0,40,0,4,286,5
2022-02-06 13,0.039,0,40,0,4,303,6
2022-02-06 14,0.066,0,45,0,4,305,5
2022-02-06 15,0.038,0,50,0,4,322,5
2022-02-06 16,0.072,0,50,0,3,324,5
2022-02-06 17,0.034,0,55,0,2,305,5
2022-02-06 18,0.068,0,55,0,1,297,5
2022-02-06 19,0.04,0,60,0,1,285,3
2022-02-06 20,0.067,0,55,0,1,305,5
2022-02-06 21,0.033,0,55,0,0,304,6
2022-02-06 22,0.071,0,55,0,0,299,5
2022-02-06 23,0.038,0,55,0,0,300,5
2022-02-07 00,0.083,0,55,0,-0.9,300,5
2022-02-07 01,0.122,0,55,0,-0.9,299,5
2022-02-07 02,0.034,0,55,0,-0.9,304,6
2022-02-07 03,0.045,0,55,0,-0.9,305,5
2022-02-07 04,0.067,0,55,0,-0.9,303,4
2022-02-07 05,0.034,0,50,0,-0.9,305,5
2022-02-07 06,0.075,0,45,0,-0.9,320,4
2022-02-07 07,0.034,0,45,0,-0.9,335,3
2022-02-07 08,0.055,0,45,0,0,350,2
2022-02-07 09,0.052,0,45,0,0,55,2
2022-02-07 10,0.037,0,40,0,1,56,1
2022-02-07 11,0.067,0,40,0,2,27,1
2022-02-07 12,0.04,0,40,0,2,20,0
2022-02-07 13,0.071,0,35,0,3,175,0
2022-02-07 14,0.032,0,35,0,3,89,1
2022-02-07 15,0.069,0,35,0,3,84,0
2022-02-07 16,0.039,0,35,0,3,292,2
2022-02-07 17,0.065,0,35,0,2,324,2
2022-02-07 18,0.034,0,35,0,2,323,3
2022-02-07 19,0.07,0,35,0,2,316,2
2022-02-07 20,0.036,0,30,0,2,312,4
2022-02-07 21,0.064,0,30,0,2,308,4
2022-02-07 22,0.043,0,30,0,2,313,5
2022-02-07 23,0.063,0,40,0,2,343,3
2022-02-08 00,0.038,0,35,0,1,311,3
2022-02-08 01,0.115,0,35,0,1,316,3
2022-02-08 02,0.101,0,40,0,1,320,4
2022-02-08 03,0.033,0,40,0,0,327,2
2022-02-08 04,0.045,0,40,0,0,343,2
2022-02-08 05,0.064,0,40,0,0,346,2
2022-02-08 06,0.033,0,40,0,0,345,2
2022-02-08 07,0.074,0,40,0,-0.9,336,2
2022-02-08 08,0.033,0,35,0,1,335,3
2022-02-08 09,0.073,0,35,0,2,38,3
2022-02-08 10,0.038,0,30,0,4,12,3
2022-02-08 11,0.052,0,30,0,5,46,3
2022-02-08 12,0.052,0,30,0,6,86,2
2022-02-08 13,0.055,0,30,0,8,290,2
2022-02-08 14,0.047,0,30,0,8,299,3
2022-02-08 15,0.07,0,25,0,8,320,3
2022-02-08 16,0.035,0,30,0,8,322,3
2022-02-08 17,0.064,0,30,0,6,307,4
2022-02-08 18,0.044,0,35,0,6,328,4
2022-02-08 19,0.062,0,40,0,5,319,5
2022-02-08 20,0.064,0,45,0,4,319,4
2022-02-08 21,0.036,0,40,0,4,340,2
2022-02-08 22,0.074,0,40,0,4,345,2
2022-02-08 23,0.034,0,45,0,3,353,2
2022-02-09 00,0.064,0,50,0,3,350,2
2022-02-09 01,0.042,0,50,0,2,358,2
2022-02-09 02,0.065,0,55,0,1,23,2
2022-02-09 03,0.047,0,55,0,1,355,2
2022-02-09 04,0.135,0,50,0,1,5,2
2022-02-09 05,0.072,0,55,0,0,25,2
2022-02-09 06,0.04,0,55,0,0,17,2
2022-02-09 07,0.068,0,50,0,0,28,2
2022-02-09 08,0.041,0,45,0,2,40,3
2022-02-09 09,0.053,0,40,0,4,51,3
2022-02-09 10,0.054,0,40,0,5,53,3
2022-02-09 11,0.047,0,35,0,6,51,4
2022-02-09 12,0.06,0,40,0,8,38,3
2022-02-09 13,0.053,0,40,0,9,40,3
2022-02-09 14,0.049,0,40,0,9,29,1
2022-02-09 15,0.073,0,40,0,9,59,1
2022-02-09 16,0.037,0,40,0,8,180,1
2022-02-09 17,0.071,0,50,0,8,189,1
2022-02-09 18,0.066,0,50,0,7,172,1
2022-02-09 19,0.042,0,50,0,7,60,1
2022-02-09 20,0.071,0,55,0,6,210,1
2022-02-09 21,0.049,0,55,0,6,354,1
2022-02-09 22,0.054,0,55,0,6,286,0
2022-02-09 23,0.071,0,60,0,5,300,0
2022-02-10 00,0.039,0,60,0,5,26,1
2022-02-10 01,0.068,0,55,0,5,226,0
2022-02-10 02,0.07,0,50,0,5,302,1
2022-02-10 03,0.038,6,45,0.1,6,312,3
2022-02-10 04,0.069,0,45,0,6,297,3
2022-02-10 05,0.06,0,45,0,5,301,3
2022-02-10 06,0.049,0,45,0,5,302,3
2022-02-10 07,0.134,0,45,0,5,306,4
2022-02-10 08,0.086,0,40,0,5,303,3
2022-02-10 09,0.038,0,35,0,7,301,4
2022-02-10 10,0.071,0,30,0,8,310,5
2022-02-10 11,0.048,0,25,0,9,304,5
2022-02-10 12,0.06,0,20,0,10,305,5
2022-02-10 13,0.07,0,15,0,10,301,6
2022-02-10 14,0.047,0,20,0,10,299,7
2022-02-10 15,0.061,0,20,0,10,311,6
2022-02-10 16,0.07,0,20,0,9,306,6
2022-02-10 17,0.062,0,25,0,8,308,5
2022-02-10 18,0.051,0,30,0,7,301,6
2022-02-10 19,0.069,0,30,0,6,308,4
2022-02-10 20,0.071,0,40,0,5,315,4
2022-02-10 21,0.041,0,45,0,5,307,4
2022-02-10 22,0.072,0,40,0,5,308,4
2022-02-10 23,0.071,0,45,0,4,323,3
2022-02-11 00,0.033,0,45,0,3,322,2
2022-02-11 01,0.071,0,45,0,3,302,1
2022-02-11 02,0.062,0,40,0,3,332,2
2022-02-11 03,0.048,0,45,0,2,308,2
2022-02-11 04,0.071,0,45,0,2,16,1
2022-02-11 05,0.041,0,55,0,2,25,2
2022-02-11 06,0.066,0,55,0,1,32,2
2022-02-11 07,0.053,0,50,0,1,3,1
2022-02-11 08,0.056,0,45,0,3,28,2
2022-02-11 09,0.063,0,40,0,5,25,2
2022-02-11 10,0.138,0,35,0,6,29,3
2022-02-11 11,0.062,0,30,0,8,46,1
2022-02-11 12,0.04,0,25,0,8,86,2
2022-02-11 13,0.072,0,20,0,10,73,1
2022-02-11 14,0.07,0,20,0,10,86,2
2022-02-11 15,0.039,0,25,0,11,159,1
2022-02-11 16,0.077,0,25,0,10,153,2
2022-02-11 17,0.07,0,30,0,8,153,2
2022-02-11 18,0.044,0,35,0,7,133,1
2022-02-11 19,0.071,0,35,0,7,194,0
2022-02-11 20,0.071,0,50,0,5,326,1
2022-02-11 21,0.056,0,50,0,5,348,2
2022-02-11 22,0.054,0,50,0,5,350,1
2022-02-11 23,0.07,0,50,0,5,68,0
2022-02-12 00,0.064,0,55,0,5,22,1
2022-02-12 01,0.048,0,55,0,5,8,1
2022-02-12 02,0.071,0,45,0,5,31,1
2022-02-12 03,0.059,0,50,0,5,32,1
2022-02-12 04,0.051,0,40,0,5,43,2
2022-02-12 05,0.075,0,45,0,5,41,2
2022-02-12 06,0.048,0,45,0,4,44,2
2022-02-12 07,0.061,0,45,0,4,50,1
2022-02-12 08,0.072,0,45,0,5,42,3
2022-02-12 09,0.039,0,35,0,7,53,3
2022-02-12 10,0.074,0,25,0,8,50,2
2022-02-12 11,0.07,0,20,0,9,59,2
2022-02-12 12,0.042,0,20,0,11,54,2
2022-02-12 13,0.07,0,15,0,12,52,2
2022-02-12 14,0.095,0,20,0,12,107,2
2022-02-12 15,0.132,0,20,0,11,143,4
2022-02-12 16,0.042,0,25,0,10,147,5
2022-02-12 17,0.072,0,35,0,9,158,3
2022-02-12 18,0.078,0,45,0,8,154,2
2022-02-12 19,0.056,0,50,0,8,111,2
2022-02-12 20,0.055,0,50,0,7,18,2
2022-02-12 21,0.077,0,50,0,8,24,3
2022-02-12 22,0.071,0,50,0,8,30,2
2022-02-12 23,0.04,0,50,0,7,45,3
2022-02-13 00,0.071,0,55,0,7,44,3
2022-02-13 01,0.076,0,55,0,7,45,2
2022-02-13 02,0.058,0,55,0,7,31,4
2022-02-13 03,0.053,0,55,0,7,38,3
2022-02-13 04,0.074,0,60,0,7,65,2
2022-02-13 05,0.075,0,60,0,7,58,3
2022-02-13 06,0.039,0,60,0,7,68,3
2022-02-13 07,0.072,0,60,0,7,59,3
2022-02-13 08,0.072,0,55,0,7,67,4
2022-02-13 09,0.045,0,50,0,8,53,4
2022-02-13 10,0.071,0,50,0,9,55,3
2022-02-13 11,0.071,0,45,0,10,53,2
2022-02-13 12,0.058,0,40,0,11,64,3
2022-02-13 13,0.059,0,35,0,12,61,3
2022-02-13 14,0.072,0,35,0,12,75,3
2022-02-13 15,0.072,0,35,0,12,90,2
2022-02-13 16,0.058,0,40,0,11,78,2
2022-02-13 17,0.062,0,45,0,10,80,1
2022-02-13 18,0.148,0,45,0,10,49,2
2022-02-13 19,0.086,0,50,0,9,31,1
2022-02-13 20,0.072,0,50,0,9,22,0
2022-02-13 21,0.05,0,50,0,9,43,1
2022-02-13 22,0.067,0,50,0,9,60,3
2022-02-13 23,0.073,0,60,0,8,43,1
2022-02-14 00,0.073,0,65,0,8,53,2
2022-02-14 01,0.056,0,60,0,8,22,3
2022-02-14 02,0.059,0,60,0,7,36,2
2022-02-14 03,0.073,0,65,0,6,48,3
2022-02-14 04,0.077,0,70,0,6,52,3
2022-02-14 05,0.044,0,70,0,6,55,2
2022-02-14 06,0.074,0,70,0,6,56,2
2022-02-14 07,0.069,0,70,0,6,47,1
2022-02-14 08,0.067,0,65,0,7,35,2
2022-02-14 09,0.048,0,60,0,8,43,2
2022-02-14 10,0.072,0,65,0,8,61,2
2022-02-14 11,0.078,0,55,0,9,57,2
2022-02-14 12,0.048,0,50,0,11,263,0
2022-02-14 13,0.067,0,40,0,12,211,4
2022-02-14 14,0.076,0,45,0,12,232,4
2022-02-14 15,0.073,0,45,0,12,241,3
2022-02-14 16,0.047,0,45,0,11,269,3
2022-02-14 17,0.067,0,45,0,10,281,4
2022-02-14 18,0.077,0,25,0,9,286,5
2022-02-14 19,0.088,0,30,0,8,288,5
2022-02-14 20,0.155,0,35,0,8,264,4
2022-02-14 21,0.038,0,50,0,6,276,5
2022-02-14 22,0.073,0,55,0,6,261,4
2022-02-14 23,0.078,0,60,0,6,286,7
2022-02-15 00,0.06,0,55,0,5,277,6
2022-02-15 01,0.057,0,60,0,4,284,5
2022-02-15 02,0.074,0,55,0,3,308,6
2022-02-15 03,0.073,0,50,0,2,308,7
2022-02-15 04,0.043,0,50,0,2,296,5
2022-02-15 05,0.071,0,50,0,1,295,5
2022-02-15 06,0.073,0,50,0,1,295,7
2022-02-15 07,0.051,0,50,0,1,298,8
2022-02-15 08,0.064,0,50,0,1,298,7
2022-02-15 09,0.077,0,45,0,3,303,7
2022-02-15 10,0.038,0,45,0,3,306,7
2022-02-15 11,0.077,0,45,0,3,300,7
2022-02-15 12,0.059,0,40,0,4,312,8
2022-02-15 13,0.053,0,35,0,4,302,8
2022-02-15 14,0.075,0,35,0,4,307,8
2022-02-15 15,0.046,0,35,0,4,306,8
2022-02-15 16,0.065,0,40,0,2,310,8
2022-02-15 17,0.075,0,45,0,1,308,11
2022-02-15 18,0.039,0,50,0,-0.9,306,8
2022-02-15 19,0.078,0,50,0,-0.9,304,8
2022-02-15 20,0.051,0,50,0,-1.9,305,8
2022-02-15 21,0.135,0,50,0,-1.9,305,6
2022-02-15 22,0.079,0,55,0,-2.9,304,7
2022-02-15 23,0.036,0,55,0,-2.9,301,7
2022-02-16 00,0.082,0,55,0,-2.9,304,6
2022-02-16 01,0.039,0,60,0,-2.9,284,4
2022-02-16 02,0.07,0,60,0,-2.9,300,5
2022-02-16 03,0.046,0,65,0,-2.9,293,4
2022-02-16 04,0.06,0,60,0,-2.9,300,5
2022-02-16 05,0.056,0,60,0,-2.9,305,6
2022-02-16 06,0.048,0,65,0,-2.9,306,5
2022-02-16 07,0.07,0,70,0,-2.9,298,4
2022-02-16 08,0.04,0,65,0,-1.9,303,5
2022-02-16 09,0.075,0,55,0,-0.9,304,5
2022-02-16 10,0.036,0,45,0,1,300,6
2022-02-16 11,0.076,0,45,0,1,307,7
2022-02-16 12,0.039,0,45,0,1,312,7
2022-02-16 13,0.078,0,40,0,1,303,8
2022-02-16 14,0.038,0,45,0,1,322,7
2022-02-16 15,0.072,0,45,0,1,313,7
2022-02-16 16,0.04,0,45,0,-0.9,318,6
2022-02-16 17,0.068,0,55,0,-1.9,310,6
2022-02-16 18,0.049,0,55,0,-2.9,304,7
2022-02-16 19,0.056,0,55,0,-2.9,303,8
2022-02-16 20,0.127,0,60,0,-3.9,303,6
2022-02-16 21,0.077,0,60,0,-3.9,300,7
2022-02-16 22,0.039,0,65,0,-3.9,305,6
2022-02-16 23,0.071,0,65,0,-3.9,302,6
2022-02-17 00,0.048,0,55,0,-3.9,309,7
2022-02-17 01,0.05,0,55,0,-4.9,334,6
2022-02-17 02,0.073,0,50,0,-4.9,304,6
2022-02-17 03,0.037,0,45,0,-4.9,309,7
2022-02-17 04,0.067,0,50,0,-5.9,309,5
2022-02-17 05,0.056,0,50,0,-5.9,317,6
2022-02-17 06,0.035,0,50,0,-5.9,307,4
2022-02-17 07,0.081,0,50,0,-5.9,306,5
2022-02-17 08,0.043,0,50,0,-4.9,312,7
2022-02-17 09,0.035,0,40,0,-3.9,306,7
2022-02-17 10,0.084,0,30,0,-1.9,310,7
2022-02-17 11,0.036,0,25,0,-0.9,311,6
2022-02-17 12,0.039,0,25,0,0,310,6
2022-02-17 13,0.078,0,20,0,1,316,4
2022-02-17 14,0.037,0,25,0,2,305,2
2022-02-17 15,0.055,0,20,0,2,319,2
2022-02-17 16,0.056,0,25,0,1,308,3
2022-02-17 17,0.036,0,30,0,0,315,5
2022-02-17 18,0.097,0,35,0,0,311,5
2022-02-17 19,0.123,0,35,0,-0.9,321,4
2022-02-17 20,0.042,0,40,0,-0.9,325,3
2022-02-17 21,0.039,0,40,0,-1.9,330,2
2022-02-17 22,0.078,0,35,0,-0.9,30,2
2022-02-17 23,0.039,0,35,0,-0.9,28,2
2022-02-18 00,0.045,0,35,0,-0.9,47,3
2022-02-18 01,0.07,0,35,0,-1.9,9,2
2022-02-18 02,0.033,0,30,0,-0.9,30,3
2022-02-18 03,0.069,0,35,0,-1.9,4,3
2022-02-18 04,0.045,0,35,0,-1.9,19,3
2022-02-18 05,0.039,0,35,0,-1.9,11,2
2022-02-18 06,0.077,0,40,0,-1.9,29,3
2022-02-18 07,0.039,0,40,0,-1.9,19,3
2022-02-18 08,0.054,0,40,0,-0.9,29,3
2022-02-18 09,0.064,0,40,0,1,58,3
2022-02-18 10,0.038,0,35,0,2,48,3
2022-02-18 11,0.068,0,35,0,4,54,2
2022-02-18 12,0.045,0,35,0,5,45,3
2022-02-18 13,0.041,0,35,0,6,36,3
2022-02-18 14,0.066,0,40,0,7,46,2
2022-02-18 15,0.04,0,40,0,7,30,2
2022-02-18 16,0.07,0,40,0,7,40,2
2022-02-18 17,0.046,0,40,0,6,55,2
2022-02-18 18,0.065,0,45,0,5,68,1
2022-02-18 19,0.056,0,50,0,5,69,1
2022-02-18 20,0.133,0,50,0,5,10,1
2022-02-18 21,0.069,0,55,0,5,42,2
2022-02-18 22,0.039,0,55,0,5,32,2
2022-02-18 23,0.072,0,50,0,5,47,2
2022-02-19 00,0.042,0,55,0,5,51,2
2022-02-19 01,0.07,6,50,0.1,4,46,2
2022-02-19 02,0.036,0,50,0,5,15,1
2022-02-19 03,0.074,7,50,0.1,5,360,1
2022-02-19 04,0.038,6,55,0.1,5,315,1
2022-02-19 05,0.069,3,50,0.3,4,354,3
2022-02-19 06,0.046,7,60,0.1,4,343,3
2022-02-19 07,0.06,0,65,0,3,351,2
2022-02-19 08,0.059,0,60,0,4,323,2
2022-02-19 09,0.051,0,45,0,5,303,3
2022-02-19 10,0.067,0,45,0,5,295,5
2022-02-19 11,0.039,0,50,0,5,310,5
2022-02-19 12,0.071,0,45,0,5,320,5
2022-02-19 13,0.039,0,35,0,6,322,6
2022-02-19 14,0.069,0,20,0,7,312,7
2022-02-19 15,0.06,0,30,0,7,313,7
2022-02-19 16,0.047,0,35,0,6,323,8
2022-02-19 17,0.068,0,40,0,5,317,7
2022-02-19 18,0.047,0,45,0,4,310,4
2022-02-19 19,0.059,0,45,0,3,324,5
2022-02-19 20,0.07,0,45,0,3,298,6
2022-02-19 21,0.04,0,45,0,2,296,6
2022-02-19 22,0.117,0,55,0,1,303,7
2022-02-19 23,0.107,0,55,0,0,313,7
2022-02-20 00,0.034,0,55,0,-0.9,311,7
2022-02-20 01,0.069,0,55,0,-0.9,305,7
2022-02-20 02,0.046,0,55,0,-1.9,315,6
2022-02-20 03,0.065,0,55,0,-1.9,304,5
2022-02-20 04,0.043,0,65,0,-2.9,328,4
2022-02-20 05,0.056,0,65,0,-2.9,331,5
2022-02-20 06,0.059,0,55,0,-2.9,316,6
2022-02-20 07,0.043,0,50,0,-2.9,317,8
2022-02-20 08,0.071,0,40,0,-2.9,313,8
2022-02-20 09,0.039,0,35,0,-1.9,319,6
2022-02-20 10,0.076,0,30,0,0,315,7
2022-02-20 11,0.034,0,25,0,1,307,8
2022-02-20 12,0.059,0,25,0,2,315,7
2022-02-20 13,0.057,0,20,0,2,323,8
2022-02-20 14,0.035,0,20,0,2,320,9
2022-02-20 15,0.074,0,20,0,2,322,9
2022-02-20 16,0.039,0,25,0,1,322,9
2022-02-20 17,0.075,0,25,0,0,312,6
2022-02-20 18,0.04,0,30,0,-0.9,311,6
2022-02-20 19,0.07,0,35,0,-1.9,297,4
2022-02-20 20,0.04,0,35,0,-1.9,297,5
2022-02-20 21,0.059,0,40,0,-1.9,304,7
2022-02-20 22,0.124,0,50,0,-2.9,310,5
2022-02-20 23,0.087,0,50,0,-2.9,302,4
2022-02-21 00,0.039,0,55,0,-2.9,319,3
2022-02-21 01,0.04,0,55,0,-2.9,306,4
2022-02-21 02,0.072,0,60,0,-2.9,294,3
2022-02-21 03,0.039,0,60,0,-2.9,285,3
2022-02-21 04,0.064,0,65,0,-2.9,295,4
2022-02-21 05,0.049,0,70,0,-2.9,287,3
2022-02-21 06,0.041,0,70,0,-2.9,279,3
2022-02-21 07,0.073,0,65,0,-0.9,273,3
2022-02-21 08,0.04,0,60,0,0,275,3
2022-02-21 09,0.068,0,55,0,2,274,2
2022-02-21 10,0.042,0,50,0,3,282,3
2022-02-21 11,0.051,0,40,0,4,268,3
2022-02-21 12,0.059,0,30,0,6,286,5
2022-02-21 13,0.039,0,25,0,7,280,5
2022-02-21 14,0.073,0,25,0,7,302,8
2022-02-21 15,0.039,0,25,0,7,308,6
2022-02-21 16,0.066,0,25,0,6,296,7
2022-02-21 17,0.052,0,30,0,5,294,6
2022-02-21 18,0.058,0,35,0,4,293,5
2022-02-21 19,0.068,0,45,0,4,295,5
2022-02-21 20,0.038,0,50,0,3,291,3
2022-02-21 21,0.071,0,50,0,3,292,5
2022-02-21 22,0.038,0,50,0,2,304,5
2022-02-21 23,0.103,0,50,0,2,304,6
2022-02-22 00,0.12,0,45,0,1,302,6
2022-02-22 01,0.04,0,45,0,0,302,5
2022-02-22 02,0.049,0,50,0,0,299,4
2022-02-22 03,0.064,0,50,0,-0.9,302,5
2022-02-22 04,0.047,0,50,0,-0.9,298,4
2022-02-22 05,0.062,0,55,0,-0.9,294,4
2022-02-22 06,0.04,0,55,0,-1.9,306,4
2022-02-22 07,0.07,0,40,0,-0.9,311,4
2022-02-22 08,0.039,0,30,0,-0.9,311,5
2022-02-22 09,0.076,0,25,0,1,307,5
2022-02-22 10,0.04,0,25,0,2,310,6
2022-02-22 11,0.062,0,20,0,3,313,7
2022-02-22 12,0.044,0,20,0,4,310,7
2022-02-22 13,0.051,0,20,0,4,318,5
2022-02-22 14,0.062,0,25,0,5,338,5
2022-02-22 15,0.054,0,20,0,5,313,7
2022-02-22 16,0.057,0,25,0,4,323,5
2022-02-22 17,0.057,0,30,0,3,342,4
2022-02-22 18,0.049,0,30,0,2,328,4
2022-02-22 19,0.071,0,35,0,1,322,4
2022-02-22 20,0.04,0,40,0,0,306,3
2022-02-22 21,0.07,0,45,0,0,308,5
2022-02-22 22,0.037,0,45,0,0,305,5
2022-02-22 23,0.072,0,50,0,0,310,5
2022-02-23 00,0.038,0,50,0,-0.9,311,5
2022-02-23 01,0.078,0,50,0,-0.9,309,5
2022-02-23 02,0.128,0,50,0,-0.9,318,6
2022-02-23 03,0.04,0,55,0,-1.9,322,8
2022-02-23 04,0.055,0,50,0,-2.9,311,7
2022-02-23 05,0.059,0,45,0,-2.9,310,7
2022-02-23 06,0.037,0,40,0,-2.9,316,5
2022-02-23 07,0.078,0,40,0,-2.9,312,7
2022-02-23 08,0.038,0,35,0,-2.9,312,6
2022-02-23 09,0.057,0,35,0,-1.9,326,6
2022-02-23 10,0.054,0,30,0,-0.9,318,6
2022-02-23 11,0.037,0,25,0,0,311,6
2022-02-23 12,0.079,0,20,0,2,305,7
2022-02-23 13,0.037,0,20,0,3,305,6
2022-02-23 14,0.061,0,20,0,4,314,6
2022-02-23 15,0.05,0,15,0,4,313,6
2022-02-23 16,0.049,0,20,0,4,313,6
2022-02-23 17,0.056,0,25,0,2,306,6
2022-02-23 18,0.043,0,25,0,1,307,6
2022-02-23 19,0.068,0,30,0,0,307,6
2022-02-23 20,0.038,0,35,0,-0.9,311,6
2022-02-23 21,0.072,0,40,0,-0.9,320,7
2022-02-23 22,0.034,0,40,0,-1.9,318,7
2022-02-23 23,0.078,0,40,0,-2.9,314,6
2022-02-24 00,0.038,0,35,0,-2.9,319,7
2022-02-24 01,0.056,0,35,0,-2.9,320,7
2022-02-24 02,0.123,0,40,0,-2.9,333,7
2022-02-24 03,0.079,0,45,0,-2.9,332,5
2022-02-24 04,0.04,0,45,0,-2.9,327,5
2022-02-24 05,0.056,0,45,0,-2.9,315,5
2022-02-24 06,0.053,0,50,0,-2.9,303,5
2022-02-24 07,0.04,0,50,0,-1.9,307,3
2022-02-24 08,0.074,0,50,0,-0.9,302,4
2022-02-24 09,0.041,0,45,0,2,313,3
2022-02-24 10,0.038,0,40,0,3,306,6
2022-02-24 11,0.072,0,35,0,4,310,7
2022-02-24 12,0.038,0,30,0,5,317,6
2022-02-24 13,0.067,0,30,0,6,306,6
2022-02-24 14,0.039,0,30,0,7,301,6
2022-02-24 15,0.071,0,30,0,6,321,6
2022-02-24 16,0.034,0,30,0,6,311,5
2022-02-24 17,0.07,0,35,0,4,306,7
2022-02-24 18,0.038,0,35,0,3,306,6
2022-02-24 19,0.07,0,35,0,3,306,5
2022-02-24 20,0.04,0,35,0,2,300,6
2022-02-24 21,0.069,0,40,0,1,308,6
2022-02-24 22,0.037,0,45,0,1,304,5
2022-02-24 23,0.071,0,45,0,1,305,5
2022-02-25 00,0.04,0,45,0,0,304,5
2022-02-25 01,0.072,0,50,0,0,295,4
2022-02-25 02,0.035,0,50,0,0,281,3
2022-02-25 03,0.08,0,50,0,0,289,3
2022-02-25 04,0.128,0,55,0,0,290,3
2022-02-25 05,0.039,0,55,0,0,293,4
2022-02-25 06,0.052,0,55,0,1,300,4
2022-02-25 07,0.057,0,55,0,1,296,4
2022-02-25 08,0.038,0,55,0,3,291,3
2022-02-25 09,0.071,0,50,0,5,307,5
2022-02-25 10,0.039,0,35,0,7,309,6
2022-02-25 11,0.073,0,30,0,8,318,5
2022-02-25 12,0.04,0,20,0,10,318,6
2022-02-25 13,0.065,0,25,0,11,308,4
2022-02-25 14,0.049,0,20,0,11,288,4
2022-02-25 15,0.061,0,25,0,11,276,3
2022-02-25 16,0.071,0,25,0,11,298,4
2022-02-25 17,0.039,0,30,0,9,290,4
2022-02-25 18,0.069,0,30,0,8,296,3
2022-02-25 19,0.071,0,35,0,7,302,4
2022-02-25 20,0.039,0,40,0,7,290,4
2022-02-25 21,0.07,0,50,0,6,288,5
2022-02-25 22,0.064,0,60,0,5,283,3
2022-02-25 23,0.049,0,65,0,4,284,2
2022-02-26 00,0.07,0,70,0,4,291,2
2022-02-26 01,0.045,0,70,0,4,282,3
2022-02-26 02,0.065,0,75,0,4,272,3
2022-02-26 03,0.068,0,75,0,4,247,2
2022-02-26 04,0.042,0,80,0,3,247,1
2022-02-26 05,0.067,0,80,0,2,256,2
2022-02-26 06,0.043,0,80,0,3,309,1
2022-02-26 07,0.139,0,80,0,3,215,1
2022-02-26 08,0.08,0,75,0,4,261,1
2022-02-26 09,0.034,0,65,0,7,226,1
2022-02-26 10,0.075,0,50,0,9,239,2
2022-02-26 11,0.037,0,40,0,10,226,4
2022-02-26 12,0.069,0,35,0,11,225,4
2022-02-26 13,0.074,0,35,0,12,214,6
2022-02-26 14,0.038,0,40,0,12,219,5
2022-02-26 15,0.069,0,35,0,12,219,6
2022-02-26 16,0.077,0,45,0,11,223,6
2022-02-26 17,0.039,0,45,0,10,226,6
2022-02-26 18,0.071,0,45,0,9,231,5
2022-02-26 19,0.072,0,60,0,8,229,6
2022-02-26 20,0.065,0,65,0,8,249,5
2022-02-26 21,0.05,0,65,0,8,249,5
2022-02-26 22,0.071,0,65,0,8,248,6
2022-02-26 23,0.071,0,60,0,8,264,6
2022-02-27 00,0.042,0,50,0,6,303,9
2022-02-27 01,0.072,0,50,0,4,309,8
2022-02-27 02,0.071,0,45,0,3,318,5
2022-02-27 03,0.059,0,40,0,3,306,5
2022-02-27 04,0.053,0,45,0,3,297,5
2022-02-27 05,0.074,0,45,0,3,316,5
2022-02-27 06,0.057,0,45,0,3,312,7
2022-02-27 07,0.054,0,45,0,3,311,5
2022-02-27 08,0.074,0,40,0,4,312,6
2022-02-27 09,0.037,0,30,0,6,298,4
2022-02-27 10,0.149,0,30,0,8,282,0
2022-02-27 11,0.076,0,25,0,9,161,1
2022-02-27 12,0.055,0,15,0,11,278,2
2022-02-27 13,0.058,0,20,0,12,284,3
2022-02-27 14,0.072,0,20,0,11,291,3
2022-02-27 15,0.064,0,25,0,11,266,2
2022-02-27 16,0.048,0,30,0,11,246,3
2022-02-27 17,0.072,0,35,0,10,274,3
2022-02-27 18,0.072,0,35,0,8,281,3
2022-02-27 19,0.06,0,40,0,7,283,3
2022-02-27 20,0.057,0,25,0,7,307,5
2022-02-27 21,0.071,0,25,0,7,324,5
2022-02-27 22,0.072,0,25,0,6,313,5
2022-02-27 23,0.044,0,30,0,5,298,5
2022-02-28 00,0.072,0,30,0,5,301,3
2022-02-28 01,0.073,0,35,0,5,302,2
2022-02-28 02,0.059,0,40,0,4,312,2
2022-02-28 03,0.054,0,40,0,4,15,1
2022-02-28 04,0.072,0,45,0,2,5,1
2022-02-28 05,0.061,0,50,0,2,58,0
2022-02-28 06,0.05,0,50,0,2,37,1
2022-02-28 07,0.076,0,50,0,2,64,1
2022-02-28 08,0.051,0,45,0,4,60,0
2022-02-28 09,0.06,0,40,0,6,63,1
2022-02-28 10,0.071,0,35,0,8,21,0
2022-02-28 11,0.043,0,25,0,10,125,0
2022-02-28 12,0.071,0,25,0,12,320,1
2022-02-28 13,0.12,0,20,0,12,305,0
2022-02-28 14,0.111,0,20,0,12,226,1
2022-02-28 15,0.046,0,25,0,11,186,4
2022-02-28 16,0.071,0,30,0,10,181,4
2022-02-28 17,0.072,0,35,0,9,180,3
2022-02-28 18,0.075,0,40,0,9,220,2
2022-02-28 19,0.055,0,45,0,9,174,2
2022-02-28 20,0.063,0,50,0,9,155,1
2022-02-28 21,0.073,0,50,0,8,34,1
2022-02-28 22,0.076,0,55,0,8,11,1
2022-02-28 23,0.056,0,50,0,8,12,2
2022-03-01 00,0.055,0,50,0,9,3,1
2022-03-01 01,0.078,0,55,0,9,15,1
2022-03-01 02,0.072,0,55,0,8,26,1
2022-03-01 03,0.061,5,60,0.2,8,49,2
2022-03-01 04,0.057,1,80,1.2,7,340,1
2022-03-01 05,0.072,1,85,0.9,7,58,1
2022-03-01 06,0.079,1,90,1.4,7,338,1
2022-03-01 07,0.052,1,90,3.5,7,267,1
2022-03-01 08,0.061,1,95,1.6,8,294,1
2022-03-01 09,0.077,0,85,0,10,302,4
2022-03-01 10,0.073,0,80,0,12,284,3
2022-03-01 11,0.058,0,70,0,13,307,6
2022-03-01 12,0.059,0,65,0,13,307,4
2022-03-01 13,0.077,0,60,0,14,287,3
2022-03-01 14,0.074,0,55,0,15,284,6
2022-03-01 15,0.079,0,50,0,15,308,5
2022-03-01 16,0.187,0,50,0,14,286,5
2022-03-01 17,0.107,0,55,0,12,281,6
2022-03-01 18,0.08,0,60,0,10,295,5
2022-03-01 19,0.095,0,60,0,9,314,3
2022-03-01 20,0.09,0,55,0,8,301,6
2022-03-01 21,0.092,0,55,0,6,311,6
2022-03-01 22,0.044,0,55,0,6,311,7
2022-03-01 23,0.067,0,55,0,5,308,7
2022-03-02 00,0.052,0,60,0,4,298,6
2022-03-02 01,0.073,0,60,0,3,306,6
2022-03-02 02,0.074,0,60,0,2,290,4
2022-03-02 03,0.045,0,60,0,1,289,5
2022-03-02 04,0.075,0,60,0,1,298,5
2022-03-02 05,0.074,0,60,0,1,297,6
2022-03-02 06,0.064,0,50,0,1,302,6
2022-03-02 07,0.054,0,50,0,2,309,6
2022-03-02 08,0.075,0,45,0,2,303,6
2022-03-02 09,0.067,0,40,0,4,307,5
2022-03-02 10,0.052,0,35,0,6,304,6
2022-03-02 11,0.073,0,30,0,7,304,6
2022-03-02 12,0.065,0,30,0,10,303,4
2022-03-02 13,0.052,0,25,0,10,290,6
2022-03-02 14,0.077,0,30,0,11,294,5
2022-03-02 15,0.087,0,25,0,12,298,5
2022-03-02 16,0.147,0,25,0,11,304,5
2022-03-02 17,0.046,0,30,0,9,302,6
2022-03-02 18,0.072,0,30,0,8,304,6
2022-03-02 19,0.078,0,35,0,7,303,7
2022-03-02 20,0.062,0,40,0,5,296,6
2022-03-02 21,0.056,0,45,0,4,298,6
2022-03-02 22,0.074,0,50,0,4,302,5
2022-03-02 23,0.077,0,55,0,4,295,4
2022-03-03 00,0.048,0,55,0,4,302,3
2022-03-03 01,0.069,0,60,0,3,284,3
2022-03-03 02,0.073,0,65,0,3,293,3
2022-03-03 03,0.074,0,65,0,3,272,3
2022-03-03 04,0.042,0,70,0,3,274,2
2022-03-03 05,0.074,0,70,0,2,264,1
2022-03-03 06,0.078,0,75,0,3,239,2
2022-03-03 07,0.044,0,70,0,4,247,2
2022-03-03 08,0.073,0,60,0,6,290,3
2022-03-03 09,0.073,0,55,0,8,264,1
2022-03-03 10,0.058,0,50,0,9,255,2
2022-03-03 11,0.064,0,45,0,10,226,3
2022-03-03 12,0.073,0,40,0,12,211,4
2022-03-03 13,0.073,0,35,0,13,222,4
2022-03-03 14,0.045,0,35,0,13,221,4
2022-03-03 15,0.077,0,40,0,12,219,4
2022-03-03 16,0.073,0,50,0,11,216,5
2022-03-03 17,0.078,0,60,0,10,217,5
2022-03-03 18,0.051,0,65,0,10,223,4
2022-03-03 19,0.159,0,65,0,9,232,4
2022-03-03 20,0.07,0,65,0,9,226,4
2022-03-03 21,0.079,0,70,0,9,139,1
2022-03-03 22,0.072,0,70,0,8,211,1
2022-03-03 23,0.047,0,75,0,8,217,1
2022-03-04 00,0.075,0,75,0,7,133,1
2022-03-04 01,0.073,0,80,0,6,263,0
2022-03-04 02,0.078,0,85,0,5,346,1
2022-03-04 03,0.045,0,80,0,6,339,1
2022-03-04 04,0.072,0,85,0,5,138,0
2022-03-04 05,0.078,0,85,0,4,19,1
2022-03-04 06,0.066,0,85,0,5,96,1
2022-03-04 07,0.051,0,85,0,5,140,1
2022-03-04 08,0.075,0,80,0,6,236,0
2022-03-04 09,0.075,0,75,0,7,6,1
2022-03-04 10,0.055,0,70,0,9,16,1
2022-03-04 11,0.062,0,65,0,10,319,0
2022-03-04 12,0.078,0,55,0,13,225,4
2022-03-04 13,0.079,0,55,0,14,228,4
2022-03-04 14,0.043,0,55,0,14,221,5
2022-03-04 15,0.074,0,55,0,14,224,5
2022-03-04 16,0.079,0,55,0,13,197,5
2022-03-04 17,0.078,0,60,0,12,211,5
2022-03-04 18,0.064,0,55,0,12,220,4
2022-03-04 19,0.053,0,60,0,11,229,4
2022-03-04 20,0.16,0,70,0,11,243,5
2022-03-04 21,0.081,0,70,0,10,229,5
2022-03-04 22,0.079,0,70,0,10,256,5
2022-03-04 23,0.078,0,65,0,10,250,6
2022-03-05 00,0.045,0,65,0,10,250,5
2022-03-05 01,0.072,0,70,0,10,240,5
2022-03-05 02,0.078,0,70,0,9,251,5
2022-03-05 03,0.073,0,70,0,9,256,4
2022-03-05 04,0.069,0,60,0,8,264,5
2022-03-05 05,0.052,0,60,0,7,283,6
2022-03-05 06,0.08,0,55,0,6,296,7
2022-03-05 07,0.073,0,50,0,6,305,6
2022-03-05 08,0.078,0,40,0,6,306,8
2022-03-05 09,0.052,0,30,0,8,307,8
2022-03-05 10,0.066,0,20,0,8,307,10
2022-03-05 11,0.079,0,20,0,9,311,8
2022-03-05 12,0.079,0,25,0,10,313,8
2022-03-05 13,0.049,0,20,0,10,309,9
2022-03-05 14,0.067,0,20,0,9,321,8
2022-03-05 15,0.079,0,20,0,9,329,8
2022-03-05 16,0.074,0,25,0,8,313,10
2022-03-05 17,0.063,0,25,0,6,316,7
2022-03-05 18,0.058,0,30,0,5,308,9
2022-03-05 19,0.074,0,30,0,4,306,9
2022-03-05 20,0.078,0,30,0,4,330,6
2022-03-05 21,0.059,0,40,0,3,322,7
2022-03-05 22,0.16,0,40,0,2,311,7
2022-03-05 23,0.063,0,45,0,2,305,6
2022-03-06 00,0.075,0,45,0,1,298,6
2022-03-06 01,0.056,0,45,0,1,298,4
2022-03-06 02,0.062,0,50,0,1,304,5
2022-03-06 03,0.079,0,50,0,0,300,6
2022-03-06 04,0.052,0,45,0,0,298,5
2022-03-06 05,0.067,0,45,0,0,294,4
2022-03-06 06,0.074,0,40,0,0,280,3
2022-03-06 07,0.055,0,35,0,1,295,6
2022-03-06 08,0.064,0,30,0,2,317,6
2022-03-06 09,0.079,0,25,0,4,306,7
2022-03-06 10,0.041,0,20,0,5,310,8
2022-03-06 11,0.077,0,20,0,7,309,7
2022-03-06 12,0.063,0,15,0,8,307,6
2022-03-06 13,0.056,0,15,0,10,310,6
2022-03-06 14,0.073,0,10,0,10,308,6
2022-03-06 15,0.072,0,15,0,10,308,5
2022-03-06 16,0.047,0,15,0,10,328,4
2022-03-06 17,0.075,0,20,0,9,303,5
2022-03-06 18,0.078,0,20,0,7,301,5
2022-03-06 19,0.05,0,30,0,6,308,5
2022-03-06 20,0.067,0,35,0,5,313,5
2022-03-06 21,0.075,0,35,0,5,312,5
2022-03-06 22,0.07,0,40,0,4,307,4
2022-03-06 23,0.048,0,40,0,4,309,3
2022-03-07 00,0.153,0,40,0,3,333,2
2022-03-07 01,0.083,0,40,0,3,314,1
2022-03-07 02,0.043,0,40,0,3,343,1
2022-03-07 03,0.078,0,40,0,3,11,2
2022-03-07 04,0.071,0,35,0,3,26,2
2022-03-07 05,0.046,0,40,0,2,35,3
2022-03-07 06,0.076,0,40,0,2,33,3
2022-03-07 07,0.046,0,40,0,3,36,3
2022-03-07 08,0.07,0,35,0,4,29,2
2022-03-07 09,0.065,0,35,0,6,51,3
2022-03-07 10,0.055,0,35,0,7,56,3
2022-03-07 11,0.075,0,35,0,8,37,1
2022-03-07 12,0.05,0,40,0,9,30,1
2022-03-07 13,0.067,0,35,0,11,164,1
2022-03-07 14,0.075,0,30,0,11,188,2
2022-03-07 15,0.072,0,25,0,12,209,3
2022-03-07 16,0.046,0,25,0,11,202,4
2022-03-07 17,0.078,0,35,0,9,201,3
2022-03-07 18,0.073,0,45,0,7,177,3
2022-03-07 19,0.068,0,40,0,8,225,5
2022-03-07 20,0.055,0,40,0,8,232,2
2022-03-07 21,0.075,0,40,0,7,263,1
2022-03-07 22,0.076,0,40,0,7,267,1
2022-03-07 23,0.055,0,40,0,5,296,1
2022-03-08 00,0.064,0,40,0,5,263,0
2022-03-08 01,0.148,0,45,0,5,343,1
2022-03-08 02,0.086,0,45,0,4,111,0
2022-03-08 03,0.05,0,40,0,4,192,0
2022-03-08 04,0.068,0,45,0,3,238,1
2022-03-08 05,0.074,0,45,0,3,286,1
2022-03-08 06,0.063,0,45,0,3,245,0
2022-03-08 07,0.055,0,50,0,3,114,0
2022-03-08 08,0.079,0,45,0,6,63,1
2022-03-08 09,0.045,0,35,0,8,153,0
2022-03-08 10,0.073,0,30,0,10,346,1
2022-03-08 11,0.073,0,25,0,11,28,1
2022-03-08 12,0.05,0,15,0,13,177,2
2022-03-08 13,0.066,0,20,0,14,215,2
2022-03-08 14,0.078,0,25,0,14,216,4
2022-03-08 15,0.076,0,25,0,14,226,4
2022-03-08 16,0.042,0,30,0,13,211,4
2022-03-08 17,0.076,0,45,0,11,191,4
2022-03-08 18,0.073,0,45,0,11,226,3
2022-03-08 19,0.079,0,50,0,10,232,1
2022-03-08 20,0.06,0,45,0,10,290,3
2022-03-08 21,0.057,0,40,0,10,291,4
2022-03-08 22,0.079,0,40,0,9,304,3
2022-03-08 23,0.073,0,40,0,9,300,2
2022-03-09 00,0.074,0,40,0,9,302,3
2022-03-09 01,0.05,0,45,0,8,286,3
2022-03-09 02,0.073,0,50,0,8,301,3
2022-03-09 03,0.133,0,55,0,8,283,2
2022-03-09 04,0.103,0,50,0,8,283,2
2022-03-09 05,0.055,0,60,0,6,288,1
2022-03-09 06,0.064,0,65,0,5,323,1
2022-03-09 07,0.079,0,65,0,6,62,1
2022-03-09 08,0.073,0,50,0,8,83,1
2022-03-09 09,0.045,0,45,0,10,6,1
2022-03-09 10,0.077,0,40,0,11,73,2
2022-03-09 11,0.074,0,35,0,13,103,1
2022-03-09 12,0.075,0,30,0,14,341,1
2022-03-09 13,0.042,0,20,0,16,169,2
2022-03-09 14,0.078,0,20,0,16,181,2
2022-03-09 15,0.105,0,20,0,16,159,4
2022-03-09 16,0.107,0,25,0,13,168,5
2022-03-09 17,0.099,0,30,0,12,160,3
2022-03-09 18,0.096,0,40,0,10,142,2
2022-03-09 19,0.099,0,50,0,9,140,2
2022-03-09 20,0.097,0,50,0,9,155,2
2022-03-09 21,0.096,0,45,0,8,168,1
2022-03-09 22,0.09,0,55,0,8,21,0
2022-03-09 23,0.09,0,55,0,7,23,1
2022-03-10 00,0.183,0,55,0,6,49,1
2022-03-10 01,0.103,0,65,0,6,38,0
2022-03-10 02,0.04,0,65,0,6,40,1
2022-03-10 03,0.044,0,55,0,6,55,1
2022-03-10 04,0.08,0,65,0,5,64,1
2022-03-10 05,0.073,0,65,0,5,104,1
2022-03-10 06,0.045,0,70,0,5,62,1
2022-03-10 07,0.077,0,70,0,6,143,1
2022-03-10 08,0.074,0,55,0,8,38,1
2022-03-10 09,0.054,0,55,0,10,54,1
2022-03-10 10,0.066,0,50,0,12,10,1
2022-03-10 11,0.077,0,50,0,13,310,1
2022-03-10 12,0.073,0,45,0,15,232,2
2022-03-10 13,0.053,0,40,0,16,218,4
2022-03-10 14,0.114,0,45,0,16,205,3
2022-03-10 15,0.106,0,45,0,15,214,3
2022-03-10 16,0.107,0,50,0,15,190,4
2022-03-10 17,0.106,0,55,0,13,187,4
2022-03-10 18,0.112,0,60,0,12,180,3
2022-03-10 19,0.109,0,65,0,12,200,2
2022-03-10 20,0.113,0,70,0,11,231,1
2022-03-10 21,0.112,0,70,0,10,12,1
2022-03-10 22,0.173,0,70,0,10,9,1
2022-03-10 23,0.146,0,75,0,9,44,0
2022-03-11 00,0.104,0,75,0,9,357,0
2022-03-11 01,0.11,0,75,0,9,2,1
2022-03-11 02,0.104,0,75,0,9,29,1
2022-03-11 03,0.11,0,75,0,9,43,1
2022-03-11 04,0.105,0,80,0,9,107,1
2022-03-11 05,0.109,0,80,0,9,54,1
2022-03-11 06,0.103,0,75,0,9,60,1
2022-03-11 07,0.109,0,75,0,9,52,1
2022-03-11 08,0.098,0,70,0,11,77,2
2022-03-11 09,0.103,0,65,0,12,51,1
2022-03-11 10,0.098,0,60,0,13,49,2
2022-03-11 11,0.104,0,60,0,14,14,1
2022-03-11 12,0.101,0,55,0,16,25,1
2022-03-11 13,0.105,0,65,0,16,42,2
2022-03-11 14,0.107,5,70,0.1,15,109,0
2022-03-11 15,0.101,5,75,0.1,15,75,1
2022-03-11 16,0.201,0,70,0,16,176,1
2022-03-11 17,0.121,0,70,0,15,174,2
2022-03-11 18,0.113,0,75,0,15,231,2
2022-03-11 19,0.109,0,75,0,14,222,1
2022-03-11 20,0.114,0,75,0,14,298,1
2022-03-11 21,0.109,0,80,0,14,32,0
2022-03-11 22,0.113,0,80,0,14,210,1
2022-03-11 23,0.113,0,75,0,14,227,2
2022-03-12 00,0.114,0,80,0,14,257,1
2022-03-12 01,0.112,0,85,0,13,327,1
2022-03-12 02,0.104,0,85,0,13,315,0
2022-03-12 03,0.103,0,85,0,12,280,0
2022-03-12 04,0.104,0,90,0,12,201,1
2022-03-12 05,0.1,0,90,0,11,298,1
2022-03-12 06,0.106,0,90,0,12,293,1
2022-03-12 07,0.11,0,85,0,13,63,1
2022-03-12 08,0.114,0,80,0,14,54,1
2022-03-12 09,0.19,0,70,0,16,288,0
2022-03-12 10,0.132,0,65,0,18,178,0
2022-03-12 11,0.114,0,55,0,19,225,2
2022-03-12 12,0.112,0,55,0,20,218,4
2022-03-12 13,0.112,0,50,0,21,207,4
2022-03-12 14,0.116,0,50,0,21,218,4
2022-03-12 15,0.117,0,50,0,20,215,2
2022-03-12 16,0.12,0,55,0,19,207,4
2022-03-12 17,0.115,0,70,0,17,182,4
2022-03-12 18,0.111,0,80,0,15,191,3
2022-03-12 19,0.113,0,80,0,15,192,3
2022-03-12 20,0.111,0,80,0,15,187,3
2022-03-12 21,0.111,0,85,0,15,168,4
2022-03-12 22,0.111,0,85,0,16,189,4
2022-03-12 23,0.119,0,85,0,15,199,4
2022-03-13 00,0.119,0,85,0,15,225,2
2022-03-13 01,0.185,0,85,0,15,200,3
2022-03-13 02,0.154,0,85,0,15,219,2
2022-03-13 03,0.119,0,85,0,15,236,3
2022-03-13 04,0.118,0,80,0,15,207,2
2022-03-13 05,0.119,1,80,0.6,15,216,3
2022-03-13 06,0.11,1,85,0.5,15,215,3
2022-03-13 07,0.11,5,85,0.1,15,217,4
2022-03-13 08,0.109,1,85,0.7,16,213,4
2022-03-13 09,0.108,1,90,1.1,15,208,4
2022-03-13 10,0.112,1,90,6,15,208,5
2022-03-13 11,0.112,1,90,1.1,15,206,6
2022-03-13 12,0.116,1,85,0.6,15,216,6
2022-03-13 13,0.117,1,85,0.4,16,233,5
2022-03-13 14,0.117,1,90,0.5,16,218,3
2022-03-13 15,0.117,1,90,0.3,15,214,4
2022-03-13 16,0.117,0,90,0,15,209,4
2022-03-13 17,0.137,0,90,0,15,227,2
2022-03-13 18,0.207,0,90,0,15,229,3
2022-03-13 19,0.11,0,90,0,14,287,0
2022-03-13 20,0.108,0,90,0,13,292,0
2022-03-13 21,0.108,0,95,0,13,263,0
2022-03-13 22,0.11,0,95,0,13,320,2
2022-03-13 23,0.108,0,95,0,12,173,0
2022-03-14 00,0.114,0,95,0,13,189,0
2022-03-14 01,0.118,0,95,0,13,49,1
2022-03-14 02,0.121,0,95,0,13,82,1
2022-03-14 03,0.121,0,95,0,12,141,2
2022-03-14 04,0.119,0,95,0,11,179,2
2022-03-14 05,0.117,0,95,0,11,141,3
2022-03-14 06,0.119,0,90,0,11,158,2
2022-03-14 07,0.118,0,90,0,12,182,2
2022-03-14 08,0.117,0,90,0,11,161,3
2022-03-14 09,0.107,0,90,0,12,179,2
2022-03-14 10,0.208,0,85,0,11,164,2
2022-03-14 11,0.112,0,90,0,12,140,2
2022-03-14 12,0.106,0,90,0,12,62,1
2022-03-14 13,0.115,0,90,0,12,348,0
2022-03-14 14,0.116,0,90,0,12,263,1
2022-03-14 15,0.116,5,90,0.1,12,243,2
2022-03-14 16,0.117,0,90,0,12,359,2
2022-03-14 17,0.117,0,90,0,12,230,5
2022-03-14 18,0.121,0,90,0,12,249,4
2022-03-14 19,0.117,0,85,0,13,280,5
2022-03-14 20,0.116,0,80,0,12,283,4
2022-03-14 21,0.11,0,70,0,11,306,5
2022-03-14 22,0.105,0,70,0,10,283,4
2022-03-14 23,0.104,0,70,0,9,272,4
2022-03-15 00,0.101,0,65,0,9,270,4
2022-03-15 01,0.106,0,65,0,8,293,5
2022-03-15 02,0.115,0,65,0,8,287,4
2022-03-15 03,0.198,0,70,0,7,303,4
2022-03-15 04,0.126,0,70,0,6,294,4
2022-03-15 05,0.114,0,70,0,6,298,5
2022-03-15 06,0.112,0,70,0,6,312,3
2022-03-15 07,0.109,0,70,0,6,322,2
2022-03-15 08,0.111,0,65,0,8,339,2
2022-03-15 09,0.112,0,60,0,9,54,2
2022-03-15 10,0.107,0,55,0,11,39,2
2022-03-15 11,0.098,0,50,0,12,41,1
2022-03-15 12,0.104,0,50,0,14,117,1
2022-03-15 13,0.105,0,45,0,15,295,1
2022-03-15 14,0.105,0,45,0,15,198,1
2022-03-15 15,0.104,0,45,0,15,172,4
2022-03-15 16,0.11,0,45,0,14,176,3
2022-03-15 17,0.116,0,45,0,13,178,2
2022-03-15 18,0.116,0,50,0,12,214,2
2022-03-15 19,0.114,0,50,0,11,78,1
2022-03-15 20,0.165,0,50,0,11,359,1
2022-03-15 21,0.165,0,55,0,10,324,1
2022-03-15 22,0.115,0,60,0,9,207,2
2022-03-15 23,0.113,0,65,0,9,219,0
2022-03-16 00,0.114,0,60,0,9,200,1
2022-03-16 01,0.112,0,70,0,8,296,0
2022-03-16 02,0.102,0,75,0,8,43,0
2022-03-16 03,0.102,0,80,0,7,305,1
2022-03-16 04,0.104,0,80,0,7,33,0
2022-03-16 05,0.104,0,80,0,7,342,1
2022-03-16 06,0.108,0,75,0,7,341,1
2022-03-16 07,0.111,0,75,0,8,210,1
2022-03-16 08,0.111,0,70,0,10,20,1
2022-03-16 09,0.111,0,60,0,12,1,0
2022-03-16 10,0.11,0,50,0,13,181,0
2022-03-16 11,0.107,0,45,0,15,327,0
2022-03-16 12,0.114,0,30,0,18,163,1
2022-03-16 13,0.139,0,30,0,19,194,2
2022-03-16 14,0.188,0,35,0,18,210,1
2022-03-16 15,0.114,0,35,0,18,175,2
2022-03-16 16,0.115,0,30,0,17,172,3
2022-03-16 17,0.114,0,40,0,15,195,2
2022-03-16 18,0.112,0,45,0,14,162,1
2022-03-16 19,0.107,0,45,0,13,189,1
2022-03-16 20,0.107,0,40,0,13,200,1
2022-03-16 21,0.107,0,50,0,12,9,1
2022-03-16 22,0.107,0,50,0,11,44,1
2022-03-16 23,0.119,0,55,0,11,46,1
2022-03-17 00,0.116,0,60,0,11,52,2
2022-03-17 01,0.115,1,70,0.6,12,52,1
2022-03-17 02,0.114,0,65,0,11,63,3
2022-03-17 03,0.116,0,65,0,11,53,2
2022-03-17 04,0.114,0,65,0,11,76,2
2022-03-17 05,0.12,0,65,0,11,94,2
2022-03-17 06,0.113,0,55,0,12,87,2
2022-03-17 07,0.205,0,55,0,12,64,2
2022-03-17 08,0.111,0,55,0,13,69,1
2022-03-17 09,0.105,0,60,0,12,78,3
2022-03-17 10,0.105,0,60,0,13,83,4
2022-03-17 11,0.105,0,60,0,13,92,2
2022-03-17 12,0.115,0,60,0,13,88,5
2022-03-17 13,0.114,0,55,0,13,78,4
2022-03-17 14,0.114,5,55,0.1,13,94,5
2022-03-17 15,0.114,5,65,0.2,12,95,3
2022-03-17 16,0.115,1,70,0.4,11,76,6
2022-03-17 17,0.114,1,80,0.6,10,74,6
2022-03-17 18,0.115,1,80,0.3,9,65,8
2022-03-17 19,0.119,1,85,0.6,9,62,7
2022-03-17 20,0.114,1,90,0.8,8,62,6
2022-03-17 21,0.104,1,85,1.3,8,55,6
2022-03-17 22,0.105,1,90,1.3,8,63,7
2022-03-17 23,0.104,1,90,1,8,67,7
2022-03-18 00,0.203,1,90,2.3,7,66,7
2022-03-18 01,0.114,1,90,3.4,7,67,7
2022-03-18 02,0.114,1,90,2.3,7,63,7
2022-03-18 03,0.113,1,85,3.9,7,64,7
2022-03-18 04,0.114,1,85,0.9,8,67,7
2022-03-18 05,0.11,1,85,0.6,8,63,7
2022-03-18 06,0.112,1,85,0.4,8,50,7
2022-03-18 07,0.113,5,80,0.2,8,63,8
2022-03-18 08,0.113,0,75,0,8,46,7
2022-03-18 09,0.111,0,75,0,9,46,7
2022-03-18 10,0.112,0,70,0,9,49,7
2022-03-18 11,0.104,0,65,0,10,45,6
2022-03-18 12,0.103,0,65,0,10,38,6
2022-03-18 13,0.109,0,65,0,10,36,5
2022-03-18 14,0.104,0,65,0,10,59,5
2022-03-18 15,0.106,0,70,0,9,59,4
2022-03-18 16,0.112,0,70,0,8,51,5
2022-03-18 17,0.206,0,70,0,8,65,5
2022-03-18 18,0.123,5,75,0.1,8,72,4
2022-03-18 19,0.114,0,70,0,8,69,5
2022-03-18 20,0.112,0,65,0,8,66,4
2022-03-18 21,0.11,0,65,0,7,71,4
2022-03-18 22,0.111,0,65,0,7,56,3
2022-03-18 23,0.112,0,70,0,7,64,4
2022-03-19 00,0.112,0,70,0,7,68,4
2022-03-19 01,0.107,0,70,0,7,71,4
2022-03-19 02,0.103,1,80,0.9,6,63,2
2022-03-19 03,0.104,5,85,0.2,5,55,3
2022-03-19 04,0.103,1,85,0.4,5,54,3
2022-03-19 05,0.107,0,90,0,5,61,1
2022-03-19 06,0.107,1,90,0.4,5,332,1
2022-03-19 07,0.109,1,90,0.8,5,163,1
2022-03-19 08,0.11,1,90,0.8,6,267,1
2022-03-19 09,0.11,1,90,0.3,7,253,4
2022-03-19 10,0.167,0,80,0,7,258,5
2022-03-19 11,0.154,0,75,0,8,282,7
2022-03-19 12,0.11,0,60,0,8,291,9
2022-03-19 13,0.11,0,55,0,8,287,9
2022-03-19 14,0.111,0,55,0,7,300,10
2022-03-19 15,0.106,0,55,0,7,308,6
2022-03-19 16,0.111,0,55,0,7,308,4
2022-03-19 17,0.108,0,60,0,6,332,4
2022-03-19 18,0.103,0,65,0,5,338,5
2022-03-19 19,0.102,0,65,0,5,332,4
2022-03-19 20,0.08,0,60,0,5,304,3
2022-03-19 21,0.052,0,65,0,5,311,3
2022-03-19 22,0.075,0,65,0,5,325,2
2022-03-19 23,0.073,0,70,0,4,278,1
2022-03-20 00,0.088,0,70,0,4,323,1
2022-03-20 01,0.085,0,70,0,4,306,2
2022-03-20 02,0.059,0,70,0,5,276,2
2022-03-20 03,0.089,0,70,0,4,310,2
2022-03-20 04,0.086,0,70,0,4,332,1
2022-03-20 05,0.066,0,75,0,3,347,2
2022-03-20 06,0.078,0,75,0,3,327,1
2022-03-20 07,0.088,0,70,0,5,333,3
2022-03-20 08,0.075,0,65,0,6,350,2
2022-03-20 09,0.053,0,60,0,8,328,2
2022-03-20 10,0.157,0,55,0,8,1,2
2022-03-20 11,0.087,0,55,0,9,274,1
2022-03-20 12,0.07,0,50,0,10,312,1
2022-03-20 13,0.047,0,50,0,11,263,2
2022-03-20 14,0.081,0,50,0,11,295,4
2022-03-20 15,0.091,0,50,0,11,308,4
2022-03-20 16,0.084,0,50,0,10,305,4
2022-03-20 17,0.062,0,50,0,9,313,5
2022-03-20 18,0.084,0,55,0,8,303,5
2022-03-20 19,0.091,0,55,0,8,301,5
2022-03-20 20,0.086,0,55,0,8,315,4
2022-03-20 21,0.066,0,60,0,7,307,4
2022-03-20 22,0.067,0,60,0,7,298,5
2022-03-20 23,0.077,0,60,0,6,297,4
2022-03-21 00,0.078,0,55,0,6,318,4
2022-03-21 01,0.056,0,60,0,5,310,4
2022-03-21 02,0.061,0,60,0,5,307,5
2022-03-21 03,0.079,0,55,0,4,314,4
2022-03-21 04,0.078,0,55,0,4,338,1
2022-03-21 05,0.052,0,55,0,4,345,1
2022-03-21 06,0.07,0,55,0,4,28,2
2022-03-21 07,0.073,0,50,0,5,32,2
2022-03-21 08,0.076,0,45,0,7,56,4
2022-03-21 09,0.047,0,45,0,8,50,3
2022-03-21 10,0.072,0,35,0,9,58,3
2022-03-21 11,0.078,0,30,0,10,46,3
2022-03-21 12,0.067,0,25,0,11,61,2
2022-03-21 13,0.166,0,30,0,12,125,2
2022-03-21 14,0.102,0,40,0,11,159,4
2022-03-21 15,0.1,0,45,0,10,182,2
2022-03-21 16,0.098,0,50,0,10,196,2
2022-03-21 17,0.097,0,50,0,10,240,2
2022-03-21 18,0.095,0,50,0,9,49,0
2022-03-21 19,0.093,0,55,0,9,120,0
2022-03-21 20,0.088,0,60,0,9,6,1
2022-03-21 21,0.094,5,60,0.1,9,140,2
2022-03-21 22,0.096,1,65,0.3,8,311,1
2022-03-21 23,0.098,5,60,0.1,8,156,2
2022-03-22 00,0.096,0,60,0,8,328,1
2022-03-22 01,0.093,0,55,0,8,31,0
2022-03-22 02,0.097,0,60,0,8,119,1
2022-03-22 03,0.047,0,70,0,7,299,1
2022-03-22 04,0.04,0,65,0,7,305,2
2022-03-22 05,0.08,0,65,0,7,322,2
2022-03-22 06,0.077,0,60,0,6,325,2
2022-03-22 07,0.045,0,55,0,7,321,2
2022-03-22 08,0.075,0,45,0,9,28,2
2022-03-22 09,0.129,0,40,0,9,25,2
2022-03-22 10,0.108,0,40,0,10,45,2
2022-03-22 11,0.053,0,35,0,12,130,2
2022-03-22 12,0.065,0,30,0,13,81,1
2022-03-22 13,0.079,0,30,0,13,90,2
2022-03-22 14,0.104,0,25,0,13,106,2
2022-03-22 15,0.105,0,25,0,13,108,3
2022-03-22 16,0.099,0,30,0,12,163,4
2022-03-22 17,0.097,0,45,0,11,148,5
2022-03-22 18,0.097,0,65,0,10,159,4
2022-03-22 19,0.095,0,65,0,9,154,3
2022-03-22 20,0.091,0,60,0,9,131,1
2022-03-22 21,0.088,0,60,0,8,130,0
2022-03-22 22,0.092,0,65,0,8,78,1
2022-03-22 23,0.098,0,65,0,8,14,0
2022-03-23 00,0.101,0,65,0,7,49,0
2022-03-23 01,0.097,0,65,0,7,17,2
2022-03-23 02,0.1,0,55,0,8,61,3
2022-03-23 03,0.049,0,60,0,8,51,4
2022-03-23 04,0.044,0,60,0,7,32,2
2022-03-23 05,0.127,0,65,0,7,43,2
2022-03-23 06,0.11,0,65,0,7,56,3
2022-03-23 07,0.046,0,60,0,7,43,4
2022-03-23 08,0.078,0,55,0,8,33,2
2022-03-23 09,0.078,0,55,0,9,329,2
2022-03-23 10,0.069,0,55,0,10,328,2
2022-03-23 11,0.047,0,50,0,11,333,2
2022-03-23 12,0.079,0,50,0,12,273,3
2022-03-23 13,0.096,0,50,0,13,280,4
2022-03-23 14,0.113,0,45,0,13,288,4
2022-03-23 15,0.102,0,45,0,14,298,3
2022-03-23 16,0.101,0,45,0,13,263,4
2022-03-23 17,0.098,0,45,0,12,296,4
2022-03-23 18,0.096,0,45,0,11,299,3
2022-03-23 19,0.094,0,45,0,10,313,3
2022-03-23 20,0.094,0,50,0,9,300,4
2022-03-23 21,0.088,0,45,0,8,303,5
2022-03-23 22,0.095,0,45,0,8,316,4
2022-03-23 23,0.098,0,45,0,7,297,5
2022-03-24 00,0.06,0,45,0,8,311,4
2022-03-24 01,0.043,0,45,0,7,302,4
2022-03-24 02,0.141,0,50,0,7,298,3
2022-03-24 03,0.097,0,50,0,7,301,3
2022-03-24 04,0.046,0,50,0,6,301,3
2022-03-24 05,0.072,0,55,0,6,325,3
2022-03-24 06,0.079,0,55,0,6,310,2
2022-03-24 07,0.065,0,55,0,7,313,1
2022-03-24 08,0.053,0,50,0,8,161,1
2022-03-24 09,0.077,0,45,0,11,277,1
2022-03-24 10,0.077,0,40,0,12,169,0
2022-03-24 11,0.055,0,40,0,13,203,0
2022-03-24 12,0.067,0,40,0,14,170,1
2022-03-24 13,0.094,0,40,0,15,164,1
2022-03-24 14,0.105,0,40,0,16,183,2
2022-03-24 15,0.096,0,40,0,15,191,4
2022-03-24 16,0.108,0,40,0,14,188,3
2022-03-24 17,0.11,0,50,0,13,179,3
2022-03-24 18,0.114,0,55,0,11,161,2
2022-03-24 19,0.108,0,55,0,11,200,2
2022-03-24 20,0.114,0,60,0,10,199,3
2022-03-24 21,0.108,0,65,0,9,148,0
2022-03-24 22,0.132,0,70,0,9,318,1
2022-03-24 23,0.193,0,70,0,9,79,2
2022-03-25 00,0.106,0,70,0,8,60,2
2022-03-25 01,0.106,0,70,0,8,56,1
2022-03-25 02,0.107,0,70,0,8,98,1
2022-03-25 03,0.1,0,75,0,8,48,2
2022-03-25 04,0.104,0,80,0,8,51,2
2022-03-25 05,0.1,0,75,0,8,71,2
2022-03-25 06,0.1,0,75,0,8,77,1
2022-03-25 07,0.057,0,70,0,10,52,2
2022-03-25 08,0.05,0,70,0,10,34,2
2022-03-25 09,0.095,0,65,0,12,43,1
2022-03-25 10,0.085,0,65,0,14,62,2
2022-03-25 11,0.1,0,65,0,15,102,2
2022-03-25 12,0.115,0,65,0,15,110,2
2022-03-25 13,0.11,0,70,0,15,147,3
2022-03-25 14,0.101,0,75,0,15,144,4
2022-03-25 15,0.107,0,80,0,14,137,3
2022-03-25 16,0.11,0,85,0,15,144,4
2022-03-25 17,0.11,0,80,0,15,149,4
2022-03-25 18,0.196,0,80,0,16,131,5
2022-03-25 19,0.126,0,80,0,16,141,5
2022-03-25 20,0.112,1,85,0.5,15,136,7
2022-03-25 21,0.113,1,85,1.3,15,136,7
2022-03-25 22,0.108,1,90,3.8,14,143,6
2022-03-25 23,0.113,1,90,4.1,14,134,3
2022-03-26 00,0.111,1,95,6.1,14,138,2
2022-03-26 01,0.109,1,95,8.7,15,172,2
2022-03-26 02,0.11,1,95,6.7,15,210,3
2022-03-26 03,0.104,1,95,2.5,16,206,7
2022-03-26 04,0.102,1,90,2.4,16,209,7
2022-03-26 05,0.102,1,90,2,16,228,6
2022-03-26 06,0.106,5,90,0.1,15,225,4
2022-03-26 07,0.108,0,90,0,14,245,4
2022-03-26 08,0.11,0,85,0,14,241,6
2022-03-26 09,0.113,0,75,0,13,244,8
2022-03-26 10,0.114,0,80,0,13,250,8
2022-03-26 11,0.157,0,75,0,13,261,6
2022-03-26 12,0.169,0,75,0,13,280,7
2022-03-26 13,0.115,0,70,0,14,267,6
2022-03-26 14,0.116,0,70,0,15,296,7
2022-03-26 15,0.114,0,70,0,14,307,9
2022-03-26 16,0.105,0,65,0,14,294,7
2022-03-26 17,0.104,0,70,0,12,305,7
2022-03-26 18,0.106,0,70,0,12,301,7
2022-03-26 19,0.105,0,70,0,12,302,4
2022-03-26 20,0.106,0,75,0,11,314,6
2022-03-26 21,0.107,0,75,0,11,303,4
2022-03-26 22,0.115,0,75,0,11,312,6
2022-03-26 23,0.113,0,75,0,10,305,5
2022-03-27 00,0.109,0,70,0,10,287,4
2022-03-27 01,0.113,0,70,0,11,293,4
2022-03-27 02,0.113,0,65,0,10,295,4
2022-03-27 03,0.107,0,55,0,10,303,6
2022-03-27 04,0.118,0,50,0,10,333,2
2022-03-27 05,0.201,0,50,0,10,307,2
2022-03-27 06,0.108,0,50,0,10,219,1
2022-03-27 07,0.105,0,50,0,11,221,1
2022-03-27 08,0.105,0,40,0,12,230,2
2022-03-27 09,0.1,0,40,0,13,236,2
2022-03-27 10,0.106,0,25,0,15,257,3
2022-03-27 11,0.105,0,25,0,17,240,5
2022-03-27 12,0.103,0,20,0,18,256,4
2022-03-27 13,0.112,0,20,0,18,259,5
2022-03-27 14,0.113,0,20,0,19,260,5
2022-03-27 15,0.115,0,30,0,18,270,5
2022-03-27 16,0.11,0,25,0,18,283,6
2022-03-27 17,0.116,0,35,0,16,295,7
2022-03-27 18,0.116,0,40,0,13,306,6
2022-03-27 19,0.117,0,35,0,12,315,5
2022-03-27 20,0.114,0,30,0,11,307,6
2022-03-27 21,0.108,0,30,0,9,314,7
2022-03-27 22,0.2,0,30,0,8,311,8
2022-03-27 23,0.11,0,35,0,7,314,7
2022-03-28 00,0.105,0,35,0,7,322,5
2022-03-28 01,0.1,0,35,0,7,313,4
2022-03-28 02,0.107,0,40,0,7,11,4
2022-03-28 03,0.109,0,35,0,6,33,4
2022-03-28 04,0.112,0,35,0,6,3,4
2022-03-28 05,0.111,0,35,0,6,12,3
2022-03-28 06,0.107,0,35,0,6,11,3
2022-03-28 07,0.11,0,30,0,7,22,2
2022-03-28 08,0.056,0,35,0,9,24,2
2022-03-28 09,0.055,0,30,0,10,60,3
2022-03-28 10,0.093,0,35,0,10,58,4
2022-03-28 11,0.118,0,40,0,11,44,3
2022-03-28 12,0.116,0,40,0,12,59,3
2022-03-28 13,0.111,0,40,0,12,67,3
2022-03-28 14,0.112,0,40,0,13,126,2
2022-03-28 15,0.114,0,40,0,13,126,2
2022-03-28 16,0.116,0,45,0,12,160,4
2022-03-28 17,0.202,0,50,0,11,157,4
2022-03-28 18,0.108,0,55,0,10,155,4
2022-03-28 19,0.106,0,55,0,9,152,4
2022-03-28 20,0.107,0,55,0,10,151,3
2022-03-28 21,0.1,0,55,0,10,152,2
2022-03-28 22,0.108,0,55,0,9,41,1
2022-03-28 23,0.113,0,60,0,9,13,2
2022-03-29 00,0.113,0,60,0,8,36,2
2022-03-29 01,0.107,0,65,0,7,66,1
2022-03-29 02,0.113,0,65,0,7,33,1
2022-03-29 03,0.113,0,65,0,7,48,2
2022-03-29 04,0.107,0,70,0,6,36,2
2022-03-29 05,0.112,0,70,0,6,45,2
2022-03-29 06,0.111,0,70,0,6,70,2
2022-03-29 07,0.107,0,70,0,8,34,2
2022-03-29 08,0.104,0,60,0,9,47,3
2022-03-29 09,0.101,0,50,0,11,25,3
2022-03-29 10,0.197,0,40,0,13,55,1
2022-03-29 11,0.11,0,45,0,14,80,1
2022-03-29 12,0.107,0,40,0,15,64,1
2022-03-29 13,0.101,0,40,0,16,167,1
2022-03-29 14,0.104,0,45,0,16,140,2
2022-03-29 15,0.102,0,45,0,16,164,2
2022-03-29 16,0.111,0,45,0,14,143,3
2022-03-29 17,0.113,0,50,0,13,146,3
2022-03-29 18,0.113,0,60,0,12,163,3
2022-03-29 19,0.115,0,60,0,11,180,1
2022-03-29 20,0.108,0,70,0,10,166,1
2022-03-29 21,0.114,0,70,0,10,6,1
2022-03-29 22,0.114,0,75,0,9,349,1
2022-03-29 23,0.113,0,80,0,8,12,2
2022-03-30 00,0.108,0,80,0,8,16,1
2022-03-30 01,0.107,0,80,0,8,39,1
2022-03-30 02,0.103,0,70,0,8,360,1
2022-03-30 03,0.196,0,70,0,9,32,1
2022-03-30 04,0.111,0,75,0,9,337,1
2022-03-30 05,0.105,0,75,0,9,359,1
2022-03-30 06,0.105,0,75,0,9,55,2
2022-03-30 07,0.104,0,75,0,10,89,1
2022-03-30 08,0.11,0,70,0,11,57,1
2022-03-30 09,0.109,0,70,0,12,106,2
2022-03-30 10,0.106,0,70,0,13,42,2
2022-03-30 11,0.111,0,70,0,14,359,1
2022-03-30 12,0.113,0,65,0,16,27,1
2022-03-30 13,0.109,0,70,0,17,82,2
2022-03-30 14,0.114,0,70,0,18,151,1
2022-03-30 15,0.113,0,65,0,20,211,2
2022-03-30 16,0.115,0,70,0,19,225,2
2022-03-30 17,0.115,0,75,0,17,360,0
2022-03-30 18,0.109,0,85,0,15,182,1
2022-03-30 19,0.108,0,85,0,15,110,1
2022-03-30 20,0.205,0,90,0,14,169,1
2022-03-30 21,0.113,0,90,0,14,220,1
2022-03-30 22,0.106,0,90,0,14,248,1
2022-03-30 23,0.11,0,90,0,14,225,1
2022-03-31 00,0.116,0,85,0,14,215,1
2022-03-31 01,0.117,0,85,0,15,237,2
2022-03-31 02,0.116,0,85,0,15,277,3
2022-03-31 03,0.116,0,80,0,14,300,3
2022-03-31 04,0.115,0,75,0,14,307,4
2022-03-31 05,0.114,0,70,0,13,311,4
2022-03-31 06,0.117,0,70,0,13,297,4
2022-03-31 07,0.115,0,70,0,13,303,4
2022-03-31 08,0.105,0,65,0,14,330,2
2022-03-31 09,0.104,0,60,0,16,315,2
2022-03-31 10,0.101,0,55,0,16,266,1
2022-03-31 11,0.107,0,55,0,17,245,1
2022-03-31 12,0.11,0,65,0,16,167,4
2022-03-31 13,0.21,0,65,0,15,162,4
2022-03-31 14,0.125,0,70,0,14,163,5
2022-03-31 15,0.119,0,70,0,13,170,5
2022-03-31 16,0.12,0,70,0,13,176,4
2022-03-31 17,0.122,0,75,0,12,170,4
2022-03-31 18,0.115,0,75,0,12,166,3
2022-03-31 19,0.123,0,75,0,11,179,3
2022-03-31 20,0.113,0,75,0,11,219,3
2022-03-31 21,0.112,0,75,0,11,234,1
2022-03-31 22,0.108,0,70,0,11,265,2
2022-03-31 23,0.107,0,70,0,10,266,2
2022-04-01 00,0.106,0,80,0,10,45,3
2022-04-01 01,0.107,5,80,0.1,10,69,4
2022-04-01 02,0.114,0,80,0,9,62,5
2022-04-01 03,0.113,0,75,0,9,58,5
2022-04-01 04,0.115,0,70,0,8,65,5
2022-04-01 05,0.156,0,70,0,8,70,5
2022-04-01 06,0.178,0,70,0,8,62,4
2022-04-01 07,0.116,0,65,0,8,60,5
2022-04-01 08,0.115,0,55,0,9,33,5
2022-04-01 09,0.112,0,50,0,10,62,3
2022-04-01 10,0.101,0,50,0,11,55,4
2022-04-01 11,0.104,0,45,0,12,59,2
2022-04-01 12,0.106,0,40,0,13,90,2
2022-04-01 13,0.109,0,35,0,13,107,2
2022-04-01 14,0.115,0,40,0,13,136,4
2022-04-01 15,0.117,0,45,0,12,171,4
2022-04-01 16,0.118,0,45,0,12,151,5
2022-04-01 17,0.118,0,50,0,11,153,4
2022-04-01 18,0.119,0,55,0,10,164,3
2022-04-01 19,0.117,0,55,0,10,151,4
2022-04-01 20,0.118,0,55,0,10,149,3
2022-04-01 21,0.117,0,55,0,10,149,2
2022-04-01 22,0.117,0,55,0,10,146,2
2022-04-01 23,0.206,0,55,0,10,145,2
2022-04-02 00,0.101,0,55,0,9,149,2
2022-04-02 01,0.101,0,55,0,9,147,2
2022-04-02 02,0.109,0,60,0,9,94,1
2022-04-02 03,0.115,0,60,0,9,16,1
2022-04-02 04,0.116,0,65,0,9,33,1
2022-04-02 05,0.116,0,65,0,8,17,1
2022-04-02 06,0.116,0,65,0,8,36,1
2022-04-02 07,0.115,0,65,0,9,21,1
2022-04-02 08,0.112,0,60,0,11,314,0
2022-04-02 09,0.11,0,50,0,12,261,1
2022-04-02 10,0.108,0,50,0,12,206,0
2022-04-02 11,0.105,0,45,0,13,218,2
2022-04-02 12,0.104,0,40,0,14,214,2
2022-04-02 13,0.106,0,40,0,14,258,1
2022-04-02 14,0.105,0,40,0,14,193,4
2022-04-02 15,0.112,0,45,0,14,202,5
2022-04-02 16,0.21,0,45,0,14,203,5
2022-04-02 17,0.127,0,45,0,13,208,6
2022-04-02 18,0.118,0,45,0,12,226,4
2022-04-02 19,0.118,0,40,0,11,237,3
2022-04-02 20,0.116,0,45,0,10,290,3
2022-04-02 21,0.117,0,45,0,10,300,4
2022-04-02 22,0.115,0,45,0,9,293,4
2022-04-02 23,0.105,0,40,0,8,301,3
2022-04-03 00,0.098,0,40,0,7,307,4
2022-04-03 01,0.104,0,40,0,7,312,3
2022-04-03 02,0.104,0,45,0,7,328,2
2022-04-03 03,0.111,0,45,0,7,320,1
2022-04-03 04,0.114,0,50,0,6,321,1
2022-04-03 05,0.113,0,55,0,6,10,1
2022-04-03 06,0.107,0,60,0,6,26,1
2022-04-03 07,0.112,0,50,0,8,14,2
2022-04-03 08,0.055,0,45,0,9,35,3
2022-04-03 09,0.053,0,40,0,11,53,3
2022-04-03 10,0.109,0,40,0,13,57,2
2022-04-03 11,0.201,0,35,0,14,58,1
2022-04-03 12,0.123,0,35,0,15,106,1
2022-04-03 13,0.116,0,35,0,16,121,1
2022-04-03 14,0.114,0,35,0,16,179,4
2022-04-03 15,0.114,0,40,0,16,163,4
2022-04-03 16,0.115,0,40,0,15,173,4
2022-04-03 17,0.11,0,45,0,14,186,3
2022-04-03 18,0.106,0,50,0,12,190,3
2022-04-03 19,0.105,0,50,0,11,194,2
2022-04-03 20,0.105,0,50,0,11,192,1
2022-04-03 21,0.104,0,50,0,10,81,1
2022-04-03 22,0.112,0,60,0,9,48,1
2022-04-03 23,0.111,0,65,0,9,49,1
2022-04-04 00,0.112,0,70,0,8,110,0
2022-04-04 01,0.114,0,65,0,8,81,1
2022-04-04 02,0.114,0,65,0,8,51,1
2022-04-04 03,0.113,0,65,0,8,53,0
2022-04-04 04,0.125,0,65,0,8,58,1
2022-04-04 05,0.194,0,65,0,7,39,1
2022-04-04 06,0.112,0,65,0,7,28,1
2022-04-04 07,0.104,0,60,0,9,23,1
2022-04-04 08,0.104,0,60,0,10,39,3
2022-04-04 09,0.102,0,50,0,12,59,2
2022-04-04 10,0.102,0,45,0,14,348,0
2022-04-04 11,0.104,0,40,0,16,282,0
2022-04-04 12,0.105,0,30,0,17,205,2
2022-04-04 13,0.11,0,30,0,18,241,3
2022-04-04 14,0.111,0,30,0,18,230,4
2022-04-04 15,0.113,0,30,0,18,207,3
2022-04-04 16,0.113,0,40,0,16,188,5
2022-04-04 17,0.116,0,45,0,15,171,4
2022-04-04 18,0.115,0,50,0,13,182,4
2022-04-04 19,0.116,0,40,0,14,214,3
2022-04-04 20,0.115,0,40,0,13,246,3
2022-04-04 21,0.122,0,45,0,13,265,2
2022-04-04 22,0.202,0,35,0,12,268,2
2022-04-04 23,0.111,0,40,0,11,234,2
2022-04-05 00,0.105,0,45,0,10,238,1
2022-04-05 01,0.107,0,45,0,10,212,1
2022-04-05 02,0.105,0,50,0,9,226,1
2022-04-05 03,0.103,0,50,0,8,286,1
2022-04-05 04,0.113,0,55,0,7,294,1
2022-04-05 05,0.113,0,60,0,7,246,0
2022-04-05 06,0.113,0,60,0,7,225,1
2022-04-05 07,0.113,0,50,0,9,43,0
2022-04-05 08,0.108,0,40,0,11,216,0
2022-04-05 09,0.111,0,30,0,14,204,2
2022-04-05 10,0.112,0,25,0,16,218,2
2022-04-05 11,0.112,0,20,0,17,232,3
2022-04-05 12,0.113,0,20,0,17,211,3
2022-04-05 13,0.11,0,20,0,18,232,3
2022-04-05 14,0.107,0,25,0,17,220,5
2022-04-05 15,0.204,0,25,0,17,222,4
2022-04-05 16,0.12,0,30,0,16,221,5
2022-04-05 17,0.109,0,35,0,15,233,5
2022-04-05 18,0.11,0,40,0,14,230,5
2022-04-05 19,0.114,0,35,0,14,246,5
2022-04-05 20,0.117,0,30,0,14,279,4
2022-04-05 21,0.117,0,35,0,13,276,3
2022-04-05 22,0.117,0,35,0,12,250,3
2022-04-05 23,0.116,0,35,0,12,281,3
2022-04-06 00,0.118,0,35,0,12,262,3
2022-04-06 01,0.116,0,35,0,11,281,4
2022-04-06 02,0.117,0,40,0,11,270,4
2022-04-06 03,0.114,0,40,0,11,276,4
2022-04-06 04,0.105,0,45,0,11,268,4
2022-04-06 05,0.103,0,35,0,11,290,3
2022-04-06 06,0.101,0,35,0,11,327,2
2022-04-06 07,0.2,0,25,0,12,274,1
2022-04-06 08,0.118,0,25,0,13,328,1
2022-04-06 09,0.113,0,25,0,15,27,0
2022-04-06 10,0.114,0,20,0,16,234,1
2022-04-06 11,0.115,0,20,0,17,290,1
2022-04-06 12,0.118,0,20,0,19,205,3
2022-04-06 13,0.117,0,25,0,19,195,2
2022-04-06 14,0.117,0,25,0,20,263,2
2022-04-06 15,0.118,0,20,0,21,224,3
2022-04-06 16,0.125,0,30,0,19,191,4
2022-04-06 17,0.125,0,40,0,16,178,4
2022-04-06 18,0.118,0,50,0,15,186,3
2022-04-06 19,0.118,0,60,0,15,190,3
2022-04-06 20,0.113,0,65,0,14,212,3
2022-04-06 21,0.113,0,70,0,13,249,2
2022-04-06 22,0.112,0,75,0,13,297,0
2022-04-06 23,0.218,0,75,0,12,244,1
2022-04-07 00,0.13,0,80,0,11,232,1
2022-04-07 01,0.122,0,80,0,11,219,1
2022-04-07 02,0.118,0,75,0,11,222,0
2022-04-07 03,0.118,0,75,0,12,224,1
2022-04-07 04,0.114,0,70,0,11,259,2
2022-04-07 05,0.113,0,70,0,11,237,2
2022-04-07 06,0.108,0,60,0,12,291,3
2022-04-07 07,0.104,0,55,0,13,309,3
2022-04-07 08,0.104,0,55,0,14,233,3
2022-04-07 09,0.105,0,50,0,15,240,1
2022-04-07 10,0.113,0,35,0,16,266,4
2022-04-07 11,0.115,0,35,0,18,287,4
2022-04-07 12,0.117,0,35,0,19,306,4
2022-04-07 13,0.117,0,30,0,20,309,5
2022-04-07 14,0.123,0,30,0,21,294,4
2022-04-07 15,0.142,0,25,0,21,288,5
2022-04-07 16,0.21,0,25,0,21,313,6
2022-04-07 17,0.125,0,25,0,19,312,5
2022-04-07 18,0.113,0,30,0,17,337,3
2022-04-07 19,0.118,0,30,0,16,305,3
2022-04-07 20,0.113,0,30,0,15,299,2
2022-04-07 21,0.112,0,35,0,14,295,3
2022-04-07 22,0.112,0,40,0,14,296,3
2022-04-07 23,0.118,0,35,0,13,287,3
2022-04-08 00,0.124,0,35,0,13,299,5
2022-04-08 01,0.118,0,35,0,12,300,5
2022-04-08 02,0.116,0,40,0,12,274,2
2022-04-08 03,0.114,0,35,0,11,274,1
2022-04-08 04,0.118,0,40,0,10,17,1
2022-04-08 05,0.117,0,45,0,10,36,0
2022-04-08 06,0.105,0,45,0,10,49,1
2022-04-08 07,0.102,0,45,0,12,42,0
2022-04-08 08,0.202,0,40,0,14,18,2
2022-04-08 09,0.111,0,35,0,15,78,2
2022-04-08 10,0.11,0,35,0,17,91,1
2022-04-08 11,0.115,0,35,0,17,94,0
2022-04-08 12,0.12,0,35,0,18,166,3
2022-04-08 13,0.118,0,40,0,19,168,4
2022-04-08 14,0.118,0,45,0,18,158,5
2022-04-08 15,0.125,0,45,0,18,165,4
2022-04-08 16,0.126,0,55,0,17,149,4
2022-04-08 17,0.127,0,60,0,16,174,4
2022-04-08 18,0.124,0,70,0,14,176,4
2022-04-08 19,0.117,0,70,0,14,197,2
2022-04-08 20,0.117,0,75,0,14,239,2
2022-04-08 21,0.112,0,75,0,13,204,0
2022-04-08 22,0.111,0,75,0,12,156,0
2022-04-08 23,0.116,0,80,0,11,249,1
2022-04-09 00,0.209,0,85,0,10,184,1
2022-04-09 01,0.128,0,85,0,10,205,1
2022-04-09 02,0.12,0,85,0,10,73,0
2022-04-09 03,0.123,0,80,0,10,93,0
2022-04-09 04,0.113,0,80,0,10,27,1
2022-04-09 05,0.116,0,80,0,10,323,1
2022-04-09 06,0.114,0,75,0,10,184,0
2022-04-09 07,0.116,0,70,0,12,100,0
2022-04-09 08,0.104,0,65,0,14,246,0
2022-04-09 09,0.105,0,55,0,17,185,0
2022-04-09 10,0.105,0,40,0,19,234,3
2022-04-09 11,0.108,0,35,0,21,209,3
2022-04-09 12,0.118,0,35,0,22,227,4
2022-04-09 13,0.118,0,40,0,21,218,4
2022-04-09 14,0.123,0,45,0,21,181,5
2022-04-09 15,0.129,0,40,0,21,215,3
2022-04-09 16,0.167,0,40,0,20,212,5
2022-04-09 17,0.195,0,45,0,19,201,4
2022-04-09 18,0.13,0,60,0,17,208,2
2022-04-09 19,0.121,0,70,0,16,205,3
2022-04-09 20,0.12,0,65,0,16,233,3
2022-04-09 21,0.12,0,65,0,15,221,2
2022-04-09 22,0.113,0,65,0,15,237,1
2022-04-09 23,0.118,0,70,0,14,295,1
2022-04-10 00,0.111,0,75,0,13,352,1
2022-04-10 01,0.124,0,80,0,9,187,0
2022-04-10 02,0.122,0,75,0,13,113,0
2022-04-10 03,0.126,0,80,0,12,223,16
2022-04-10 04,0.122,0,80,0,12,5,1
2022-04-10 05,0.119,0,80,0,12,338,0
2022-04-10 06,0.117,0,80,0,12,2,0
2022-04-10 07,0.121,0,70,0,15,33,0
2022-04-10 08,0.208,0,65,0,16,239,1
2022-04-10 09,0.11,0,55,0,19,215,3
2022-04-10 10,0.112,0,50,0,20,208,4
2022-04-10 11,0.107,0,50,0,21,227,4
2022-04-10 12,0.121,0,45,0,22,217,3
2022-04-10 13,0.122,0,45,0,22,202,4
2022-04-10 14,0.124,0,50,0,22,223,4
2022-04-10 15,0.131,0,50,0,21,203,4
2022-04-10 16,0.128,0,55,0,20,208,3
2022-04-10 17,0.135,0,60,0,20,198,2
2022-04-10 18,0.128,0,75,0,18,151,2
2022-04-10 19,0.133,0,80,0,16,143,1
2022-04-10 20,0.13,0,80,0,17,147,1
2022-04-10 21,0.117,0,80,0,17,249,0
2022-04-10 22,0.118,0,85,0,16,45,1
2022-04-10 23,0.215,0,85,0,16,5,1
2022-04-11 00,0.139,0,85,0,16,105,1
2022-04-11 01,0.12,0,85,0,16,133,0
2022-04-11 02,0.118,0,85,0,16,41,0
2022-04-11 03,0.126,0,90,0,15,35,1
2022-04-11 04,0.123,0,90,0,15,68,1
2022-04-11 05,0.127,0,90,0,16,38,2
2022-04-11 06,0.127,0,85,0,16,65,2
2022-04-11 07,0.131,0,85,0,16,49,2
2022-04-11 08,0.124,5,85,0.1,17,40,2
2022-04-11 09,0.129,0,80,0,18,54,2
2022-04-11 10,0.12,0,75,0,19,103,2
2022-04-11 11,0.115,0,75,0,19,108,2
2022-04-11 12,0.119,0,75,0,19,136,2
2022-04-11 13,0.116,0,75,0,19,181,1
2022-04-11 14,0.225,0,75,0,19,163,3
2022-04-11 15,0.151,0,75,0,19,172,2
2022-04-11 16,0.139,0,80,0,18,159,2
2022-04-11 17,0.123,0,80,0,18,162,2
2022-04-11 18,0.118,0,85,0,17,141,3
2022-04-11 19,0.122,0,85,0,16,252,0
2022-04-11 20,0.121,0,90,0,16,31,1
2022-04-11 21,0.125,0,85,0,17,277,1
2022-04-11 22,0.134,0,85,0,17,214,0
2022-04-11 23,0.134,0,85,0,17,92,1
2022-04-12 00,0.13,0,90,0,17,63,1
2022-04-12 01,0.133,0,90,0,17,2,0
2022-04-12 02,0.133,0,90,0,17,122,0
2022-04-12 03,0.133,0,90,0,17,2,1
2022-04-12 04,0.122,0,90,0,16,166,1
2022-04-12 05,0.216,0,90,0,16,298,0
2022-04-12 06,0.128,0,90,0,16,94,1
2022-04-12 07,0.132,0,90,0,18,139,1
2022-04-12 08,0.133,0,85,0,18,3,1
2022-04-12 09,0.13,0,80,0,19,256,1
2022-04-12 10,0.135,0,70,0,21,207,3
2022-04-12 11,0.125,0,70,0,21,191,2
2022-04-12 12,0.122,0,60,0,23,209,3
2022-04-12 13,0.125,0,60,0,23,211,3
2022-04-12 14,0.146,0,60,0,24,166,3
2022-04-12 15,0.125,0,60,0,23,189,3
2022-04-12 16,0.14,0,65,0,22,181,3
2022-04-12 17,0.149,0,75,0,20,174,3
2022-04-12 18,0.169,0,80,0,18,199,3
2022-04-12 19,0.224,0,85,0,17,212,3
2022-04-12 20,0.126,0,85,0,17,206,2
2022-04-12 21,0.132,0,90,0,17,225,2
2022-04-12 22,0.135,0,90,0,17,220,3
2022-04-12 23,0.142,0,90,0,17,219,2
2022-04-13 00,0.142,0,90,0,17,220,3
2022-04-13 01,0.139,0,90,0,16,215,2
2022-04-13 02,0.138,0,90,0,16,217,2
2022-04-13 03,0.138,0,95,0,15,263,0
2022-04-13 04,0.127,0,95,0,15,149,1
2022-04-13 05,0.126,0,95,0,15,354,0
2022-04-13 06,0.122,0,95,0,15,43,1
2022-04-13 07,0.125,0,95,0,16,76,1
2022-04-13 08,0.221,0,90,0,16,140,3
2022-04-13 09,0.151,0,85,0,16,171,1
2022-04-13 10,0.135,0,75,0,16,159,4
2022-04-13 11,0.135,0,75,0,17,151,4
2022-04-13 12,0.124,0,70,0,16,159,5
2022-04-13 13,0.127,0,70,0,16,160,5
2022-04-13 14,0.125,0,70,0,16,154,4
2022-04-13 15,0.127,0,70,0,16,149,2
2022-04-13 16,0.125,0,70,0,15,77,2
2022-04-13 17,0.127,0,75,0,15,74,3
2022-04-13 18,0.135,0,70,0,15,80,4
2022-04-13 19,0.132,0,75,0,14,71,5
2022-04-13 20,0.137,0,70,0,13,66,6
2022-04-13 21,0.136,0,70,0,13,61,6
2022-04-13 22,0.153,0,75,0,13,61,6
2022-04-13 23,0.218,5,75,0.1,12,59,6
2022-04-14 00,0.114,5,75,0.2,12,68,6
2022-04-14 01,0.118,5,75,0.2,12,58,6
2022-04-14 02,0.128,5,75,0.2,11,64,6
2022-04-14 03,0.132,0,75,0,11,72,6
2022-04-14 04,0.132,5,75,0.1,11,71,7
2022-04-14 05,0.131,5,80,0.1,11,69,7
2022-04-14 06,0.131,5,80,0.2,11,59,6
2022-04-14 07,0.125,0,80,0,11,60,5
2022-04-14 08,0.128,0,75,0,11,67,7
2022-04-14 09,0.117,0,75,0,12,45,6
2022-04-14 10,0.118,0,70,0,12,60,6
2022-04-14 11,0.117,0,65,0,13,58,5
2022-04-14 12,0.118,0,60,0,14,55,6
2022-04-14 13,0.23,0,60,0,14,51,5
2022-04-14 14,0.156,0,60,0,15,53,4
2022-04-14 15,0.136,0,55,0,16,48,4
2022-04-14 16,0.127,0,55,0,16,45,5
2022-04-14 17,0.12,0,55,0,15,47,5
2022-04-14 18,0.123,0,60,0,14,53,4
2022-04-14 19,0.122,0,60,0,14,60,5
2022-04-14 20,0.123,0,60,0,14,66,5
2022-04-14 21,0.132,0,60,0,13,65,5
2022-04-14 22,0.128,0,60,0,13,68,5
2022-04-14 23,0.133,0,65,0,12,63,5
2022-04-15 00,0.131,0,65,0,12,42,4
2022-04-15 01,0.133,0,60,0,12,54,5
2022-04-15 02,0.128,0,65,0,11,69,5
2022-04-15 03,0.119,0,65,0,11,66,6
2022-04-15 04,0.214,0,65,0,11,67,5
2022-04-15 05,0.153,0,65,0,11,63,5
2022-04-15 06,0.116,0,65,0,11,50,5
2022-04-15 07,0.119,0,65,0,11,39,4
2022-04-15 08,0.112,0,60,0,13,43,5
2022-04-15 09,0.118,0,55,0,14,60,3
2022-04-15 10,0.115,0,50,0,15,65,4
2022-04-15 11,0.122,0,50,0,16,90,3
2022-04-15 12,0.131,0,50,0,16,110,3
2022-04-15 13,0.132,0,50,0,17,103,2
2022-04-15 14,0.129,0,50,0,17,113,2
2022-04-15 15,0.13,0,50,0,17,162,5
2022-04-15 16,0.134,0,60,0,15,169,6
2022-04-15 17,0.135,0,65,0,13,163,6
2022-04-15 18,0.127,0,65,0,12,177,4
2022-04-15 19,0.211,0,65,0,12,178,3
2022-04-15 20,0.126,0,70,0,12,176,3
2022-04-15 21,0.132,0,65,0,12,171,4
2022-04-15 22,0.13,0,65,0,12,191,3
2022-04-15 23,0.126,0,65,0,12,203,2
2022-04-16 00,0.128,0,70,0,11,171,1
2022-04-16 01,0.13,0,75,0,11,323,1
2022-04-16 02,0.116,0,75,0,10,8,0
2022-04-16 03,0.115,0,80,0,10,36,1
2022-04-16 04,0.116,0,80,0,9,19,1
2022-04-16 05,0.11,0,70,0,9,24,2
2022-04-16 06,0.119,0,65,0,10,24,2
2022-04-16 07,0.115,0,60,0,11,31,2
2022-04-16 08,0.122,0,50,0,12,52,3
2022-04-16 09,0.117,0,45,0,13,86,3
2022-04-16 10,0.144,0,45,0,14,74,2
2022-04-16 11,0.211,0,40,0,15,111,2
2022-04-16 12,0.119,0,40,0,16,99,2
2022-04-16 13,0.117,0,40,0,17,121,2
2022-04-16 14,0.12,0,40,0,17,146,5
2022-04-16 15,0.114,0,40,0,16,166,5
2022-04-16 16,0.121,0,45,0,14,166,5
2022-04-16 17,0.122,0,50,0,14,195,4
2022-04-16 18,0.122,0,60,0,12,201,3
2022-04-16 19,0.132,0,65,0,12,199,3
2022-04-16 20,0.13,0,70,0,12,221,3
2022-04-16 21,0.125,0,70,0,12,221,2
2022-04-16 22,0.128,0,50,0,12,240,2
2022-04-16 23,0.128,0,50,0,11,290,2
2022-04-17 00,0.122,0,45,0,11,308,2
2022-04-17 01,0.114,0,40,0,11,344,1
2022-04-17 02,0.21,0,35,0,11,305,2
2022-04-17 03,0.119,0,35,0,11,347,2
2022-04-17 04,0.109,0,30,0,11,312,3
2022-04-17 05,0.118,0,40,0,9,266,1
2022-04-17 06,0.115,0,45,0,10,260,1
2022-04-17 07,0.123,0,35,0,13,316,1
2022-04-17 08,0.117,0,35,0,15,214,1
2022-04-17 09,0.121,0,25,0,17,250,2
2022-04-17 10,0.116,0,25,0,19,306,2
2022-04-17 11,0.123,0,25,0,19,316,3
2022-04-17 12,0.108,0,15,0,21,273,3
2022-04-17 13,0.116,0,10,0,22,270,3
2022-04-17 14,0.118,0,20,0,22,274,1
2022-04-17 15,0.12,0,25,0,21,246,3
2022-04-17 16,0.116,0,30,0,19,163,3
2022-04-17 17,0.125,0,40,0,17,185,4
2022-04-17 18,0.206,0,50,0,16,202,4
2022-04-17 19,0.163,0,45,0,16,235,1
2022-04-17 20,0.121,0,40,0,16,285,2
2022-04-17 21,0.126,0,55,0,14,17,1
2022-04-17 22,0.127,0,55,0,14,36,1
2022-04-17 23,0.122,0,65,0,13,75,1
2022-04-18 00,0.123,0,60,0,13,68,1
2022-04-18 01,0.122,0,55,0,13,51,1
2022-04-18 02,0.115,0,55,0,13,38,1
2022-04-18 03,0.113,0,50,0,12,37,1
2022-04-18 04,0.117,0,50,0,12,27,1
2022-04-18 05,0.109,0,50,0,12,23,1
2022-04-18 06,0.121,0,45,0,13,29,1
2022-04-18 07,0.119,0,45,0,14,57,1
2022-04-18 08,0.125,0,40,0,15,38,1
2022-04-18 09,0.165,0,40,0,17,53,1
2022-04-18 10,0.184,0,30,0,19,90,1
2022-04-18 11,0.123,0,20,0,20,60,1
2022-04-18 12,0.123,0,20,0,21,169,1
2022-04-18 13,0.126,0,25,0,21,169,1
2022-04-18 14,0.117,0,25,0,21,155,2
2022-04-18 15,0.123,0,25,0,20,212,4
2022-04-18 16,0.118,0,25,0,20,200,4
2022-04-18 17,0.124,0,25,0,19,224,4
2022-04-18 18,0.124,0,30,0,18,236,4
2022-04-18 19,0.124,0,30,0,17,235,4
2022-04-18 20,0.136,0,35,0,17,245,3
2022-04-18 21,0.129,0,40,0,16,276,2
2022-04-18 22,0.133,0,35,0,16,284,3
2022-04-18 23,0.126,0,30,0,16,300,3
2022-04-19 00,0.141,0,35,0,15,312,2
2022-04-19 01,0.213,0,35,0,15,335,2
2022-04-19 02,0.113,0,35,0,14,287,1
2022-04-19 03,0.114,0,40,0,13,14,1
2022-04-19 04,0.119,0,40,0,13,360,1
2022-04-19 05,0.117,0,40,0,13,36,1
2022-04-19 06,0.127,0,45,0,13,74,1
2022-04-19 07,0.122,0,40,0,15,47,1
2022-04-19 08,0.127,0,30,0,17,33,2
2022-04-19 09,0.123,0,25,0,19,50,1
2022-04-19 10,0.128,0,20,0,20,77,2
2022-04-19 11,0.126,0,15,0,22,97,1
2022-04-19 12,0.128,0,15,0,23,232,1
2022-04-19 13,0.117,0,15,0,23,207,3
2022-04-19 14,0.121,0,20,0,23,212,4
2022-04-19 15,0.12,0,20,0,22,199,5
2022-04-19 16,0.219,0,20,0,21,201,4
2022-04-19 17,0.172,0,20,0,20,202,4
2022-04-19 18,0.141,0,25,0,18,204,3
2022-04-19 19,0.138,0,35,0,18,235,5
2022-04-19 20,0.127,0,35,0,18,247,2
2022-04-19 21,0.122,0,40,0,16,255,2
2022-04-19 22,0.125,0,35,0,16,253,2
2022-04-19 23,0.109,0,30,0,16,281,2
2022-04-20 00,0.118,0,30,0,15,269,1
2022-04-20 01,0.129,0,30,0,15,286,1
2022-04-20 02,0.125,0,35,0,14,144,0
2022-04-20 03,0.126,0,45,0,12,67,0
2022-04-20 04,0.13,0,45,0,12,40,0
2022-04-20 05,0.123,0,50,0,11,91,1
2022-04-20 06,0.127,0,50,0,12,83,1
2022-04-20 07,0.21,0,45,0,14,349,1
2022-04-20 08,0.12,0,45,0,16,38,0
2022-04-20 09,0.109,0,30,0,18,161,1
2022-04-20 10,0.119,0,30,0,20,305,0
2022-04-20 11,0.116,0,20,0,22,216,2
2022-04-20 12,0.131,0,20,0,22,241,3
2022-04-20 13,0.124,0,15,0,23,220,4
2022-04-20 14,0.133,0,15,0,23,227,3
2022-04-20 15,0.132,0,20,0,23,215,5
2022-04-20 16,0.131,0,20,0,21,210,5
2022-04-20 17,0.136,0,20,0,20,211,5
2022-04-20 18,0.135,0,30,0,19,210,5
2022-04-20 19,0.12,0,30,0,18,219,4
2022-04-20 20,0.125,0,25,0,18,229,3
2022-04-20 21,0.123,0,35,0,16,241,2
2022-04-20 22,0.213,0,40,0,15,253,1
2022-04-20 23,0.135,0,45,0,15,326,0
2022-04-21 00,0.133,0,50,0,14,57,0
2022-04-21 01,0.127,0,55,0,14,309,0
2022-04-21 02,0.131,0,55,0,14,231,0
2022-04-21 03,0.125,0,55,0,13,25,1
2022-04-21 04,0.129,0,50,0,14,52,0
2022-04-21 05,0.122,0,55,0,13,50,0
2022-04-21 06,0.113,0,55,0,13,36,1
2022-04-21 07,0.118,0,60,0,14,46,2
2022-04-21 08,0.111,5,55,0.1,15,50,1
2022-04-21 09,0.116,1,75,1.7,14,161,3
2022-04-21 10,0.125,1,80,1,14,174,2
2022-04-21 11,0.121,1,80,1.4,13,339,2
2022-04-21 12,0.127,1,80,1,14,299,2
2022-04-21 13,0.16,1,80,1.4,13,294,3
2022-04-21 14,0.196,1,70,1.2,13,304,1
2022-04-21 15,0.129,5,70,0.2,14,26,2
2022-04-21 16,0.117,0,75,0,15,26,2
2022-04-21 17,0.115,0,70,0,14,108,1
2022-04-21 18,0.119,0,80,0,14,76,1
2022-04-21 19,0.118,0,80,0,13,152,0
2022-04-21 20,0.112,0,85,0,13,140,0
2022-04-21 21,0.122,0,85,0,12,196,1
2022-04-21 22,0.122,0,90,0,12,216,1
2022-04-21 23,0.126,0,90,0,12,257,1
2022-04-22 00,0.127,0,90,0,12,222,1
2022-04-22 01,0.121,0,85,0,12,237,1
2022-04-22 02,0.125,0,85,0,12,254,1
2022-04-22 03,0.112,0,85,0,11,279,1
2022-04-22 04,0.11,0,90,0,11,4,0
2022-04-22 05,0.207,0,90,0,11,232,1
2022-04-22 06,0.121,0,90,0,12,262,1
2022-04-22 07,0.109,0,85,0,13,231,1
2022-04-22 08,0.115,0,80,0,15,219,1
2022-04-22 09,0.121,0,60,0,18,225,3
2022-04-22 10,0.119,0,55,0,19,211,3
2022-04-22 11,0.122,0,50,0,20,215,4
2022-04-22 12,0.127,0,45,0,21,209,5
2022-04-22 13,0.128,0,50,0,21,190,5
2022-04-22 14,0.127,0,50,0,21,199,5
2022-04-22 15,0.128,0,55,0,21,202,6
2022-04-22 16,0.121,0,55,0,21,206,5
2022-04-22 17,0.121,0,60,0,19,194,5
2022-04-22 18,0.123,0,65,0,18,188,4
2022-04-22 19,0.122,0,65,0,18,218,4
2022-04-22 20,0.221,0,65,0,18,227,4
2022-04-22 21,0.167,0,70,0,17,235,3
2022-04-22 22,0.131,0,75,0,17,213,1
2022-04-22 23,0.113,0,80,0,16,225,3
2022-04-23 00,0.119,0,85,0,16,230,3
2022-04-23 01,0.118,0,85,0,15,270,2
2022-04-23 02,0.12,0,80,0,15,266,2
2022-04-23 03,0.126,0,80,0,16,248,3
2022-04-23 04,0.13,0,80,0,16,254,3
2022-04-23 05,0.13,0,80,0,16,225,2
2022-04-23 06,0.126,0,80,0,16,323,1
2022-04-23 07,0.129,0,80,0,16,42,1
2022-04-23 08,0.13,0,80,0,17,29,3
2022-04-23 09,0.126,0,75,0,17,41,2
2022-04-23 10,0.114,0,70,0,19,69,3
2022-04-23 11,0.123,0,65,0,19,77,3
2022-04-23 12,0.219,0,65,0,20,96,3
2022-04-23 13,0.122,0,65,0,20,63,2
2022-04-23 14,0.129,0,65,0,20,111,3
2022-04-23 15,0.137,0,60,0,19,161,4
2022-04-23 16,0.139,0,55,0,18,153,3
2022-04-23 17,0.157,0,60,0,18,165,2
2022-04-23 18,0.149,0,60,0,17,158,2
2022-04-23 19,0.141,0,65,0,17,120,1
2022-04-23 20,0.124,0,65,0,17,130,1
2022-04-23 21,0.125,0,70,0,17,27,1
2022-04-23 22,0.126,0,65,0,17,49,1
2022-04-23 23,0.126,0,65,0,17,39,1
2022-04-24 00,0.138,0,70,0,17,60,1
2022-04-24 01,0.201,0,70,0,16,39,1
2022-04-24 02,0.196,0,75,0,17,66,1
2022-04-24 03,0.128,0,75,0,16,353,1
2022-04-24 04,0.125,0,80,0,16,132,0
2022-04-24 05,0.112,0,80,0,16,44,1
2022-04-24 06,0.119,0,80,0,17,310,1
2022-04-24 07,0.118,0,75,0,18,72,0
2022-04-24 08,0.131,0,70,0,19,85,1
2022-04-24 09,0.134,0,65,0,21,51,1
2022-04-24 10,0.136,0,60,0,22,209,1
2022-04-24 11,0.137,0,55,0,24,203,1
2022-04-24 12,0.152,0,55,0,24,201,1
2022-04-24 13,0.134,0,55,0,24,236,3
2022-04-24 14,0.133,0,55,0,24,216,5
2022-04-24 15,0.21,0,55,0,24,218,4
2022-04-24 16,0.195,0,55,0,24,229,5
2022-04-24 17,0.136,0,60,0,23,232,5
2022-04-24 18,0.142,0,65,0,21,230,5
2022-04-24 19,0.14,0,65,0,20,236,4
2022-04-24 20,0.147,0,70,0,20,231,3
2022-04-24 21,0.14,0,70,0,19,226,2
2022-04-24 22,0.146,0,70,0,19,242,3
2022-04-24 23,0.142,0,75,0,19,205,2
2022-04-25 00,0.142,0,75,0,18,216,2
2022-04-25 01,0.142,0,75,0,18,262,2
2022-04-25 02,0.142,0,75,0,18,269,1
2022-04-25 03,0.162,0,80,0,17,357,1
2022-04-25 04,0.224,0,80,0,17,334,0
2022-04-25 05,0.123,0,85,0,16,52,0
2022-04-25 06,0.131,0,85,0,16,21,1
2022-04-25 07,0.14,0,80,0,17,56,1
2022-04-25 08,0.139,0,70,0,19,56,2
2022-04-25 09,0.141,0,60,0,21,63,2
2022-04-25 10,0.141,0,55,0,22,69,2
2022-04-25 11,0.139,0,55,0,23,30,1
2022-04-25 12,0.134,0,50,0,24,200,1
2022-04-25 13,0.142,0,55,0,23,160,4
2022-04-25 14,0.142,0,60,0,22,138,2
2022-04-25 15,0.147,0,60,0,21,139,3
2022-04-25 16,0.149,0,60,0,21,143,4
2022-04-25 17,0.225,0,65,0,20,141,3
2022-04-25 18,0.147,0,70,0,19,123,2
2022-04-25 19,0.149,5,75,0.1,19,94,2
2022-04-25 20,0.147,1,80,1.7,18,64,4
2022-04-25 21,0.144,1,90,6.1,17,59,4
2022-04-25 22,0.144,1,95,15.5,16,71,5
2022-04-25 23,0.141,1,95,7.2,17,77,5
2022-04-26 00,0.142,1,95,8.2,17,70,2
2022-04-26 01,0.139,1,95,1.8,17,98,3
2022-04-26 02,0.144,1,95,3.8,17,85,3
2022-04-26 03,0.14,1,95,0.6,18,171,1
2022-04-26 04,0.141,5,95,0.2,18,207,2
2022-04-26 05,0.204,1,95,0.5,18,255,2
2022-04-26 06,0.199,5,90,0.1,19,240,3
2022-04-26 07,0.14,0,90,0,19,231,3
2022-04-26 08,0.139,0,90,0,19,234,3
2022-04-26 09,0.134,1,90,0.3,19,210,3
2022-04-26 10,0.133,5,90,0.2,19,232,4
2022-04-26 11,0.133,1,90,1.3,19,221,4
2022-04-26 12,0.134,1,90,4.9,18,210,2
2022-04-26 13,0.134,1,95,5,18,203,4
2022-04-26 14,0.135,1,95,0.6,18,221,4
2022-04-26 15,0.135,0,90,0,18,235,4
2022-04-26 16,0.136,0,90,0,18,242,2
2022-04-26 17,0.138,0,90,0,18,278,1
2022-04-26 18,0.21,0,90,0,18,289,2
2022-04-26 19,0.202,0,90,0,19,296,3
2022-04-26 20,0.139,0,85,0,19,286,3
2022-04-26 21,0.135,0,85,0,18,297,4
2022-04-26 22,0.133,0,80,0,19,307,4
2022-04-26 23,0.13,0,80,0,18,291,3
2022-04-27 00,0.129,0,75,0,18,300,2
2022-04-27 01,0.13,0,70,0,18,277,3
2022-04-27 02,0.126,0,65,0,18,315,3
2022-04-27 03,0.136,0,65,0,18,313,7
2022-04-27 04,0.139,0,65,0,17,330,3
2022-04-27 05,0.132,0,65,0,16,321,4
2022-04-27 06,0.131,0,60,0,17,324,1
2022-04-27 07,0.131,0,55,0,17,54,2
2022-04-27 08,0.133,0,50,0,18,67,3
2022-04-27 09,0.225,0,40,0,19,48,2
2022-04-27 10,0.122,0,35,0,20,55,3
2022-04-27 11,0.126,0,35,0,21,46,2
2022-04-27 12,0.148,0,35,0,21,105,2
2022-04-27 13,0.136,0,45,0,21,154,4
2022-04-27 14,0.133,0,50,0,20,155,5
2022-04-27 15,0.145,0,50,0,20,148,4
2022-04-27 16,0.146,0,50,0,19,152,4
2022-04-27 17,0.145,0,50,0,18,167,3
2022-04-27 18,0.144,0,55,0,17,183,2
2022-04-27 19,0.149,0,60,0,16,200,2
2022-04-27 20,0.143,0,60,0,15,157,1
2022-04-27 21,0.216,0,60,0,15,242,1
2022-04-27 22,0.194,0,65,0,14,33,1
2022-04-27 23,0.144,0,65,0,14,142,1
2022-04-28 00,0.136,0,65,0,14,41,1
2022-04-28 01,0.132,0,70,0,14,6,1
2022-04-28 02,0.125,0,70,0,13,34,1
2022-04-28 03,0.128,0,75,0,13,45,2
2022-04-28 04,0.113,0,75,0,13,36,2
2022-04-28 05,0.125,0,80,0,13,26,1
2022-04-28 06,0.129,0,75,0,14,49,2
2022-04-28 07,0.13,0,70,0,15,72,3
2022-04-28 08,0.132,0,65,0,16,58,3
2022-04-28 09,0.133,0,60,0,17,53,2
2022-04-28 10,0.135,0,55,0,19,76,3
2022-04-28 11,0.139,0,45,0,19,97,3
2022-04-28 12,0.224,0,45,0,20,54,2
2022-04-28 13,0.136,0,40,0,20,81,3
2022-04-28 14,0.14,0,40,0,20,71,2
2022-04-28 15,0.144,0,45,0,20,93,2
2022-04-28 16,0.145,0,50,0,19,108,2
2022-04-28 17,0.143,0,50,0,19,93,2
2022-04-28 18,0.143,0,50,0,18,95,1
2022-04-28 19,0.143,0,55,0,17,133,2
2022-04-28 20,0.142,0,50,0,16,164,2
2022-04-28 21,0.142,0,55,0,16,149,2
2022-04-28 22,0.141,0,50,0,16,127,1
2022-04-28 23,0.145,0,55,0,16,74,2
2022-04-29 00,0.18,5,50,0.1,16,54,3
2022-04-29 01,0.219,5,55,0.2,15,51,4
2022-04-29 02,0.133,1,60,0.7,15,48,3
2022-04-29 03,0.132,1,80,3,13,35,5
2022-04-29 04,0.129,1,80,0.7,13,35,6
2022-04-29 05,0.126,1,85,4.4,11,24,5
2022-04-29 06,0.126,1,90,4.9,10,54,5
2022-04-29 07,0.121,1,85,0.6,10,42,6
2022-04-29 08,0.13,5,80,0.1,11,48,5
2022-04-29 09,0.131,5,75,0.1,11,20,4
2022-04-29 10,0.132,0,70,0,13,55,5
2022-04-29 11,0.134,0,65,0,14,76,4
2022-04-29 12,0.132,0,65,0,15,84,5
2022-04-29 13,0.133,0,65,0,15,70,4
2022-04-29 14,0.127,0,65,0,14,80,4
2022-04-29 15,0.217,0,65,0,14,71,4
2022-04-29 16,0.136,0,65,0,14,78,3
2022-04-29 17,0.136,0,65,0,14,75,3
2022-04-29 18,0.131,0,65,0,14,71,4
2022-04-29 19,0.138,0,65,0,13,70,5
2022-04-29 20,0.134,0,60,0,13,84,4
2022-04-29 21,0.135,0,60,0,13,74,4
2022-04-29 22,0.133,0,60,0,13,73,4
2022-04-29 23,0.123,0,60,0,12,70,3
2022-04-30 00,0.12,0,60,0,12,67,3
2022-04-30 01,0.121,0,60,0,12,70,4
2022-04-30 02,0.12,0,60,0,12,49,3
2022-04-30 03,0.124,0,65,0,12,40,2
2022-04-30 04,0.131,0,65,0,12,52,3
2022-04-30 05,0.187,0,65,0,12,56,3
2022-04-30 06,0.205,0,65,0,12,48,3
2022-04-30 07,0.111,0,60,0,13,47,2
2022-04-30 08,0.116,0,55,0,13,59,2
2022-04-30 09,0.113,0,55,0,14,343,2
2022-04-30 10,0.125,0,50,0,15,305,1
2022-04-30 11,0.128,0,50,0,16,277,1
2022-04-30 12,0.134,0,50,0,17,292,1
2022-04-30 13,0.131,0,45,0,17,253,2
2022-04-30 14,0.135,0,50,0,17,230,3
2022-04-30 15,0.134,0,55,0,17,237,3
2022-04-30 16,0.136,0,60,0,16,242,3
2022-04-30 17,0.123,0,60,0,16,284,2
2022-04-30 18,0.123,0,65,0,15,276,2
2022-04-30 19,0.122,0,60,0,15,294,4
2022-04-30 20,0.226,0,65,0,15,303,5
2022-04-30 21,0.149,0,65,0,14,306,5
2022-04-30 22,0.133,0,70,0,14,302,4
2022-04-30 23,0.131,0,70,0,13,306,6
2022-05-01 00,0.125,0,65,0,13,305,6
2022-05-01 01,0.117,0,65,0,12,316,6
2022-05-01 02,0.118,0,65,0,12,325,5
2022-05-01 03,0.113,0,60,0,12,319,5
2022-05-01 04,0.115,0,60,0,11,318,5
2022-05-01 05,0.126,0,65,0,10,320,3
2022-05-01 06,0.124,0,60,0,11,322,3
2022-05-01 07,0.126,0,50,0,13,324,3
2022-05-01 08,0.122,0,45,0,14,302,1
2022-05-01 09,0.125,0,35,0,15,36,1
2022-05-01 10,0.127,0,35,0,17,303,1
2022-05-01 11,0.121,0,30,0,18,264,2
2022-05-01 12,0.211,0,25,0,19,214,1
2022-05-01 13,0.131,0,25,0,20,191,2
2022-05-01 14,0.116,0,30,0,20,236,3
2022-05-01 15,0.118,0,30,0,19,290,2
2022-05-01 16,0.116,0,25,0,20,318,4
2022-05-01 17,0.129,0,20,0,19,335,5
2022-05-01 18,0.132,0,25,0,17,325,4
2022-05-01 19,0.129,0,30,0,16,307,5
2022-05-01 20,0.129,0,30,0,15,300,5
2022-05-01 21,0.131,0,35,0,13,299,3
2022-05-01 22,0.129,0,35,0,13,283,2
2022-05-01 23,0.124,0,35,0,13,231,3
2022-05-02 00,0.119,0,40,0,12,223,3
2022-05-02 01,0.114,0,50,0,11,239,2
2022-05-02 02,0.113,0,50,0,11,254,2
2022-05-02 03,0.212,0,50,0,11,262,2
2022-05-02 04,0.126,0,50,0,11,269,2
2022-05-02 05,0.126,0,50,0,11,270,2
2022-05-02 06,0.115,0,50,0,12,312,2
2022-05-02 07,0.119,0,50,0,14,301,1
2022-05-02 08,0.121,0,50,0,15,317,2
2022-05-02 09,0.118,0,50,0,16,246,2
2022-05-02 10,0.119,0,45,0,18,207,2
2022-05-02 11,0.113,0,40,0,18,213,3
2022-05-02 12,0.126,0,45,0,19,228,3
2022-05-02 13,0.117,0,45,0,19,217,4
2022-05-02 14,0.119,0,45,0,19,226,4
2022-05-02 15,0.119,0,40,0,19,221,5
2022-05-02 16,0.121,0,40,0,19,241,4
2022-05-02 17,0.133,0,40,0,19,279,3
2022-05-02 18,0.18,0,25,0,18,293,6
2022-05-02 19,0.216,0,30,0,16,303,5
2022-05-02 20,0.106,0,30,0,15,309,6
2022-05-02 21,0.115,0,35,0,14,315,4
2022-05-02 22,0.121,0,35,0,13,333,3
2022-05-02 23,0.124,0,40,0,12,324,3
2022-05-03 00,0.131,0,50,0,12,9,2
2022-05-03 01,0.123,0,55,0,11,19,1
2022-05-03 02,0.127,0,60,0,11,16,1
2022-05-03 03,0.127,0,60,0,10,50,0
2022-05-03 04,0.121,0,65,0,10,20,2
2022-05-03 05,0.11,0,65,0,9,9,1
2022-05-03 06,0.099,0,65,0,10,27,1
2022-05-03 07,0.109,0,60,0,12,358,1
2022-05-03 08,0.112,0,55,0,13,19,2
2022-05-03 09,0.116,0,50,0,15,360,0
2022-05-03 10,0.198,0,40,0,17,299,1
2022-05-03 11,0.156,0,40,0,17,205,2
2022-05-03 12,0.128,0,35,0,19,196,4
2022-05-03 13,0.128,0,30,0,19,207,4
2022-05-03 14,0.122,0,30,0,20,198,4
2022-05-03 15,0.13,0,40,0,19,212,5
2022-05-03 16,0.123,0,35,0,19,212,5
2022-05-03 17,0.117,0,35,0,17,207,4
2022-05-03 18,0.121,0,40,0,16,198,4
2022-05-03 19,0.121,0,50,0,15,211,4
2022-05-03 20,0.116,0,55,0,15,215,3
2022-05-03 21,0.126,0,55,0,15,229,3
2022-05-03 22,0.127,0,60,0,14,225,3
2022-05-03 23,0.13,0,60,0,14,247,2
2022-05-04 00,0.125,0,65,0,13,257,2
2022-05-04 01,0.15,0,70,0,12,285,2
2022-05-04 02,0.21,0,70,0,12,223,0
2022-05-04 03,0.116,0,70,0,10,112,1
2022-05-04 04,0.109,0,75,0,10,276,0
2022-05-04 05,0.115,0,75,0,10,284,1
2022-05-04 06,0.112,0,75,0,11,266,1
2022-05-04 07,0.112,0,65,0,13,323,0
2022-05-04 08,0.124,0,60,0,15,258,1
2022-05-04 09,0.118,0,50,0,16,279,1
2022-05-04 10,0.126,0,40,0,18,250,1
2022-05-04 11,0.123,0,35,0,20,194,2
2022-05-04 12,0.125,0,40,0,21,208,4
2022-05-04 13,0.13,0,45,0,20,184,5
2022-05-04 14,0.125,0,45,0,21,187,5
2022-05-04 15,0.124,0,50,0,20,179,5
2022-05-04 16,0.123,0,50,0,20,172,4
2022-05-04 17,0.211,0,55,0,19,180,4
2022-05-04 18,0.163,0,60,0,17,185,3
2022-05-04 19,0.143,0,65,0,16,197,2
2022-05-04 20,0.137,0,60,0,16,205,2
2022-05-04 21,0.129,0,65,0,15,195,1
2022-05-04 22,0.125,0,65,0,14,231,0
2022-05-04 23,0.108,0,70,0,14,22,1
2022-05-05 00,0.113,0,75,0,13,10,1
2022-05-05 01,0.115,0,80,0,13,54,1
2022-05-05 02,0.123,0,80,0,13,6,0
2022-05-05 03,0.123,0,80,0,12,21,1
2022-05-05 04,0.13,0,80,0,12,61,1
2022-05-05 05,0.124,0,80,0,12,49,1
2022-05-05 06,0.124,0,75,0,14,45,1
2022-05-05 07,0.143,0,75,0,15,42,1
2022-05-05 08,0.212,0,65,0,17,26,0
2022-05-05 09,0.119,0,60,0,18,321,1
2022-05-05 10,0.114,0,50,0,20,246,0
2022-05-05 11,0.12,0,35,0,21,168,2
2022-05-05 12,0.12,0,35,0,22,209,3
2022-05-05 13,0.119,0,45,0,23,237,2
2022-05-05 14,0.13,0,45,0,22,197,4
2022-05-05 15,0.136,0,45,0,23,203,4
2022-05-05 16,0.132,0,45,0,22,191,3
2022-05-05 17,0.155,0,55,0,21,174,4
2022-05-05 18,0.147,0,60,0,19,162,2
2022-05-05 19,0.145,0,65,0,18,134,2
2022-05-05 20,0.127,0,65,0,18,147,1
2022-05-05 21,0.125,0,70,0,17,18,1
2022-05-05 22,0.22,0,75,0,17,148,0
2022-05-05 23,0.141,0,80,0,16,37,1
2022-05-06 00,0.14,0,80,0,15,40,2
2022-05-06 01,0.119,0,80,0,15,348,0
2022-05-06 02,0.129,0,85,0,15,71,1
2022-05-06 03,0.13,0,85,0,14,71,1
2022-05-06 04,0.121,0,85,0,14,68,1
2022-05-06 05,0.114,0,85,0,14,46,2
2022-05-06 06,0.116,0,80,0,15,55,2
2022-05-06 07,0.117,0,75,0,17,53,2
2022-05-06 08,0.119,0,65,0,18,41,2
2022-05-06 09,0.128,0,60,0,20,63,1
2022-05-06 10,0.128,0,55,0,22,75,1
2022-05-06 11,0.134,0,55,0,22,167,1
2022-05-06 12,0.167,0,55,0,24,227,1
2022-05-06 13,0.224,0,50,0,24,176,3
2022-05-06 14,0.128,0,50,0,24,165,5
2022-05-06 15,0.139,0,50,0,24,193,3
2022-05-06 16,0.144,0,50,0,24,178,4
2022-05-06 17,0.144,0,55,0,22,176,4
2022-05-06 18,0.146,0,60,0,21,171,3
2022-05-06 19,0.145,0,65,0,20,196,2
2022-05-06 20,0.143,0,70,0,19,208,2
2022-05-06 21,0.143,0,70,0,19,228,1
2022-05-06 22,0.143,0,70,0,18,229,1
2022-05-06 23,0.141,0,70,0,18,219,1
2022-05-07 00,0.134,0,80,0,18,231,1
2022-05-07 01,0.13,0,80,0,17,212,1
2022-05-07 02,0.226,0,85,0,16,211,1
2022-05-07 03,0.126,0,85,0,16,203,1
2022-05-07 04,0.135,0,80,0,16,273,1
2022-05-07 05,0.138,0,80,0,16,263,1
2022-05-07 06,0.123,0,75,0,17,224,1
2022-05-07 07,0.127,0,70,0,19,229,1
2022-05-07 08,0.133,0,60,0,21,254,1
2022-05-07 09,0.135,0,55,0,22,298,3
2022-05-07 10,0.129,0,55,0,23,314,5
2022-05-07 11,0.126,0,45,0,24,306,4
2022-05-07 12,0.135,0,45,0,25,303,5
2022-05-07 13,0.136,0,40,0,26,297,6
2022-05-07 14,0.139,0,40,0,26,300,4
2022-05-07 15,0.197,0,40,0,26,291,4
2022-05-07 16,0.228,0,40,0,25,272,4
2022-05-07 17,0.12,0,40,0,25,273,4
2022-05-07 18,0.139,0,50,0,23,287,4
2022-05-07 19,0.147,0,45,0,21,309,4
2022-05-07 20,0.143,0,45,0,20,303,4
2022-05-07 21,0.144,0,60,0,18,122,3
2022-05-07 22,0.141,0,80,0,16,160,4
2022-05-07 23,0.139,0,75,0,16,138,2
2022-05-08 00,0.14,0,75,0,16,146,2
2022-05-08 01,0.142,0,70,0,16,114,2
2022-05-08 02,0.14,0,65,0,16,90,4
2022-05-08 03,0.141,0,60,0,16,71,5
2022-05-08 04,0.135,0,60,0,16,64,4
2022-05-08 05,0.228,0,60,0,16,70,5
2022-05-08 06,0.125,0,55,0,16,60,5
2022-05-08 07,0.128,0,50,0,16,55,5
2022-05-08 08,0.133,0,50,0,17,58,5
2022-05-08 09,0.143,0,45,0,18,65,5
2022-05-08 10,0.143,0,40,0,19,70,5
2022-05-08 11,0.147,0,40,0,20,88,3
2022-05-08 12,0.144,0,40,0,20,111,3
2022-05-08 13,0.139,0,40,0,20,114,3
2022-05-08 14,0.145,0,45,0,20,123,3
2022-05-08 15,0.145,0,45,0,20,122,3
2022-05-08 16,0.144,0,45,0,19,149,3
2022-05-08 17,0.165,0,50,0,18,162,3
2022-05-08 18,0.232,0,55,0,17,164,2
2022-05-08 19,0.145,0,60,0,16,171,2
2022-05-08 20,0.149,0,60,0,16,152,2
2022-05-08 21,0.145,0,65,0,15,155,1
2022-05-08 22,0.145,0,65,0,15,203,1
2022-05-08 23,0.139,0,65,0,15,241,1
2022-05-09 00,0.139,0,70,0,14,152,1
2022-05-09 01,0.134,0,70,0,14,356,1
2022-05-09 02,0.134,0,70,0,14,345,1
2022-05-09 03,0.133,0,70,0,14,28,2
2022-05-09 04,0.133,0,70,0,14,56,3
2022-05-09 05,0.128,0,70,0,15,70,3
2022-05-09 06,0.223,0,65,0,15,54,4
2022-05-09 07,0.18,0,60,0,15,71,5
2022-05-09 08,0.14,0,55,0,15,60,4
2022-05-09 09,0.122,0,50,0,17,49,4
2022-05-09 10,0.128,0,45,0,18,67,3
2022-05-09 11,0.127,0,35,0,19,42,3
2022-05-09 12,0.129,0,30,0,20,58,3
2022-05-09 13,0.134,0,35,0,21,109,3
2022-05-09 14,0.141,0,40,0,20,111,3
2022-05-09 15,0.143,0,40,0,20,149,4
2022-05-09 16,0.144,0,45,0,19,139,3
2022-05-09 17,0.149,0,50,0,18,157,3
2022-05-09 18,0.147,0,50,0,17,153,2
2022-05-09 19,0.211,0,50,0,16,69,0
2022-05-09 20,0.205,0,45,0,16,68,1
2022-05-09 21,0.144,0,45,0,16,63,1
2022-05-09 22,0.135,0,45,0,17,65,3
2022-05-09 23,0.137,0,50,0,16,44,3
2022-05-10 00,0.132,0,55,0,15,57,3
2022-05-10 01,0.134,0,45,0,16,65,4
2022-05-10 02,0.126,0,40,0,16,65,3
2022-05-10 03,0.125,0,40,0,16,65,4
2022-05-10 04,0.114,0,40,0,15,69,5
2022-05-10 05,0.13,0,40,0,15,73,4
2022-05-10 06,0.129,0,40,0,15,70,4
2022-05-10 07,0.133,0,40,0,16,71,4
2022-05-10 08,0.132,0,40,0,17,65,4
2022-05-10 09,0.145,0,40,0,17,60,5
2022-05-10 10,0.22,0,40,0,18,58,5
2022-05-10 11,0.116,0,40,0,19,71,5
2022-05-10 12,0.122,0,35,0,20,54,4
2022-05-10 13,0.131,0,35,0,20,54,3
2022-05-10 14,0.135,0,35,0,21,76,3
2022-05-10 15,0.157,0,40,0,21,105,3
2022-05-10 16,0.151,0,40,0,20,120,3
2022-05-10 17,0.145,0,45,0,18,158,3
2022-05-10 18,0.144,1,55,0.6,17,178,3
2022-05-10 19,0.142,1,55,0.6,17,161,2
2022-05-10 20,0.141,5,60,0.1,16,159,2
2022-05-10 21,0.139,1,70,0.6,16,154,2
2022-05-10 22,0.133,5,75,0.1,15,9,1
2022-05-10 23,0.22,0,70,0,15,326,1
2022-05-11 00,0.155,0,70,0,16,110,0
2022-05-11 01,0.145,0,70,0,15,118,1
2022-05-11 02,0.14,0,70,0,16,36,1
2022-05-11 03,0.14,0,70,0,15,24,1
2022-05-11 04,0.138,0,70,0,16,43,2
2022-05-11 05,0.125,0,70,0,16,40,1
2022-05-11 06,0.128,0,70,0,16,48,1
2022-05-11 07,0.125,0,60,0,17,42,2
2022-05-11 08,0.123,0,55,0,18,33,2
2022-05-11 09,0.131,0,45,0,20,94,2
2022-05-11 10,0.143,0,45,0,21,74,2
2022-05-11 11,0.147,0,45,0,21,70,1
2022-05-11 12,0.166,0,45,0,22,107,1
2022-05-11 13,0.227,0,50,0,22,243,1
2022-05-11 14,0.14,0,55,0,21,227,1
2022-05-11 15,0.154,0,55,0,21,128,0
2022-05-11 16,0.151,0,60,0,20,276,1
2022-05-11 17,0.148,0,60,0,20,14,1
2022-05-11 18,0.146,0,60,0,20,343,1
2022-05-11 19,0.146,0,60,0,20,16,1
2022-05-11 20,0.144,0,65,0,19,63,1
2022-05-11 21,0.142,0,70,0,19,81,1
2022-05-11 22,0.14,0,70,0,18,28,1
2022-05-11 23,0.138,0,75,0,18,68,1
2022-05-12 00,0.139,0,75,0,18,31,1
2022-05-12 01,0.226,0,70,0,18,53,1
2022-05-12 02,0.157,0,80,0,18,107,2
2022-05-12 03,0.141,0,75,0,18,43,1
2022-05-12 04,0.139,0,80,0,18,48,1
2022-05-12 05,0.146,0,75,0,18,60,1
2022-05-12 06,0.14,0,75,0,18,61,1
2022-05-12 07,0.141,0,75,0,19,68,1
2022-05-12 08,0.133,0,65,0,20,43,2
2022-05-12 09,0.134,0,65,0,21,59,2
2022-05-12 10,0.134,0,60,0,22,82,2
2022-05-12 11,0.137,0,60,0,22,68,1
2022-05-12 12,0.142,0,65,0,23,86,1
2022-05-12 13,0.152,0,60,0,23,70,2
2022-05-12 14,0.221,0,60,0,24,90,1
2022-05-12 15,0.174,0,60,0,24,99,1
2022-05-12 16,0.159,0,65,0,23,98,2
2022-05-12 17,0.147,0,70,0,22,168,2
2022-05-12 18,0.147,0,75,0,21,149,3
2022-05-12 19,0.151,0,80,0,20,186,2
2022-05-12 20,0.151,0,80,0,19,199,2
2022-05-12 21,0.151,0,80,0,19,212,1
2022-05-12 22,0.152,0,80,0,19,126,0
2022-05-12 23,0.154,0,80,0,18,120,1
2022-05-13 00,0.148,0,80,0,18,34,0
2022-05-13 01,0.147,0,80,0,18,156,2
2022-05-13 02,0.23,0,80,0,18,182,1
2022-05-13 03,0.149,0,80,0,18,227,0
2022-05-13 04,0.152,0,80,0,18,155,1
2022-05-13 05,0.145,0,80,0,17,187,0
2022-05-13 06,0.145,0,80,0,18,130,1
2022-05-13 07,0.149,0,80,0,18,116,0
2022-05-13 08,0.143,0,80,0,18,36,1
2022-05-13 09,0.142,0,75,0,19,27,0
2022-05-13 10,0.146,0,75,0,19,168,1
2022-05-13 11,0.144,0,75,0,19,184,1
2022-05-13 12,0.146,0,75,0,19,168,2
2022-05-13 13,0.153,0,75,0,20,188,2
2022-05-13 14,0.224,0,75,0,19,212,1
2022-05-13 15,0.151,0,75,0,18,217,2
2022-05-13 16,0.145,5,90,0.1,17,232,4
2022-05-13 17,0.149,0,90,0,17,225,2
2022-05-13 18,0.144,0,85,0,17,237,2
2022-05-13 19,0.143,0,85,0,17,239,2
2022-05-13 20,0.147,0,80,0,17,230,3
2022-05-13 21,0.14,0,75,0,17,277,3
2022-05-13 22,0.138,0,65,0,17,294,4
2022-05-13 23,0.14,0,50,0,16,308,4
2022-05-14 00,0.137,0,50,0,16,311,5
2022-05-14 01,0.138,0,55,0,16,312,6
2022-05-14 02,0.189,0,50,0,15,305,5
2022-05-14 03,0.222,0,45,0,15,299,3
2022-05-14 04,0.122,0,45,0,15,301,4
2022-05-14 05,0.113,0,45,0,15,309,4
2022-05-14 06,0.12,0,45,0,15,309,5
2022-05-14 07,0.119,0,40,0,17,324,2
2022-05-14 08,0.119,0,35,0,18,300,3
2022-05-14 09,0.131,0,30,0,20,309,4
2022-05-14 10,0.134,0,25,0,21,325,2
2022-05-14 11,0.133,0,25,0,22,349,3
2022-05-14 12,0.135,0,20,0,23,331,7
2022-05-14 13,0.137,0,20,0,24,314,6
2022-05-14 14,0.137,0,20,0,24,324,5
2022-05-14 15,0.153,0,20,0,24,314,6
2022-05-14 16,0.147,0,40,0,33,250,16
2022-05-14 17,0.227,0,25,0,21,308,6
2022-05-14 18,0.138,0,30,0,19,310,6
2022-05-14 19,0.141,0,30,0,18,311,6
2022-05-14 20,0.14,0,25,0,17,312,5
2022-05-14 21,0.139,0,25,0,16,306,5
2022-05-14 22,0.139,0,20,0,16,310,7
2022-05-14 23,0.14,0,20,0,15,306,6
2022-05-15 00,0.123,0,25,0,15,306,6
2022-05-15 01,0.13,0,30,0,14,319,5
2022-05-15 02,0.133,0,30,0,14,312,4
2022-05-15 03,0.13,0,30,0,14,314,4
2022-05-15 04,0.122,0,35,0,14,310,3
2022-05-15 05,0.119,0,35,0,13,319,4
2022-05-15 06,0.117,0,40,0,14,319,2
2022-05-15 07,0.217,0,40,0,15,312,3
2022-05-15 08,0.152,0,35,0,16,351,1
2022-05-15 09,0.133,0,30,0,18,43,2
2022-05-15 10,0.133,0,30,0,19,27,2
2022-05-15 11,0.124,0,25,0,20,29,1
2022-05-15 12,0.122,0,25,0,20,215,2
2022-05-15 13,0.122,0,25,0,21,178,2
2022-05-15 14,0.123,0,25,0,21,196,3
2022-05-15 15,0.127,0,30,0,20,159,5
2022-05-15 16,0.156,0,35,0,18,166,6
2022-05-15 17,0.146,0,35,0,18,175,5
2022-05-15 18,0.144,0,40,0,17,196,4
2022-05-15 19,0.144,0,40,0,16,179,2
2022-05-15 20,0.127,0,45,0,16,225,1
2022-05-15 21,0.22,0,45,0,15,311,3
2022-05-15 22,0.158,0,40,0,15,309,2
2022-05-15 23,0.139,0,35,0,15,320,2
2022-05-16 00,0.125,0,40,0,15,342,2
2022-05-16 01,0.12,0,45,0,14,335,0
2022-05-16 02,0.118,0,45,0,14,332,1
2022-05-16 03,0.12,0,40,0,14,300,2
2022-05-16 04,0.117,0,40,0,14,287,1
2022-05-16 05,0.118,0,35,0,14,299,2
2022-05-16 06,0.126,0,30,0,14,292,1
2022-05-16 07,0.131,0,35,0,16,16,1
2022-05-16 08,0.129,0,35,0,17,225,1
2022-05-16 09,0.131,0,30,0,20,231,1
2022-05-16 10,0.132,0,25,0,21,261,2
2022-05-16 11,0.139,0,25,0,22,242,3
2022-05-16 12,0.22,0,25,0,22,209,4
2022-05-16 13,0.116,0,25,0,22,226,4
2022-05-16 14,0.13,0,30,0,22,220,5
2022-05-16 15,0.157,0,30,0,21,214,5
2022-05-16 16,0.146,0,35,0,21,217,6
2022-05-16 17,0.143,0,35,0,20,222,6
2022-05-16 18,0.143,0,45,0,19,217,5
2022-05-16 19,0.134,0,45,0,19,227,4
2022-05-16 20,0.138,0,45,0,18,267,2
2022-05-16 21,0.132,0,45,0,18,270,2
2022-05-16 22,0.129,0,45,0,17,259,2
2022-05-16 23,0.127,0,50,0,16,231,2
2022-05-17 00,0.131,0,55,0,16,247,1
2022-05-17 01,0.211,0,55,0,15,148,0
2022-05-17 02,0.187,0,60,0,14,204,0
2022-05-17 03,0.119,0,60,0,14,323,1
2022-05-17 04,0.123,0,60,0,14,276,1
2022-05-17 05,0.116,0,65,0,13,326,1
2022-05-17 06,0.12,0,60,0,15,9,0
2022-05-17 07,0.118,0,55,0,17,229,1
2022-05-17 08,0.12,0,50,0,18,181,2
2022-05-17 09,0.129,0,45,0,22,206,1
2022-05-17 10,0.136,0,40,0,22,222,1
2022-05-17 11,0.135,0,40,0,23,220,4
2022-05-17 12,0.157,0,35,0,25,222,3
2022-05-17 13,0.143,0,35,0,24,204,5
2022-05-17 14,0.132,0,35,0,24,207,5
2022-05-17 15,0.132,0,40,0,24,209,5
2022-05-17 16,0.229,0,40,0,23,210,5
2022-05-17 17,0.141,0,45,0,22,205,4
2022-05-17 18,0.147,0,45,0,21,213,4
2022-05-17 19,0.145,0,50,0,20,218,3
2022-05-17 20,0.143,0,60,0,18,210,4
2022-05-17 21,0.145,0,60,0,18,237,2
2022-05-17 22,0.142,0,65,0,18,223,2
2022-05-17 23,0.141,0,70,0,17,209,1
2022-05-18 00,0.141,0,75,0,16,148,1
2022-05-18 01,0.14,0,80,0,16,65,0
2022-05-18 02,0.139,0,75,0,15,159,1
2022-05-18 03,0.138,0,80,0,15,76,1
2022-05-18 04,0.127,0,75,0,15,321,0
2022-05-18 05,0.221,0,80,0,15,209,0
2022-05-18 06,0.107,0,70,0,16,218,0
2022-05-18 07,0.125,0,65,0,18,155,0
2022-05-18 08,0.13,0,55,0,20,166,0
2022-05-18 09,0.135,0,45,0,22,239,2
2022-05-18 10,0.155,0,40,0,23,238,3
2022-05-18 11,0.147,0,35,0,24,228,3
2022-05-18 12,0.138,0,35,0,25,214,4
2022-05-18 13,0.136,0,35,0,25,227,4
2022-05-18 14,0.14,0,35,0,25,215,6
2022-05-18 15,0.144,0,35,0,24,210,6
2022-05-18 16,0.148,0,35,0,23,215,7
2022-05-18 17,0.15,0,35,0,23,210,6
2022-05-18 18,0.228,0,40,0,22,223,5
2022-05-18 19,0.167,0,45,0,21,237,5
2022-05-18 20,0.151,0,40,0,21,230,5
2022-05-18 21,0.148,0,45,0,20,222,4
2022-05-18 22,0.143,0,50,0,19,237,3
2022-05-18 23,0.14,0,50,0,18,227,1
2022-05-19 00,0.14,0,60,0,18,195,1
2022-05-19 01,0.145,0,65,0,16,151,1
2022-05-19 02,0.14,0,70,0,15,165,1
2022-05-19 03,0.139,0,60,0,16,208,1
2022-05-19 04,0.133,0,70,0,16,136,1
2022-05-19 05,0.127,0,70,0,16,94,0
2022-05-19 06,0.127,0,65,0,16,301,1
2022-05-19 07,0.219,0,60,0,17,323,1
2022-05-19 08,0.138,0,60,0,18,305,1
2022-05-19 09,0.14,0,55,0,20,124,1
2022-05-19 10,0.141,0,45,0,21,224,3
2022-05-19 11,0.139,0,35,0,22,230,3
2022-05-19 12,0.142,0,35,0,23,231,3
2022-05-19 13,0.137,0,35,0,23,221,3
2022-05-19 14,0.14,0,35,0,23,209,3
2022-05-19 15,0.144,0,30,0,23,209,4
2022-05-19 16,0.153,0,35,0,23,221,4
2022-05-19 17,0.151,0,40,0,21,218,4
2022-05-19 18,0.145,0,45,0,20,206,3
2022-05-19 19,0.156,0,50,0,20,203,3
2022-05-19 20,0.229,0,55,0,19,237,2
2022-05-19 21,0.144,0,55,0,18,225,1
2022-05-19 22,0.146,0,55,0,18,230,2
2022-05-19 23,0.144,0,55,0,18,208,1
2022-05-20 00,0.143,0,60,0,18,23,1
2022-05-20 01,0.141,0,60,0,17,174,1
2022-05-20 02,0.132,0,65,0,16,184,0
2022-05-20 03,0.136,0,65,0,16,296,1
2022-05-20 04,0.135,0,65,0,17,256,0
2022-05-20 05,0.127,0,60,0,16,319,1
2022-05-20 06,0.136,0,60,0,17,81,1
2022-05-20 07,0.144,0,60,0,18,70,1
2022-05-20 08,0.176,0,60,0,19,341,0
2022-05-20 09,0.226,0,55,0,19,349,1
2022-05-20 10,0.126,0,55,0,21,300,0
2022-05-20 11,0.133,0,50,0,23,216,0
2022-05-20 12,0.137,0,50,0,22,146,2
2022-05-20 13,0.142,0,60,0,21,167,3
2022-05-20 14,0.147,0,60,0,22,167,3
2022-05-20 15,0.155,0,60,0,23,206,2
2022-05-20 16,0.151,0,60,0,23,193,3
2022-05-20 17,0.152,0,60,0,22,209,3
2022-05-20 18,0.154,0,70,0,21,200,3
2022-05-20 19,0.156,0,75,0,19,216,2
2022-05-20 20,0.15,0,80,0,19,225,2
2022-05-20 21,0.228,0,80,0,19,235,3
2022-05-20 22,0.142,0,75,0,19,231,3
2022-05-20 23,0.149,0,75,0,19,223,3
2022-05-21 00,0.146,0,80,0,18,235,4
2022-05-21 01,0.141,0,75,0,18,260,2
2022-05-21 02,0.139,0,75,0,18,281,2
2022-05-21 03,0.138,0,80,0,17,293,1
2022-05-21 04,0.139,0,80,0,16,309,0
2022-05-21 05,0.134,0,80,0,16,24,0
2022-05-21 06,0.136,0,80,0,18,26,0
2022-05-21 07,0.134,0,70,0,19,15,1
2022-05-21 08,0.139,0,60,0,21,67,0
2022-05-21 09,0.197,0,50,0,23,40,1
2022-05-21 10,0.228,0,45,0,25,314,0
2022-05-21 11,0.14,0,40,0,26,256,1
2022-05-21 12,0.149,0,35,0,27,255,1
2022-05-21 13,0.143,0,35,0,28,246,3
2022-05-21 14,0.151,0,35,0,28,284,2
2022-05-21 15,0.145,0,40,0,27,56,0
2022-05-21 16,0.146,0,40,0,27,289,4
2022-05-21 17,0.153,0,45,0,26,291,4
2022-05-21 18,0.155,0,40,0,25,299,5
2022-05-21 19,0.162,0,45,0,24,302,5
2022-05-21 20,0.161,0,45,0,23,300,4
2022-05-21 21,0.226,0,50,0,22,298,4
2022-05-21 22,0.16,0,55,0,21,301,4
2022-05-21 23,0.158,0,60,0,20,286,4
2022-05-22 00,0.151,0,60,0,20,267,3
2022-05-22 01,0.149,0,60,0,19,263,3
2022-05-22 02,0.145,0,55,0,19,267,3
2022-05-22 03,0.15,0,55,0,19,277,3
2022-05-22 04,0.142,0,55,0,19,242,2
2022-05-22 05,0.137,0,60,0,18,230,2
2022-05-22 06,0.143,0,50,0,20,243,1
2022-05-22 07,0.137,0,45,0,21,292,3
2022-05-22 08,0.137,0,40,0,23,298,3
2022-05-22 09,0.23,0,35,0,25,279,3
2022-05-22 10,0.161,0,35,0,27,269,4
2022-05-22 11,0.151,0,30,0,28,280,5
2022-05-22 12,0.149,0,30,0,30,277,5
2022-05-22 13,0.156,0,30,0,30,271,5
2022-05-22 14,0.163,0,30,0,31,268,5
2022-05-22 15,0.16,0,35,0,30,279,4
2022-05-22 16,0.165,0,35,0,30,281,4
2022-05-22 17,0.163,0,35,0,28,286,5
2022-05-22 18,0.146,0,40,0,27,282,4
2022-05-22 19,0.156,0,45,0,26,265,4
2022-05-22 20,0.227,0,55,0,24,255,4
2022-05-22 21,0.196,0,50,0,23,237,4
2022-05-22 22,0.151,0,55,0,22,234,3
2022-05-22 23,0.151,0,55,0,22,230,3
2022-05-23 00,0.156,0,60,0,22,242,3
2022-05-23 01,0.157,0,60,0,21,243,3
2022-05-23 02,0.161,0,65,0,21,260,2
2022-05-23 03,0.153,0,65,0,20,219,2
2022-05-23 04,0.156,0,65,0,20,245,3
2022-05-23 05,0.153,0,65,0,20,205,2
2022-05-23 06,0.143,0,65,0,21,305,0
2022-05-23 07,0.16,0,60,0,22,87,1
2022-05-23 08,0.231,0,60,0,23,78,1
2022-05-23 09,0.155,0,55,0,23,93,1
2022-05-23 10,0.161,0,55,0,25,104,2
2022-05-23 11,0.151,0,50,0,25,105,2
2022-05-23 12,0.151,0,50,0,26,154,4
2022-05-23 13,0.153,0,45,0,26,157,3
2022-05-23 14,0.174,0,50,0,26,170,3
2022-05-23 15,0.168,0,50,0,25,161,4
2022-05-23 16,0.177,0,60,0,23,188,4
2022-05-23 17,0.148,0,65,0,22,177,3
2022-05-23 18,0.232,0,70,0,21,169,2
2022-05-23 19,0.202,0,70,0,21,88,1
2022-05-23 20,0.161,0,75,0,20,146,1
2022-05-23 21,0.151,0,75,0,20,149,1
2022-05-23 22,0.168,0,75,0,19,181,0
2022-05-23 23,0.168,0,70,0,19,265,0
2022-05-24 00,0.168,0,65,0,20,263,1
2022-05-24 01,0.147,0,55,0,20,281,2
2022-05-24 02,0.187,0,55,0,20,293,3
2022-05-24 03,0.119,0,60,0,20,285,2
2022-05-24 04,0.123,0,60,0,20,293,2
2022-05-24 05,0.227,0,55,0,18,72,1
2022-05-24 06,0.181,0,60,0,19,65,1
2022-05-24 07,0.148,0,50,0,21,55,1
2022-05-24 08,0.151,0,45,0,23,64,1
2022-05-24 09,0.154,0,40,0,24,70,1
2022-05-24 10,0.16,0,35,0,26,102,1
2022-05-24 11,0.167,0,30,0,28,63,1
2022-05-24 12,0.163,0,35,0,28,178,1
2022-05-24 13,0.16,0,35,0,29,191,2
2022-05-24 14,0.148,0,30,0,29,199,3
2022-05-24 15,0.169,0,35,0,28,168,4
2022-05-24 16,0.234,0,35,0,27,164,4
2022-05-24 17,0.197,0,40,0,26,165,3
2022-05-24 18,0.189,0,45,0,24,168,3
2022-05-24 19,0.141,0,50,0,22,201,1
2022-05-24 20,0.171,0,50,0,22,96,1
2022-05-24 21,0.173,0,55,0,21,17,0
2022-05-24 22,0.149,0,60,0,20,55,0
2022-05-24 23,0.171,0,65,0,20,101,1
2022-05-25 00,0.173,0,70,0,19,200,0
2022-05-25 01,0.157,0,70,0,18,231,0
2022-05-25 02,0.174,0,75,0,18,312,0
2022-05-25 03,0.234,0,70,0,18,14,0
2022-05-25 04,0.14,0,75,0,18,350,1
2022-05-25 05,0.159,0,75,0,17,60,0
2022-05-25 06,0.16,0,75,0,19,33,1
2022-05-25 07,0.161,0,70,0,20,6,1
2022-05-25 08,0.143,0,65,0,21,345,1
2022-05-25 09,0.151,0,55,0,24,174,0
2022-05-25 10,0.149,0,50,0,25,159,1
2022-05-25 11,0.169,0,45,0,26,225,1
2022-05-25 12,0.173,0,40,0,27,207,3
2022-05-25 13,0.172,0,40,0,28,194,4
2022-05-25 14,0.239,0,45,0,26,171,5
2022-05-25 15,0.167,0,50,0,25,177,5
2022-05-25 16,0.176,0,45,0,25,196,5
2022-05-25 17,0.146,0,50,0,23,207,5
2022-05-25 18,0.17,0,55,0,22,211,3
2022-05-25 19,0.188,0,55,0,22,220,3
2022-05-25 20,0.165,0,65,0,21,231,4
2022-05-25 21,0.154,0,65,0,21,245,3
2022-05-25 22,0.164,0,60,0,21,239,2
2022-05-25 23,0.176,0,60,0,21,258,2
2022-05-26 00,0.225,0,60,0,20,268,4
2022-05-26 01,0.183,0,60,0,19,261,3
2022-05-26 02,0.157,0,65,0,19,264,3
2022-05-26 03,0.17,0,70,0,19,261,3
2022-05-26 04,0.16,0,70,0,19,257,4
2022-05-26 05,0.166,0,70,0,19,300,3
2022-05-26 06,0.149,0,70,0,19,312,3
2022-05-26 07,0.142,0,55,0,20,312,4
2022-05-26 08,0.147,0,45,0,21,300,5
2022-05-26 09,0.161,0,40,0,21,304,6
2022-05-26 10,0.159,0,35,0,23,309,5
2022-05-26 11,0.236,0,30,0,24,302,3
2022-05-26 12,0.183,0,30,0,26,299,2
2022-05-26 13,0.155,0,25,0,27,311,2
2022-05-26 14,0.143,0,25,0,27,300,4
2022-05-26 15,0.152,0,25,0,27,319,3
2022-05-26 16,0.165,0,25,0,27,311,4
2022-05-26 17,0.171,0,25,0,26,319,4
2022-05-26 18,0.162,0,30,0,24,312,4
2022-05-26 19,0.162,0,40,0,22,303,4
2022-05-26 20,0.149,0,35,0,22,300,4
2022-05-26 21,0.154,0,40,0,22,306,4
2022-05-26 22,0.229,0,45,0,20,301,4
2022-05-26 23,0.203,0,45,0,20,298,4
2022-05-27 00,0.149,0,40,0,19,284,3
2022-05-27 01,0.145,0,40,0,18,277,3
2022-05-27 02,0.148,0,40,0,18,283,3
2022-05-27 03,0.143,0,50,0,17,237,2
2022-05-27 04,0.141,0,50,0,17,250,2
2022-05-27 05,0.143,0,45,0,17,258,2
2022-05-27 06,0.142,0,45,0,18,222,2
2022-05-27 07,0.144,0,40,0,20,234,4
2022-05-27 08,0.147,0,45,0,21,227,5
2022-05-27 09,0.148,0,35,0,23,225,5
2022-05-27 10,0.22,0,35,0,25,244,5
2022-05-27 11,0.225,0,40,0,25,225,4
2022-05-27 12,0.139,0,35,0,26,232,4
2022-05-27 13,0.163,0,40,0,27,241,4
2022-05-27 14,0.156,0,35,0,28,257,6
2022-05-27 15,0.146,0,40,0,27,264,6
2022-05-27 16,0.161,0,35,0,28,262,5
2022-05-27 17,0.173,0,35,0,27,269,4
2022-05-27 18,0.17,0,45,0,24,245,5
2022-05-27 19,0.168,0,50,0,23,245,4
2022-05-27 20,0.152,0,50,0,23,229,4
2022-05-27 21,0.212,0,55,0,22,237,4
2022-05-27 22,0.215,0,55,0,21,259,3
2022-05-27 23,0.151,0,55,0,21,265,2
2022-05-28 00,0.158,0,60,0,20,260,1
2022-05-28 01,0.145,0,75,0,19,231,3
2022-05-28 02,0.149,0,75,0,19,248,1
2022-05-28 03,0.151,0,70,0,19,260,1
2022-05-28 04,0.154,0,70,0,18,269,0
2022-05-28 05,0.155,0,75,0,17,306,2
2022-05-28 06,0.152,0,75,0,18,11,0
2022-05-28 07,0.149,0,65,0,20,318,0
2022-05-28 08,0.15,0,55,0,22,213,1
2022-05-28 09,0.231,0,35,0,24,244,1
2022-05-28 10,0.164,0,35,0,26,303,1
2022-05-28 11,0.149,0,35,0,26,237,2
2022-05-28 12,0.152,0,35,0,27,241,3
2022-05-28 13,0.166,0,40,0,27,217,4
2022-05-28 14,0.171,0,45,0,25,204,4
2022-05-28 15,0.174,0,45,0,26,207,5
2022-05-28 16,0.17,0,40,0,25,207,6
2022-05-28 17,0.149,0,40,0,24,225,5
2022-05-28 18,0.177,0,45,0,22,223,4
2022-05-28 19,0.176,0,45,0,22,240,3
2022-05-28 20,0.239,0,50,0,21,227,2
2022-05-28 21,0.158,0,60,0,20,223,2
2022-05-28 22,0.176,0,60,0,19,227,2
2022-05-28 23,0.173,0,65,0,20,239,2
2022-05-29 00,0.164,0,75,0,18,44,0
2022-05-29 01,0.148,0,75,0,18,165,0
2022-05-29 02,0.149,0,80,0,17,360,1
2022-05-29 03,0.14,0,80,0,16,341,1
2022-05-29 04,0.151,0,80,0,16,160,0
2022-05-29 05,0.15,0,80,0,16,12,0
2022-05-29 06,0.149,0,70,0,18,44,1
2022-05-29 07,0.231,0,65,0,19,42,1
2022-05-29 08,0.166,0,65,0,21,58,1
2022-05-29 09,0.151,0,60,0,23,19,1
2022-05-29 10,0.159,0,55,0,24,346,2
2022-05-29 11,0.159,0,50,0,25,177,1
2022-05-29 12,0.166,0,50,0,26,166,1
2022-05-29 13,0.167,0,50,0,25,160,3
2022-05-29 14,0.153,0,50,0,25,138,4
2022-05-29 15,0.152,0,45,0,24,143,4
2022-05-29 16,0.161,0,45,0,24,147,3
2022-05-29 17,0.171,0,45,0,22,160,3
2022-05-29 18,0.235,0,45,0,22,159,2
2022-05-29 19,0.19,5,50,0.1,21,138,1
2022-05-29 20,0.157,5,50,0.1,21,147,1
2022-05-29 21,0.161,0,65,0,20,155,2
2022-05-29 22,0.171,5,75,0.1,19,154,2
2022-05-29 23,0.162,0,75,0,19,102,1
2022-05-30 00,0.166,0,75,0,19,30,2
2022-05-30 01,0.15,1,85,0.3,18,38,2
2022-05-30 02,0.143,0,80,0,18,72,1
2022-05-30 03,0.154,0,80,0,19,59,2
2022-05-30 04,0.159,0,75,0,19,63,2
2022-05-30 05,0.234,0,75,0,19,53,3
2022-05-30 06,0.189,0,75,0,19,48,3
2022-05-30 07,0.149,0,70,0,19,46,3
2022-05-30 08,0.15,0,65,0,20,44,2
2022-05-30 09,0.145,0,65,0,21,40,2
2022-05-30 10,0.148,0,60,0,22,57,2
2022-05-30 11,0.149,0,55,0,23,24,1
2022-05-30 12,0.155,0,55,0,24,304,1
2022-05-30 13,0.163,0,60,0,24,248,3
2022-05-30 14,0.168,0,55,0,25,236,3
2022-05-30 15,0.168,0,65,0,24,241,4
2022-05-30 16,0.16,0,65,0,23,261,3
2022-05-30 17,0.239,0,65,0,24,287,5
2022-05-30 18,0.146,0,70,0,23,294,5
2022-05-30 19,0.162,0,75,0,22,306,4
2022-05-30 20,0.166,0,75,0,22,303,4
2022-05-30 21,0.166,0,70,0,22,308,5
2022-05-30 22,0.161,0,70,0,21,324,3
2022-05-30 23,0.147,0,90,0,26,198,7
2022-05-31 00,0.147,0,70,0,20,299,4
2022-05-31 01,0.146,0,70,0,19,302,3
2022-05-31 02,0.15,0,70,0,19,306,4
2022-05-31 03,0.159,0,55,0,18,308,5
2022-05-31 04,0.224,0,50,0,18,315,1
2022-05-31 05,0.177,0,50,0,18,318,1
2022-05-31 06,0.146,0,50,0,20,284,1
2022-05-31 07,0.145,0,50,0,21,292,1
2022-05-31 08,0.146,0,45,0,22,269,0
2022-05-31 09,0.156,0,35,0,24,230,3
2022-05-31 10,0.166,0,35,0,25,215,2
2022-05-31 11,0.166,0,25,0,26,190,2
2022-05-31 12,0.161,0,25,0,26,186,2
2022-05-31 13,0.159,0,30,0,26,171,5
2022-05-31 14,0.148,0,30,0,25,184,6
2022-05-31 15,0.192,0,30,0,26,200,6
2022-05-31 16,0.243,0,30,0,25,211,4
2022-05-31 17,0.153,0,30,0,25,204,4
2022-05-31 18,0.178,0,35,0,24,211,4
2022-05-31 19,0.156,0,35,0,23,242,2
2022-05-31 20,0.156,0,45,0,22,198,2
2022-05-31 21,0.169,0,50,0,21,211,2
2022-05-31 22,0.168,0,50,0,21,188,3
2022-05-31 23,0.164,0,55,0,20,188,2
2022-06-01 00,0.15,0,50,0,20,174,0
2022-06-01 01,0.148,0,55,0,19,301,1
2022-06-01 02,0.223,0,60,0,19,282,0
2022-06-01 03,0.196,0,65,0,18,51,1
2022-06-01 04,0.153,0,65,0,18,330,1
2022-06-01 05,0.144,0,60,0,19,54,2
2022-06-01 06,0.147,0,65,0,19,58,1
2022-06-01 07,0.15,0,60,0,20,35,1
2022-06-01 08,0.156,0,55,0,22,67,1
2022-06-01 09,0.16,0,45,0,24,77,1
2022-06-01 10,0.157,0,40,0,25,156,3
2022-06-01 11,0.168,0,35,0,26,150,1
2022-06-01 12,0.159,0,30,0,26,148,3
2022-06-01 13,0.179,0,25,0,26,147,2
2022-06-01 14,0.234,0,30,0,27,191,1
2022-06-01 15,0.162,0,30,0,26,172,4
2022-06-01 16,0.177,0,35,0,25,184,4
2022-06-01 17,0.167,0,45,0,24,178,4
2022-06-01 18,0.152,0,55,0,22,186,4
2022-06-01 19,0.176,0,60,0,21,198,4
2022-06-01 20,0.179,0,70,0,20,202,3
2022-06-01 21,0.157,0,80,0,19,208,3
2022-06-01 22,0.149,0,80,0,18,203,2
2022-06-01 23,0.16,0,80,0,19,218,2
2022-06-02 00,0.23,0,85,0,18,203,1
2022-06-02 01,0.184,0,85,0,18,241,1
2022-06-02 02,0.155,0,85,0,17,20,0
2022-06-02 03,0.144,0,85,0,17,26,1
2022-06-02 04,0.147,0,90,0,16,19,0
2022-06-02 05,0.15,0,90,0,17,303,1
2022-06-02 06,0.153,0,80,0,18,27,1
2022-06-02 07,0.155,0,75,0,19,274,1
2022-06-02 08,0.155,0,70,0,21,176,0
2022-06-02 09,0.158,0,65,0,22,304,0
2022-06-02 10,0.163,0,50,0,23,172,1
2022-06-02 11,0.167,0,45,0,25,213,1
2022-06-02 12,0.231,0,45,0,26,235,2
2022-06-02 13,0.153,0,45,0,27,214,3
2022-06-02 14,0.173,0,50,0,26,187,5
2022-06-02 15,0.172,0,60,0,25,185,5
2022-06-02 16,0.168,0,60,0,25,182,5
2022-06-02 17,0.153,0,70,0,24,197,4
2022-06-02 18,0.174,0,70,0,23,200,4
2022-06-02 19,0.177,0,80,0,22,201,3
2022-06-02 20,0.171,0,75,0,22,226,3
2022-06-02 21,0.15,0,80,0,22,216,2
2022-06-02 22,0.232,0,75,0,22,213,2
2022-06-02 23,0.197,0,75,0,22,247,2
2022-06-03 00,0.159,0,80,0,22,235,3
2022-06-03 01,0.148,0,80,0,21,268,3
2022-06-03 02,0.167,0,80,0,21,289,2
2022-06-03 03,0.168,0,80,0,21,288,1
2022-06-03 04,0.164,0,80,0,20,285,1
2022-06-03 05,0.153,0,85,0,19,88,1
2022-06-03 06,0.147,0,80,0,20,59,1
2022-06-03 07,0.146,0,75,0,21,12,1
2022-06-03 08,0.147,0,70,0,23,50,0
2022-06-03 09,0.235,0,60,0,25,52,2
2022-06-03 10,0.211,0,55,0,26,72,1
2022-06-03 11,0.161,0,50,0,27,127,3
2022-06-03 12,0.161,0,55,0,26,151,5
2022-06-03 13,0.16,0,55,0,25,151,5
2022-06-03 14,0.177,0,60,0,24,149,5
2022-06-03 15,0.18,0,60,0,23,150,6
2022-06-03 16,0.164,0,60,0,23,152,4
2022-06-03 17,0.182,0,60,0,23,160,5
2022-06-03 18,0.149,0,70,0,21,167,4
2022-06-03 19,0.182,0,75,0,20,179,1
2022-06-03 20,0.241,0,75,0,20,152,2
2022-06-03 21,0.182,0,75,0,20,116,1
2022-06-03 22,0.175,0,75,0,19,65,1
2022-06-03 23,0.136,0,80,0,19,58,1
2022-06-04 00,0.17,0,80,0,18,22,1
2022-06-04 01,0.172,0,80,0,18,105,0
2022-06-04 02,0.168,0,80,0,18,51,1
2022-06-04 03,0.155,0,80,0,19,66,2
2022-06-04 04,0.146,0,75,0,19,72,2
2022-06-04 05,0.162,0,75,0,19,56,2
2022-06-04 06,0.221,0,70,0,20,66,3
2022-06-04 07,0.219,0,65,0,20,65,4
2022-06-04 08,0.146,0,60,0,22,64,4
2022-06-04 09,0.157,0,55,0,22,74,4
2022-06-04 10,0.152,0,50,0,23,66,4
2022-06-04 11,0.163,0,50,0,24,74,3
2022-06-04 12,0.17,0,50,0,25,73,3
2022-06-04 13,0.176,0,45,0,25,73,3
2022-06-04 14,0.161,0,45,0,25,82,4
2022-06-04 15,0.163,0,40,0,25,85,3
2022-06-04 16,0.213,0,45,0,25,99,2
2022-06-04 17,0.236,0,50,0,23,100,2
2022-06-04 18,0.165,0,55,0,22,121,2
2022-06-04 19,0.178,0,60,0,21,167,2
2022-06-04 20,0.146,0,60,0,21,161,2
2022-06-04 21,0.175,0,55,0,21,135,1
2022-06-04 22,0.181,0,60,0,20,147,2
2022-06-04 23,0.173,0,60,0,20,156,2
2022-06-05 00,0.156,0,65,0,20,139,2
2022-06-05 01,0.16,0,65,0,20,143,2
2022-06-05 02,0.174,5,65,0.2,20,71,2
2022-06-05 03,0.243,5,65,0.1,20,57,4
2022-06-05 04,0.192,1,65,0.4,20,60,4
2022-06-05 05,0.153,1,65,0.4,20,67,5
2022-06-05 06,0.158,1,75,0.9,19,51,5
2022-06-05 07,0.17,1,85,3.4,18,57,3
2022-06-05 08,0.167,1,90,3.4,18,55,4
2022-06-05 09,0.16,1,90,1.6,18,78,3
2022-06-05 10,0.148,1,85,0.4,18,66,3
2022-06-05 11,0.147,1,90,0.6,18,86,3
2022-06-05 12,0.165,1,90,1.1,17,104,4
2022-06-05 13,0.166,1,90,1.1,17,130,5
2022-06-05 14,0.238,1,90,1,17,116,3
2022-06-05 15,0.181,1,90,1.1,17,73,3
2022-06-05 16,0.153,1,90,1,17,60,6
2022-06-05 17,0.151,1,90,2.7,17,52,5
2022-06-05 18,0.154,1,90,4,17,51,5
2022-06-05 19,0.16,1,90,2,17,45,6
2022-06-05 20,0.159,1,90,2.1,18,68,7
2022-06-05 21,0.151,1,90,0.8,18,61,6
2022-06-05 22,0.156,0,85,0,18,77,6
2022-06-05 23,0.151,0,80,0,18,26,4
2022-06-06 00,0.144,0,80,0,19,15,2
2022-06-06 01,0.163,5,80,0.2,18,11,3
2022-06-06 02,0.232,5,85,0.1,18,8,3
2022-06-06 03,0.139,0,85,0,18,349,1
2022-06-06 04,0.151,0,85,0,17,346,1
2022-06-06 05,0.145,0,85,0,18,38,1
2022-06-06 06,0.139,0,80,0,19,18,2
2022-06-06 07,0.146,0,75,0,21,63,2
2022-06-06 08,0.147,0,75,0,21,316,1
2022-06-06 09,0.142,0,85,0,19,258,4
2022-06-06 10,0.152,0,70,0,22,328,4
2022-06-06 11,0.155,0,70,0,22,305,5
2022-06-06 12,0.155,0,65,0,24,319,5
2022-06-06 13,0.16,0,60,0,24,303,4
2022-06-06 14,0.234,0,55,0,26,296,5
2022-06-06 15,0.181,0,50,0,26,319,6
2022-06-06 16,0.156,0,50,0,25,320,5
2022-06-06 17,0.148,0,55,0,25,326,5
2022-06-06 18,0.146,0,55,0,24,11,3
2022-06-06 19,0.151,0,75,0,21,116,3
2022-06-06 20,0.154,0,80,0,19,164,3
2022-06-06 21,0.158,0,80,0,19,155,3
2022-06-06 22,0.161,0,80,0,18,166,1
2022-06-06 23,0.153,0,80,0,18,166,1
2022-06-07 00,0.159,0,80,0,18,190,2
2022-06-07 01,0.154,0,80,0,18,260,1
2022-06-07 02,0.233,0,80,0,18,184,1
2022-06-07 03,0.153,0,80,0,18,139,1
2022-06-07 04,0.152,0,80,0,18,86,1
2022-06-07 05,0.157,0,75,0,18,102,2
2022-06-07 06,0.148,0,75,0,18,91,2
2022-06-07 07,0.153,0,75,0,18,153,1
2022-06-07 08,0.147,0,70,0,19,121,2
2022-06-07 09,0.153,0,65,0,19,164,3
2022-06-07 10,0.148,5,60,0.2,20,164,3
2022-06-07 11,0.148,0,60,0,20,151,3
2022-06-07 12,0.141,0,60,0,21,154,3
2022-06-07 13,0.172,0,60,0,21,152,4
2022-06-07 14,0.23,0,60,0,21,149,4
2022-06-07 15,0.133,0,65,0,20,152,5
2022-06-07 16,0.155,0,65,0,20,152,3
2022-06-07 17,0.152,0,70,0,19,152,3
2022-06-07 18,0.156,0,70,0,19,146,3
2022-06-07 19,0.153,1,75,0.9,18,145,3
2022-06-07 20,0.155,5,75,0.1,18,146,3
2022-06-07 21,0.147,0,75,0,18,106,4
2022-06-07 22,0.152,0,75,0,18,65,4
2022-06-07 23,0.145,0,75,0,18,61,3
2022-06-08 00,0.149,0,80,0,17,48,4
2022-06-08 01,0.143,1,85,0.5,17,54,3
2022-06-08 02,0.233,1,85,0.4,16,33,2
2022-06-08 03,0.144,0,85,0,17,45,3
2022-06-08 04,0.145,0,85,0,17,58,4
2022-06-08 05,0.142,0,85,0,17,59,3
2022-06-08 06,0.145,0,80,0,17,55,4
2022-06-08 07,0.138,0,80,0,17,55,3
2022-06-08 08,0.145,0,80,0,17,61,3
2022-06-08 09,0.139,0,75,0,18,50,3
2022-06-08 10,0.145,0,75,0,18,49,2
2022-06-08 11,0.141,0,70,0,20,29,2
2022-06-08 12,0.148,0,65,0,21,128,2
2022-06-08 13,0.144,0,65,0,20,133,3
2022-06-08 14,0.2,0,65,0,20,171,2
2022-06-08 15,0.231,0,65,0,20,155,2
2022-06-08 16,0.132,0,65,0,21,142,2
2022-06-08 17,0.149,0,70,0,20,140,3
2022-06-08 18,0.163,0,75,0,19,155,4
2022-06-08 19,0.153,0,80,0,18,162,2
2022-06-08 20,0.16,0,80,0,17,157,2
2022-06-08 21,0.149,0,80,0,18,192,1
2022-06-08 22,0.153,0,80,0,17,149,1
2022-06-08 23,0.142,0,80,0,17,267,0
2022-06-09 00,0.143,0,85,0,17,12,1
2022-06-09 01,0.145,0,85,0,16,40,1
2022-06-09 02,0.16,0,85,0,17,353,1
2022-06-09 03,0.237,0,80,0,17,56,2
2022-06-09 04,0.139,0,80,0,17,70,3
2022-06-09 05,0.147,0,80,0,17,69,2
2022-06-09 06,0.143,0,75,0,18,66,2
2022-06-09 07,0.139,0,75,0,18,73,4
2022-06-09 08,0.146,0,70,0,19,53,3
2022-06-09 09,0.139,0,65,0,20,51,2
2022-06-09 10,0.145,0,60,0,22,43,1
2022-06-09 11,0.153,0,60,0,23,123,2
2022-06-09 12,0.15,0,55,0,22,112,2
2022-06-09 13,0.159,0,55,0,23,148,1
2022-06-09 14,0.153,0,55,0,24,189,1
2022-06-09 15,0.232,0,55,0,23,142,3
2022-06-09 16,0.149,0,50,0,23,157,3
2022-06-09 17,0.163,0,55,0,22,172,2
2022-06-09 18,0.163,0,55,0,21,171,2
2022-06-09 19,0.171,0,60,0,20,163,2
2022-06-09 20,0.159,0,65,0,19,181,1
2022-06-09 21,0.166,0,75,0,18,5,0
2022-06-09 22,0.147,0,75,0,18,359,1
2022-06-09 23,0.15,0,75,0,18,17,0
2022-06-10 00,0.141,0,80,0,17,26,0
2022-06-10 01,0.147,0,80,0,17,355,1
2022-06-10 02,0.218,0,80,0,17,81,1
2022-06-10 03,0.187,0,85,0,17,29,2
2022-06-10 04,0.146,0,85,0,17,45,2
2022-06-10 05,0.14,0,85,0,17,42,2
2022-06-10 06,0.145,0,80,0,18,45,2
2022-06-10 07,0.14,0,80,0,19,56,2
2022-06-10 08,0.146,0,65,0,21,48,2
2022-06-10 09,0.143,0,60,0,22,47,2
2022-06-10 10,0.145,0,55,0,23,99,2
2022-06-10 11,0.149,0,55,0,24,140,2
2022-06-10 12,0.149,0,55,0,23,155,3
2022-06-10 13,0.162,0,55,0,23,158,3
2022-06-10 14,0.241,0,55,0,24,159,2
2022-06-10 15,0.192,0,55,0,23,157,3
2022-06-10 16,0.159,0,60,0,22,147,2
2022-06-10 17,0.148,0,60,0,23,216,1
2022-06-10 18,0.155,0,65,0,22,320,0
2022-06-10 19,0.161,0,70,0,21,28,1
2022-06-10 20,0.169,0,75,0,20,14,1
2022-06-10 21,0.161,0,75,0,20,14,0
2022-06-10 22,0.16,0,75,0,20,347,1
2022-06-10 23,0.149,0,75,0,20,43,0
2022-06-11 00,0.147,0,80,0,20,296,0
2022-06-11 01,0.201,0,80,0,19,60,0
2022-06-11 02,0.21,0,80,0,19,86,1
2022-06-11 03,0.149,5,85,0.1,19,49,1
2022-06-11 04,0.144,0,85,0,19,125,1
2022-06-11 05,0.146,0,80,0,19,128,0
2022-06-11 06,0.142,0,80,0,20,15,2
2022-06-11 07,0.147,0,80,0,20,28,1
2022-06-11 08,0.143,0,70,0,21,72,3
2022-06-11 09,0.152,0,65,0,23,69,3
2022-06-11 10,0.148,0,60,0,24,59,2
2022-06-11 11,0.158,0,55,0,25,72,3
2022-06-11 12,0.155,0,50,0,25,99,3
2022-06-11 13,0.233,0,55,0,26,106,3
2022-06-11 14,0.185,0,55,0,26,129,2
2022-06-11 15,0.158,0,60,0,26,129,3
2022-06-11 16,0.151,0,60,0,25,139,3
2022-06-11 17,0.163,0,65,0,24,161,2
2022-06-11 18,0.173,0,70,0,23,154,2
2022-06-11 19,0.171,0,75,0,22,129,0
2022-06-11 20,0.162,0,75,0,21,152,1
2022-06-11 21,0.147,0,75,0,21,141,1
2022-06-11 22,0.155,0,80,0,21,205,0
2022-06-11 23,0.162,0,80,0,20,83,1
2022-06-12 00,0.233,0,80,0,20,48,1
2022-06-12 01,0.166,0,85,0,20,65,1
2022-06-12 02,0.167,0,80,0,19,59,1
2022-06-12 03,0.165,0,75,0,20,70,1
2022-06-12 04,0.163,0,70,0,19,71,1
2022-06-12 05,0.156,0,70,0,19,87,2
2022-06-12 06,0.151,0,65,0,20,65,4
2022-06-12 07,0.143,0,60,0,21,85,3
2022-06-12 08,0.149,0,55,0,22,84,3
2022-06-12 09,0.151,0,55,0,23,107,3
2022-06-12 10,0.17,0,55,0,23,95,2
2022-06-12 11,0.229,0,55,0,24,99,2
2022-06-12 12,0.198,0,55,0,23,144,3
2022-06-12 13,0.163,0,60,0,23,146,4
2022-06-12 14,0.154,0,60,0,24,150,3
2022-06-12 15,0.18,0,60,0,24,150,3
2022-06-12 16,0.173,0,65,0,22,162,3
2022-06-12 17,0.166,0,70,0,21,178,3
2022-06-12 18,0.16,0,75,0,20,178,2
2022-06-12 19,0.171,0,75,0,20,142,0
2022-06-12 20,0.175,0,75,0,20,101,1
2022-06-12 21,0.232,0,75,0,19,76,1
2022-06-12 22,0.186,0,75,0,20,48,1
2022-06-12 23,0.156,0,70,0,20,76,2
2022-06-13 00,0.167,0,75,0,20,53,3
2022-06-13 01,0.166,0,75,0,20,66,4
2022-06-13 02,0.16,0,70,0,19,72,4
2022-06-13 03,0.154,0,70,0,19,61,3
2022-06-13 04,0.144,0,70,0,19,77,3
2022-06-13 05,0.145,0,70,0,19,72,4
2022-06-13 06,0.155,0,70,0,19,71,5
2022-06-13 07,0.16,0,70,0,20,66,5
2022-06-13 08,0.225,0,65,0,20,63,5
2022-06-13 09,0.2,0,65,0,20,65,5
2022-06-13 10,0.146,0,70,0,20,64,5
2022-06-13 11,0.158,0,65,0,21,72,5
2022-06-13 12,0.143,0,60,0,22,64,5
2022-06-13 13,0.151,0,65,0,21,75,4
2022-06-13 14,0.156,5,65,0.1,21,74,4
2022-06-13 15,0.162,0,60,0,22,90,2
2022-06-13 16,0.168,0,65,0,21,107,2
2022-06-13 17,0.161,5,65,0.1,21,112,2
2022-06-13 18,0.158,5,65,0.2,21,80,3
2022-06-13 19,0.173,1,65,0.3,21,89,4
2022-06-13 20,0.234,1,75,1.9,20,87,4
2022-06-13 21,0.147,1,80,1.1,19,74,4
2022-06-13 22,0.157,1,85,1,18,53,4
2022-06-13 23,0.163,1,85,0.8,18,53,4
2022-06-14 00,0.159,5,85,0.2,18,48,5
2022-06-14 01,0.15,0,80,0,18,43,5
2022-06-14 02,0.145,1,85,0.3,18,50,5
2022-06-14 03,0.149,5,85,0.2,18,44,5
2022-06-14 04,0.141,0,80,0,18,48,5
2022-06-14 05,0.151,0,80,0,18,52,5
2022-06-14 06,0.151,5,85,0.2,17,60,6
2022-06-14 07,0.237,0,85,0,18,56,6
2022-06-14 08,0.177,0,80,0,18,49,6
2022-06-14 09,0.142,0,80,0,18,55,6
2022-06-14 10,0.146,0,80,0,18,55,5
2022-06-14 11,0.144,0,80,0,18,70,6
2022-06-14 12,0.148,0,75,0,19,54,5
2022-06-14 13,0.155,0,75,0,19,52,5
2022-06-14 14,0.161,0,75,0,18,55,6
2022-06-14 15,0.154,0,75,0,18,64,6
2022-06-14 16,0.161,0,75,0,18,55,5
2022-06-14 17,0.157,0,75,0,18,64,6
2022-06-14 18,0.158,0,75,0,18,64,6
2022-06-14 19,0.228,0,80,0,18,67,5
2022-06-14 20,0.154,0,80,0,18,62,5
2022-06-14 21,0.147,0,80,0,17,61,4
2022-06-14 22,0.151,0,85,0,17,53,4
2022-06-14 23,0.142,0,85,0,17,52,3
2022-06-15 00,0.155,0,85,0,17,66,3
2022-06-15 01,0.148,5,85,0.1,17,47,2
2022-06-15 02,0.153,0,85,0,17,66,2
2022-06-15 03,0.149,0,85,0,17,83,1
2022-06-15 04,0.15,0,85,0,17,112,0
2022-06-15 05,0.144,0,85,0,17,88,1
2022-06-15 06,0.151,0,85,0,18,226,1
2022-06-15 07,0.222,0,80,0,19,79,0
2022-06-15 08,0.167,0,80,0,19,37,0
2022-06-15 09,0.141,0,80,0,20,313,0
2022-06-15 10,0.141,0,75,0,21,214,1
2022-06-15 11,0.147,0,75,0,22,297,0
2022-06-15 12,0.142,0,70,0,23,205,5
2022-06-15 13,0.156,0,70,0,24,218,5
2022-06-15 14,0.154,0,65,0,25,218,5
2022-06-15 15,0.158,0,65,0,25,201,5
2022-06-15 16,0.161,0,70,0,24,213,6
2022-06-15 17,0.162,0,70,0,24,207,5
2022-06-15 18,0.162,0,80,0,22,201,5
2022-06-15 19,0.236,0,80,0,21,201,5
2022-06-15 20,0.147,0,80,0,21,215,4
2022-06-15 21,0.162,0,80,0,21,217,3
2022-06-15 22,0.159,0,80,0,21,224,4
2022-06-15 23,0.163,0,85,0,21,224,3
2022-06-16 00,0.154,0,85,0,20,219,2
2022-06-16 01,0.161,0,90,0,20,203,3
2022-06-16 02,0.151,0,90,0,19,205,3
2022-06-16 03,0.154,0,90,0,20,208,4
2022-06-16 04,0.143,0,85,0,20,219,3
2022-06-16 05,0.142,0,85,0,20,230,2
2022-06-16 06,0.169,0,85,0,20,238,3
2022-06-16 07,0.237,0,75,0,21,245,4
2022-06-16 08,0.142,0,70,0,22,257,3
2022-06-16 09,0.149,0,65,0,23,227,3
2022-06-16 10,0.159,0,60,0,24,237,4
2022-06-16 11,0.148,0,55,0,26,271,4
2022-06-16 12,0.152,0,50,0,27,265,4
2022-06-16 13,0.15,0,45,0,27,260,4
2022-06-16 14,0.157,0,45,0,28,233,4
2022-06-16 15,0.164,0,50,0,27,221,3
2022-06-16 16,0.173,0,55,0,26,218,5
2022-06-16 17,0.166,0,60,0,25,229,5
2022-06-16 18,0.24,0,65,0,24,230,3
2022-06-16 19,0.155,0,70,0,23,229,3
2022-06-16 20,0.18,0,75,0,23,206,2
2022-06-16 21,0.173,0,75,0,22,197,3
2022-06-16 22,0.167,0,80,0,21,173,2
2022-06-16 23,0.144,0,80,0,21,193,2
2022-06-17 00,0.155,0,85,0,21,218,2
2022-06-17 01,0.16,0,85,0,21,217,3
2022-06-17 02,0.167,0,90,0,20,181,1
2022-06-17 03,0.157,0,90,0,20,171,1
2022-06-17 04,0.164,0,90,0,20,219,1
2022-06-17 05,0.233,0,90,0,20,243,0
2022-06-17 06,0.161,0,85,0,21,158,2
2022-06-17 07,0.157,0,80,0,22,242,1
2022-06-17 08,0.155,0,75,0,23,225,2
2022-06-17 09,0.151,0,70,0,24,199,1
2022-06-17 10,0.148,0,70,0,24,204,2
2022-06-17 11,0.164,0,65,0,24,191,2
2022-06-17 12,0.166,0,65,0,26,152,2
2022-06-17 13,0.173,0,65,0,26,132,3
2022-06-17 14,0.16,0,65,0,25,136,3
2022-06-17 15,0.185,0,60,0,26,156,2
2022-06-17 16,0.231,0,70,0,25,152,5
2022-06-17 17,0.165,0,75,0,23,160,4
2022-06-17 18,0.179,0,75,0,23,178,3
2022-06-17 19,0.132,0,80,0,23,228,2
2022-06-17 20,0.171,0,80,0,23,203,1
2022-06-17 21,0.175,0,80,0,23,118,1
2022-06-17 22,0.174,0,85,0,22,93,0
2022-06-17 23,0.145,0,85,0,22,226,0
2022-06-18 00,0.161,0,85,0,22,152,1
2022-06-18 01,0.172,0,85,0,22,26,0
2022-06-18 02,0.229,0,90,0,22,217,1
2022-06-18 03,0.177,0,85,0,22,206,2
2022-06-18 04,0.154,0,90,0,22,167,0
2022-06-18 05,0.162,0,90,0,22,208,1
2022-06-18 06,0.164,0,90,0,22,321,1
2022-06-18 07,0.168,0,85,0,23,217,1
2022-06-18 08,0.164,0,75,0,24,220,2
2022-06-18 09,0.154,0,70,0,26,231,3
2022-06-18 10,0.157,5,65,0.1,26,210,4
2022-06-18 11,0.176,0,65,0,27,214,4
2022-06-18 12,0.179,0,60,0,27,221,4
2022-06-18 13,0.239,0,55,0,28,206,5
2022-06-18 14,0.175,0,55,0,28,213,5
2022-06-18 15,0.175,0,60,0,28,214,4
2022-06-18 16,0.189,0,60,0,27,227,6
2022-06-18 17,0.14,0,65,0,27,221,6
2022-06-18 18,0.176,0,65,0,25,223,6
2022-06-18 19,0.189,0,75,0,24,229,6
2022-06-18 20,0.148,0,75,0,24,231,5
2022-06-18 21,0.166,0,80,0,23,236,3
2022-06-18 22,0.167,0,80,0,23,225,4
2022-06-18 23,0.218,0,75,0,23,255,2
2022-06-19 00,0.221,0,80,0,23,209,2
2022-06-19 01,0.178,0,80,0,22,221,3
2022-06-19 02,0.145,0,85,0,22,206,2
2022-06-19 03,0.178,0,85,0,22,205,1
2022-06-19 04,0.177,0,85,0,21,192,2
2022-06-19 05,0.138,0,85,0,22,204,2
2022-06-19 06,0.172,0,85,0,22,144,1
2022-06-19 07,0.173,0,80,0,23,135,1
2022-06-19 08,0.16,0,75,0,24,23,1
2022-06-19 09,0.197,0,70,0,26,205,1
2022-06-19 10,0.241,0,70,0,26,277,1
2022-06-19 11,0.182,0,70,0,26,289,2
2022-06-19 12,0.146,0,65,0,27,219,1
2022-06-19 13,0.209,0,65,0,28,247,1
2022-06-19 14,0.155,0,60,0,28,236,2
2022-06-19 15,0.151,0,60,0,28,196,4
2022-06-19 16,0.202,0,65,0,28,209,4
2022-06-19 17,0.175,0,70,0,26,179,5
2022-06-19 18,0.153,0,75,0,25,189,3
2022-06-19 19,0.164,0,80,0,24,193,3
2022-06-19 20,0.237,0,80,0,24,211,3
2022-06-19 21,0.215,0,85,0,23,215,3
2022-06-19 22,0.151,0,85,0,23,216,1
2022-06-19 23,0.202,0,85,0,22,207,2
2022-06-20 00,0.161,0,90,0,22,170,1
2022-06-20 01,0.143,0,85,0,23,198,1
2022-06-20 02,0.18,0,85,0,23,143,1
2022-06-20 03,0.164,0,85,0,23,129,0
2022-06-20 04,0.169,0,85,0,23,23,0
2022-06-20 05,0.189,0,90,0,23,65,1
2022-06-20 06,0.166,0,90,0,23,2,1
2022-06-20 07,0.245,0,85,0,24,87,0
2022-06-20 08,0.179,0,80,0,24,116,1
2022-06-20 09,0.164,5,80,0.2,25,71,2
2022-06-20 10,0.2,0,75,0,26,87,1
2022-06-20 11,0.149,0,70,0,27,54,1
2022-06-20 12,0.156,0,70,0,27,102,2
2022-06-20 13,0.213,0,65,0,28,111,3
2022-06-20 14,0.164,0,70,0,27,175,3
2022-06-20 15,0.16,0,70,0,26,162,4
2022-06-20 16,0.174,0,70,0,26,159,4
2022-06-20 17,0.241,0,70,0,25,154,4
2022-06-20 18,0.221,0,75,0,25,159,3
2022-06-20 19,0.179,0,80,0,24,153,1
2022-06-20 20,0.173,0,80,0,23,28,0
2022-06-20 21,0.207,0,80,0,23,103,1
2022-06-20 22,0.169,0,80,0,23,143,1
2022-06-20 23,0.152,0,80,0,23,112,1
2022-06-21 00,0.181,0,85,0,23,89,1
2022-06-21 01,0.186,0,85,0,23,61,2
2022-06-21 02,0.148,0,85,0,23,69,2
2022-06-21 03,0.219,0,85,0,23,54,3
2022-06-21 04,0.238,0,85,0,23,53,2
2022-06-21 05,0.185,0,80,0,23,37,3
2022-06-21 06,0.147,0,80,0,24,45,3
2022-06-21 07,0.182,0,75,0,25,54,3
2022-06-21 08,0.144,0,70,0,26,37,3
2022-06-21 09,0.183,0,65,0,26,39,3
2022-06-21 10,0.168,0,60,0,28,51,2
2022-06-21 11,0.199,0,55,0,29,92,3
2022-06-21 12,0.153,0,60,0,29,115,2
2022-06-21 13,0.161,0,55,0,30,126,2
2022-06-21 14,0.237,0,65,0,29,152,5
2022-06-21 15,0.233,0,65,0,28,155,5
2022-06-21 16,0.182,0,65,0,28,156,4
2022-06-21 17,0.176,0,70,0,26,192,3
2022-06-21 18,0.196,0,75,0,25,271,2
2022-06-21 19,0.199,0,75,0,25,203,2
2022-06-21 20,0.169,0,75,0,25,152,2
2022-06-21 21,0.166,0,80,0,25,189,1
2022-06-21 22,0.177,0,75,0,25,228,1
2022-06-21 23,0.206,0,80,0,24,225,1
2022-06-22 00,0.244,0,80,0,24,276,0
2022-06-22 01,0.198,0,80,0,24,198,0
2022-06-22 02,0.185,0,85,0,24,227,1
2022-06-22 03,0.153,0,85,0,23,155,1
2022-06-22 04,0.165,0,85,0,23,202,1
2022-06-22 05,0.203,0,85,0,24,239,2
2022-06-22 06,0.148,0,85,0,24,62,1
2022-06-22 07,0.152,0,80,0,26,2,1
2022-06-22 08,0.207,0,75,0,26,338,1
2022-06-22 09,0.158,0,70,0,28,87,0
2022-06-22 10,0.25,0,65,0,28,220,4
2022-06-22 11,0.219,0,60,0,29,237,3
2022-06-22 12,0.174,0,60,0,30,213,4
2022-06-22 13,0.173,0,60,0,29,198,4
2022-06-22 14,0.207,0,60,0,29,180,4
2022-06-22 15,0.196,0,60,0,29,175,4
2022-06-22 16,0.177,0,65,0,28,184,4
2022-06-22 17,0.177,0,70,0,26,167,4
2022-06-22 18,0.184,0,75,0,24,183,4
2022-06-22 19,0.221,0,85,0,23,185,4
2022-06-22 20,0.243,0,85,0,23,182,3
2022-06-22 21,0.218,0,85,0,23,188,2
2022-06-22 22,0.183,0,85,0,23,188,2
2022-06-22 23,0.166,0,85,0,23,184,2
2022-06-23 00,0.17,0,85,0,23,97,1
2022-06-23 01,0.189,0,90,0,23,237,1
2022-06-23 02,0.195,0,90,0,23,92,0
2022-06-23 03,0.155,0,95,0,23,112,1
2022-06-23 04,0.159,0,95,0,23,124,2
2022-06-23 05,0.215,5,95,0.1,23,118,1
2022-06-23 06,0.24,1,95,0.3,23,102,2
2022-06-23 07,0.205,0,95,0,23,131,2
2022-06-23 08,0.167,0,90,0,24,174,4
2022-06-23 09,0.156,0,90,0,24,162,3
2022-06-23 10,0.178,0,90,0,24,183,4
2022-06-23 11,0.189,5,85,0.1,25,178,3
2022-06-23 12,0.154,0,80,0,26,181,5
2022-06-23 13,0.159,0,80,0,26,190,5
2022-06-23 14,0.211,0,80,0,26,183,5
2022-06-23 15,0.162,0,80,0,26,195,6
2022-06-23 16,0.236,5,80,0.1,25,204,5
2022-06-23 17,0.231,0,85,0,25,206,4
2022-06-23 18,0.183,0,80,0,25,209,4
2022-06-23 19,0.16,0,85,0,24,194,5
2022-06-23 20,0.159,0,85,0,24,200,6
2022-06-23 21,0.211,0,85,0,24,208,4
2022-06-23 22,0.156,0,85,0,24,200,4
2022-06-23 23,0.154,0,85,0,24,204,4
2022-06-24 00,0.189,1,85,0.9,24,197,5
2022-06-24 01,0.177,1,90,1.1,23,202,5
2022-06-24 02,0.153,1,95,16.200001,23,211,6
2022-06-24 03,0.243,1,90,1.8,24,219,6
2022-06-24 04,0.194,1,90,1.6,23,217,9
2022-06-24 05,0.194,1,90,5.7,23,215,6
2022-06-24 06,0.168,1,90,0.3,23,219,7
2022-06-24 07,0.182,1,90,1.2,23,221,6
2022-06-24 08,0.147,1,90,1.4,23,229,5
2022-06-24 09,0.182,1,90,0.5,24,237,4
2022-06-24 10,0.144,0,90,0,24,213,4
2022-06-24 11,0.182,0,85,0,25,215,5
2022-06-24 12,0.151,0,85,0,25,222,5
2022-06-24 13,0.217,0,80,0,26,237,3
2022-06-24 14,0.243,0,80,0,26,211,4
2022-06-24 15,0.163,0,75,0,27,223,5
2022-06-24 16,0.207,0,75,0,27,206,4
2022-06-24 17,0.157,0,80,0,26,235,5
2022-06-24 18,0.157,0,80,0,25,233,5
2022-06-24 19,0.197,0,85,0,24,230,5
2022-06-24 20,0.176,0,85,0,24,233,5
2022-06-24 21,0.151,5,85,0.1,24,224,4
2022-06-24 22,0.176,0,85,0,24,230,3
2022-06-24 23,0.193,0,85,0,24,213,4
2022-06-25 00,0.24,0,90,0,24,221,3
2022-06-25 01,0.188,5,85,0.2,24,220,3
2022-06-25 02,0.183,0,85,0,24,213,3
2022-06-25 03,0.161,0,85,0,24,201,3
2022-06-25 04,0.193,5,90,0.1,23,194,2
2022-06-25 05,0.151,0,90,0,23,182,3
2022-06-25 06,0.17,0,90,0,23,180,3
2022-06-25 07,0.182,0,90,0,24,172,3
2022-06-25 08,0.15,0,90,0,24,176,3
2022-06-25 09,0.169,0,80,0,26,214,1
2022-06-25 10,0.187,0,80,0,26,99,1
2022-06-25 11,0.243,0,75,0,26,165,3
2022-06-25 12,0.183,0,75,0,27,179,2
2022-06-25 13,0.146,0,75,0,27,168,3
2022-06-25 14,0.178,0,75,0,26,172,4
2022-06-25 15,0.171,0,75,0,26,201,5
2022-06-25 16,0.203,0,75,0,26,209,4
2022-06-25 17,0.155,0,75,0,26,174,4
2022-06-25 18,0.154,0,80,0,25,183,5
2022-06-25 19,0.206,0,90,0,24,164,4
2022-06-25 20,0.162,0,90,0,23,180,4
2022-06-25 21,0.242,0,90,0,24,178,5
2022-06-25 22,0.221,0,90,0,24,215,3
2022-06-25 23,0.153,0,90,0,23,203,3
2022-06-26 00,0.154,0,90,0,23,193,2
2022-06-26 01,0.175,0,90,0,23,176,3
2022-06-26 02,0.183,0,90,0,23,192,2
2022-06-26 03,0.169,0,90,0,23,172,3
2022-06-26 04,0.188,0,90,0,23,188,4
2022-06-26 05,0.151,0,90,0,23,180,4
2022-06-26 06,0.182,0,90,0,23,168,4
2022-06-26 07,0.144,0,90,0,24,196,3
2022-06-26 08,0.24,0,85,0,25,178,3
2022-06-26 09,0.214,0,85,0,26,188,3
2022-06-26 10,0.151,0,85,0,26,198,4
2022-06-26 11,0.183,0,80,0,27,221,3
2022-06-26 12,0.147,0,80,0,27,222,4
2022-06-26 13,0.185,0,75,0,28,207,3
2022-06-26 14,0.146,0,75,0,28,180,4
2022-06-26 15,0.185,0,75,0,28,188,4
2022-06-26 16,0.174,0,80,0,27,173,5
2022-06-26 17,0.195,0,85,0,25,167,6
2022-06-26 18,0.237,0,90,0,24,174,5
2022-06-26 19,0.208,0,90,0,25,176,4
2022-06-26 20,0.197,0,90,0,25,190,4
2022-06-26 21,0.149,0,90,0,25,209,4
2022-06-26 22,0.147,0,90,0,25,188,4
2022-06-26 23,0.18,0,95,0,25,182,4
2022-06-27 00,0.18,0,90,0,25,179,4
2022-06-27 01,0.172,0,90,0,25,192,5
2022-06-27 02,0.188,0,90,0,25,195,5
2022-06-27 03,0.156,0,90,0,25,193,5
2022-06-27 04,0.185,0,90,0,25,191,6
2022-06-27 05,0.243,0,90,0,25,192,6
2022-06-27 06,0.185,0,90,0,25,192,7
2022-06-27 07,0.156,5,90,0.1,25,194,5
2022-06-27 08,0.172,0,90,0,25,194,5
2022-06-27 09,0.18,0,90,0,25,192,6
2022-06-27 10,0.167,0,90,0,25,198,7
2022-06-27 11,0.188,0,90,0,25,199,7
2022-06-27 12,0.148,1,90,0.6,25,198,7
2022-06-27 13,0.183,0,90,0,25,197,7
2022-06-27 14,0.145,0,90,0,26,195,8
2022-06-27 15,0.236,0,90,0,25,192,8
2022-06-27 16,0.221,0,90,0,25,190,7
2022-06-27 17,0.152,0,90,0,25,194,7
2022-06-27 18,0.192,0,85,0,25,195,6
2022-06-27 19,0.165,5,90,0.1,25,177,5
2022-06-27 20,0.181,0,90,0,25,180,7
2022-06-27 21,0.149,0,90,0,25,186,7
2022-06-27 22,0.18,1,90,0.5,25,197,7
2022-06-27 23,0.148,5,90,0.2,25,192,6
2022-06-28 00,0.178,5,90,0.2,25,197,7
2022-06-28 01,0.214,0,90,0,25,198,8
2022-06-28 02,0.24,0,90,0,25,200,7
2022-06-28 03,0.166,5,85,0.1,25,196,7
2022-06-28 04,0.182,0,90,0,25,191,7
2022-06-28 05,0.178,0,85,0,25,192,8
2022-06-28 06,0.142,0,85,0,25,190,7
2022-06-28 07,0.174,0,85,0,25,194,7
2022-06-28 08,0.174,0,85,0,26,191,7
2022-06-28 09,0.183,5,85,0.1,25,195,7
2022-06-28 10,0.141,0,85,0,25,199,6
2022-06-28 11,0.177,0,85,0,26,189,7
2022-06-28 12,0.169,5,85,0.1,26,185,8
2022-06-28 13,0.242,0,85,0,26,194,7
2022-06-28 14,0.167,0,85,0,26,188,8
2022-06-28 15,0.205,0,85,0,26,188,7
2022-06-28 16,0.145,0,85,0,25,192,7
2022-06-28 17,0.177,0,85,0,25,186,8
2022-06-28 18,0.154,1,90,0.5,25,190,7
2022-06-28 19,0.174,1,90,0.3,25,183,7
2022-06-28 20,0.159,5,90,0.2,25,190,7
2022-06-28 21,0.168,0,90,0,25,193,7
2022-06-28 22,0.215,0,85,0,25,192,8
2022-06-28 23,0.239,0,85,0,25,198,7
2022-06-29 00,0.174,0,85,0,25,191,7
2022-06-29 01,0.172,5,85,0.2,25,193,8
2022-06-29 02,0.157,5,90,0.2,25,190,7
2022-06-29 03,0.168,1,90,0.6,25,187,6
2022-06-29 04,0.177,1,85,0.3,25,191,7
2022-06-29 05,0.16,0,85,0,25,189,7
2022-06-29 06,0.167,5,90,0.2,25,192,6
2022-06-29 07,0.171,5,85,0.2,25,196,7
2022-06-29 08,0.179,1,85,0.3,26,197,5
2022-06-29 09,0.233,0,85,0,26,191,7
2022-06-29 10,0.217,0,80,0,27,198,6
2022-06-29 11,0.159,0,80,0,27,197,6
2022-06-29 12,0.186,0,80,0,27,194,7
2022-06-29 13,0.15,5,85,0.2,26,197,5
2022-06-29 14,0.182,5,85,0.2,26,199,6
2022-06-29 15,0.144,1,90,0.6,25,197,6
2022-06-29 16,0.174,0,90,0,25,196,6
2022-06-29 17,0.147,5,90,0.2,25,190,6
2022-06-29 18,0.181,1,90,0.4,25,189,6
2022-06-29 19,0.209,0,90,0,25,200,6
2022-06-29 20,0.237,0,90,0,25,188,6
2022-06-29 21,0.18,1,90,0.4,25,196,7
2022-06-29 22,0.151,1,90,0.4,25,195,6
2022-06-29 23,0.169,1,90,1.3,25,193,7
2022-06-30 00,0.178,1,90,0.5,25,208,6
2022-06-30 01,0.161,0,90,0,25,210,5
2022-06-30 02,0.165,5,90,0.2,25,200,5
2022-06-30 03,0.166,5,90,0.2,24,204,4
2022-06-30 04,0.176,0,90,0,24,202,3
2022-06-30 05,0.179,0,90,0,25,203,3
2022-06-30 06,0.191,0,90,0,25,198,3
2022-06-30 07,0.231,0,90,0,25,187,4
2022-06-30 08,0.165,0,85,0,26,192,4
2022-06-30 09,0.175,0,85,0,26,176,4
2022-06-30 10,0.174,0,85,0,26,186,4
2022-06-30 11,0.147,0,80,0,28,194,4
2022-06-30 12,0.183,0,80,0,28,203,4
2022-06-30 13,0.149,0,75,0,29,200,5
2022-06-30 14,0.183,0,70,0,29,195,5
2022-06-30 15,0.18,0,75,0,28,200,4
2022-06-30 16,0.15,0,80,0,28,181,5
2022-06-30 17,0.238,0,80,0,27,172,5
2022-06-30 18,0.226,0,85,0,26,189,4
2022-06-30 19,0.174,0,85,0,25,191,3
2022-06-30 20,0.163,0,90,0,25,194,2
2022-06-30 21,0.186,0,90,0,25,173,2
2022-06-30 22,0.183,0,90,0,25,166,2
2022-06-30 23,0.147,0,90,0,25,192,2
2022-07-01 00,0.172,0,90,0,24,188,2
2022-07-01 01,0.19,0,90,0,25,170,1
2022-07-01 02,0.146,0,90,0,25,167,1
2022-07-01 03,0.238,0,90,0,24,113,0
2022-07-01 04,0.222,0,90,0,24,18,1
2022-07-01 05,0.188,0,90,0,24,140,1
2022-07-01 06,0.145,0,90,0,25,235,0
2022-07-01 07,0.179,0,85,0,26,52,1
2022-07-01 08,0.151,0,85,0,27,132,1
2022-07-01 09,0.187,0,80,0,28,121,2
2022-07-01 10,0.174,0,70,0,29,156,3
2022-07-01 11,0.154,0,70,0,30,157,3
2022-07-01 12,0.18,0,70,0,29,144,4
2022-07-01 13,0.204,0,70,0,29,147,3
2022-07-01 14,0.246,0,70,0,29,174,2
2022-07-01 15,0.207,0,65,0,29,203,2
2022-07-01 16,0.191,0,70,0,29,209,3
2022-07-01 17,0.174,0,70,0,29,218,3
2022-07-01 18,0.171,0,75,0,28,212,2
2022-07-01 19,0.185,0,80,0,26,161,1
2022-07-01 20,0.204,0,80,0,25,164,0
2022-07-01 21,0.168,0,85,0,25,81,1
2022-07-01 22,0.165,0,85,0,25,3,1
2022-07-01 23,0.217,0,90,0,24,340,0
2022-07-02 00,0.241,0,90,0,24,314,1
2022-07-02 01,0.159,0,90,0,23,27,1
2022-07-02 02,0.207,0,90,0,23,353,1
2022-07-02 03,0.157,0,90,0,23,44,1
2022-07-02 04,0.147,0,90,0,23,357,1
2022-07-02 05,0.178,0,90,0,23,9,1
2022-07-02 06,0.166,0,85,0,24,50,1
2022-07-02 07,0.168,0,80,0,25,57,2
2022-07-02 08,0.189,0,75,0,27,48,2
2022-07-02 09,0.175,0,65,0,29,54,3
2022-07-02 10,0.239,0,65,0,29,68,2
2022-07-02 11,0.226,0,60,0,30,58,3
2022-07-02 12,0.175,0,60,0,31,74,3
2022-07-02 13,0.166,0,55,0,31,58,2
2022-07-02 14,0.185,0,55,0,31,83,2
2022-07-02 15,0.215,0,55,0,31,92,2
2022-07-02 16,0.179,0,55,0,31,98,3
2022-07-02 17,0.18,0,55,0,31,111,3
2022-07-02 18,0.184,0,60,0,29,149,3
2022-07-02 19,0.221,0,65,0,27,160,3
2022-07-02 20,0.246,0,70,0,26,143,2
2022-07-02 21,0.199,0,70,0,26,118,1
2022-07-02 22,0.211,0,70,0,25,153,1
2022-07-02 23,0.18,0,75,0,25,358,0
2022-07-03 00,0.17,0,80,0,25,76,0
2022-07-03 01,0.169,0,80,0,25,69,1
2022-07-03 02,0.193,5,80,0.1,25,23,1
2022-07-03 03,0.19,0,85,0,25,32,1
2022-07-03 04,0.155,0,80,0,25,21,1
2022-07-03 05,0.222,0,80,0,25,14,1
2022-07-03 06,0.239,0,75,0,26,41,1
2022-07-03 07,0.158,0,75,0,26,50,1
2022-07-03 08,0.203,0,70,0,27,57,2
2022-07-03 09,0.182,0,65,0,28,35,2
2022-07-03 10,0.168,0,60,0,29,127,1
2022-07-03 11,0.172,0,60,0,30,111,2
2022-07-03 12,0.203,0,60,0,30,191,3
2022-07-03 13,0.198,0,55,0,31,159,2
2022-07-03 14,0.177,0,55,0,31,119,1
2022-07-03 15,0.246,0,55,0,31,156,3
2022-07-03 16,0.235,0,60,0,30,161,3
2022-07-03 17,0.193,0,65,0,29,163,2
2022-07-03 18,0.188,0,65,0,29,154,1
2022-07-03 19,0.223,0,70,0,28,96,1
2022-07-03 20,0.19,0,70,0,27,59,1
2022-07-03 21,0.18,0,70,0,27,133,2
2022-07-03 22,0.184,0,75,0,27,156,2
2022-07-03 23,0.178,0,75,0,26,141,2
2022-07-04 00,0.218,0,75,0,26,129,1
2022-07-04 01,0.25,0,80,0,26,135,1
2022-07-04 02,0.198,1,85,0.6,25,141,2
2022-07-04 03,0.206,0,90,0,25,75,2
2022-07-04 04,0.174,0,90,0,25,68,1
2022-07-04 05,0.176,1,90,0.3,25,59,2
2022-07-04 06,0.167,0,85,0,25,63,1
2022-07-04 07,0.2,0,85,0,26,81,1
2022-07-04 08,0.191,0,80,0,27,55,2
2022-07-04 09,0.153,0,75,0,28,35,2
2022-07-04 10,0.217,0,75,0,28,50,1
2022-07-04 11,0.252,0,70,0,29,120,2
2022-07-04 12,0.17,0,65,0,29,117,2
2022-07-04 13,0.212,0,65,0,29,137,3
2022-07-04 14,0.185,0,65,0,30,110,2
2022-07-04 15,0.17,0,60,0,30,140,3
2022-07-04 16,0.178,0,60,0,30,157,2
2022-07-04 17,0.201,0,65,0,29,157,3
2022-07-04 18,0.202,0,70,0,28,151,2
2022-07-04 19,0.178,0,75,0,27,155,1
2022-07-04 20,0.25,0,75,0,27,116,1
2022-07-04 21,0.225,0,75,0,26,59,1
2022-07-04 22,0.178,0,80,0,26,349,1
2022-07-04 23,0.18,0,80,0,26,14,1
2022-07-05 00,0.205,0,80,0,26,32,1
2022-07-05 01,0.183,0,80,0,26,25,2
2022-07-05 02,0.162,0,80,0,26,32,1
2022-07-05 03,0.157,0,80,0,26,14,1
2022-07-05 04,0.215,0,80,0,25,353,1
2022-07-05 05,0.161,0,80,0,26,347,1
2022-07-05 06,0.239,0,80,0,26,1,1
2022-07-05 07,0.227,0,80,0,27,53,0
2022-07-05 08,0.176,0,70,0,28,47,1
2022-07-05 09,0.166,0,70,0,29,322,1
2022-07-05 10,0.172,5,65,0.1,31,233,1
2022-07-05 11,0.182,0,60,0,31,248,1
2022-07-05 12,0.212,0,60,0,32,185,2
2022-07-05 13,0.178,0,60,0,31,158,4
2022-07-05 14,0.18,0,60,0,31,169,5
2022-07-05 15,0.179,0,60,0,30,172,5
2022-07-05 16,0.251,0,70,0,29,178,5
2022-07-05 17,0.233,0,70,0,28,187,3
2022-07-05 18,0.215,1,75,0.4,27,193,2
2022-07-05 19,0.183,1,80,0.9,27,101,1
2022-07-05 20,0.176,1,85,0.5,26,157,1
2022-07-05 21,0.179,0,85,0,26,57,1
2022-07-05 22,0.195,0,85,0,26,44,0
2022-07-05 23,0.207,0,85,0,26,162,1
2022-07-06 00,0.172,0,85,0,26,349,0
2022-07-06 01,0.174,0,85,0,26,120,0
2022-07-06 02,0.246,0,90,0,26,166,0
2022-07-06 03,0.233,0,90,0,25,111,1
2022-07-06 04,0.176,0,90,0,25,78,0
2022-07-06 05,0.168,0,90,0,25,57,1
2022-07-06 06,0.183,0,90,0,26,143,1
2022-07-06 07,0.203,0,85,0,27,149,1
2022-07-06 08,0.156,0,80,0,28,109,0
2022-07-06 09,0.168,0,80,0,29,119,2
2022-07-06 10,0.194,0,75,0,29,150,3
2022-07-06 11,0.198,0,75,0,30,149,4
2022-07-06 12,0.251,0,70,0,30,154,3
2022-07-06 13,0.229,0,70,0,31,152,4
2022-07-06 14,0.181,0,70,0,31,149,4
2022-07-06 15,0.181,0,70,0,30,158,4
2022-07-06 16,0.186,0,70,0,30,153,4
2022-07-06 17,0.221,0,75,0,29,160,3
2022-07-06 18,0.19,0,80,0,28,148,3
2022-07-06 19,0.19,0,85,0,27,142,3
2022-07-06 20,0.184,0,85,0,27,143,3
2022-07-06 21,0.226,0,90,0,27,143,3
2022-07-06 22,0.246,0,85,0,27,157,2
2022-07-06 23,0.169,0,90,0,27,143,2
2022-07-07 00,0.178,0,85,0,27,138,3
2022-07-07 01,0.161,0,85,0,27,153,3
2022-07-07 02,0.165,0,85,0,27,157,2
2022-07-07 03,0.166,0,85,0,27,149,2
2022-07-07 04,0.176,0,90,0,26,128,2
2022-07-07 05,0.179,0,90,0,26,109,1
2022-07-07 06,0.191,0,85,0,27,135,2
2022-07-07 07,0.231,0,80,0,28,135,3
2022-07-07 08,0.165,0,80,0,29,137,4
2022-07-07 09,0.175,0,75,0,29,152,4
2022-07-07 10,0.174,0,75,0,30,144,5
2022-07-07 11,0.147,0,75,0,30,141,5
2022-07-07 12,0.183,0,75,0,30,161,4
2022-07-07 13,0.149,0,70,0,30,174,5
2022-07-07 14,0.183,0,70,0,31,180,5
2022-07-07 15,0.18,0,75,0,29,175,6
2022-07-07 16,0.15,0,80,0,29,179,6
2022-07-07 17,0.238,0,80,0,28,177,5
2022-07-07 18,0.226,0,85,0,28,190,5
2022-07-07 19,0.218,0,85,0,27,183,4
2022-07-07 20,0.19,0,85,0,27,179,4
2022-07-07 21,0.18,0,85,0,27,182,4
2022-07-07 22,0.179,0,85,0,27,191,3
2022-07-07 23,0.188,0,90,0,27,203,2
2022-07-08 00,0.211,0,90,0,27,182,3
2022-07-08 01,0.182,0,85,0,27,210,3
2022-07-08 02,0.242,0,85,0,27,209,3
2022-07-08 03,0.232,0,85,0,27,194,3
2022-07-08 04,0.177,0,85,0,27,222,3
2022-07-08 05,0.173,0,85,0,27,209,3
2022-07-08 06,0.185,0,85,0,27,211,3
2022-07-08 07,0.21,1,90,23.200001,26,237,4
2022-07-08 08,0.17,1,90,1.4,26,225,4
2022-07-08 09,0.168,0,90,0,27,223,3
2022-07-08 10,0.176,0,85,0,28,211,3
2022-07-08 11,0.217,0,80,0,29,207,4
2022-07-08 12,0.244,5,75,0.1,29,203,4
2022-07-08 13,0.228,0,75,0,30,208,4
2022-07-08 14,0.181,0,75,0,30,213,3
2022-07-08 15,0.175,5,80,0.2,28,259,2
2022-07-08 16,0.173,0,85,0,28,236,2
2022-07-08 17,0.203,0,80,0,28,233,0
2022-07-08 18,0.197,5,85,0.2,28,214,1
2022-07-08 19,0.17,0,85,0,27,206,1
2022-07-08 20,0.173,0,85,0,27,236,1
2022-07-08 21,0.222,0,85,0,26,270,1
2022-07-08 22,0.253,0,85,0,26,254,2
2022-07-08 23,0.19,0,80,0,26,290,2
2022-07-09 00,0.199,0,80,0,26,299,4
2022-07-09 01,0.164,0,80,0,25,295,4
2022-07-09 02,0.154,0,80,0,25,289,4
2022-07-09 03,0.207,0,80,0,24,299,3
2022-07-09 04,0.167,0,80,0,24,312,4
2022-07-09 05,0.152,0,80,0,24,307,3
2022-07-09 06,0.188,0,75,0,25,311,4
2022-07-09 07,0.171,0,70,0,26,320,4
2022-07-09 08,0.206,0,65,0,28,328,3
2022-07-09 09,0.239,0,65,0,29,295,3
2022-07-09 10,0.17,0,60,0,30,327,1
2022-07-09 11,0.199,0,60,0,31,275,2
2022-07-09 12,0.185,0,55,0,32,265,2
2022-07-09 13,0.163,0,60,0,32,281,3
2022-07-09 14,0.17,0,55,0,32,283,3
2022-07-09 15,0.205,0,55,0,32,275,3
2022-07-09 16,0.197,0,55,0,32,278,4
2022-07-09 17,0.171,0,60,0,31,273,2
2022-07-09 18,0.242,0,65,0,30,303,2
2022-07-09 19,0.234,0,75,0,28,279,1
2022-07-09 20,0.179,0,75,0,27,41,1
2022-07-09 21,0.19,0,80,0,27,67,2
2022-07-09 22,0.209,0,80,0,27,99,1
2022-07-09 23,0.175,0,80,0,26,60,0
2022-07-10 00,0.165,0,80,0,26,24,1
2022-07-10 01,0.164,0,80,0,26,47,1
2022-07-10 02,0.218,0,85,0,26,66,1
2022-07-10 03,0.154,0,85,0,25,52,1
2022-07-10 04,0.232,0,85,0,25,21,1
2022-07-10 05,0.238,0,85,0,25,359,1
2022-07-10 06,0.187,0,80,0,26,34,1
2022-07-10 07,0.153,0,80,0,27,56,2
2022-07-10 08,0.163,0,70,0,28,109,2
2022-07-10 09,0.211,0,65,0,29,118,2
2022-07-10 10,0.171,0,70,0,29,134,3
2022-07-10 11,0.171,0,70,0,29,143,3
2022-07-10 12,0.174,0,70,0,30,143,3
2022-07-10 13,0.213,0,70,0,30,153,4
2022-07-10 14,0.191,0,65,0,30,149,5
2022-07-10 15,0.249,0,70,0,29,159,5
2022-07-10 16,0.227,0,75,0,29,144,5
2022-07-10 17,0.175,0,75,0,27,147,5
2022-07-10 18,0.186,0,80,0,27,154,4
2022-07-10 19,0.217,0,85,0,26,151,4
2022-07-10 20,0.196,0,85,0,26,167,3
2022-07-10 21,0.181,0,85,0,26,152,2
2022-07-10 22,0.182,0,85,0,25,157,2
2022-07-10 23,0.174,0,85,0,26,162,3
2022-07-11 00,0.245,0,85,0,25,158,2
2022-07-11 01,0.233,0,85,0,25,139,2
2022-07-11 02,0.188,0,85,0,26,163,2
2022-07-11 03,0.174,0,85,0,26,153,1
2022-07-11 04,0.197,1,85,1.1,25,163,1
2022-07-11 05,0.201,1,90,2.2,25,146,2
2022-07-11 06,0.169,1,90,2.3,25,133,1
2022-07-11 07,0.161,1,95,1.8,24,119,1
2022-07-11 08,0.197,1,90,7.2,25,50,1
2022-07-11 09,0.182,1,95,32.400002,24,74,1
2022-07-11 10,0.238,1,90,2.8,25,20,1
2022-07-11 11,0.226,0,90,0,26,65,3
2022-07-11 12,0.17,0,85,0,26,49,2
2022-07-11 13,0.169,0,80,0,27,69,3
2022-07-11 14,0.195,1,80,0.4,28,74,2
2022-07-11 15,0.199,0,80,0,27,149,2
2022-07-11 16,0.178,0,80,0,28,184,2
2022-07-11 17,0.174,0,75,0,28,215,2
2022-07-11 18,0.182,0,80,0,27,229,1
2022-07-11 19,0.217,0,85,0,26,167,1
2022-07-11 20,0.243,0,85,0,26,173,1
2022-07-11 21,0.231,0,85,0,25,253,1
2022-07-11 22,0.175,0,90,0,25,174,1
2022-07-11 23,0.168,0,90,0,26,167,0
2022-07-12 00,0.173,0,90,0,26,265,0
2022-07-12 01,0.214,1,90,0.4,25,155,1
2022-07-12 02,0.161,1,90,1.2,25,72,1
2022-07-12 03,0.164,1,90,2.2,25,83,1
2022-07-12 04,0.192,1,90,2.4,25,81,1
2022-07-12 05,0.19,0,90,0,25,96,1
2022-07-12 06,0.241,0,85,0,25,146,2
2022-07-12 07,0.224,0,85,0,25,158,5
2022-07-12 08,0.163,0,80,0,25,158,4
2022-07-12 09,0.154,0,75,0,26,160,4
2022-07-12 10,0.206,0,75,0,26,162,3
2022-07-12 11,0.173,0,75,0,26,166,2
2022-07-12 12,0.157,0,70,0,27,149,2
2022-07-12 13,0.183,0,65,0,28,171,2
2022-07-12 14,0.211,0,65,0,28,167,4
2022-07-12 15,0.169,0,65,0,27,167,4
2022-07-12 16,0.243,0,70,0,27,153,4
2022-07-12 17,0.233,0,70,0,26,159,4
2022-07-12 18,0.174,0,75,0,25,155,4
2022-07-12 19,0.185,0,75,0,25,149,3
2022-07-12 20,0.21,0,75,0,25,159,3
2022-07-12 21,0.17,0,80,0,24,145,2
2022-07-12 22,0.16,0,80,0,24,153,3
2022-07-12 23,0.187,0,80,0,24,148,3
2022-07-13 00,0.189,0,80,0,24,170,2
2022-07-13 01,0.16,0,80,0,24,32,0
2022-07-13 02,0.221,0,80,0,24,166,1
2022-07-13 03,0.242,0,80,0,24,25,1
2022-07-13 04,0.157,0,80,0,24,152,1
2022-07-13 05,0.205,0,80,0,24,166,0
2022-07-13 06,0.171,0,80,0,24,50,1
2022-07-13 07,0.151,0,80,0,24,80,2
2022-07-13 08,0.183,0,75,0,25,85,1
2022-07-13 09,0.191,0,75,0,25,149,2
2022-07-13 10,0.151,0,75,0,26,154,3
2022-07-13 11,0.163,0,75,0,25,156,4
2022-07-13 12,0.216,0,80,0,25,150,4
2022-07-13 13,0.242,0,80,0,25,147,4
2022-07-13 14,0.184,0,80,0,25,152,3
2022-07-13 15,0.191,0,80,0,25,149,3
2022-07-13 16,0.197,0,80,0,25,159,2
2022-07-13 17,0.153,0,80,0,25,154,3
2022-07-13 18,0.156,0,85,0,25,145,3
2022-07-13 19,0.206,0,85,0,25,148,3
2022-07-13 20,0.16,0,85,0,24,148,3
2022-07-13 21,0.153,0,85,0,25,164,2
2022-07-13 22,0.191,0,85,0,25,345,1
2022-07-13 23,0.179,0,90,0,25,17,0
2022-07-14 00,0.245,0,90,0,25,114,0
2022-07-14 01,0.178,0,90,0,25,272,1
2022-07-14 02,0.195,0,90,0,26,210,2
2022-07-14 03,0.148,0,90,0,26,245,2
2022-07-14 04,0.178,0,90,0,26,239,3
2022-07-14 05,0.159,1,90,4.2,27,229,3
2022-07-14 06,0.18,1,90,0.9,26,246,2
2022-07-14 07,0.155,1,90,1.1,26,241,4
2022-07-14 08,0.177,0,85,0,28,230,4
2022-07-14 09,0.184,0,80,0,29,228,4
2022-07-14 10,0.194,0,80,0,29,247,4
2022-07-14 11,0.233,0,70,0,30,246,4
2022-07-14 12,0.175,0,65,0,32,291,4
2022-07-14 13,0.2,0,60,0,33,300,5
2022-07-14 14,0.198,0,55,0,33,300,5
2022-07-14 15,0.168,0,55,0,32,292,5
2022-07-14 16,0.169,0,55,0,33,307,5
2022-07-14 17,0.191,0,55,0,32,302,4
2022-07-14 18,0.206,0,60,0,31,314,4
2022-07-14 19,0.171,0,65,0,29,302,4
2022-07-14 20,0.242,0,70,0,28,301,4
2022-07-14 21,0.224,0,70,0,28,291,3
2022-07-14 22,0.17,0,70,0,27,277,3
2022-07-14 23,0.168,0,70,0,27,280,3
2022-07-15 00,0.203,0,75,0,27,267,3
2022-07-15 01,0.167,0,70,0,27,252,2
2022-07-15 02,0.153,0,75,0,26,270,2
2022-07-15 03,0.193,0,75,0,26,271,3
2022-07-15 04,0.18,0,75,0,25,299,2
2022-07-15 05,0.151,0,75,0,25,296,1
2022-07-15 06,0.181,0,70,0,26,302,3
2022-07-15 07,0.25,0,70,0,27,290,1
2022-07-15 08,0.205,0,65,0,28,247,2
2022-07-15 09,0.17,0,60,0,29,263,3
2022-07-15 10,0.163,0,55,0,30,250,3
2022-07-15 11,0.184,0,50,0,31,257,3
2022-07-15 12,0.197,0,55,0,31,239,3
2022-07-15 13,0.166,0,55,0,32,236,3
2022-07-15 14,0.171,0,60,0,31,239,4
2022-07-15 15,0.194,0,65,0,30,221,3
2022-07-15 16,0.203,0,60,0,30,254,2
2022-07-15 17,0.25,0,70,0,29,185,3
2022-07-15 18,0.222,0,70,0,28,221,2
2022-07-15 19,0.184,0,75,0,27,235,2
2022-07-15 20,0.174,0,75,0,27,208,1
2022-07-15 21,0.169,0,80,0,26,243,2
2022-07-15 22,0.196,0,75,0,26,284,2
2022-07-15 23,0.193,0,75,0,26,300,2
2022-07-16 00,0.157,0,80,0,25,288,1
2022-07-16 01,0.162,0,80,0,25,337,1
2022-07-16 02,0.212,0,75,0,25,14,1
2022-07-16 03,0.246,0,80,0,24,286,1
2022-07-16 04,0.186,0,80,0,24,4,1
2022-07-16 05,0.163,0,80,0,24,53,1
2022-07-16 06,0.203,0,80,0,24,355,0
2022-07-16 07,0.152,0,75,0,26,286,2
2022-07-16 08,0.188,0,65,0,27,23,1
2022-07-16 09,0.147,0,60,0,29,318,2
2022-07-16 10,0.172,0,55,0,29,261,2
2022-07-16 11,0.2,0,50,0,31,274,3
2022-07-16 12,0.154,0,50,0,31,266,4
2022-07-16 13,0.238,0,50,0,31,249,4
2022-07-16 14,0.23,0,50,0,31,242,3
2022-07-16 15,0.17,0,50,0,31,233,4
2022-07-16 16,0.179,0,50,0,31,254,5
2022-07-16 17,0.213,0,55,0,31,266,4
2022-07-16 18,0.179,0,55,0,30,279,5
2022-07-16 19,0.171,0,60,0,28,274,4
2022-07-16 20,0.17,0,60,0,27,284,4
2022-07-16 21,0.205,0,60,0,27,293,4
2022-07-16 22,0.184,0,65,0,26,299,4
2022-07-16 23,0.242,0,65,0,26,295,3
2022-07-17 00,0.214,0,70,0,25,301,2
2022-07-17 01,0.2,0,70,0,25,294,2
2022-07-17 02,0.152,0,70,0,25,279,3
2022-07-17 03,0.155,0,75,0,24,284,3
2022-07-17 04,0.199,0,75,0,24,292,4
2022-07-17 05,0.164,0,75,0,24,270,2
2022-07-17 06,0.187,0,75,0,25,275,2
2022-07-17 07,0.153,1,75,0.4,25,267,2
2022-07-17 08,0.184,0,75,0,26,266,2
2022-07-17 09,0.147,0,70,0,27,245,2
2022-07-17 10,0.244,0,65,0,28,251,4
2022-07-17 11,0.22,0,65,0,28,263,4
2022-07-17 12,0.163,0,60,0,29,265,4
2022-07-17 13,0.158,0,60,0,29,267,4
2022-07-17 14,0.195,0,60,0,29,261,3
2022-07-17 15,0.197,5,65,0.2,28,242,4
2022-07-17 16,0.167,1,70,0.4,28,247,3
2022-07-17 17,0.168,5,75,0.2,27,221,4
2022-07-17 18,0.188,5,75,0.1,27,222,3
2022-07-17 19,0.204,1,80,0.7,26,233,3
2022-07-17 20,0.239,5,80,0.2,26,221,3
2022-07-17 21,0.222,1,85,0.6,25,207,2
2022-07-17 22,0.164,1,85,0.3,25,191,1
2022-07-17 23,0.155,1,85,0.3,25,54,1
2022-07-18 00,0.195,1,85,0.7,25,251,1
2022-07-18 01,0.178,1,90,0.9,24,20,1
2022-07-18 02,0.153,1,85,0.5,23,102,1
2022-07-18 03,0.177,1,85,8.9,22,69,2
2022-07-18 04,0.168,1,90,18.1,21,48,5
2022-07-18 05,0.189,1,95,29.4,21,48,3
2022-07-18 06,0.169,1,95,5.9,21,62,5
2022-07-18 07,0.243,1,95,3.4,22,69,5
2022-07-18 08,0.177,1,95,25,21,46,3
2022-07-18 09,0.153,1,95,13.4,22,43,4
2022-07-18 10,0.168,1,95,0.3,22,56,4
2022-07-18 11,0.179,1,95,4.5,22,59,3
2022-07-18 12,0.158,1,95,0.7,23,67,1
2022-07-18 13,0.164,1,95,1.3,23,67,2
2022-07-18 14,0.175,0,95,0,23,68,1
2022-07-18 15,0.18,5,90,0.1,23,62,2
2022-07-18 16,0.174,0,95,0,23,56,2
2022-07-18 17,0.237,0,90,0,23,68,3
2022-07-18 18,0.184,1,95,0.4,23,87,1
2022-07-18 19,0.178,1,95,3.2,23,78,2
2022-07-18 20,0.179,1,95,1.7,23,91,2
2022-07-18 21,0.174,1,95,0.4,23,247,0
2022-07-18 22,0.15,0,95,0,24,188,2
2022-07-18 23,0.179,0,95,0,24,185,1
2022-07-19 00,0.176,0,95,0,24,228,1
2022-07-19 01,0.154,0,95,0,24,218,1
2022-07-19 02,0.159,5,95,0.1,25,237,1
2022-07-19 03,0.221,0,90,0,25,251,2
2022-07-19 04,0.232,0,90,0,25,237,2
2022-07-19 05,0.169,0,90,0,25,235,3
2022-07-19 06,0.15,0,85,0,26,265,3
2022-07-19 07,0.164,0,80,0,27,292,5
2022-07-19 08,0.177,0,75,0,27,290,4
2022-07-19 09,0.173,0,70,0,28,298,5
2022-07-19 10,0.16,0,65,0,29,303,5
2022-07-19 11,0.166,0,60,0,30,306,5
2022-07-19 12,0.183,0,60,0,31,320,3
2022-07-19 13,0.172,0,55,0,31,303,4
2022-07-19 14,0.242,0,50,0,32,275,4
2022-07-19 15,0.186,0,55,0,31,245,3
2022-07-19 16,0.189,0,60,0,30,236,3
2022-07-19 17,0.185,0,60,0,29,247,4
2022-07-19 18,0.153,0,60,0,28,252,4
2022-07-19 19,0.172,0,65,0,28,265,4
2022-07-19 20,0.201,0,70,0,27,263,4
2022-07-19 21,0.149,0,70,0,26,269,4
2022-07-19 22,0.162,0,75,0,26,272,3
2022-07-19 23,0.173,0,75,0,25,273,2
2022-07-20 00,0.209,0,75,0,25,287,3
2022-07-20 01,0.244,0,75,0,25,253,3
2022-07-20 02,0.184,0,75,0,25,265,3
2022-07-20 03,0.15,0,75,0,24,289,2
2022-07-20 04,0.182,0,80,0,24,304,2
2022-07-20 05,0.173,0,80,0,24,272,1
2022-07-20 06,0.15,0,80,0,24,328,1
2022-07-20 07,0.179,0,75,0,25,37,2
2022-07-20 08,0.176,0,70,0,27,357,0
2022-07-20 09,0.149,0,70,0,27,43,1
2022-07-20 10,0.184,0,65,0,28,164,0
2022-07-20 11,0.237,0,60,0,29,183,0
2022-07-20 12,0.222,0,60,0,30,322,1
2022-07-20 13,0.159,0,60,0,30,254,2
2022-07-20 14,0.165,0,60,0,30,244,2
2022-07-20 15,0.21,0,55,0,30,219,3
2022-07-20 16,0.178,0,50,0,30,213,3
2022-07-20 17,0.171,0,60,0,28,178,2
2022-07-20 18,0.168,5,70,0.2,27,182,2
2022-07-20 19,0.213,0,70,0,27,186,2
2022-07-20 20,0.176,1,70,1,26,213,1
2022-07-20 21,0.242,5,70,0.2,26,203,3
2022-07-20 22,0.226,0,75,0,25,177,1
2022-07-20 23,0.163,0,80,0,25,185,3
2022-07-21 00,0.162,1,80,1.2,25,186,2
2022-07-21 01,0.188,1,85,1.1,25,247,0
2022-07-21 02,0.183,1,90,1.1,24,66,1
2022-07-21 03,0.152,5,90,0.2,25,32,0
2022-07-21 04,0.172,1,90,2.8,25,62,1
2022-07-21 05,0.198,1,90,1,25,214,2
2022-07-21 06,0.147,1,90,0.3,25,228,1
2022-07-21 07,0.18,5,85,0.1,27,206,5
2022-07-21 08,0.248,0,75,0,28,217,7
2022-07-21 09,0.184,0,70,0,28,226,6
2022-07-21 10,0.16,0,70,0,28,221,6
2022-07-21 11,0.212,0,70,0,28,236,5
2022-07-21 12,0.154,0,75,0,28,254,7
2022-07-21 13,0.152,0,65,0,29,273,6
2022-07-21 14,0.207,0,65,0,28,282,7
2022-07-21 15,0.172,0,65,0,27,293,8
2022-07-21 16,0.161,0,65,0,27,296,7
2022-07-21 17,0.216,0,65,0,26,306,6
2022-07-21 18,0.248,0,65,0,26,304,6
2022-07-21 19,0.183,0,70,0,25,303,4
2022-07-21 20,0.167,0,70,0,25,283,3
2022-07-21 21,0.205,0,75,0,24,286,3
2022-07-21 22,0.149,0,75,0,24,290,3
2022-07-21 23,0.181,0,75,0,24,280,4
2022-07-22 00,0.149,0,75,0,24,280,4
2022-07-22 01,0.183,0,75,0,24,277,4
2022-07-22 02,0.144,0,75,0,24,297,5
2022-07-22 03,0.179,0,75,0,24,290,3
2022-07-22 04,0.231,0,75,0,24,302,4
2022-07-22 05,0.228,0,75,0,23,294,4
2022-07-22 06,0.165,0,70,0,24,300,4
2022-07-22 07,0.153,0,70,0,25,293,4
2022-07-22 08,0.175,0,65,0,26,297,4
2022-07-22 09,0.171,0,60,0,28,304,4
2022-07-22 10,0.187,0,55,0,28,283,4
2022-07-22 11,0.156,0,60,0,28,295,3
2022-07-22 12,0.15,0,55,0,30,300,3
2022-07-22 13,0.199,0,55,0,30,289,3
2022-07-22 14,0.168,1,55,0.5,30,300,3
2022-07-22 15,0.24,0,55,0,29,299,3
2022-07-22 16,0.228,0,55,0,30,309,4
2022-07-22 17,0.165,0,60,0,29,287,3
2022-07-22 18,0.168,0,60,0,28,296,2
2022-07-22 19,0.187,0,70,0,27,269,2
2022-07-22 20,0.181,0,70,0,26,277,2
2022-07-22 21,0.155,0,70,0,26,278,2
2022-07-22 22,0.165,0,75,0,26,282,3
2022-07-22 23,0.176,0,75,0,25,137,1
2022-07-23 00,0.182,0,80,0,24,78,1
2022-07-23 01,0.17,0,85,0,23,130,1
2022-07-23 02,0.249,0,85,0,23,131,2
2022-07-23 03,0.181,0,85,0,23,73,0
2022-07-23 04,0.151,0,85,0,23,137,1
2022-07-23 05,0.179,0,85,0,23,114,1
2022-07-23 06,0.177,0,85,0,24,151,0
2022-07-23 07,0.152,0,80,0,24,109,2
2022-07-23 08,0.169,0,75,0,26,121,2
2022-07-23 09,0.183,0,75,0,27,117,3
2022-07-23 10,0.171,0,70,0,27,134,3
2022-07-23 11,0.147,0,70,0,27,171,2
2022-07-23 12,0.245,0,70,0,27,140,3
2022-07-23 13,0.218,0,75,0,26,151,4
2022-07-23 14,0.159,0,75,0,26,172,2
2022-07-23 15,0.189,0,75,0,26,148,3
2022-07-23 16,0.182,0,80,0,25,143,4
2022-07-23 17,0.155,0,85,0,24,142,3
2022-07-23 18,0.179,0,80,0,24,157,3
2022-07-23 19,0.194,0,85,0,23,142,2
2022-07-23 20,0.156,1,85,1.6,24,132,1
2022-07-23 21,0.157,1,90,3.9,23,100,1
2022-07-23 22,0.21,0,90,0,23,117,1
2022-07-23 23,0.24,0,90,0,23,136,1
2022-07-24 00,0.187,1,95,1.2,24,141,2
2022-07-24 01,0.151,0,90,0,24,134,3
2022-07-24 02,0.177,0,95,8.1,24,139,4
2022-07-24 03,0.181,1,95,9.5,24,261,1
2022-07-24 04,0.167,1,95,1.1,25,207,2
2022-07-24 05,0.157,1,95,0.6,25,222,2
2022-07-24 06,0.181,5,95,0.1,25,258,1
2022-07-24 07,0.167,0,85,0,26,234,3
2022-07-24 08,0.158,0,80,0,26,246,5
2022-07-24 09,0.224,0,75,0,27,229,5
2022-07-24 10,0.23,0,80,0,26,227,3
2022-07-24 11,0.145,0,75,0,27,252,4
2022-07-24 12,0.203,0,70,0,29,254,5
2022-07-24 13,0.165,0,70,0,29,257,4
2022-07-24 14,0.152,0,70,0,29,254,4
2022-07-24 15,0.196,0,70,0,29,256,4
2022-07-24 16,0.176,0,70,0,28,259,4
2022-07-24 17,0.156,0,75,0,27,248,4
2022-07-24 18,0.176,0,75,0,27,255,4
2022-07-24 19,0.195,0,80,0,26,254,4
2022-07-24 20,0.242,0,80,0,26,239,4
2022-07-24 21,0.208,0,80,0,26,246,4
2022-07-24 22,0.161,0,80,0,25,242,4
2022-07-24 23,0.152,0,80,0,25,243,4
2022-07-25 00,0.178,0,80,0,25,251,4
2022-07-25 01,0.162,0,80,0,25,244,3
2022-07-25 02,0.171,0,80,0,25,267,2
2022-07-25 03,0.19,0,80,0,24,255,2
2022-07-25 04,0.167,0,85,0,24,278,2
2022-07-25 05,0.153,0,85,0,24,289,3
2022-07-25 06,0.207,0,80,0,25,298,1
2022-07-25 07,0.246,0,80,0,25,311,1
2022-07-25 08,0.178,0,75,0,27,211,1
2022-07-25 09,0.148,0,70,0,28,261,1
2022-07-25 10,0.182,0,70,0,28,273,1
2022-07-25 11,0.155,0,65,0,30,272,0
2022-07-25 12,0.21,0,65,0,30,241,1
2022-07-25 13,0.15,0,60,0,31,288,1
2022-07-25 14,0.155,0,65,0,30,164,2
2022-07-25 15,0.211,0,65,0,30,176,2
2022-07-25 16,0.175,0,65,0,30,162,2
2022-07-25 17,0.244,0,70,0,28,152,4
2022-07-25 18,0.226,0,75,0,27,153,3
2022-07-25 19,0.178,0,75,0,26,150,3
2022-07-25 20,0.173,0,75,0,26,145,3
2022-07-25 21,0.171,0,80,0,25,143,2
2022-07-25 22,0.21,0,80,0,25,136,1
2022-07-25 23,0.167,0,85,0,25,143,1
2022-07-26 00,0.153,0,85,0,24,152,1
2022-07-26 01,0.192,0,85,0,24,70,1
2022-07-26 02,0.18,0,90,0,24,52,1
2022-07-26 03,0.243,0,90,0,23,110,1
2022-07-26 04,0.224,0,90,0,23,139,1
2022-07-26 05,0.149,0,90,0,23,146,1
2022-07-26 06,0.152,0,85,0,24,141,2
2022-07-26 07,0.178,0,85,0,25,153,2
2022-07-26 08,0.181,0,80,0,25,131,2
2022-07-26 09,0.191,0,80,0,26,125,2
2022-07-26 10,0.147,0,75,0,26,72,2
2022-07-26 11,0.162,0,70,0,27,136,2
2022-07-26 12,0.208,0,70,0,28,131,1
2022-07-26 13,0.157,0,65,0,29,62,1
2022-07-26 14,0.245,0,70,0,29,128,2
2022-07-26 15,0.216,0,70,0,28,169,2
2022-07-26 16,0.186,0,70,0,29,144,3
2022-07-26 17,0.172,0,70,0,28,145,2
2022-07-26 18,0.175,0,75,0,27,168,2
2022-07-26 19,0.191,0,80,0,25,169,3
2022-07-26 20,0.198,0,80,0,25,177,2
2022-07-26 21,0.167,0,85,0,25,165,2
2022-07-26 22,0.168,0,85,0,24,142,1
2022-07-26 23,0.218,0,85,0,24,131,2
2022-07-27 00,0.246,0,85,0,24,42,2
2022-07-27 01,0.169,0,80,0,24,52,1
2022-07-27 02,0.209,0,80,0,24,60,2
2022-07-27 03,0.154,0,80,0,24,72,3
2022-07-27 04,0.151,0,80,0,24,63,2
2022-07-27 05,0.199,0,85,0,23,84,3
2022-07-27 06,0.17,0,80,0,24,63,2
2022-07-27 07,0.169,0,75,0,25,75,2
2022-07-27 08,0.165,0,70,0,26,54,2
2022-07-27 09,0.152,0,65,0,27,74,4
2022-07-27 10,0.247,0,60,0,28,73,3
2022-07-27 11,0.221,0,60,0,28,68,2
2022-07-27 12,0.18,0,60,0,29,112,2
2022-07-27 13,0.173,0,60,0,30,110,2
2022-07-27 14,0.209,0,60,0,29,143,3
2022-07-27 15,0.184,0,60,0,29,136,3
2022-07-27 16,0.176,0,65,0,29,135,3
2022-07-27 17,0.172,0,70,0,28,149,4
2022-07-27 18,0.202,0,75,0,26,155,2
2022-07-27 19,0.196,0,75,0,25,145,2
2022-07-27 20,0.241,0,80,0,25,128,1
2022-07-27 21,0.226,0,80,0,25,154,2
2022-07-27 22,0.174,0,80,0,25,67,2
2022-07-27 23,0.167,0,80,0,25,71,3
2022-07-28 00,0.166,0,80,0,25,70,4
2022-07-28 01,0.214,0,85,0,25,61,3
2022-07-28 02,0.157,0,85,0,25,68,3
2022-07-28 03,0.157,0,85,0,25,68,3
2022-07-28 04,0.194,0,80,0,25,64,3
2022-07-28 05,0.174,0,80,0,25,63,3
2022-07-28 06,0.239,0,80,0,26,56,3
2022-07-28 07,0.2,0,80,0,26,61,3
2022-07-28 08,0.195,0,75,0,27,55,3
2022-07-28 09,0.17,0,75,0,27,61,3
2022-07-28 10,0.168,0,75,0,28,59,4
2022-07-28 11,0.172,0,70,0,28,69,4
2022-07-28 12,0.208,0,70,0,29,92,2
2022-07-28 13,0.177,0,70,0,30,112,2
2022-07-28 14,0.173,0,70,0,30,114,3
2022-07-28 15,0.171,0,70,0,30,158,3
2022-07-28 16,0.25,0,70,0,29,150,4
2022-07-28 17,0.226,0,75,0,28,152,3
2022-07-28 18,0.198,0,80,0,27,156,3
2022-07-28 19,0.182,0,80,0,27,145,1
2022-07-28 20,0.212,0,85,0,26,119,1
2022-07-28 21,0.185,0,85,0,26,117,1
2022-07-28 22,0.178,0,85,0,26,68,1
2022-07-28 23,0.172,0,85,0,26,54,1
2022-07-29 00,0.188,0,85,0,26,64,2
2022-07-29 01,0.202,0,85,0,26,64,3
2022-07-29 02,0.252,0,90,0,26,53,3
2022-07-29 03,0.205,0,90,0,26,46,2
2022-07-29 04,0.185,0,85,0,26,71,3
2022-07-29 05,0.156,0,85,0,26,58,3
2022-07-29 06,0.17,0,85,0,26,66,3
2022-07-29 07,0.211,0,80,0,27,57,4
2022-07-29 08,0.153,0,75,0,28,55,4
2022-07-29 09,0.167,0,70,0,29,69,4
2022-07-29 10,0.201,0,70,0,30,59,4
2022-07-29 11,0.199,0,65,0,31,64,4
2022-07-29 12,0.245,0,60,0,32,79,5
2022-07-29 13,0.23,0,55,0,32,72,4
2022-07-29 14,0.191,0,55,0,32,83,4
2022-07-29 15,0.18,0,60,0,32,88,4
2022-07-29 16,0.186,0,60,0,31,103,4
2022-07-29 17,0.207,0,60,0,31,91,4
2022-07-29 18,0.205,0,60,0,31,89,2
2022-07-29 19,0.184,0,65,0,30,82,3
2022-07-29 20,0.183,0,65,0,29,68,3
2022-07-29 21,0.253,0,65,0,29,69,3
2022-07-29 22,0.23,0,70,0,29,63,4
2022-07-29 23,0.19,0,70,0,28,67,4
2022-07-30 00,0.185,0,70,0,28,69,4
2022-07-30 01,0.21,0,75,0,28,67,4
2022-07-30 02,0.197,0,75,0,27,65,5
2022-07-30 03,0.179,0,75,0,27,71,4
2022-07-30 04,0.175,0,75,0,27,59,5
2022-07-30 05,0.182,0,75,0,27,67,5
2022-07-30 06,0.217,0,75,0,27,60,6
2022-07-30 07,0.249,0,75,0,27,71,4
2022-07-30 08,0.222,0,75,0,28,61,3
2022-07-30 09,0.187,5,75,0.1,28,79,3
2022-07-30 10,0.175,0,70,0,28,67,5
2022-07-30 11,0.177,1,80,0.5,28,76,4
2022-07-30 12,0.203,1,80,0.4,28,65,2
2022-07-30 13,0.211,0,75,0,29,64,5
2022-07-30 14,0.182,0,75,0,28,63,3
2022-07-30 15,0.182,0,70,0,29,71,5
2022-07-30 16,0.245,0,70,0,29,68,5
2022-07-30 17,0.242,0,70,0,28,64,5
2022-07-30 18,0.198,0,70,0,28,66,5
2022-07-30 19,0.194,0,70,0,28,75,5
2022-07-30 20,0.212,0,70,0,28,76,3
2022-07-30 21,0.199,5,75,0.1,28,87,5
2022-07-30 22,0.223,5,80,0.1,27,81,4
2022-07-30 23,0.186,0,80,0,27,72,5
2022-07-31 00,0.194,0,80,0,27,107,3
2022-07-31 01,0.22,0,80,0,27,60,2
2022-07-31 02,0.251,5,80,0.1,27,111,3
2022-07-31 03,0.211,1,85,0.3,26,127,4
2022-07-31 04,0.209,1,85,0.6,26,140,3
2022-07-31 05,0.175,1,85,0.5,27,142,2
2022-07-31 06,0.182,1,90,0.7,25,127,3
2022-07-31 07,0.177,1,90,0.9,26,125,3
2022-07-31 08,0.212,1,85,0.4,26,110,3
2022-07-31 09,0.178,1,95,7.2,25,125,5
2022-07-31 10,0.165,1,90,4,26,141,5
2022-07-31 11,0.218,1,90,3.9,26,143,5
2022-07-31 12,0.252,1,85,5.2,25,160,6
2022-07-31 13,0.188,1,90,3.1,26,132,3
2022-07-31 14,0.171,1,90,2,26,139,6
2022-07-31 15,0.199,1,90,6.3,25,142,4
2022-07-31 16,0.186,1,90,2.4,26,138,3
2022-07-31 17,0.159,1,90,7.1,26,134,5
2022-07-31 18,0.173,1,90,1,26,138,3
2022-07-31 19,0.209,1,90,4.3,27,138,5
2022-07-31 20,0.156,1,90,5.3,27,147,6
2022-07-31 21,0.159,1,85,0.3,27,138,5
2022-07-31 22,0.244,0,85,0,27,135,5
2022-07-31 23,0.228,5,85,0.1,27,142,6
2022-08-01 00,0.162,5,85,0.1,27,138,5
2022-08-01 01,0.173,0,85,0,27,138,6
2022-08-01 02,0.207,0,85,0,27,141,5
2022-08-01 03,0.155,0,85,0,27,140,5
2022-08-01 04,0.157,1,85,0.3,27,150,3
2022-08-01 05,0.211,0,85,0,27,144,4
2022-08-01 06,0.164,1,90,0.8,26,152,4
2022-08-01 07,0.157,1,85,0.9,27,149,4
2022-08-01 08,0.217,1,85,0.5,27,134,3
2022-08-01 09,0.249,5,80,0.1,28,131,4
2022-08-01 10,0.171,5,80,0.1,28,127,5
2022-08-01 11,0.206,0,80,0,28,128,5
2022-08-01 12,0.155,5,85,0.1,27,131,6
2022-08-01 13,0.153,1,90,0.6,27,142,6
2022-08-01 14,0.205,1,90,1.6,26,147,6
2022-08-01 15,0.166,1,90,0.7,27,138,6
2022-08-01 16,0.152,1,90,1.8,27,158,5
2022-08-01 17,0.186,0,90,0,27,168,6
2022-08-01 18,0.186,1,90,0.3,27,178,8
2022-08-01 19,0.237,1,85,0.3,27,184,5
2022-08-01 20,0.226,1,90,2,26,181,5
2022-08-01 21,0.152,1,90,2.7,27,170,6
2022-08-01 22,0.161,5,85,0.2,27,186,7
2022-08-01 23,0.208,1,85,1.2,27,187,7
2022-08-02 00,0.153,1,85,1,27,184,5
2022-08-02 01,0.178,0,85,0,27,184,6
2022-08-02 02,0.158,0,85,0,27,191,5
2022-08-02 03,0.165,0,85,0,27,184,6
2022-08-02 04,0.172,5,85,0.2,27,188,6
2022-08-02 05,0.206,1,90,1,27,181,7
2022-08-02 06,0.246,1,90,2.7,27,183,8
2022-08-02 07,0.188,1,85,0.3,27,188,6
2022-08-02 08,0.15,5,85,0.2,28,193,6
2022-08-02 09,0.184,1,85,3.8,27,198,6
2022-08-02 10,0.169,1,85,5.7,27,201,5
2022-08-02 11,0.168,1,90,9.3,27,197,5
2022-08-02 12,0.192,1,90,0.5,28,204,3
2022-08-02 13,0.169,0,80,0,29,193,3
2022-08-02 14,0.152,0,80,0,29,191,4
2022-08-02 15,0.192,0,80,0,28,185,4
2022-08-02 16,0.203,0,85,0,28,178,4
2022-08-02 17,0.235,0,85,0,28,176,3
2022-08-02 18,0.184,5,90,0.2,27,169,4
2022-08-02 19,0.185,0,85,0,27,180,4
2022-08-02 20,0.208,0,85,0,27,180,4
2022-08-02 21,0.157,0,90,0,27,180,3
2022-08-02 22,0.158,1,90,0.4,26,202,2
2022-08-02 23,0.201,1,90,0.5,26,224,2
2022-08-03 00,0.17,5,90,0.2,26,208,3
2022-08-03 01,0.159,1,90,3.4,26,194,3
2022-08-03 02,0.224,0,90,0,25,205,2
2022-08-03 03,0.245,0,95,0,25,181,1
2022-08-03 04,0.158,5,95,0.1,25,335,1
2022-08-03 05,0.211,0,90,0,25,181,0
2022-08-03 06,0.161,1,95,1.1,26,340,1
2022-08-03 07,0.153,5,90,0.2,27,77,0
2022-08-03 08,0.19,0,85,0,27,324,0
2022-08-03 09,0.183,0,85,0,29,267,1
2022-08-03 10,0.158,1,90,0.6,28,229,3
2022-08-03 11,0.172,1,85,17.1,28,231,2
2022-08-03 12,0.206,1,90,0.7,27,244,2
2022-08-03 13,0.248,1,85,0.9,29,225,2
2022-08-03 14,0.209,1,85,1.2,29,204,2
2022-08-03 15,0.187,0,80,0,29,205,2
2022-08-03 16,0.173,5,80,0.1,29,227,1
2022-08-03 17,0.164,5,85,0.1,28,233,1
2022-08-03 18,0.203,1,90,0.9,28,198,3
2022-08-03 19,0.19,5,85,0.2,27,213,3
2022-08-03 20,0.162,0,90,0,27,227,1
2022-08-03 21,0.156,0,90,0,27,207,0
2022-08-03 22,0.22,0,90,0,27,232,2
2022-08-03 23,0.246,0,90,0,27,220,2
2022-08-04 00,0.197,0,90,0,27,230,2
2022-08-04 01,0.183,0,90,0,26,223,2
2022-08-04 02,0.157,0,90,0,26,226,2
2022-08-04 03,0.172,0,90,0,26,229,2
2022-08-04 04,0.202,0,90,0,26,225,2
2022-08-04 05,0.149,0,90,0,26,236,2
2022-08-04 06,0.154,0,90,0,27,216,1
2022-08-04 07,0.208,0,85,0,27,234,2
2022-08-04 08,0.159,0,80,0,28,235,1
2022-08-04 09,0.236,0,75,0,29,271,3
2022-08-04 10,0.226,0,75,0,30,217,3
2022-08-04 11,0.167,0,70,0,31,221,4
2022-08-04 12,0.185,0,70,0,32,211,3
2022-08-04 13,0.203,0,70,0,31,214,4
2022-08-04 14,0.172,0,70,0,31,218,4
2022-08-04 15,0.177,0,75,0,30,221,5
2022-08-04 16,0.18,0,75,0,30,221,4
2022-08-04 17,0.215,0,75,0,30,205,3
2022-08-04 18,0.182,0,80,0,29,223,4
2022-08-04 19,0.242,0,80,0,29,231,4
2022-08-04 20,0.231,0,80,0,28,229,4
2022-08-04 21,0.189,0,80,0,28,222,3
2022-08-04 22,0.174,0,85,0,28,238,4
2022-08-04 23,0.184,0,85,0,28,233,3
2022-08-05 00,0.205,0,85,0,27,247,3
2022-08-05 01,0.171,0,85,0,27,251,3
2022-08-05 02,0.168,0,85,0,27,257,2
2022-08-05 03,0.177,0,85,0,27,263,2
2022-08-05 04,0.205,0,85,0,27,260,2
2022-08-05 05,0.251,0,85,0,27,183,1
2022-08-05 06,0.209,5,85,0.1,27,213,1
2022-08-05 07,0.172,0,85,0,28,237,1
2022-08-05 08,0.157,0,80,0,29,238,3
2022-08-05 09,0.182,0,80,0,29,231,3
2022-08-05 10,0.199,0,75,0,30,228,3
2022-08-05 11,0.165,0,70,0,31,230,3
2022-08-05 12,0.177,0,70,0,31,218,4
2022-08-05 13,0.184,0,70,0,32,229,4
2022-08-05 14,0.212,0,70,0,31,213,3
2022-08-05 15,0.244,0,70,0,31,217,4
2022-08-05 16,0.229,0,70,0,31,220,5
2022-08-05 17,0.182,0,70,0,31,207,4
2022-08-05 18,0.185,0,75,0,30,231,4
2022-08-05 19,0.181,0,80,0,29,232,5
2022-08-05 20,0.203,0,80,0,28,222,4
2022-08-05 21,0.2,0,85,0,28,226,3
2022-08-05 22,0.182,0,85,0,28,226,4
2022-08-05 23,0.174,0,85,0,28,236,4
2022-08-06 00,0.235,0,85,0,28,252,3
2022-08-06 01,0.237,0,80,0,28,245,4
2022-08-06 02,0.178,0,80,0,28,240,3
2022-08-06 03,0.186,0,80,0,28,245,4
2022-08-06 04,0.206,0,80,0,28,244,3
2022-08-06 05,0.17,0,80,0,28,238,3
2022-08-06 06,0.157,0,80,0,28,274,3
2022-08-06 07,0.194,0,80,0,29,288,2
2022-08-06 08,0.19,0,75,0,30,241,3
2022-08-06 09,0.168,0,70,0,31,243,3
2022-08-06 10,0.24,0,70,0,31,258,3
2022-08-06 11,0.231,0,65,0,32,248,3
2022-08-06 12,0.186,0,65,0,32,217,3
2022-08-06 13,0.193,0,65,0,32,217,4
2022-08-06 14,0.214,0,70,0,32,215,4
2022-08-06 15,0.19,0,70,0,32,213,4
2022-08-06 16,0.184,0,70,0,32,215,4
2022-08-06 17,0.188,0,70,0,31,220,4
2022-08-06 18,0.2,0,80,0,30,221,4
2022-08-06 19,0.221,0,80,0,29,196,4
2022-08-06 20,0.249,0,85,0,28,209,3
2022-08-06 21,0.23,0,85,0,28,202,2
2022-08-06 22,0.178,0,80,0,29,228,2
2022-08-06 23,0.185,0,85,0,28,224,2
2022-08-07 00,0.205,0,85,0,28,236,2
2022-08-07 01,0.204,0,85,0,28,223,2
2022-08-07 02,0.182,0,85,0,28,212,1
2022-08-07 03,0.182,0,85,0,27,96,0
2022-08-07 04,0.175,0,85,0,27,248,1
2022-08-07 05,0.252,0,90,0,27,246,1
2022-08-07 06,0.233,0,90,0,27,259,0
2022-08-07 07,0.187,0,85,0,29,163,0
2022-08-07 08,0.178,0,75,0,30,211,1
2022-08-07 09,0.203,0,75,0,31,240,1
2022-08-07 10,0.205,0,75,0,31,205,2
2022-08-07 11,0.183,0,70,0,32,215,2
2022-08-07 12,0.189,0,70,0,32,218,3
2022-08-07 13,0.189,1,70,1.7,32,179,5
2022-08-07 14,0.225,0,70,0,32,174,5
2022-08-07 15,0.25,0,75,0,30,197,4
2022-08-07 16,0.236,0,75,0,30,205,4
2022-08-07 17,0.183,0,80,0,29,202,3
2022-08-07 18,0.201,0,80,0,29,200,3
2022-08-07 19,0.193,0,80,0,29,187,3
2022-08-07 20,0.214,0,80,0,29,199,3
2022-08-07 21,0.197,0,80,0,28,198,4
2022-08-07 22,0.189,0,80,0,28,216,2
2022-08-07 23,0.184,0,85,0,28,196,2
2022-08-08 00,0.257,0,85,0,28,215,3
2022-08-08 01,0.227,0,80,0,28,219,3
2022-08-08 02,0.177,0,80,0,28,223,3
2022-08-08 03,0.197,0,80,0,28,219,2
2022-08-08 04,0.214,0,85,0,28,218,3
2022-08-08 05,0.185,0,80,0,28,211,3
2022-08-08 06,0.178,0,80,0,28,229,4
2022-08-08 07,0.175,0,75,0,29,225,4
2022-08-08 08,0.196,0,75,0,29,227,3
2022-08-08 09,0.208,0,70,0,30,235,4
2022-08-08 10,0.249,0,65,0,31,221,4
2022-08-08 11,0.197,0,70,0,30,204,5
2022-08-08 12,0.207,0,65,0,31,215,6
2022-08-08 13,0.212,0,65,0,32,228,5
2022-08-08 14,0.187,0,65,0,31,218,5
2022-08-08 15,0.194,0,65,0,31,210,4
2022-08-08 16,0.194,0,70,0,30,215,4
2022-08-08 17,0.204,0,70,0,30,210,5
2022-08-08 18,0.224,0,75,0,29,211,5
2022-08-08 19,0.252,0,75,0,28,218,3
2022-08-08 20,0.236,0,80,0,28,213,4
2022-08-08 21,0.179,0,80,0,28,220,3
2022-08-08 22,0.191,0,80,0,28,237,3
2022-08-08 23,0.189,0,85,0,27,215,2
2022-08-09 00,0.218,0,85,0,27,224,2
2022-08-09 01,0.184,0,85,0,27,235,3
2022-08-09 02,0.175,0,85,0,27,227,2
2022-08-09 03,0.179,0,85,0,27,199,2
2022-08-09 04,0.244,0,80,0,27,224,2
2022-08-09 05,0.239,0,85,0,27,221,2
2022-08-09 06,0.179,0,85,0,27,265,1
2022-08-09 07,0.173,0,80,0,28,210,2
2022-08-09 08,0.19,0,75,0,29,220,4
2022-08-09 09,0.21,0,75,0,29,206,4
2022-08-09 10,0.171,0,70,0,30,214,4
2022-08-09 11,0.173,0,70,0,31,223,4
2022-08-09 12,0.182,0,70,0,31,204,5
2022-08-09 13,0.224,0,70,0,31,204,5
2022-08-09 14,0.255,0,65,0,31,217,4
2022-08-09 15,0.228,0,65,0,30,210,5
2022-08-09 16,0.196,0,65,0,30,214,4
2022-08-09 17,0.196,0,70,0,30,207,5
2022-08-09 18,0.191,0,70,0,29,198,4
2022-08-09 19,0.195,0,75,0,28,210,3
2022-08-09 20,0.206,0,75,0,28,210,3
2022-08-09 21,0.208,0,80,0,28,220,3
2022-08-09 22,0.183,0,80,0,27,205,2
2022-08-09 23,0.25,0,80,0,27,215,2
2022-08-10 00,0.231,0,85,0,27,224,2
2022-08-10 01,0.189,0,85,0,28,211,2
2022-08-10 02,0.179,0,80,0,27,224,2
2022-08-10 03,0.174,0,80,0,28,225,3
2022-08-10 04,0.212,0,80,0,27,231,3
2022-08-10 05,0.192,0,80,0,27,216,3
2022-08-10 06,0.172,0,80,0,28,225,3
2022-08-10 07,0.161,0,80,0,28,223,3
2022-08-10 08,0.219,0,75,0,29,225,3
2022-08-10 09,0.255,0,75,0,29,233,3
2022-08-10 10,0.204,0,75,0,29,223,4
2022-08-10 11,0.191,0,70,0,30,217,4
2022-08-10 12,0.173,0,70,0,31,217,4
2022-08-10 13,0.173,0,70,0,30,210,5
2022-08-10 14,0.199,0,75,0,30,202,4
2022-08-10 15,0.207,0,75,0,29,191,4
2022-08-10 16,0.181,0,75,0,29,194,4
2022-08-10 17,0.181,0,75,0,28,198,3
2022-08-10 18,0.228,0,75,0,28,194,2
2022-08-10 19,0.255,0,80,0,27,221,2
2022-08-10 20,0.185,0,75,0,28,219,3
2022-08-10 21,0.211,0,80,0,28,207,2
2022-08-10 22,0.195,0,80,0,27,157,2
2022-08-10 23,0.173,0,80,0,27,207,1
2022-08-11 00,0.177,0,85,0,27,187,1
2022-08-11 01,0.189,0,85,0,27,226,1
2022-08-11 02,0.209,0,85,0,27,228,1
2022-08-11 03,0.169,0,85,0,27,207,1
2022-08-11 04,0.257,0,80,0,27,229,3
2022-08-11 05,0.22,0,85,0,27,215,2
2022-08-11 06,0.165,0,80,0,28,229,3
2022-08-11 07,0.184,0,85,0,28,237,3
2022-08-11 08,0.201,0,80,0,28,236,3
2022-08-11 09,0.16,0,80,0,28,236,3
2022-08-11 10,0.163,0,80,0,28,213,3
2022-08-11 11,0.201,0,80,0,28,212,3
2022-08-11 12,0.185,0,80,0,29,232,3
2022-08-11 13,0.159,0,75,0,29,217,3
2022-08-11 14,0.22,5,80,0.1,28,218,4
2022-08-11 15,0.25,1,85,0.5,28,222,3
2022-08-11 16,0.177,1,85,1,28,231,3
2022-08-11 17,0.211,1,85,0.9,27,219,3
2022-08-11 18,0.159,5,85,0.1,27,176,3
2022-08-11 19,0.165,5,90,0.2,27,195,2
2022-08-11 20,0.195,0,90,0,27,203,3
2022-08-11 21,0.183,0,85,0,27,212,3
2022-08-11 22,0.161,0,90,0,27,206,2
2022-08-11 23,0.17,0,90,0,27,244,2
2022-08-12 00,0.209,0,85,0,27,218,2
2022-08-12 01,0.249,0,90,0,27,236,3
2022-08-12 02,0.207,0,85,0,27,219,2
2022-08-12 03,0.174,0,90,0,27,207,2
2022-08-12 04,0.159,0,90,0,27,222,2
2022-08-12 05,0.179,1,90,6.9,27,225,3
2022-08-12 06,0.2,1,90,2.7,27,238,1
2022-08-12 07,0.154,1,85,0.3,27,250,2
2022-08-12 08,0.156,0,85,0,28,245,3
2022-08-12 09,0.212,0,80,0,29,232,3
2022-08-12 10,0.159,0,80,0,28,246,3
2022-08-12 11,0.244,0,80,0,29,229,2
2022-08-12 12,0.226,0,80,0,29,219,4
2022-08-12 13,0.171,0,80,0,30,238,4
2022-08-12 14,0.178,0,70,0,31,291,3
2022-08-12 15,0.215,0,70,0,31,239,3
2022-08-12 16,0.176,0,75,0,30,230,3
2022-08-12 17,0.172,0,80,0,30,229,3
2022-08-12 18,0.176,0,75,0,29,242,2
2022-08-12 19,0.211,0,80,0,28,262,2
2022-08-12 20,0.19,0,80,0,28,217,2
2022-08-12 21,0.243,0,85,0,27,224,3
2022-08-12 22,0.232,0,85,0,27,264,1
2022-08-12 23,0.169,0,85,0,27,221,1
2022-08-13 00,0.172,0,85,0,26,200,2
2022-08-13 01,0.193,0,90,0,26,187,1
2022-08-13 02,0.185,0,85,0,26,284,1
2022-08-13 03,0.153,0,85,0,26,231,2
2022-08-13 04,0.176,0,85,0,26,13,1
2022-08-13 05,0.202,0,90,0,25,336,1
2022-08-13 06,0.156,0,85,0,26,111,0
2022-08-13 07,0.235,0,85,0,27,240,1
2022-08-13 08,0.232,0,80,0,28,270,0
2022-08-13 09,0.157,0,75,0,29,243,2
2022-08-13 10,0.197,0,75,0,30,236,2
2022-08-13 11,0.2,0,70,0,30,234,2
2022-08-13 12,0.171,0,70,0,31,212,4
2022-08-13 13,0.175,0,70,0,31,219,4
2022-08-13 14,0.187,0,75,0,31,222,4
2022-08-13 15,0.215,0,75,0,31,218,4
2022-08-13 16,0.182,0,75,0,30,219,3
2022-08-13 17,0.252,0,75,0,29,216,3
2022-08-13 18,0.23,0,80,0,29,199,3
2022-08-13 19,0.19,0,80,0,28,206,3
2022-08-13 20,0.182,0,80,0,28,202,2
2022-08-13 21,0.205,0,85,0,27,194,2
2022-08-13 22,0.196,0,85,0,27,205,2
2022-08-13 23,0.175,0,85,0,27,194,2
2022-08-14 00,0.172,0,85,0,27,204,2
2022-08-14 01,0.183,0,85,0,27,217,3
2022-08-14 02,0.212,0,80,0,27,209,2
2022-08-14 03,0.255,5,80,0.1,28,251,2
2022-08-14 04,0.204,5,85,0.2,27,235,2
2022-08-14 05,0.191,1,85,0.3,28,219,2
2022-08-14 06,0.17,0,80,0,28,209,2
2022-08-14 07,0.155,0,80,0,28,215,3
2022-08-14 08,0.212,0,75,0,29,225,3
2022-08-14 09,0.179,0,75,0,30,226,3
2022-08-14 10,0.169,0,70,0,30,216,4
2022-08-14 11,0.171,0,70,0,31,236,4
2022-08-14 12,0.228,0,65,0,31,220,4
2022-08-14 13,0.253,0,65,0,32,231,4
2022-08-14 14,0.217,0,70,0,31,209,4
2022-08-14 15,0.197,0,65,0,32,205,4
2022-08-14 16,0.185,0,70,0,31,211,4
2022-08-14 17,0.186,0,70,0,30,213,3
2022-08-14 18,0.188,0,75,0,29,209,3
2022-08-14 19,0.216,0,75,0,29,212,3
2022-08-14 20,0.198,0,80,0,28,196,2
2022-08-14 21,0.18,0,85,0,27,202,2
2022-08-14 22,0.246,0,85,0,27,209,2
2022-08-14 23,0.231,0,85,0,27,173,2
2022-08-15 00,0.188,0,85,0,27,197,0
2022-08-15 01,0.182,0,85,0,27,216,1
2022-08-15 02,0.183,0,85,0,27,210,3
2022-08-15 03,0.213,0,85,0,27,222,2
2022-08-15 04,0.176,0,90,0,27,217,2
2022-08-15 05,0.172,0,90,0,26,200,1
2022-08-15 06,0.174,0,85,0,27,178,1
2022-08-15 07,0.221,0,80,0,28,197,2
2022-08-15 08,0.249,0,75,0,29,215,3
2022-08-15 09,0.211,0,75,0,30,222,4
2022-08-15 10,0.189,0,70,0,31,228,4
2022-08-15 11,0.173,0,65,0,31,217,5
2022-08-15 12,0.179,0,65,0,31,221,6
2022-08-15 13,0.197,0,65,0,31,236,5
2022-08-15 14,0.211,0,65,0,31,218,6
2022-08-15 15,0.193,0,60,0,31,216,5
2022-08-15 16,0.185,0,65,0,30,213,6
2022-08-15 17,0.244,0,70,0,30,212,6
2022-08-15 18,0.245,0,75,0,29,220,6
2022-08-15 19,0.225,0,75,0,28,217,5
2022-08-15 20,0.181,0,80,0,28,231,4
2022-08-15 21,0.185,0,80,0,28,225,5
2022-08-15 22,0.19,0,75,0,28,217,5
2022-08-15 23,0.195,0,75,0,28,222,6
2022-08-16 00,0.209,0,80,0,28,220,6
2022-08-16 01,0.185,0,80,0,28,224,5
2022-08-16 02,0.178,0,80,0,28,234,6
2022-08-16 03,0.258,0,80,0,28,221,4
2022-08-16 04,0.226,0,75,0,28,227,4
2022-08-16 05,0.194,0,80,0,28,219,6
2022-08-16 06,0.183,0,80,0,28,228,4
2022-08-16 07,0.178,0,80,0,29,240,5
2022-08-16 08,0.184,0,80,0,28,249,4
2022-08-16 09,0.208,1,85,1.3,28,258,2
2022-08-16 10,0.18,1,90,3,26,335,0
2022-08-16 11,0.169,1,85,0.6,27,210,2
2022-08-16 12,0.231,0,85,0,28,219,2
2022-08-16 13,0.238,1,90,1.9,27,138,1
2022-08-16 14,0.177,1,90,0.7,27,241,2
2022-08-16 15,0.194,1,85,1.3,27,250,2
2022-08-16 16,0.203,5,85,0.1,27,245,2
2022-08-16 17,0.177,1,90,11.2,26,288,2
2022-08-16 18,0.169,1,90,9.8,25,126,1
2022-08-16 19,0.18,1,90,2.6,25,22,1
2022-08-16 20,0.203,1,95,12.2,25,352,1
2022-08-16 21,0.157,1,95,11.6,24,34,1
2022-08-16 22,0.228,1,95,9.5,24,184,2
2022-08-16 23,0.244,1,95,0.7,24,80,1
2022-08-17 00,0.154,1,95,0.7,25,40,1
2022-08-17 01,0.189,5,95,0.1,24,35,2
2022-08-17 02,0.179,1,95,0.5,24,79,2
2022-08-17 03,0.157,1,95,0.3,24,53,2
2022-08-17 04,0.18,1,95,1.6,24,31,2
2022-08-17 05,0.196,5,95,0.1,24,73,1
2022-08-17 06,0.153,0,95,0,24,58,3
2022-08-17 07,0.157,5,95,0.2,25,42,2
2022-08-17 08,0.215,0,90,0,25,72,2
2022-08-17 09,0.24,0,85,0,26,71,4
2022-08-17 10,0.193,1,90,0.5,25,73,2
2022-08-17 11,0.174,1,90,0.6,25,105,1
2022-08-17 12,0.205,1,90,0.9,25,56,1
2022-08-17 13,0.154,1,90,0.9,25,126,2
2022-08-17 14,0.157,5,90,0.2,25,38,1
2022-08-17 15,0.211,0,85,0,26,234,1
2022-08-17 16,0.174,0,80,0,27,212,1
2022-08-17 17,0.168,0,80,0,27,228,2
2022-08-17 18,0.174,0,90,0,25,190,2
2022-08-17 19,0.238,0,90,0,25,177,2
2022-08-17 20,0.231,0,90,0,25,194,2
2022-08-17 21,0.168,0,90,0,25,231,2
2022-08-17 22,0.196,0,90,0,25,264,2
2022-08-17 23,0.188,0,85,0,24,254,1
2022-08-18 00,0.155,0,80,0,24,298,3
2022-08-18 01,0.166,0,80,0,23,308,3
2022-08-18 02,0.204,0,80,0,23,302,3
2022-08-18 03,0.153,0,80,0,23,308,2
2022-08-18 04,0.183,0,80,0,23,304,1
2022-08-18 05,0.15,0,85,0,22,350,1
2022-08-18 06,0.239,0,85,0,23,350,0
2022-08-18 07,0.188,0,80,0,24,28,1
2022-08-18 08,0.19,0,75,0,25,29,2
2022-08-18 09,0.17,0,75,0,26,42,2
2022-08-18 10,0.183,0,65,0,27,83,1
2022-08-18 11,0.153,0,60,0,28,125,2
2022-08-18 12,0.183,0,65,0,29,143,2
2022-08-18 13,0.155,0,70,0,28,178,2
2022-08-18 14,0.183,0,70,0,28,172,3
2022-08-18 15,0.186,0,65,0,28,179,3
2022-08-18 16,0.247,0,70,0,27,181,3
2022-08-18 17,0.222,0,70,0,27,173,2
2022-08-18 18,0.166,0,75,0,26,203,2
2022-08-18 19,0.175,0,80,0,25,176,1
2022-08-18 20,0.21,0,85,0,24,190,1
2022-08-18 21,0.151,0,85,0,24,189,1
2022-08-18 22,0.156,0,85,0,24,178,1
2022-08-18 23,0.204,0,85,0,23,219,0
2022-08-19 00,0.165,0,90,0,23,215,0
2022-08-19 01,0.144,0,90,0,22,241,0
2022-08-19 02,0.187,0,90,0,22,125,1
2022-08-19 03,0.242,0,90,0,22,358,0
2022-08-19 04,0.189,0,90,0,22,334,0
2022-08-19 05,0.188,0,90,0,22,57,1
2022-08-19 06,0.169,0,90,0,23,11,1
2022-08-19 07,0.16,0,85,0,24,7,1
2022-08-19 08,0.182,0,85,0,25,354,1
2022-08-19 09,0.166,5,75,0.1,26,319,1
2022-08-19 10,0.153,0,75,0,27,219,1
2022-08-19 11,0.188,0,75,0,29,239,2
2022-08-19 12,0.168,0,75,0,30,228,3
2022-08-19 13,0.194,0,75,0,30,219,4
2022-08-19 14,0.24,0,70,0,30,212,4
2022-08-19 15,0.169,0,75,0,30,215,4
2022-08-19 16,0.21,0,75,0,29,211,4
2022-08-19 17,0.184,0,80,0,29,222,5
2022-08-19 18,0.165,0,80,0,28,214,5
2022-08-19 19,0.163,0,80,0,28,207,3
2022-08-19 20,0.208,0,80,0,28,216,3
2022-08-19 21,0.178,0,85,0,28,207,3
2022-08-19 22,0.151,0,85,0,28,226,3
2022-08-19 23,0.22,0,85,0,28,230,2
2022-08-20 00,0.245,0,85,0,28,215,2
2022-08-20 01,0.172,0,85,0,27,237,2
2022-08-20 02,0.208,0,85,0,27,246,3
2022-08-20 03,0.158,0,90,0,27,241,2
2022-08-20 04,0.155,0,85,0,28,221,3
2022-08-20 05,0.203,0,85,0,27,215,3
2022-08-20 06,0.166,0,85,0,28,238,3
2022-08-20 07,0.154,0,85,0,28,200,3
2022-08-20 08,0.184,1,85,0.4,28,207,3
2022-08-20 09,0.188,1,85,1,28,210,3
2022-08-20 10,0.234,1,90,0.4,28,232,3
2022-08-20 11,0.226,1,90,0.9,28,219,3
2022-08-20 12,0.156,1,90,22.6,27,249,4
2022-08-20 13,0.15,1,90,0.7,27,185,3
2022-08-20 14,0.213,1,85,0.3,27,224,2
2022-08-20 15,0.161,0,85,0,28,230,2
2022-08-20 16,0.162,5,85,0.1,27,234,2
2022-08-20 17,0.194,0,85,0,27,264,1
2022-08-20 18,0.185,0,85,0,27,268,2
2022-08-20 19,0.154,0,85,0,26,236,2
2022-08-20 20,0.225,0,85,0,26,235,2
2022-08-20 21,0.237,0,90,0,26,170,0
2022-08-20 22,0.158,0,90,0,25,319,0
2022-08-20 23,0.208,0,90,0,25,17,0
2022-08-21 00,0.162,0,95,0,25,49,1
2022-08-21 01,0.152,0,90,0,25,91,1
2022-08-21 02,0.188,0,90,0,25,62,1
2022-08-21 03,0.171,5,90,0.1,25,54,0
2022-08-21 04,0.189,0,90,0,25,84,1
2022-08-21 05,0.153,0,90,0,25,64,1
2022-08-21 06,0.186,0,90,0,25,48,1
2022-08-21 07,0.243,0,90,0,26,71,2
2022-08-21 08,0.185,0,80,0,26,76,2
2022-08-21 09,0.182,0,75,0,27,59,3
2022-08-21 10,0.188,0,75,0,28,50,2
2022-08-21 11,0.158,0,70,0,29,46,2
2022-08-21 12,0.165,0,70,0,30,56,2
2022-08-21 13,0.207,0,65,0,30,58,2
2022-08-21 14,0.163,0,65,0,30,115,3
2022-08-21 15,0.176,0,70,0,29,153,4
2022-08-21 16,0.181,0,70,0,28,161,4
2022-08-21 17,0.223,0,70,0,27,157,3
2022-08-21 18,0.234,0,70,0,26,161,2
2022-08-21 19,0.189,0,70,0,25,175,1
2022-08-21 20,0.19,0,65,0,25,163,1
2022-08-21 21,0.202,0,70,0,25,27,0
2022-08-21 22,0.17,0,75,0,24,138,1
2022-08-21 23,0.165,0,80,0,24,136,0
2022-08-22 00,0.182,0,80,0,24,338,0
2022-08-22 01,0.192,0,80,0,23,170,0
2022-08-22 02,0.149,0,80,0,23,316,0
2022-08-22 03,0.24,0,85,0,23,59,1
2022-08-22 04,0.224,0,85,0,23,45,1
2022-08-22 05,0.157,0,85,0,22,42,1
2022-08-22 06,0.191,0,85,0,23,74,1
2022-08-22 07,0.168,0,80,0,24,31,2
2022-08-22 08,0.187,0,70,0,26,37,2
2022-08-22 09,0.158,0,65,0,28,96,0
2022-08-22 10,0.152,0,60,0,29,256,1
2022-08-22 11,0.197,0,55,0,29,264,1
2022-08-22 12,0.18,0,50,0,30,205,2
2022-08-22 13,0.164,0,50,0,30,215,4
2022-08-22 14,0.241,0,55,0,30,225,3
2022-08-22 15,0.229,0,50,0,30,217,3
2022-08-22 16,0.181,0,55,0,29,217,4
2022-08-22 17,0.177,0,55,0,28,219,3
2022-08-22 18,0.18,0,60,0,27,207,3
2022-08-22 19,0.215,0,60,0,26,191,2
2022-08-22 20,0.18,0,65,0,26,207,2
2022-08-22 21,0.167,0,65,0,25,199,2
2022-08-22 22,0.168,0,65,0,25,197,2
2022-08-22 23,0.221,0,65,0,25,255,2
2022-08-23 00,0.247,0,70,0,25,226,1
2022-08-23 01,0.179,0,75,0,25,222,1
2022-08-23 02,0.194,0,75,0,25,224,1
2022-08-23 03,0.154,0,75,0,25,211,1
2022-08-23 04,0.16,0,80,0,25,254,1
2022-08-23 05,0.202,0,80,0,25,281,1
2022-08-23 06,0.155,0,80,0,25,244,1
2022-08-23 07,0.185,0,80,0,26,270,0
2022-08-23 08,0.149,1,80,0.3,27,206,2
2022-08-23 09,0.18,5,75,0.1,28,222,1
2022-08-23 10,0.249,0,70,0,29,210,2
2022-08-23 11,0.214,0,65,0,29,235,2
2022-08-23 12,0.182,5,70,0.1,29,228,2
2022-08-23 13,0.164,5,75,0.1,29,212,2
2022-08-23 14,0.163,0,75,0,28,230,3
2022-08-23 15,0.191,5,80,0.2,29,214,3
2022-08-23 16,0.187,0,75,0,29,223,3
2022-08-23 17,0.159,0,75,0,29,193,1
2022-08-23 18,0.168,0,80,0,27,202,2
2022-08-23 19,0.212,0,85,0,27,210,2
2022-08-23 20,0.157,0,85,0,27,279,1
2022-08-23 21,0.246,1,90,1.3,26,344,1
2022-08-23 22,0.2,1,90,1,26,295,1
2022-08-23 23,0.18,1,90,0.7,26,3,1
2022-08-24 00,0.157,1,95,3.9,25,31,1
2022-08-24 01,0.165,0,95,0,26,43,1
2022-08-24 02,0.203,0,95,0,25,113,1
2022-08-24 03,0.152,1,95,0.6,25,136,3
2022-08-24 04,0.147,0,90,0,25,149,3
2022-08-24 05,0.184,1,90,0.7,24,66,2
2022-08-24 06,0.176,1,95,37,24,22,3
2022-08-24 07,0.204,1,95,4.1,24,53,2
2022-08-24 08,0.235,1,95,0.5,23,57,4
2022-08-24 09,0.148,0,90,0,24,60,5
2022-08-24 10,0.2,0,85,0,24,51,4
2022-08-24 11,0.163,0,80,0,25,67,5
2022-08-24 12,0.188,0,80,0,25,54,4
2022-08-24 13,0.15,0,80,0,24,54,3
2022-08-24 14,0.163,0,80,0,24,59,4
2022-08-24 15,0.21,0,80,0,24,59,3
2022-08-24 16,0.154,0,80,0,24,65,4
2022-08-24 17,0.157,0,80,0,24,59,4
2022-08-24 18,0.243,0,80,0,23,68,4
2022-08-24 19,0.221,0,80,0,23,66,4
2022-08-24 20,0.166,0,80,0,23,61,3
2022-08-24 21,0.17,0,80,0,23,52,3
2022-08-24 22,0.201,0,80,0,23,58,2
2022-08-24 23,0.147,0,85,0,22,73,1
2022-08-25 00,0.173,0,85,0,21,64,2
2022-08-25 01,0.16,0,85,0,22,82,1
2022-08-25 02,0.175,0,85,0,21,55,1
2022-08-25 03,0.154,0,85,0,21,7,1
2022-08-25 04,0.21,0,85,0,21,74,1
2022-08-25 05,0.244,0,90,0,21,350,0
2022-08-25 06,0.175,0,85,0,22,132,0
2022-08-25 07,0.168,0,85,0,23,309,1
2022-08-25 08,0.155,0,80,0,24,178,1
2022-08-25 09,0.179,0,75,0,25,222,2
2022-08-25 10,0.177,0,65,0,26,216,2
2022-08-25 11,0.157,0,65,0,27,247,1
2022-08-25 12,0.185,0,65,0,28,221,2
2022-08-25 13,0.157,0,70,0,28,170,1
2022-08-25 14,0.184,0,65,0,28,194,2
2022-08-25 15,0.237,0,65,0,28,192,3
2022-08-25 16,0.192,0,70,0,27,187,4
2022-08-25 17,0.184,0,70,0,26,206,4
2022-08-25 18,0.185,0,75,0,26,212,3
2022-08-25 19,0.15,0,75,0,25,232,3
2022-08-25 20,0.173,0,75,0,25,273,3
2022-08-25 21,0.169,0,70,0,24,297,3
2022-08-25 22,0.19,0,65,0,24,308,3
2022-08-25 23,0.158,5,60,0.1,24,307,4
2022-08-26 00,0.162,0,55,0,24,303,3
2022-08-26 01,0.196,0,55,0,23,302,4
2022-08-26 02,0.246,0,50,0,23,301,4
2022-08-26 03,0.171,0,50,0,23,309,4
2022-08-26 04,0.153,0,55,0,22,307,3
2022-08-26 05,0.173,0,55,0,22,292,4
2022-08-26 06,0.172,0,55,0,23,320,4
2022-08-26 07,0.167,0,55,0,23,327,2
2022-08-26 08,0.148,0,55,0,24,330,3
2022-08-26 09,0.162,0,55,0,25,357,1
2022-08-26 10,0.172,0,55,0,25,246,1
2022-08-26 11,0.177,0,50,0,27,206,1
2022-08-26 12,0.234,0,50,0,28,265,0
2022-08-26 13,0.18,0,50,0,28,197,2
2022-08-26 14,0.178,0,50,0,28,187,2
2022-08-26 15,0.183,0,50,0,28,199,3
2022-08-26 16,0.176,0,50,0,28,211,3
2022-08-26 17,0.143,0,60,0,27,211,3
2022-08-26 18,0.178,0,65,0,25,208,3
2022-08-26 19,0.152,0,65,0,25,221,3
2022-08-26 20,0.171,0,75,0,24,228,1
2022-08-26 21,0.173,0,75,0,24,264,3
2022-08-26 22,0.213,0,75,0,23,297,3
2022-08-26 23,0.245,0,75,0,23,300,3
2022-08-27 00,0.173,0,75,0,23,286,3
2022-08-27 01,0.154,0,75,0,23,317,2
2022-08-27 02,0.167,0,75,0,22,318,2
2022-08-27 03,0.179,0,75,0,22,305,3
2022-08-27 04,0.17,0,75,0,22,309,4
2022-08-27 05,0.147,0,75,0,22,313,3
2022-08-27 06,0.16,0,75,0,23,327,1
2022-08-27 07,0.168,0,75,0,23,62,1
2022-08-27 08,0.17,0,75,0,24,317,0
2022-08-27 09,0.233,0,65,0,25,329,2
2022-08-27 10,0.181,0,65,0,26,314,1
2022-08-27 11,0.159,0,60,0,27,325,2
2022-08-27 12,0.179,0,55,0,28,320,4
2022-08-27 13,0.174,0,50,0,29,307,4
2022-08-27 14,0.172,0,45,0,29,297,5
2022-08-27 15,0.152,0,45,0,28,310,5
2022-08-27 16,0.179,0,40,0,27,338,4
2022-08-27 17,0.184,0,40,0,26,310,5
2022-08-27 18,0.164,0,40,0,24,311,5
2022-08-27 19,0.194,0,45,0,23,309,4
2022-08-27 20,0.239,0,45,0,23,322,4
2022-08-27 21,0.173,0,50,0,22,330,2
2022-08-27 22,0.158,0,60,0,21,313,1
2022-08-27 23,0.15,0,60,0,20,334,1
2022-08-28 00,0.162,0,60,0,20,13,1
2022-08-28 01,0.16,0,60,0,20,24,2
2022-08-28 02,0.16,0,60,0,20,15,3
2022-08-28 03,0.161,0,65,0,20,8,3
2022-08-28 04,0.154,0,60,0,20,50,2
2022-08-28 05,0.148,0,60,0,20,65,4
2022-08-28 06,0.171,0,60,0,21,66,3
2022-08-28 07,0.233,0,55,0,21,67,4
2022-08-28 08,0.13,0,55,0,22,65,5
2022-08-28 09,0.152,0,55,0,23,62,4
2022-08-28 10,0.148,0,50,0,24,63,3
2022-08-28 11,0.155,0,55,0,24,55,4
2022-08-28 12,0.162,0,50,0,25,62,3
2022-08-28 13,0.162,0,50,0,25,60,4
2022-08-28 14,0.162,0,50,0,26,94,3
2022-08-28 15,0.163,0,50,0,26,93,2
2022-08-28 16,0.153,0,50,0,26,104,2
2022-08-28 17,0.153,0,55,0,25,110,3
2022-08-28 18,0.224,0,60,0,23,148,2
2022-08-28 19,0.22,0,65,0,23,92,1
2022-08-28 20,0.151,0,70,0,22,58,1
2022-08-28 21,0.161,0,70,0,22,59,0
2022-08-28 22,0.151,0,70,0,22,63,3
2022-08-28 23,0.147,0,65,0,22,68,4
2022-08-29 00,0.161,0,70,0,22,53,4
2022-08-29 01,0.163,0,65,0,22,56,3
2022-08-29 02,0.156,0,70,0,21,68,3
2022-08-29 03,0.159,0,65,0,21,60,3
2022-08-29 04,0.154,0,70,0,21,63,3
2022-08-29 05,0.156,0,65,0,21,68,3
2022-08-29 06,0.234,0,70,0,21,77,3
2022-08-29 07,0.149,0,65,0,22,62,3
2022-08-29 08,0.153,0,65,0,23,67,3
2022-08-29 09,0.155,0,60,0,24,49,3
2022-08-29 10,0.157,0,60,0,25,58,3
2022-08-29 11,0.162,0,60,0,26,36,3
2022-08-29 12,0.151,0,60,0,26,57,3
2022-08-29 13,0.152,0,60,0,25,60,4
2022-08-29 14,0.152,5,65,0.1,25,56,3
2022-08-29 15,0.167,5,65,0.1,25,71,3
2022-08-29 16,0.162,0,65,0,25,58,3
2022-08-29 17,0.235,0,70,0,24,61,5
2022-08-29 18,0.195,0,75,0,24,55,4
2022-08-29 19,0.153,0,70,0,23,65,4
2022-08-29 20,0.154,0,75,0,23,67,3
2022-08-29 21,0.162,0,75,0,23,69,4
2022-08-29 22,0.169,0,75,0,23,59,4
2022-08-29 23,0.162,0,75,0,23,63,4
2022-08-30 00,0.163,0,80,0,23,53,3
2022-08-30 01,0.157,0,80,0,23,66,4
2022-08-30 02,0.146,0,80,0,23,63,4
2022-08-30 03,0.149,0,80,0,23,66,3
2022-08-30 04,0.239,0,80,0,22,65,4
2022-08-30 05,0.192,0,80,0,22,55,3
2022-08-30 06,0.153,0,80,0,23,57,4
2022-08-30 07,0.151,0,80,0,23,58,4
2022-08-30 08,0.155,1,85,1.8,23,68,4
2022-08-30 09,0.16,1,90,1.2,22,62,4
2022-08-30 10,0.167,0,90,0,22,54,4
2022-08-30 11,0.161,1,95,1.5,22,40,3
2022-08-30 12,0.161,1,95,0.6,22,58,2
2022-08-30 13,0.151,1,95,2.6,22,58,3
2022-08-30 14,0.152,1,95,2.6,22,63,3
2022-08-30 15,0.192,0,90,0,22,55,3
2022-08-30 16,0.227,0,90,0,22,66,3
2022-08-30 17,0.159,0,90,0,22,61,4
2022-08-30 18,0.161,1,90,0.5,23,60,3
2022-08-30 19,0.147,0,90,0,22,58,2
2022-08-30 20,0.15,0,90,0,22,86,1
2022-08-30 21,0.161,0,90,0,22,63,1
2022-08-30 22,0.165,0,90,0,22,91,1
2022-08-30 23,0.167,0,95,0,22,76,1
2022-08-31 00,0.161,0,95,0,22,80,1
2022-08-31 01,0.16,0,95,0,22,196,0
2022-08-31 02,0.165,0,95,0,23,135,1
2022-08-31 03,0.24,0,95,0,23,342,1
2022-08-31 04,0.162,1,95,1.4,23,336,1
2022-08-31 05,0.17,1,95,1.5,23,169,0
2022-08-31 06,0.146,1,95,0.5,23,203,1
2022-08-31 07,0.15,1,95,0.3,24,218,2
2022-08-31 08,0.153,0,90,0,24,260,2
2022-08-31 09,0.161,0,85,0,25,298,3
2022-08-31 10,0.165,0,75,0,26,301,4
2022-08-31 11,0.163,0,70,0,26,304,4
2022-08-31 12,0.164,0,70,0,26,309,5
2022-08-31 13,0.171,0,70,0,26,329,2
2022-08-31 14,0.231,0,65,0,27,356,2
2022-08-31 15,0.158,0,70,0,26,16,2
2022-08-31 16,0.176,0,75,0,26,355,2
2022-08-31 17,0.17,0,75,0,25,12,1
2022-08-31 18,0.165,0,75,0,25,30,1
2022-08-31 19,0.151,0,80,0,24,50,2
2022-08-31 20,0.165,0,75,0,24,81,3
2022-08-31 21,0.166,0,80,0,23,46,2
2022-08-31 22,0.166,0,85,0,23,57,2
2022-08-31 23,0.168,0,85,0,23,44,3
