memberID,mrdDt,pwrQrt
1510080003,2021-09-01 00,0.577
1510080003,2021-09-01 01,0.602
1510080003,2021-09-01 02,0.577
1510080003,2021-09-01 03,0.551
1510080003,2021-09-01 04,0.357
1510080003,2021-09-01 05,0.32
1510080003,2021-09-01 06,0.314
1510080003,2021-09-01 07,0.297
1510080003,2021-09-01 08,0.322
1510080003,2021-09-01 09,0.42
1510080003,2021-09-01 10,0.59
1510080003,2021-09-01 11,0.524
1510080003,2021-09-01 12,0.208
1510080003,2021-09-01 13,0.238
1510080003,2021-09-01 14,0.211
1510080003,2021-09-01 15,0.22
1510080003,2021-09-01 16,0.235
1510080003,2021-09-01 17,0.205
1510080003,2021-09-01 18,0.207
1510080003,2021-09-01 19,0.513
1510080003,2021-09-01 20,0.794
1510080003,2021-09-01 21,0.535
1510080003,2021-09-01 22,0.548
1510080003,2021-09-01 23,0.526
1510080003,2021-09-02 00,0.427
1510080003,2021-09-02 01,0.424
1510080003,2021-09-02 02,0.417
1510080003,2021-09-02 03,0.391
1510080003,2021-09-02 04,0.473
1510080003,2021-09-02 05,0.352
1510080003,2021-09-02 06,0.356
1510080003,2021-09-02 07,0.354
1510080003,2021-09-02 08,0.35
1510080003,2021-09-02 09,0.497
1510080003,2021-09-02 10,0.482
1510080003,2021-09-02 11,0.346
1510080003,2021-09-02 12,0.24
1510080003,2021-09-02 13,0.216
1510080003,2021-09-02 14,0.241
1510080003,2021-09-02 15,0.289
1510080003,2021-09-02 16,0.275
1510080003,2021-09-02 17,0.246
1510080003,2021-09-02 18,0.431
1510080003,2021-09-02 19,1.054
1510080003,2021-09-02 20,0.713
1510080003,2021-09-02 21,1.019
1510080003,2021-09-02 22,1.205
1510080003,2021-09-02 23,0.863
1510080003,2021-09-03 00,0.787
1510080003,2021-09-03 01,0.708
1510080003,2021-09-03 02,0.326
1510080003,2021-09-03 03,0.466
1510080003,2021-09-03 04,0.317
1510080003,2021-09-03 05,0.318
1510080003,2021-09-03 06,0.332
1510080003,2021-09-03 07,0.712
1510080003,2021-09-03 08,0.816
1510080003,2021-09-03 09,0.492
1510080003,2021-09-03 10,0.492
1510080003,2021-09-03 11,0.696
1510080003,2021-09-03 12,0.938
1510080003,2021-09-03 13,0.885
1510080003,2021-09-03 14,0.815
1510080003,2021-09-03 15,0.715
1510080003,2021-09-03 16,0.711
1510080003,2021-09-03 17,0.633
1510080003,2021-09-03 18,0.633
1510080003,2021-09-03 19,0.617
1510080003,2021-09-03 20,0.39
1510080003,2021-09-03 21,0.341
1510080003,2021-09-03 22,0.414
1510080003,2021-09-03 23,0.42
1510080003,2021-09-04 00,0.348
1510080003,2021-09-04 01,0.322
1510080003,2021-09-04 02,0.331
1510080003,2021-09-04 03,0.32
1510080003,2021-09-04 04,0.32
1510080003,2021-09-04 05,0.32
1510080003,2021-09-04 06,0.318
1510080003,2021-09-04 07,0.489
1510080003,2021-09-04 08,0.518
1510080003,2021-09-04 09,0.763
1510080003,2021-09-04 10,0.664
1510080003,2021-09-04 11,0.85
1510080003,2021-09-04 12,0.821
1510080003,2021-09-04 13,0.651
1510080003,2021-09-04 14,0.601
1510080003,2021-09-04 15,0.723
1510080003,2021-09-04 16,0.507
1510080003,2021-09-04 17,0.381
1510080003,2021-09-04 18,1.257
1510080003,2021-09-04 19,0.843
1510080003,2021-09-04 20,0.573
1510080003,2021-09-04 21,0.485
1510080003,2021-09-04 22,0.44
1510080003,2021-09-04 23,0.43
1510080003,2021-09-05 00,0.448
1510080003,2021-09-05 01,0.431
1510080003,2021-09-05 02,0.375
1510080003,2021-09-05 03,0.362
1510080003,2021-09-05 04,0.348
1510080003,2021-09-05 05,0.43
1510080003,2021-09-05 06,0.328
1510080003,2021-09-05 07,0.329
1510080003,2021-09-05 08,0.412
1510080003,2021-09-05 09,0.582
1510080003,2021-09-05 10,1.017
1510080003,2021-09-05 11,1.55
1510080003,2021-09-05 12,0.773
1510080003,2021-09-05 13,0.754
1510080003,2021-09-05 14,0.692
1510080003,2021-09-05 15,0.684
1510080003,2021-09-05 16,0.66
1510080003,2021-09-05 17,0.45
1510080003,2021-09-05 18,0.678
1510080003,2021-09-05 19,1.467
1510080003,2021-09-05 20,0.615
1510080003,2021-09-05 21,0.506
1510080003,2021-09-05 22,0.498
1510080003,2021-09-05 23,0.441
1510080003,2021-09-06 00,0.435
1510080003,2021-09-06 01,0.4
1510080003,2021-09-06 02,0.352
1510080003,2021-09-06 03,0.367
1510080003,2021-09-06 04,0.402
1510080003,2021-09-06 05,0.417
1510080003,2021-09-06 06,0.412
1510080003,2021-09-06 07,0.426
1510080003,2021-09-06 08,0.502
1510080003,2021-09-06 09,0.553
1510080003,2021-09-06 10,0.897
1510080003,2021-09-06 11,0.814
1510080003,2021-09-06 12,0.713
1510080003,2021-09-06 13,0.673
1510080003,2021-09-06 14,0.653
1510080003,2021-09-06 15,0.646
1510080003,2021-09-06 16,0.571
1510080003,2021-09-06 17,0.4
1510080003,2021-09-06 18,0.449
1510080003,2021-09-06 19,0.875
1510080003,2021-09-06 20,0.668
1510080003,2021-09-06 21,0.791
1510080003,2021-09-06 22,0.742
1510080003,2021-09-06 23,0.742
1510080003,2021-09-07 00,0.967
1510080003,2021-09-07 01,0.511
1510080003,2021-09-07 02,0.479
1510080003,2021-09-07 03,0.439
1510080003,2021-09-07 04,0.415
1510080003,2021-09-07 05,0.421
1510080003,2021-09-07 06,0.405
1510080003,2021-09-07 07,0.495
1510080003,2021-09-07 08,0.446
1510080003,2021-09-07 09,0.46
1510080003,2021-09-07 10,0.559
1510080003,2021-09-07 11,0.732
1510080003,2021-09-07 12,0.72
1510080003,2021-09-07 13,0.652
1510080003,2021-09-07 14,0.554
1510080003,2021-09-07 15,0.469
1510080003,2021-09-07 16,0.382
1510080003,2021-09-07 17,0.361
1510080003,2021-09-07 18,0.38
1510080003,2021-09-07 19,0.477
1510080003,2021-09-07 20,0.403
1510080003,2021-09-07 21,0.387
1510080003,2021-09-07 22,0.373
1510080003,2021-09-07 23,0.746
1510080003,2021-09-08 00,0.446
1510080003,2021-09-08 01,0.479
1510080003,2021-09-08 02,0.432
1510080003,2021-09-08 03,0.386
1510080003,2021-09-08 04,0.327
1510080003,2021-09-08 05,0.397
1510080003,2021-09-08 06,0.475
1510080003,2021-09-08 07,0.469
1510080003,2021-09-08 08,0.646
1510080003,2021-09-08 09,0.384
1510080003,2021-09-08 10,0.695
1510080003,2021-09-08 11,0.853
1510080003,2021-09-08 12,0.725
1510080003,2021-09-08 13,0.888
1510080003,2021-09-08 14,0.868
1510080003,2021-09-08 15,0.751
1510080003,2021-09-08 16,0.84
1510080003,2021-09-08 17,0.557
1510080003,2021-09-08 18,0.516
1510080003,2021-09-08 19,0.484
1510080003,2021-09-08 20,0.603
1510080003,2021-09-08 21,0.536
1510080003,2021-09-08 22,0.507
1510080003,2021-09-08 23,0.779
1510080003,2021-09-09 00,0.474
1510080003,2021-09-09 01,0.41
1510080003,2021-09-09 02,0.392
1510080003,2021-09-09 03,0.401
1510080003,2021-09-09 04,0.392
1510080003,2021-09-09 05,0.387
1510080003,2021-09-09 06,0.425
1510080003,2021-09-09 07,0.505
1510080003,2021-09-09 08,0.677
1510080003,2021-09-09 09,1.385
1510080003,2021-09-09 10,1.666
1510080003,2021-09-09 11,1.933
1510080003,2021-09-09 12,1.825
1510080003,2021-09-09 13,1.06
1510080003,2021-09-09 14,0.645
1510080003,2021-09-09 15,0.501
1510080003,2021-09-09 16,0.484
1510080003,2021-09-09 17,0.503
1510080003,2021-09-09 18,0.738
1510080003,2021-09-09 19,1.083
1510080003,2021-09-09 20,1.198
1510080003,2021-09-09 21,0.858
1510080003,2021-09-09 22,0.559
1510080003,2021-09-09 23,0.497
1510080003,2021-09-10 00,0.421
1510080003,2021-09-10 01,0.417
1510080003,2021-09-10 02,0.395
1510080003,2021-09-10 03,0.399
1510080003,2021-09-10 04,0.375
1510080003,2021-09-10 05,0.374
1510080003,2021-09-10 06,1.214
1510080003,2021-09-10 07,0.644
1510080003,2021-09-10 08,0.411
1510080003,2021-09-10 09,0.715
1510080003,2021-09-10 10,0.577
1510080003,2021-09-10 11,0.579
1510080003,2021-09-10 12,0.507
1510080003,2021-09-10 13,1.706
1510080003,2021-09-10 14,1.173
1510080003,2021-09-10 15,0.75
1510080003,2021-09-10 16,0.682
1510080003,2021-09-10 17,0.664
1510080003,2021-09-10 18,0.394
1510080003,2021-09-10 19,0.636
1510080003,2021-09-10 20,0.442
1510080003,2021-09-10 21,0.581
1510080003,2021-09-10 22,0.498
1510080003,2021-09-10 23,0.457
1510080003,2021-09-11 00,0.455
1510080003,2021-09-11 01,0.47
1510080003,2021-09-11 02,0.422
1510080003,2021-09-11 03,0.438
1510080003,2021-09-11 04,0.391
1510080003,2021-09-11 05,0.381
1510080003,2021-09-11 06,0.342
1510080003,2021-09-11 07,0.403
1510080003,2021-09-11 08,0.498
1510080003,2021-09-11 09,0.561
1510080003,2021-09-11 10,0.597
1510080003,2021-09-11 11,0.831
1510080003,2021-09-11 12,1.135
1510080003,2021-09-11 13,0.772
1510080003,2021-09-11 14,0.733
1510080003,2021-09-11 15,0.659
1510080003,2021-09-11 16,0.658
1510080003,2021-09-11 17,0.729
1510080003,2021-09-11 18,0.562
1510080003,2021-09-11 19,0.505
1510080003,2021-09-11 20,0.483
1510080003,2021-09-11 21,0.393
1510080003,2021-09-11 22,0.348
1510080003,2021-09-11 23,0.362
1510080003,2021-09-12 00,0.404
1510080003,2021-09-12 01,0.703
1510080003,2021-09-12 02,0.458
1510080003,2021-09-12 03,0.382
1510080003,2021-09-12 04,0.351
1510080003,2021-09-12 05,0.344
1510080003,2021-09-12 06,0.345
1510080003,2021-09-12 07,0.368
1510080003,2021-09-12 08,0.744
1510080003,2021-09-12 09,0.622
1510080003,2021-09-12 10,0.644
1510080003,2021-09-12 11,0.601
1510080003,2021-09-12 12,0.707
1510080003,2021-09-12 13,0.628
1510080003,2021-09-12 14,0.598
1510080003,2021-09-12 15,0.42
1510080003,2021-09-12 16,0.366
1510080003,2021-09-12 17,0.385
1510080003,2021-09-12 18,0.413
1510080003,2021-09-12 19,0.527
1510080003,2021-09-12 20,0.602
1510080003,2021-09-12 21,0.722
1510080003,2021-09-12 22,0.59
1510080003,2021-09-12 23,0.533
1510080003,2021-09-13 00,0.497
1510080003,2021-09-13 01,0.386
1510080003,2021-09-13 02,0.488
1510080003,2021-09-13 03,0.425
1510080003,2021-09-13 04,0.421
1510080003,2021-09-13 05,0.391
1510080003,2021-09-13 06,0.404
1510080003,2021-09-13 07,0.44
1510080003,2021-09-13 08,0.476
1510080003,2021-09-13 09,0.431
1510080003,2021-09-13 10,0.8
1510080003,2021-09-13 11,0.629
1510080003,2021-09-13 12,0.618
1510080003,2021-09-13 13,0.609
1510080003,2021-09-13 14,0.597
1510080003,2021-09-13 15,0.564
1510080003,2021-09-13 16,0.653
1510080003,2021-09-13 17,0.623
1510080003,2021-09-13 18,0.755
1510080003,2021-09-13 19,0.84
1510080003,2021-09-13 20,0.855
1510080003,2021-09-13 21,0.478
1510080003,2021-09-13 22,0.513
1510080003,2021-09-13 23,0.426
1510080003,2021-09-14 00,0.417
1510080003,2021-09-14 01,0.424
1510080003,2021-09-14 02,0.421
1510080003,2021-09-14 03,0.42
1510080003,2021-09-14 04,0.376
1510080003,2021-09-14 05,0.486
1510080003,2021-09-14 06,0.434
1510080003,2021-09-14 07,0.424
1510080003,2021-09-14 08,0.45
1510080003,2021-09-14 09,0.579
1510080003,2021-09-14 10,0.971
1510080003,2021-09-14 11,0.724
1510080003,2021-09-14 12,0.672
1510080003,2021-09-14 13,0.66
1510080003,2021-09-14 14,0.644
1510080003,2021-09-14 15,0.628
1510080003,2021-09-14 16,0.684
1510080003,2021-09-14 17,0.501
1510080003,2021-09-14 18,0.434
1510080003,2021-09-14 19,0.9
1510080003,2021-09-14 20,1.122
1510080003,2021-09-14 21,0.938
1510080003,2021-09-14 22,0.824
1510080003,2021-09-14 23,0.68
1510080003,2021-09-15 00,0.631
1510080003,2021-09-15 01,0.564
1510080003,2021-09-15 02,0.55
1510080003,2021-09-15 03,0.563
1510080003,2021-09-15 04,0.573
1510080003,2021-09-15 05,0.433
1510080003,2021-09-15 06,0.328
1510080003,2021-09-15 07,0.72
1510080003,2021-09-15 08,0.802
1510080003,2021-09-15 09,0.757
1510080003,2021-09-15 10,0.594
1510080003,2021-09-15 11,0.293
1510080003,2021-09-15 12,0.293
1510080003,2021-09-15 13,0.305
1510080003,2021-09-15 14,0.3
1510080003,2021-09-15 15,0.319
1510080003,2021-09-15 16,0.298
1510080003,2021-09-15 17,0.294
1510080003,2021-09-15 18,0.308
1510080003,2021-09-15 19,0.795
1510080003,2021-09-15 20,1.159
1510080003,2021-09-15 21,0.554
1510080003,2021-09-15 22,0.563
1510080003,2021-09-15 23,0.611
1510080003,2021-09-16 00,0.498
1510080003,2021-09-16 01,0.402
1510080003,2021-09-16 02,0.379
1510080003,2021-09-16 03,0.369
1510080003,2021-09-16 04,0.358
1510080003,2021-09-16 05,0.367
1510080003,2021-09-16 06,0.41
1510080003,2021-09-16 07,0.394
1510080003,2021-09-16 08,0.433
1510080003,2021-09-16 09,0.472
1510080003,2021-09-16 10,0.576
1510080003,2021-09-16 11,0.327
1510080003,2021-09-16 12,0.254
1510080003,2021-09-16 13,0.263
1510080003,2021-09-16 14,0.254
1510080003,2021-09-16 15,0.63
1510080003,2021-09-16 16,0.795
1510080003,2021-09-16 17,0.47
1510080003,2021-09-16 18,0.495
1510080003,2021-09-16 19,1.117
1510080003,2021-09-16 20,1.388
1510080003,2021-09-16 21,1.078
1510080003,2021-09-16 22,0.847
1510080003,2021-09-16 23,0.722
1510080003,2021-09-17 00,0.602
1510080003,2021-09-17 01,0.675
1510080003,2021-09-17 02,0.677
1510080003,2021-09-17 03,0.676
1510080003,2021-09-17 04,0.661
1510080003,2021-09-17 05,0.544
1510080003,2021-09-17 06,0.348
1510080003,2021-09-17 07,0.49
1510080003,2021-09-17 08,0.366
1510080003,2021-09-17 09,0.365
1510080003,2021-09-17 10,0.482
1510080003,2021-09-17 11,0.495
1510080003,2021-09-17 12,0.41
1510080003,2021-09-17 13,0.417
1510080003,2021-09-17 14,1.265
1510080003,2021-09-17 15,1.264
1510080003,2021-09-17 16,0.725
1510080003,2021-09-17 17,0.752
1510080003,2021-09-17 18,0.59
1510080003,2021-09-17 19,0.472
1510080003,2021-09-17 20,0.722
1510080003,2021-09-17 21,0.755
1510080003,2021-09-17 22,0.731
1510080003,2021-09-17 23,0.552
1510080003,2021-09-18 00,0.493
1510080003,2021-09-18 01,0.414
1510080003,2021-09-18 02,0.395
1510080003,2021-09-18 03,0.392
1510080003,2021-09-18 04,0.388
1510080003,2021-09-18 05,0.39
1510080003,2021-09-18 06,0.408
1510080003,2021-09-18 07,0.387
1510080003,2021-09-18 08,0.34
1510080003,2021-09-18 09,0.33
1510080003,2021-09-18 10,0.361
1510080003,2021-09-18 11,0.358
1510080003,2021-09-18 12,1.318
1510080003,2021-09-18 13,0.808
1510080003,2021-09-18 14,0.65
1510080003,2021-09-18 15,0.674
1510080003,2021-09-18 16,0.598
1510080003,2021-09-18 17,0.569
1510080003,2021-09-18 18,0.603
1510080003,2021-09-18 19,0.664
1510080003,2021-09-18 20,0.697
1510080003,2021-09-18 21,0.608
1510080003,2021-09-18 22,0.601
1510080003,2021-09-18 23,0.515
1510080003,2021-09-19 00,0.516
1510080003,2021-09-19 01,0.381
1510080003,2021-09-19 02,0.372
1510080003,2021-09-19 03,0.366
1510080003,2021-09-19 04,0.363
1510080003,2021-09-19 05,0.367
1510080003,2021-09-19 06,0.371
1510080003,2021-09-19 07,0.389
1510080003,2021-09-19 08,0.395
1510080003,2021-09-19 09,0.473
1510080003,2021-09-19 10,0.428
1510080003,2021-09-19 11,0.535
1510080003,2021-09-19 12,0.582
1510080003,2021-09-19 13,0.554
1510080003,2021-09-19 14,0.581
1510080003,2021-09-19 15,0.347
1510080003,2021-09-19 16,0.324
1510080003,2021-09-19 17,0.361
1510080003,2021-09-19 18,0.369
1510080003,2021-09-19 19,0.294
1510080003,2021-09-19 20,0.291
1510080003,2021-09-19 21,0.414
1510080003,2021-09-19 22,0.513
1510080003,2021-09-19 23,0.501
1510080003,2021-09-20 00,0.511
1510080003,2021-09-20 01,0.707
1510080003,2021-09-20 02,0.72
1510080003,2021-09-20 03,0.636
1510080003,2021-09-20 04,0.618
1510080003,2021-09-20 05,0.441
1510080003,2021-09-20 06,0.348
1510080003,2021-09-20 07,0.33
1510080003,2021-09-20 08,0.326
1510080003,2021-09-20 09,0.54
1510080003,2021-09-20 10,0.553
1510080003,2021-09-20 11,0.321
1510080003,2021-09-20 12,0.255
1510080003,2021-09-20 13,0.267
1510080003,2021-09-20 14,0.294
1510080003,2021-09-20 15,0.285
1510080003,2021-09-20 16,0.296
1510080003,2021-09-20 17,0.356
1510080003,2021-09-20 18,0.293
1510080003,2021-09-20 19,0.35
1510080003,2021-09-20 20,0.733
1510080003,2021-09-20 21,0.564
1510080003,2021-09-20 22,0.57
1510080003,2021-09-20 23,0.736
1510080003,2021-09-21 00,0.745
1510080003,2021-09-21 01,0.753
1510080003,2021-09-21 02,1.019
1510080003,2021-09-21 03,0.72
1510080003,2021-09-21 04,0.452
1510080003,2021-09-21 05,0.423
1510080003,2021-09-21 06,0.421
1510080003,2021-09-21 07,0.374
1510080003,2021-09-21 08,0.376
1510080003,2021-09-21 09,0.541
1510080003,2021-09-21 10,0.515
1510080003,2021-09-21 11,0.291
1510080003,2021-09-21 12,0.244
1510080003,2021-09-21 13,0.248
1510080003,2021-09-21 14,0.247
1510080003,2021-09-21 15,0.256
1510080003,2021-09-21 16,0.263
1510080003,2021-09-21 17,0.212
1510080003,2021-09-21 18,0.475
1510080003,2021-09-21 19,0.438
1510080003,2021-09-21 20,0.552
1510080003,2021-09-21 21,0.775
1510080003,2021-09-21 22,0.583
1510080003,2021-09-21 23,0.455
1510080003,2021-09-22 00,0.383
1510080003,2021-09-22 01,0.403
1510080003,2021-09-22 02,0.474
1510080003,2021-09-22 03,0.443
1510080003,2021-09-22 04,0.439
1510080003,2021-09-22 05,0.439
1510080003,2021-09-22 06,0.404
1510080003,2021-09-22 07,0.426
1510080003,2021-09-22 08,0.439
1510080003,2021-09-22 09,0.565
1510080003,2021-09-22 10,0.538
1510080003,2021-09-22 11,0.444
1510080003,2021-09-22 12,0.278
1510080003,2021-09-22 13,0.258
1510080003,2021-09-22 14,0.259
1510080003,2021-09-22 15,0.309
1510080003,2021-09-22 16,0.279
1510080003,2021-09-22 17,0.26
1510080003,2021-09-22 18,0.392
1510080003,2021-09-22 19,0.266
1510080003,2021-09-22 20,0.268
1510080003,2021-09-22 21,0.296
1510080003,2021-09-22 22,0.29
1510080003,2021-09-22 23,0.266
1510080003,2021-09-23 00,0.266
1510080003,2021-09-23 01,0.313
1510080003,2021-09-23 02,0.324
1510080003,2021-09-23 03,0.289
1510080003,2021-09-23 04,0.277
1510080003,2021-09-23 05,0.281
1510080003,2021-09-23 06,0.308
1510080003,2021-09-23 07,0.272
1510080003,2021-09-23 08,0.266
1510080003,2021-09-23 09,0.433
1510080003,2021-09-23 10,0.482
1510080003,2021-09-23 11,0.443
1510080003,2021-09-23 12,0.472
1510080003,2021-09-23 13,0.517
1510080003,2021-09-23 14,0.529
1510080003,2021-09-23 15,0.52
1510080003,2021-09-23 16,0.519
1510080003,2021-09-23 17,0.555
1510080003,2021-09-23 18,0.325
1510080003,2021-09-23 19,0.511
1510080003,2021-09-23 20,0.406
1510080003,2021-09-23 21,0.318
1510080003,2021-09-23 22,0.331
1510080003,2021-09-23 23,0.567
1510080003,2021-09-24 00,0.524
1510080003,2021-09-24 01,0.516
1510080003,2021-09-24 02,0.499
1510080003,2021-09-24 03,0.504
1510080003,2021-09-24 04,0.492
1510080003,2021-09-24 05,0.487
1510080003,2021-09-24 06,0.482
1510080003,2021-09-24 07,0.725
1510080003,2021-09-24 08,0.848
1510080003,2021-09-24 09,0.679
1510080003,2021-09-24 10,0.681
1510080003,2021-09-24 11,0.556
1510080003,2021-09-24 12,0.359
1510080003,2021-09-24 13,0.357
1510080003,2021-09-24 14,0.368
1510080003,2021-09-24 15,0.378
1510080003,2021-09-24 16,0.401
1510080003,2021-09-24 17,0.484
1510080003,2021-09-24 18,0.534
1510080003,2021-09-24 19,0.538
1510080003,2021-09-24 20,0.471
1510080003,2021-09-24 21,0.453
1510080003,2021-09-24 22,0.438
1510080003,2021-09-24 23,0.257
1510080003,2021-09-25 00,0.252
1510080003,2021-09-25 01,0.258
1510080003,2021-09-25 02,0.243
1510080003,2021-09-25 03,0.252
1510080003,2021-09-25 04,0.304
1510080003,2021-09-25 05,0.677
1510080003,2021-09-25 06,0.391
1510080003,2021-09-25 07,0.316
1510080003,2021-09-25 08,0.368
1510080003,2021-09-25 09,0.338
1510080003,2021-09-25 10,0.307
1510080003,2021-09-25 11,0.309
1510080003,2021-09-25 12,0.263
1510080003,2021-09-25 13,0.261
1510080003,2021-09-25 14,0.245
1510080003,2021-09-25 15,0.253
1510080003,2021-09-25 16,0.254
1510080003,2021-09-25 17,0.356
1510080003,2021-09-25 18,0.296
1510080003,2021-09-25 19,0.387
1510080003,2021-09-25 20,0.736
1510080003,2021-09-25 21,0.509
1510080003,2021-09-25 22,0.416
1510080003,2021-09-25 23,0.383
1510080003,2021-09-26 00,0.36
1510080003,2021-09-26 01,0.401
1510080003,2021-09-26 02,0.367
1510080003,2021-09-26 03,0.383
1510080003,2021-09-26 04,0.389
1510080003,2021-09-26 05,0.367
1510080003,2021-09-26 06,0.378
1510080003,2021-09-26 07,0.374
1510080003,2021-09-26 08,0.45
1510080003,2021-09-26 09,0.379
1510080003,2021-09-26 10,0.487
1510080003,2021-09-26 11,0.55
1510080003,2021-09-26 12,0.221
1510080003,2021-09-26 13,0.197
1510080003,2021-09-26 14,0.207
1510080003,2021-09-26 15,0.192
1510080003,2021-09-26 16,0.201
1510080003,2021-09-26 17,0.357
1510080003,2021-09-26 18,0.551
1510080003,2021-09-26 19,0.374
1510080003,2021-09-26 20,0.484
1510080003,2021-09-26 21,0.793
1510080003,2021-09-26 22,0.587
1510080003,2021-09-26 23,0.533
1510080003,2021-09-27 00,0.452
1510080003,2021-09-27 01,0.396
1510080003,2021-09-27 02,0.437
1510080003,2021-09-27 03,0.44
1510080003,2021-09-27 04,0.407
1510080003,2021-09-27 05,0.409
1510080003,2021-09-27 06,0.419
1510080003,2021-09-27 07,0.376
1510080003,2021-09-27 08,0.366
1510080003,2021-09-27 09,0.435
1510080003,2021-09-27 10,0.522
1510080003,2021-09-27 11,0.611
1510080003,2021-09-27 12,0.345
1510080003,2021-09-27 13,0.29
1510080003,2021-09-27 14,0.389
1510080003,2021-09-27 15,0.345
1510080003,2021-09-27 16,0.305
1510080003,2021-09-27 17,0.356
1510080003,2021-09-27 18,0.311
1510080003,2021-09-27 19,0.367
1510080003,2021-09-27 20,0.691
1510080003,2021-09-27 21,0.933
1510080003,2021-09-27 22,0.646
1510080003,2021-09-27 23,0.799
1510080003,2021-09-28 00,0.647
1510080003,2021-09-28 01,0.647
1510080003,2021-09-28 02,0.503
1510080003,2021-09-28 03,0.415
1510080003,2021-09-28 04,0.391
1510080003,2021-09-28 05,0.377
1510080003,2021-09-28 06,0.354
1510080003,2021-09-28 07,0.346
1510080003,2021-09-28 08,0.382
1510080003,2021-09-28 09,0.341
1510080003,2021-09-28 10,0.385
1510080003,2021-09-28 11,0.385
1510080003,2021-09-28 12,0.209
1510080003,2021-09-28 13,0.306
1510080003,2021-09-28 14,0.229
1510080003,2021-09-28 15,0.291
1510080003,2021-09-28 16,0.308
1510080003,2021-09-28 17,0.319
1510080003,2021-09-28 18,0.463
1510080003,2021-09-28 19,0.383
1510080003,2021-09-28 20,0.659
1510080003,2021-09-28 21,0.565
1510080003,2021-09-28 22,0.741
1510080003,2021-09-28 23,0.573
1510080003,2021-09-29 00,0.484
1510080003,2021-09-29 01,0.424
1510080003,2021-09-29 02,0.413
1510080003,2021-09-29 03,0.407
1510080003,2021-09-29 04,0.354
1510080003,2021-09-29 05,0.35
1510080003,2021-09-29 06,0.338
1510080003,2021-09-29 07,0.335
1510080003,2021-09-29 08,0.363
1510080003,2021-09-29 09,0.459
1510080003,2021-09-29 10,0.51
1510080003,2021-09-29 11,0.332
1510080003,2021-09-29 12,0.233
1510080003,2021-09-29 13,0.278
1510080003,2021-09-29 14,0.241
1510080003,2021-09-29 15,0.24
1510080003,2021-09-29 16,0.41
1510080003,2021-09-29 17,0.43
1510080003,2021-09-29 18,0.242
1510080003,2021-09-29 19,0.464
1510080003,2021-09-29 20,0.501
1510080003,2021-09-29 21,0.773
1510080003,2021-09-29 22,0.53
1510080003,2021-09-29 23,0.56
1510080003,2021-09-30 00,0.548
1510080003,2021-09-30 01,0.612
1510080003,2021-09-30 02,0.447
1510080003,2021-09-30 03,0.357
1510080003,2021-09-30 04,0.36
1510080003,2021-09-30 05,0.388
1510080003,2021-09-30 06,0.357
1510080003,2021-09-30 07,0.351
1510080003,2021-09-30 08,0.4
1510080003,2021-09-30 09,0.433
1510080003,2021-09-30 10,0.482
1510080003,2021-09-30 11,0.423
1510080003,2021-09-30 12,0.247
1510080003,2021-09-30 13,0.29
1510080003,2021-09-30 14,0.254
1510080003,2021-09-30 15,0.267
1510080003,2021-09-30 16,0.383
1510080003,2021-09-30 17,0.38
1510080003,2021-09-30 18,0.28
1510080003,2021-09-30 19,0.817
1510080003,2021-09-30 20,0.667
1510080003,2021-09-30 21,0.745
1510080003,2021-09-30 22,0.999
1510080003,2021-09-30 23,0.696
1510080003,2021-10-01 00,0.593
1510080003,2021-10-01 01,0.579
1510080003,2021-10-01 02,0.554
1510080003,2021-10-01 03,0.411
1510080003,2021-10-01 04,0.399
1510080003,2021-10-01 05,0.41
1510080003,2021-10-01 06,0.391
1510080003,2021-10-01 07,0.339
1510080003,2021-10-01 08,0.382
1510080003,2021-10-01 09,0.597
1510080003,2021-10-01 10,0.69
1510080003,2021-10-01 11,0.475
1510080003,2021-10-01 12,0.272
1510080003,2021-10-01 13,0.238
1510080003,2021-10-01 14,0.256
1510080003,2021-10-01 15,0.287
1510080003,2021-10-01 16,0.271
1510080003,2021-10-01 17,0.332
1510080003,2021-10-01 18,0.48
1510080003,2021-10-01 19,0.39
1510080003,2021-10-01 20,0.427
1510080003,2021-10-01 21,0.482
1510080003,2021-10-01 22,0.724
1510080003,2021-10-01 23,0.679
1510080003,2021-10-02 00,0.656
1510080003,2021-10-02 01,0.58
1510080003,2021-10-02 02,0.574
1510080003,2021-10-02 03,0.348
1510080003,2021-10-02 04,0.326
1510080003,2021-10-02 05,0.375
1510080003,2021-10-02 06,0.648
1510080003,2021-10-02 07,0.4
1510080003,2021-10-02 08,0.411
1510080003,2021-10-02 09,0.463
1510080003,2021-10-02 10,0.622
1510080003,2021-10-02 11,0.582
1510080003,2021-10-02 12,0.288
1510080003,2021-10-02 13,0.237
1510080003,2021-10-02 14,0.281
1510080003,2021-10-02 15,0.279
1510080003,2021-10-02 16,0.266
1510080003,2021-10-02 17,0.261
1510080003,2021-10-02 18,0.252
1510080003,2021-10-02 19,0.271
1510080003,2021-10-02 20,0.25
1510080003,2021-10-02 21,0.233
1510080003,2021-10-02 22,0.272
1510080003,2021-10-02 23,0.249
1510080003,2021-10-03 00,0.229
1510080003,2021-10-03 01,0.245
1510080003,2021-10-03 02,0.236
1510080003,2021-10-03 03,0.229
1510080003,2021-10-03 04,0.243
1510080003,2021-10-03 05,0.239
1510080003,2021-10-03 06,0.247
1510080003,2021-10-03 07,0.232
1510080003,2021-10-03 08,0.227
1510080003,2021-10-03 09,0.239
1510080003,2021-10-03 10,0.223
1510080003,2021-10-03 11,0.254
1510080003,2021-10-03 12,0.33
1510080003,2021-10-03 13,0.334
1510080003,2021-10-03 14,0.385
1510080003,2021-10-03 15,0.397
1510080003,2021-10-03 16,0.39
1510080003,2021-10-03 17,0.345
1510080003,2021-10-03 18,0.251
1510080003,2021-10-03 19,0.244
1510080003,2021-10-03 20,0.276
1510080003,2021-10-03 21,0.275
1510080003,2021-10-03 22,0.301
1510080003,2021-10-03 23,0.315
1510080003,2021-10-04 00,0.272
1510080003,2021-10-04 01,0.252
1510080003,2021-10-04 02,0.251
1510080003,2021-10-04 03,0.268
1510080003,2021-10-04 04,0.253
1510080003,2021-10-04 05,0.264
1510080003,2021-10-04 06,0.27
1510080003,2021-10-04 07,0.588
1510080003,2021-10-04 08,0.403
1510080003,2021-10-04 09,0.346
1510080003,2021-10-04 10,0.418
1510080003,2021-10-04 11,0.324
1510080003,2021-10-04 12,0.288
1510080003,2021-10-04 13,0.415
1510080003,2021-10-04 14,0.343
1510080003,2021-10-04 15,0.339
1510080003,2021-10-04 16,0.392
1510080003,2021-10-04 17,0.417
1510080003,2021-10-04 18,0.463
1510080003,2021-10-04 19,0.93
1510080003,2021-10-04 20,0.936
1510080003,2021-10-04 21,0.697
1510080003,2021-10-04 22,1.001
1510080003,2021-10-04 23,0.754
1510080003,2021-10-05 00,0.603
1510080003,2021-10-05 01,0.606
1510080003,2021-10-05 02,0.717
1510080003,2021-10-05 03,0.534
1510080003,2021-10-05 04,0.388
1510080003,2021-10-05 05,0.395
1510080003,2021-10-05 06,0.4
1510080003,2021-10-05 07,0.347
1510080003,2021-10-05 08,0.363
1510080003,2021-10-05 09,0.397
1510080003,2021-10-05 10,0.219
1510080003,2021-10-05 11,0.204
1510080003,2021-10-05 12,0.215
1510080003,2021-10-05 13,0.221
1510080003,2021-10-05 14,0.211
1510080003,2021-10-05 15,0.221
1510080003,2021-10-05 16,0.242
1510080003,2021-10-05 17,0.214
1510080003,2021-10-05 18,0.218
1510080003,2021-10-05 19,0.458
1510080003,2021-10-05 20,0.75
1510080003,2021-10-05 21,0.512
1510080003,2021-10-05 22,0.489
1510080003,2021-10-05 23,0.386
1510080003,2021-10-06 00,0.667
1510080003,2021-10-06 01,0.466
1510080003,2021-10-06 02,0.454
1510080003,2021-10-06 03,0.409
1510080003,2021-10-06 04,0.417
1510080003,2021-10-06 05,0.376
1510080003,2021-10-06 06,0.39
1510080003,2021-10-06 07,0.479
1510080003,2021-10-06 08,0.396
1510080003,2021-10-06 09,0.52
1510080003,2021-10-06 10,0.483
1510080003,2021-10-06 11,0.297
1510080003,2021-10-06 12,0.24
1510080003,2021-10-06 13,0.286
1510080003,2021-10-06 14,0.26
1510080003,2021-10-06 15,0.246
1510080003,2021-10-06 16,0.258
1510080003,2021-10-06 17,0.283
1510080003,2021-10-06 18,0.288
1510080003,2021-10-06 19,0.382
1510080003,2021-10-06 20,0.265
1510080003,2021-10-06 21,0.454
1510080003,2021-10-06 22,0.464
1510080003,2021-10-06 23,0.352
1510080003,2021-10-07 00,0.472
1510080003,2021-10-07 01,0.382
1510080003,2021-10-07 02,0.381
1510080003,2021-10-07 03,0.312
1510080003,2021-10-07 04,0.304
1510080003,2021-10-07 05,0.305
1510080003,2021-10-07 06,0.471
1510080003,2021-10-07 07,0.539
1510080003,2021-10-07 08,0.504
1510080003,2021-10-07 09,0.556
1510080003,2021-10-07 10,0.449
1510080003,2021-10-07 11,0.258
1510080003,2021-10-07 12,0.234
1510080003,2021-10-07 13,0.231
1510080003,2021-10-07 14,0.234
1510080003,2021-10-07 15,0.245
1510080003,2021-10-07 16,0.256
1510080003,2021-10-07 17,0.522
1510080003,2021-10-07 18,0.265
1510080003,2021-10-07 19,0.365
1510080003,2021-10-07 20,0.795
1510080003,2021-10-07 21,0.552
1510080003,2021-10-07 22,0.476
1510080003,2021-10-07 23,0.406
1510080003,2021-10-08 00,0.593
1510080003,2021-10-08 01,0.579
1510080003,2021-10-08 02,0.911
1510080003,2021-10-08 03,0.753
1510080003,2021-10-08 04,0.661
1510080003,2021-10-08 05,0.411
1510080003,2021-10-08 06,0.39
1510080003,2021-10-08 07,0.361
1510080003,2021-10-08 08,0.37
1510080003,2021-10-08 09,0.692
1510080003,2021-10-08 10,0.415
1510080003,2021-10-08 11,0.336
1510080003,2021-10-08 12,0.377
1510080003,2021-10-08 13,0.515
1510080003,2021-10-08 14,0.741
1510080003,2021-10-08 15,0.662
1510080003,2021-10-08 16,0.571
1510080003,2021-10-08 17,0.646
1510080003,2021-10-08 18,0.585
1510080003,2021-10-08 19,0.523
1510080003,2021-10-08 20,0.511
1510080003,2021-10-08 21,0.505
1510080003,2021-10-08 22,0.277
1510080003,2021-10-08 23,0.264
1510080003,2021-10-09 00,0.271
1510080003,2021-10-09 01,0.283
1510080003,2021-10-09 02,0.261
1510080003,2021-10-09 03,0.27
1510080003,2021-10-09 04,0.25
1510080003,2021-10-09 05,0.364
1510080003,2021-10-09 06,0.26
1510080003,2021-10-09 07,0.265
1510080003,2021-10-09 08,0.265
1510080003,2021-10-09 09,0.269
1510080003,2021-10-09 10,0.268
1510080003,2021-10-09 11,0.258
1510080003,2021-10-09 12,0.269
1510080003,2021-10-09 13,0.292
1510080003,2021-10-09 14,0.248
1510080003,2021-10-09 15,0.26
1510080003,2021-10-09 16,0.283
1510080003,2021-10-09 17,0.286
1510080003,2021-10-09 18,0.276
1510080003,2021-10-09 19,0.272
1510080003,2021-10-09 20,0.278
1510080003,2021-10-09 21,0.413
1510080003,2021-10-09 22,0.362
1510080003,2021-10-09 23,0.316
1510080003,2021-10-10 00,0.351
1510080003,2021-10-10 01,0.654
1510080003,2021-10-10 02,0.471
1510080003,2021-10-10 03,0.366
1510080003,2021-10-10 04,0.354
1510080003,2021-10-10 05,0.376
1510080003,2021-10-10 06,0.395
1510080003,2021-10-10 07,0.4
1510080003,2021-10-10 08,0.363
1510080003,2021-10-10 09,0.378
1510080003,2021-10-10 10,0.462
1510080003,2021-10-10 11,0.523
1510080003,2021-10-10 12,0.428
1510080003,2021-10-10 13,0.42
1510080003,2021-10-10 14,0.388
1510080003,2021-10-10 15,0.362
1510080003,2021-10-10 16,0.391
1510080003,2021-10-10 17,0.397
1510080003,2021-10-10 18,0.404
1510080003,2021-10-10 19,0.343
1510080003,2021-10-10 20,0.403
1510080003,2021-10-10 21,0.488
1510080003,2021-10-10 22,0.414
1510080003,2021-10-10 23,0.412
1510080003,2021-10-11 00,0.701
1510080003,2021-10-11 01,0.446
1510080003,2021-10-11 02,0.435
1510080003,2021-10-11 03,0.403
1510080003,2021-10-11 04,0.389
1510080003,2021-10-11 05,0.4
1510080003,2021-10-11 06,0.528
1510080003,2021-10-11 07,0.418
1510080003,2021-10-11 08,0.418
1510080003,2021-10-11 09,0.394
1510080003,2021-10-11 10,0.428
1510080003,2021-10-11 11,0.425
1510080003,2021-10-11 12,0.464
1510080003,2021-10-11 13,0.425
1510080003,2021-10-11 14,0.5
1510080003,2021-10-11 15,0.425
1510080003,2021-10-11 16,0.303
1510080003,2021-10-11 17,0.254
1510080003,2021-10-11 18,0.259
1510080003,2021-10-11 19,0.227
1510080003,2021-10-11 20,0.234
1510080003,2021-10-11 21,0.249
1510080003,2021-10-11 22,0.241
1510080003,2021-10-11 23,0.49
1510080003,2021-10-12 00,0.62
1510080003,2021-10-12 01,0.417
1510080003,2021-10-12 02,0.387
1510080003,2021-10-12 03,0.359
1510080003,2021-10-12 04,0.389
1510080003,2021-10-12 05,0.356
1510080003,2021-10-12 06,0.391
1510080003,2021-10-12 07,0.29
1510080003,2021-10-12 08,0.332
1510080003,2021-10-12 09,0.533
1510080003,2021-10-12 10,0.259
1510080003,2021-10-12 11,0.218
1510080003,2021-10-12 12,0.228
1510080003,2021-10-12 13,0.259
1510080003,2021-10-12 14,0.238
1510080003,2021-10-12 15,0.227
1510080003,2021-10-12 16,0.244
1510080003,2021-10-12 17,0.259
1510080003,2021-10-12 18,0.227
1510080003,2021-10-12 19,0.223
1510080003,2021-10-12 20,0.253
1510080003,2021-10-12 21,0.551
1510080003,2021-10-12 22,0.885
1510080003,2021-10-12 23,0.699
1510080003,2021-10-13 00,0.753
1510080003,2021-10-13 01,0.733
1510080003,2021-10-13 02,0.684
1510080003,2021-10-13 03,0.622
1510080003,2021-10-13 04,0.437
1510080003,2021-10-13 05,0.369
1510080003,2021-10-13 06,0.403
1510080003,2021-10-13 07,0.384
1510080003,2021-10-13 08,0.478
1510080003,2021-10-13 09,0.429
1510080003,2021-10-13 10,0.324
1510080003,2021-10-13 11,0.299
1510080003,2021-10-13 12,0.307
1510080003,2021-10-13 13,0.337
1510080003,2021-10-13 14,0.337
1510080003,2021-10-13 15,0.312
1510080003,2021-10-13 16,0.314
1510080003,2021-10-13 17,0.327
1510080003,2021-10-13 18,0.375
1510080003,2021-10-13 19,0.311
1510080003,2021-10-13 20,0.559
1510080003,2021-10-13 21,0.678
1510080003,2021-10-13 22,0.754
1510080003,2021-10-13 23,0.459
1510080003,2021-10-14 00,0.399
1510080003,2021-10-14 01,0.307
1510080003,2021-10-14 02,0.303
1510080003,2021-10-14 03,0.338
1510080003,2021-10-14 04,0.327
1510080003,2021-10-14 05,0.303
1510080003,2021-10-14 06,0.3
1510080003,2021-10-14 07,0.513
1510080003,2021-10-14 08,0.856
1510080003,2021-10-14 09,0.58
1510080003,2021-10-14 10,0.582
1510080003,2021-10-14 11,0.283
1510080003,2021-10-14 12,0.278
1510080003,2021-10-14 13,0.261
1510080003,2021-10-14 14,0.263
1510080003,2021-10-14 15,0.275
1510080003,2021-10-14 16,0.338
1510080003,2021-10-14 17,0.345
1510080003,2021-10-14 18,0.267
1510080003,2021-10-14 19,0.366
1510080003,2021-10-14 20,0.508
1510080003,2021-10-14 21,0.493
1510080003,2021-10-14 22,0.626
1510080003,2021-10-14 23,0.641
1510080003,2021-10-15 00,0.572
1510080003,2021-10-15 01,0.614
1510080003,2021-10-15 02,0.591
1510080003,2021-10-15 03,0.556
1510080003,2021-10-15 04,0.379
1510080003,2021-10-15 05,0.313
1510080003,2021-10-15 06,0.318
1510080003,2021-10-15 07,0.342
1510080003,2021-10-15 08,0.437
1510080003,2021-10-15 09,0.499
1510080003,2021-10-15 10,0.297
1510080003,2021-10-15 11,0.23
1510080003,2021-10-15 12,0.254
1510080003,2021-10-15 13,0.263
1510080003,2021-10-15 14,0.363
1510080003,2021-10-15 15,0.366
1510080003,2021-10-15 16,0.568
1510080003,2021-10-15 17,0.743
1510080003,2021-10-15 18,0.752
1510080003,2021-10-15 19,0.695
1510080003,2021-10-15 20,0.97
1510080003,2021-10-15 21,1.022
1510080003,2021-10-15 22,0.645
1510080003,2021-10-15 23,0.624
1510080003,2021-10-16 00,0.659
1510080003,2021-10-16 01,0.626
1510080003,2021-10-16 02,0.625
1510080003,2021-10-16 03,0.611
1510080003,2021-10-16 04,0.622
1510080003,2021-10-16 05,0.475
1510080003,2021-10-16 06,0.38
1510080003,2021-10-16 07,0.361
1510080003,2021-10-16 08,0.474
1510080003,2021-10-16 09,0.631
1510080003,2021-10-16 10,0.758
1510080003,2021-10-16 11,0.816
1510080003,2021-10-16 12,0.847
1510080003,2021-10-16 13,0.867
1510080003,2021-10-16 14,0.643
1510080003,2021-10-16 15,0.642
1510080003,2021-10-16 16,0.663
1510080003,2021-10-16 17,0.484
1510080003,2021-10-16 18,0.759
1510080003,2021-10-16 19,0.577
1510080003,2021-10-16 20,0.541
1510080003,2021-10-16 21,0.502
1510080003,2021-10-16 22,0.443
1510080003,2021-10-16 23,0.419
1510080003,2021-10-17 00,0.358
1510080003,2021-10-17 01,0.442
1510080003,2021-10-17 02,0.355
1510080003,2021-10-17 03,0.336
1510080003,2021-10-17 04,0.357
1510080003,2021-10-17 05,0.35
1510080003,2021-10-17 06,0.442
1510080003,2021-10-17 07,0.467
1510080003,2021-10-17 08,0.474
1510080003,2021-10-17 09,0.497
1510080003,2021-10-17 10,0.632
1510080003,2021-10-17 11,0.636
1510080003,2021-10-17 12,0.59
1510080003,2021-10-17 13,0.626
1510080003,2021-10-17 14,0.524
1510080003,2021-10-17 15,0.372
1510080003,2021-10-17 16,0.378
1510080003,2021-10-17 17,0.369
1510080003,2021-10-17 18,0.369
1510080003,2021-10-17 19,0.569
1510080003,2021-10-17 20,0.557
1510080003,2021-10-17 21,0.685
1510080003,2021-10-17 22,0.772
1510080003,2021-10-17 23,0.621
1510080003,2021-10-18 00,0.594
1510080003,2021-10-18 01,0.452
1510080003,2021-10-18 02,0.374
1510080003,2021-10-18 03,0.311
1510080003,2021-10-18 04,0.321
1510080003,2021-10-18 05,0.313
1510080003,2021-10-18 06,0.318
1510080003,2021-10-18 07,0.323
1510080003,2021-10-18 08,0.497
1510080003,2021-10-18 09,0.531
1510080003,2021-10-18 10,0.68
1510080003,2021-10-18 11,0.677
1510080003,2021-10-18 12,0.73
1510080003,2021-10-18 13,0.63
1510080003,2021-10-18 14,0.619
1510080003,2021-10-18 15,0.632
1510080003,2021-10-18 16,0.618
1510080003,2021-10-18 17,0.426
1510080003,2021-10-18 18,0.415
1510080003,2021-10-18 19,0.412
1510080003,2021-10-18 20,0.481
1510080003,2021-10-18 21,0.553
1510080003,2021-10-18 22,0.64
1510080003,2021-10-18 23,0.436
1510080003,2021-10-19 00,0.51
1510080003,2021-10-19 01,0.398
1510080003,2021-10-19 02,0.378
1510080003,2021-10-19 03,0.397
1510080003,2021-10-19 04,0.393
1510080003,2021-10-19 05,0.382
1510080003,2021-10-19 06,0.379
1510080003,2021-10-19 07,0.382
1510080003,2021-10-19 08,0.5
1510080003,2021-10-19 09,0.522
1510080003,2021-10-19 10,0.421
1510080003,2021-10-19 11,0.597
1510080003,2021-10-19 12,0.702
1510080003,2021-10-19 13,0.643
1510080003,2021-10-19 14,0.591
1510080003,2021-10-19 15,0.586
1510080003,2021-10-19 16,0.524
1510080003,2021-10-19 17,0.374
1510080003,2021-10-19 18,0.695
1510080003,2021-10-19 19,0.4
1510080003,2021-10-19 20,0.555
1510080003,2021-10-19 21,0.886
1510080003,2021-10-19 22,0.458
1510080003,2021-10-19 23,0.412
1510080003,2021-10-20 00,0.382
1510080003,2021-10-20 01,0.384
1510080003,2021-10-20 02,0.382
1510080003,2021-10-20 03,0.369
1510080003,2021-10-20 04,0.277
1510080003,2021-10-20 05,0.291
1510080003,2021-10-20 06,0.31
1510080003,2021-10-20 07,0.322
1510080003,2021-10-20 08,0.313
1510080003,2021-10-20 09,0.522
1510080003,2021-10-20 10,0.436
1510080003,2021-10-20 11,0.569
1510080003,2021-10-20 12,0.634
1510080003,2021-10-20 13,0.624
1510080003,2021-10-20 14,0.609
1510080003,2021-10-20 15,0.409
1510080003,2021-10-20 16,0.445
1510080003,2021-10-20 17,0.442
1510080003,2021-10-20 18,0.407
1510080003,2021-10-20 19,0.472
1510080003,2021-10-20 20,0.559
1510080003,2021-10-20 21,0.564
1510080003,2021-10-20 22,0.552
1510080003,2021-10-20 23,0.396
1510080003,2021-10-21 00,0.38
1510080003,2021-10-21 01,0.38
1510080003,2021-10-21 02,0.371
1510080003,2021-10-21 03,0.376
1510080003,2021-10-21 04,0.377
1510080003,2021-10-21 05,0.331
1510080003,2021-10-21 06,0.339
1510080003,2021-10-21 07,0.429
1510080003,2021-10-21 08,0.486
1510080003,2021-10-21 09,0.544
1510080003,2021-10-21 10,0.584
1510080003,2021-10-21 11,0.62
1510080003,2021-10-21 12,0.609
1510080003,2021-10-21 13,0.813
1510080003,2021-10-21 14,0.732
1510080003,2021-10-21 15,0.778
1510080003,2021-10-21 16,0.683
1510080003,2021-10-21 17,0.531
1510080003,2021-10-21 18,0.582
1510080003,2021-10-21 19,0.715
1510080003,2021-10-21 20,0.633
1510080003,2021-10-21 21,0.63
1510080003,2021-10-21 22,0.487
1510080003,2021-10-21 23,0.405
1510080003,2021-10-22 00,0.426
1510080003,2021-10-22 01,0.415
1510080003,2021-10-22 02,0.406
1510080003,2021-10-22 03,0.364
1510080003,2021-10-22 04,0.336
1510080003,2021-10-22 05,0.313
1510080003,2021-10-22 06,0.718
1510080003,2021-10-22 07,0.462
1510080003,2021-10-22 08,0.575
1510080003,2021-10-22 09,0.684
1510080003,2021-10-22 10,0.744
1510080003,2021-10-22 11,0.723
1510080003,2021-10-22 12,0.669
1510080003,2021-10-22 13,0.634
1510080003,2021-10-22 14,0.54
1510080003,2021-10-22 15,0.403
1510080003,2021-10-22 16,0.406
1510080003,2021-10-22 17,0.411
1510080003,2021-10-22 18,0.429
1510080003,2021-10-22 19,0.474
1510080003,2021-10-22 20,0.861
1510080003,2021-10-22 21,0.758
1510080003,2021-10-22 22,0.577
1510080003,2021-10-22 23,0.522
1510080003,2021-10-23 00,0.451
1510080003,2021-10-23 01,0.411
1510080003,2021-10-23 02,0.417
1510080003,2021-10-23 03,0.406
1510080003,2021-10-23 04,0.35
1510080003,2021-10-23 05,0.355
1510080003,2021-10-23 06,0.484
1510080003,2021-10-23 07,0.526
1510080003,2021-10-23 08,1.116
1510080003,2021-10-23 09,1.652
1510080003,2021-10-23 10,1.889
1510080003,2021-10-23 11,2.282
1510080003,2021-10-23 12,1.993
1510080003,2021-10-23 13,1.352
1510080003,2021-10-23 14,0.649
1510080003,2021-10-23 15,0.786
1510080003,2021-10-23 16,0.551
1510080003,2021-10-23 17,0.53
1510080003,2021-10-23 18,0.495
1510080003,2021-10-23 19,0.515
1510080003,2021-10-23 20,0.619
1510080003,2021-10-23 21,0.563
1510080003,2021-10-23 22,0.746
1510080003,2021-10-23 23,0.857
1510080003,2021-10-24 00,0.458
1510080003,2021-10-24 01,0.435
1510080003,2021-10-24 02,0.41
1510080003,2021-10-24 03,0.418
1510080003,2021-10-24 04,0.386
1510080003,2021-10-24 05,0.393
1510080003,2021-10-24 06,0.397
1510080003,2021-10-24 07,0.458
1510080003,2021-10-24 08,0.589
1510080003,2021-10-24 09,0.608
1510080003,2021-10-24 10,0.896
1510080003,2021-10-24 11,0.799
1510080003,2021-10-24 12,0.687
1510080003,2021-10-24 13,0.732
1510080003,2021-10-24 14,0.796
1510080003,2021-10-24 15,0.635
1510080003,2021-10-24 16,0.732
1510080003,2021-10-24 17,0.618
1510080003,2021-10-24 18,0.447
1510080003,2021-10-24 19,0.758
1510080003,2021-10-24 20,0.526
1510080003,2021-10-24 21,0.816
1510080003,2021-10-24 22,0.615
1510080003,2021-10-24 23,0.478
1510080003,2021-10-25 00,0.414
1510080003,2021-10-25 01,0.407
1510080003,2021-10-25 02,0.401
1510080003,2021-10-25 03,0.362
1510080003,2021-10-25 04,0.361
1510080003,2021-10-25 05,0.337
1510080003,2021-10-25 06,0.362
1510080003,2021-10-25 07,0.491
1510080003,2021-10-25 08,0.501
1510080003,2021-10-25 09,0.674
1510080003,2021-10-25 10,0.695
1510080003,2021-10-25 11,0.66
1510080003,2021-10-25 12,0.661
1510080003,2021-10-25 13,0.718
1510080003,2021-10-25 14,0.676
1510080003,2021-10-25 15,0.629
1510080003,2021-10-25 16,0.655
1510080003,2021-10-25 17,0.502
1510080003,2021-10-25 18,0.429
1510080003,2021-10-25 19,0.457
1510080003,2021-10-25 20,0.501
1510080003,2021-10-25 21,0.53
1510080003,2021-10-25 22,0.524
1510080003,2021-10-25 23,0.672
1510080003,2021-10-26 00,0.513
1510080003,2021-10-26 01,0.544
1510080003,2021-10-26 02,0.39
1510080003,2021-10-26 03,0.33
1510080003,2021-10-26 04,0.325
1510080003,2021-10-26 05,0.333
1510080003,2021-10-26 06,0.364
1510080003,2021-10-26 07,0.441
1510080003,2021-10-26 08,0.715
1510080003,2021-10-26 09,0.719
1510080003,2021-10-26 10,0.678
1510080003,2021-10-26 11,0.614
1510080003,2021-10-26 12,0.616
1510080003,2021-10-26 13,0.571
1510080003,2021-10-26 14,0.572
1510080003,2021-10-26 15,0.538
1510080003,2021-10-26 16,0.323
1510080003,2021-10-26 17,0.439
1510080003,2021-10-26 18,0.35
1510080003,2021-10-26 19,0.404
1510080003,2021-10-26 20,0.668
1510080003,2021-10-26 21,0.442
1510080003,2021-10-26 22,0.492
1510080003,2021-10-26 23,0.555
1510080003,2021-10-27 00,0.763
1510080003,2021-10-27 01,0.474
1510080003,2021-10-27 02,0.424
1510080003,2021-10-27 03,0.44
1510080003,2021-10-27 04,0.376
1510080003,2021-10-27 05,0.383
1510080003,2021-10-27 06,0.374
1510080003,2021-10-27 07,0.398
1510080003,2021-10-27 08,0.471
1510080003,2021-10-27 09,0.528
1510080003,2021-10-27 10,0.7
1510080003,2021-10-27 11,0.677
1510080003,2021-10-27 12,0.658
1510080003,2021-10-27 13,0.64
1510080003,2021-10-27 14,0.644
1510080003,2021-10-27 15,0.529
1510080003,2021-10-27 16,0.442
1510080003,2021-10-27 17,0.403
1510080003,2021-10-27 18,0.51
1510080003,2021-10-27 19,0.427
1510080003,2021-10-27 20,0.806
1510080003,2021-10-27 21,0.53
1510080003,2021-10-27 22,0.799
1510080003,2021-10-27 23,0.508
1510080003,2021-10-28 00,0.429
1510080003,2021-10-28 01,0.398
1510080003,2021-10-28 02,0.346
1510080003,2021-10-28 03,0.367
1510080003,2021-10-28 04,0.391
1510080003,2021-10-28 05,0.32
1510080003,2021-10-28 06,0.314
1510080003,2021-10-28 07,0.391
1510080003,2021-10-28 08,0.492
1510080003,2021-10-28 09,0.617
1510080003,2021-10-28 10,0.754
1510080003,2021-10-28 11,0.77
1510080003,2021-10-28 12,0.702
1510080003,2021-10-28 13,0.655
1510080003,2021-10-28 14,0.632
1510080003,2021-10-28 15,0.634
1510080003,2021-10-28 16,0.451
1510080003,2021-10-28 17,0.436
1510080003,2021-10-28 18,0.391
1510080003,2021-10-28 19,0.393
1510080003,2021-10-28 20,0.835
1510080003,2021-10-28 21,0.664
1510080003,2021-10-28 22,0.58
1510080003,2021-10-28 23,0.668
1510080003,2021-10-29 00,0.493
1510080003,2021-10-29 01,0.457
1510080003,2021-10-29 02,0.432
1510080003,2021-10-29 03,0.399
1510080003,2021-10-29 04,0.362
1510080003,2021-10-29 05,0.357
1510080003,2021-10-29 06,0.384
1510080003,2021-10-29 07,0.376
1510080003,2021-10-29 08,0.716
1510080003,2021-10-29 09,0.757
1510080003,2021-10-29 10,0.587
1510080003,2021-10-29 11,0.331
1510080003,2021-10-29 12,0.322
1510080003,2021-10-29 13,0.304
1510080003,2021-10-29 14,0.302
1510080003,2021-10-29 15,0.305
1510080003,2021-10-29 16,0.328
1510080003,2021-10-29 17,0.338
1510080003,2021-10-29 18,0.32
1510080003,2021-10-29 19,0.349
1510080003,2021-10-29 20,0.293
1510080003,2021-10-29 21,0.304
1510080003,2021-10-29 22,0.495
1510080003,2021-10-29 23,0.647
1510080003,2021-10-30 00,0.527
1510080003,2021-10-30 01,0.438
1510080003,2021-10-30 02,0.405
1510080003,2021-10-30 03,0.32
1510080003,2021-10-30 04,0.324
1510080003,2021-10-30 05,0.334
1510080003,2021-10-30 06,0.345
1510080003,2021-10-30 07,0.366
1510080003,2021-10-30 08,0.318
1510080003,2021-10-30 09,0.455
1510080003,2021-10-30 10,0.426
1510080003,2021-10-30 11,0.497
1510080003,2021-10-30 12,0.436
1510080003,2021-10-30 13,0.524
1510080003,2021-10-30 14,0.586
1510080003,2021-10-30 15,0.372
1510080003,2021-10-30 16,0.429
1510080003,2021-10-30 17,0.507
1510080003,2021-10-30 18,0.377
1510080003,2021-10-30 19,0.538
1510080003,2021-10-30 20,0.602
1510080003,2021-10-30 21,0.65
1510080003,2021-10-30 22,0.778
1510080003,2021-10-30 23,0.744
1510080003,2021-10-31 00,0.613
1510080003,2021-10-31 01,0.47
1510080003,2021-10-31 02,0.368
1510080003,2021-10-31 03,0.368
1510080003,2021-10-31 04,0.356
1510080003,2021-10-31 05,0.343
1510080003,2021-10-31 06,0.331
1510080003,2021-10-31 07,0.316
1510080003,2021-10-31 08,0.332
1510080003,2021-10-31 09,0.5
1510080003,2021-10-31 10,0.346
1510080003,2021-10-31 11,0.27
1510080003,2021-10-31 12,0.233
1510080003,2021-10-31 13,0.232
1510080003,2021-10-31 14,0.264
1510080003,2021-10-31 15,0.267
1510080003,2021-10-31 16,0.262
1510080003,2021-10-31 17,0.265
1510080003,2021-10-31 18,0.23
1510080003,2021-10-31 19,0.228
1510080003,2021-10-31 20,0.24
1510080003,2021-10-31 21,0.244
1510080003,2021-10-31 22,0.208
1510080003,2021-10-31 23,0.213
1510080003,2021-11-01 00,0.543
1510080003,2021-11-01 01,0.704
1510080003,2021-11-01 02,0.415
1510080003,2021-11-01 03,0.474
1510080003,2021-11-01 04,0.386
1510080003,2021-11-01 05,0.388
1510080003,2021-11-01 06,0.388
1510080003,2021-11-01 07,0.356
1510080003,2021-11-01 08,0.368
1510080003,2021-11-01 09,0.411
1510080003,2021-11-01 10,0.521
1510080003,2021-11-01 11,0.331
1510080003,2021-11-01 12,0.305
1510080003,2021-11-01 13,0.295
1510080003,2021-11-01 14,0.304
1510080003,2021-11-01 15,0.289
1510080003,2021-11-01 16,0.277
1510080003,2021-11-01 17,0.281
1510080003,2021-11-01 18,0.304
1510080003,2021-11-01 19,0.299
1510080003,2021-11-01 20,0.304
1510080003,2021-11-01 21,0.272
1510080003,2021-11-01 22,0.263
1510080003,2021-11-01 23,0.3
1510080003,2021-11-02 00,0.479
1510080003,2021-11-02 01,0.455
1510080003,2021-11-02 02,0.296
1510080003,2021-11-02 03,0.257
1510080003,2021-11-02 04,0.296
1510080003,2021-11-02 05,0.286
1510080003,2021-11-02 06,0.278
1510080003,2021-11-02 07,0.409
1510080003,2021-11-02 08,0.742
1510080003,2021-11-02 09,0.444
1510080003,2021-11-02 10,0.323
1510080003,2021-11-02 11,0.268
1510080003,2021-11-02 12,0.253
1510080003,2021-11-02 13,0.258
1510080003,2021-11-02 14,0.507
1510080003,2021-11-02 15,0.309
1510080003,2021-11-02 16,0.475
1510080003,2021-11-02 17,0.494
1510080003,2021-11-02 18,0.601
1510080003,2021-11-02 19,0.584
1510080003,2021-11-02 20,0.932
1510080003,2021-11-02 21,0.694
1510080003,2021-11-02 22,0.69
1510080003,2021-11-02 23,0.71
1510080003,2021-11-03 00,0.676
1510080003,2021-11-03 01,0.515
1510080003,2021-11-03 02,0.409
1510080003,2021-11-03 03,0.355
1510080003,2021-11-03 04,0.356
1510080003,2021-11-03 05,0.313
1510080003,2021-11-03 06,0.332
1510080003,2021-11-03 07,0.451
1510080003,2021-11-03 08,0.543
1510080003,2021-11-03 09,0.716
1510080003,2021-11-03 10,0.707
1510080003,2021-11-03 11,0.685
1510080003,2021-11-03 12,0.653
1510080003,2021-11-03 13,0.672
1510080003,2021-11-03 14,0.649
1510080003,2021-11-03 15,0.657
1510080003,2021-11-03 16,0.648
1510080003,2021-11-03 17,0.654
1510080003,2021-11-03 18,0.612
1510080003,2021-11-03 19,0.516
1510080003,2021-11-03 20,0.419
1510080003,2021-11-03 21,0.513
1510080003,2021-11-03 22,0.503
1510080003,2021-11-03 23,0.625
1510080003,2021-11-04 00,0.777
1510080003,2021-11-04 01,0.473
1510080003,2021-11-04 02,0.415
1510080003,2021-11-04 03,0.339
1510080003,2021-11-04 04,0.339
1510080003,2021-11-04 05,0.358
1510080003,2021-11-04 06,0.354
1510080003,2021-11-04 07,0.316
1510080003,2021-11-04 08,0.489
1510080003,2021-11-04 09,0.484
1510080003,2021-11-04 10,0.629
1510080003,2021-11-04 11,0.706
1510080003,2021-11-04 12,0.672
1510080003,2021-11-04 13,0.658
1510080003,2021-11-04 14,0.641
1510080003,2021-11-04 15,0.643
1510080003,2021-11-04 16,0.597
1510080003,2021-11-04 17,0.387
1510080003,2021-11-04 18,0.427
1510080003,2021-11-04 19,0.484
1510080003,2021-11-04 20,0.727
1510080003,2021-11-04 21,0.602
1510080003,2021-11-04 22,0.517
1510080003,2021-11-04 23,0.665
1510080003,2021-11-05 00,0.619
1510080003,2021-11-05 01,0.437
1510080003,2021-11-05 02,0.409
1510080003,2021-11-05 03,0.347
1510080003,2021-11-05 04,0.342
1510080003,2021-11-05 05,0.342
1510080003,2021-11-05 06,0.345
1510080003,2021-11-05 07,0.352
1510080003,2021-11-05 08,0.608
1510080003,2021-11-05 09,0.635
1510080003,2021-11-05 10,0.698
1510080003,2021-11-05 11,0.649
1510080003,2021-11-05 12,0.652
1510080003,2021-11-05 13,0.639
1510080003,2021-11-05 14,0.855
1510080003,2021-11-05 15,0.64
1510080003,2021-11-05 16,0.631
1510080003,2021-11-05 17,0.42
1510080003,2021-11-05 18,0.378
1510080003,2021-11-05 19,0.427
1510080003,2021-11-05 20,0.696
1510080003,2021-11-05 21,0.463
1510080003,2021-11-05 22,0.603
1510080003,2021-11-05 23,0.613
1510080003,2021-11-06 00,0.587
1510080003,2021-11-06 01,0.495
1510080003,2021-11-06 02,0.435
1510080003,2021-11-06 03,0.434
1510080003,2021-11-06 04,0.421
1510080003,2021-11-06 05,0.39
1510080003,2021-11-06 06,0.392
1510080003,2021-11-06 07,0.407
1510080003,2021-11-06 08,0.462
1510080003,2021-11-06 09,0.591
1510080003,2021-11-06 10,0.883
1510080003,2021-11-06 11,0.685
1510080003,2021-11-06 12,0.667
1510080003,2021-11-06 13,0.699
1510080003,2021-11-06 14,0.729
1510080003,2021-11-06 15,0.804
1510080003,2021-11-06 16,0.487
1510080003,2021-11-06 17,0.424
1510080003,2021-11-06 18,0.396
1510080003,2021-11-06 19,0.502
1510080003,2021-11-06 20,0.533
1510080003,2021-11-06 21,0.495
1510080003,2021-11-06 22,0.64
1510080003,2021-11-06 23,0.422
1510080003,2021-11-07 00,0.372
1510080003,2021-11-07 01,0.372
1510080003,2021-11-07 02,0.388
1510080003,2021-11-07 03,0.387
1510080003,2021-11-07 04,0.388
1510080003,2021-11-07 05,0.383
1510080003,2021-11-07 06,0.35
1510080003,2021-11-07 07,0.328
1510080003,2021-11-07 08,0.794
1510080003,2021-11-07 09,0.441
1510080003,2021-11-07 10,0.509
1510080003,2021-11-07 11,0.566
1510080003,2021-11-07 12,0.459
1510080003,2021-11-07 13,0.349
1510080003,2021-11-07 14,0.311
1510080003,2021-11-07 15,0.337
1510080003,2021-11-07 16,0.336
1510080003,2021-11-07 17,0.569
1510080003,2021-11-07 18,0.483
1510080003,2021-11-07 19,0.469
1510080003,2021-11-07 20,0.331
1510080003,2021-11-07 21,0.658
1510080003,2021-11-07 22,0.553
1510080003,2021-11-07 23,0.623
1510080003,2021-11-08 00,0.631
1510080003,2021-11-08 01,0.368
1510080003,2021-11-08 02,0.341
1510080003,2021-11-08 03,0.359
1510080003,2021-11-08 04,0.37
1510080003,2021-11-08 05,0.363
1510080003,2021-11-08 06,0.358
1510080003,2021-11-08 07,0.385
1510080003,2021-11-08 08,0.607
1510080003,2021-11-08 09,0.667
1510080003,2021-11-08 10,0.721
1510080003,2021-11-08 11,0.652
1510080003,2021-11-08 12,0.572
1510080003,2021-11-08 13,0.587
1510080003,2021-11-08 14,0.523
1510080003,2021-11-08 15,0.544
1510080003,2021-11-08 16,0.796
1510080003,2021-11-08 17,0.642
1510080003,2021-11-08 18,0.607
1510080003,2021-11-08 19,0.836
1510080003,2021-11-08 20,0.479
1510080003,2021-11-08 21,0.644
1510080003,2021-11-08 22,0.578
1510080003,2021-11-08 23,0.611
1510080003,2021-11-09 00,0.485
1510080003,2021-11-09 01,0.451
1510080003,2021-11-09 02,0.433
1510080003,2021-11-09 03,0.353
1510080003,2021-11-09 04,0.339
1510080003,2021-11-09 05,0.364
1510080003,2021-11-09 06,0.359
1510080003,2021-11-09 07,0.361
1510080003,2021-11-09 08,0.564
1510080003,2021-11-09 09,0.589
1510080003,2021-11-09 10,0.573
1510080003,2021-11-09 11,0.574
1510080003,2021-11-09 12,0.573
1510080003,2021-11-09 13,0.599
1510080003,2021-11-09 14,0.571
1510080003,2021-11-09 15,0.329
1510080003,2021-11-09 16,0.322
1510080003,2021-11-09 17,0.29
1510080003,2021-11-09 18,0.533
1510080003,2021-11-09 19,1.071
1510080003,2021-11-09 20,0.543
1510080003,2021-11-09 21,0.482
1510080003,2021-11-09 22,0.57
1510080003,2021-11-09 23,0.593
1510080003,2021-11-10 00,0.478
1510080003,2021-11-10 01,0.405
1510080003,2021-11-10 02,0.355
1510080003,2021-11-10 03,0.367
1510080003,2021-11-10 04,0.344
1510080003,2021-11-10 05,0.369
1510080003,2021-11-10 06,0.315
1510080003,2021-11-10 07,0.431
1510080003,2021-11-10 08,0.577
1510080003,2021-11-10 09,0.659
1510080003,2021-11-10 10,0.754
1510080003,2021-11-10 11,0.717
1510080003,2021-11-10 12,0.678
1510080003,2021-11-10 13,0.645
1510080003,2021-11-10 14,0.651
1510080003,2021-11-10 15,0.666
1510080003,2021-11-10 16,0.43
1510080003,2021-11-10 17,0.398
1510080003,2021-11-10 18,0.421
1510080003,2021-11-10 19,0.468
1510080003,2021-11-10 20,0.482
1510080003,2021-11-10 21,0.608
1510080003,2021-11-10 22,0.504
1510080003,2021-11-10 23,0.461
1510080003,2021-11-11 00,0.401
1510080003,2021-11-11 01,0.354
1510080003,2021-11-11 02,0.317
1510080003,2021-11-11 03,0.324
1510080003,2021-11-11 04,0.343
1510080003,2021-11-11 05,0.35
1510080003,2021-11-11 06,0.344
1510080003,2021-11-11 07,0.383
1510080003,2021-11-11 08,0.58
1510080003,2021-11-11 09,0.628
1510080003,2021-11-11 10,0.451
1510080003,2021-11-11 11,0.498
1510080003,2021-11-11 12,0.662
1510080003,2021-11-11 13,0.657
1510080003,2021-11-11 14,0.611
1510080003,2021-11-11 15,0.608
1510080003,2021-11-11 16,0.629
1510080003,2021-11-11 17,0.43
1510080003,2021-11-11 18,0.408
1510080003,2021-11-11 19,0.977
1510080003,2021-11-11 20,0.46
1510080003,2021-11-11 21,0.525
1510080003,2021-11-11 22,0.543
1510080003,2021-11-11 23,0.516
1510080003,2021-11-12 00,0.443
1510080003,2021-11-12 01,0.412
1510080003,2021-11-12 02,0.35
1510080003,2021-11-12 03,0.343
1510080003,2021-11-12 04,0.368
1510080003,2021-11-12 05,0.319
1510080003,2021-11-12 06,0.308
1510080003,2021-11-12 07,0.679
1510080003,2021-11-12 08,0.849
1510080003,2021-11-12 09,0.543
1510080003,2021-11-12 10,0.534
1510080003,2021-11-12 11,0.543
1510080003,2021-11-12 12,0.561
1510080003,2021-11-12 13,0.559
1510080003,2021-11-12 14,0.555
1510080003,2021-11-12 15,0.553
1510080003,2021-11-12 16,0.553
1510080003,2021-11-12 17,0.539
1510080003,2021-11-12 18,0.546
1510080003,2021-11-12 19,0.616
1510080003,2021-11-12 20,0.381
1510080003,2021-11-12 21,0.231
1510080003,2021-11-12 22,0.231
1510080003,2021-11-12 23,0.242
1510080003,2021-11-13 00,0.21
1510080003,2021-11-13 01,0.205
1510080003,2021-11-13 02,0.211
1510080003,2021-11-13 03,0.206
1510080003,2021-11-13 04,0.195
1510080003,2021-11-13 05,0.208
1510080003,2021-11-13 06,0.196
1510080003,2021-11-13 07,0.217
1510080003,2021-11-13 08,0.206
1510080003,2021-11-13 09,0.191
1510080003,2021-11-13 10,0.213
1510080003,2021-11-13 11,0.207
1510080003,2021-11-13 12,0.206
1510080003,2021-11-13 13,0.22
1510080003,2021-11-13 14,0.213
1510080003,2021-11-13 15,0.217
1510080003,2021-11-13 16,0.221
1510080003,2021-11-13 17,0.221
1510080003,2021-11-13 18,0.219
1510080003,2021-11-13 19,0.257
1510080003,2021-11-13 20,0.197
1510080003,2021-11-13 21,0.393
1510080003,2021-11-13 22,0.956
1510080003,2021-11-13 23,0.658
1510080003,2021-11-14 00,0.697
1510080003,2021-11-14 01,0.682
1510080003,2021-11-14 02,0.674
1510080003,2021-11-14 03,0.64
1510080003,2021-11-14 04,0.59
1510080003,2021-11-14 05,0.442
1510080003,2021-11-14 06,0.339
1510080003,2021-11-14 07,0.469
1510080003,2021-11-14 08,0.444
1510080003,2021-11-14 09,0.404
1510080003,2021-11-14 10,0.599
1510080003,2021-11-14 11,0.377
1510080003,2021-11-14 12,0.248
1510080003,2021-11-14 13,0.263
1510080003,2021-11-14 14,0.223
1510080003,2021-11-14 15,0.226
1510080003,2021-11-14 16,0.244
1510080003,2021-11-14 17,0.236
1510080003,2021-11-14 18,0.225
1510080003,2021-11-14 19,0.223
1510080003,2021-11-14 20,0.835
1510080003,2021-11-14 21,0.735
1510080003,2021-11-14 22,0.51
1510080003,2021-11-14 23,0.459
1510080003,2021-11-15 00,0.423
1510080003,2021-11-15 01,0.425
1510080003,2021-11-15 02,0.431
1510080003,2021-11-15 03,0.4
1510080003,2021-11-15 04,0.414
1510080003,2021-11-15 05,0.427
1510080003,2021-11-15 06,0.356
1510080003,2021-11-15 07,0.395
1510080003,2021-11-15 08,0.399
1510080003,2021-11-15 09,0.544
1510080003,2021-11-15 10,0.275
1510080003,2021-11-15 11,0.216
1510080003,2021-11-15 12,0.218
1510080003,2021-11-15 13,0.252
1510080003,2021-11-15 14,0.331
1510080003,2021-11-15 15,0.346
1510080003,2021-11-15 16,0.258
1510080003,2021-11-15 17,0.223
1510080003,2021-11-15 18,0.337
1510080003,2021-11-15 19,0.251
1510080003,2021-11-15 20,0.243
1510080003,2021-11-15 21,0.905
1510080003,2021-11-15 22,0.784
1510080003,2021-11-15 23,0.446
1510080003,2021-11-16 00,0.342
1510080003,2021-11-16 01,0.332
1510080003,2021-11-16 02,0.383
1510080003,2021-11-16 03,0.377
1510080003,2021-11-16 04,0.389
1510080003,2021-11-16 05,0.404
1510080003,2021-11-16 06,0.408
1510080003,2021-11-16 07,0.361
1510080003,2021-11-16 08,0.37
1510080003,2021-11-16 09,0.556
1510080003,2021-11-16 10,0.42
1510080003,2021-11-16 11,0.471
1510080003,2021-11-16 12,0.464
1510080003,2021-11-16 13,0.439
1510080003,2021-11-16 14,0.46
1510080003,2021-11-16 15,0.332
1510080003,2021-11-16 16,0.19
1510080003,2021-11-16 17,0.208
1510080003,2021-11-16 18,0.489
1510080003,2021-11-16 19,0.197
1510080003,2021-11-16 20,0.242
1510080003,2021-11-16 21,0.751
1510080003,2021-11-16 22,0.821
1510080003,2021-11-16 23,0.476
1510080003,2021-11-17 00,0.443
1510080003,2021-11-17 01,0.368
1510080003,2021-11-17 02,0.375
1510080003,2021-11-17 03,0.391
1510080003,2021-11-17 04,0.34
1510080003,2021-11-17 05,0.326
1510080003,2021-11-17 06,0.366
1510080003,2021-11-17 07,0.357
1510080003,2021-11-17 08,0.423
1510080003,2021-11-17 09,0.542
1510080003,2021-11-17 10,0.448
1510080003,2021-11-17 11,0.245
1510080003,2021-11-17 12,0.273
1510080003,2021-11-17 13,0.224
1510080003,2021-11-17 14,0.223
1510080003,2021-11-17 15,0.245
1510080003,2021-11-17 16,0.273
1510080003,2021-11-17 17,0.229
1510080003,2021-11-17 18,0.272
1510080003,2021-11-17 19,0.485
1510080003,2021-11-17 20,0.521
1510080003,2021-11-17 21,0.713
1510080003,2021-11-17 22,0.526
1510080003,2021-11-17 23,0.481
1510080003,2021-11-18 00,0.448
1510080003,2021-11-18 01,0.448
1510080003,2021-11-18 02,0.465
1510080003,2021-11-18 03,0.435
1510080003,2021-11-18 04,0.322
1510080003,2021-11-18 05,0.336
1510080003,2021-11-18 06,0.377
1510080003,2021-11-18 07,0.329
1510080003,2021-11-18 08,0.463
1510080003,2021-11-18 09,0.494
1510080003,2021-11-18 10,0.293
1510080003,2021-11-18 11,0.252
1510080003,2021-11-18 12,0.214
1510080003,2021-11-18 13,0.221
1510080003,2021-11-18 14,0.241
1510080003,2021-11-18 15,0.256
1510080003,2021-11-18 16,0.264
1510080003,2021-11-18 17,0.364
1510080003,2021-11-18 18,0.243
1510080003,2021-11-18 19,0.397
1510080003,2021-11-18 20,0.61
1510080003,2021-11-18 21,0.946
1510080003,2021-11-18 22,0.711
1510080003,2021-11-18 23,0.72
1510080003,2021-11-19 00,0.68
1510080003,2021-11-19 01,0.676
1510080003,2021-11-19 02,0.494
1510080003,2021-11-19 03,0.403
1510080003,2021-11-19 04,0.418
1510080003,2021-11-19 05,0.35
1510080003,2021-11-19 06,0.383
1510080003,2021-11-19 07,0.383
1510080003,2021-11-19 08,0.507
1510080003,2021-11-19 09,0.576
1510080003,2021-11-19 10,0.411
1510080003,2021-11-19 11,0.255
1510080003,2021-11-19 12,0.253
1510080003,2021-11-19 13,0.251
1510080003,2021-11-19 14,0.257
1510080003,2021-11-19 15,0.24
1510080003,2021-11-19 16,0.232
1510080003,2021-11-19 17,0.423
1510080003,2021-11-19 18,0.421
1510080003,2021-11-19 19,0.677
1510080003,2021-11-19 20,0.671
1510080003,2021-11-19 21,0.717
1510080003,2021-11-19 22,0.888
1510080003,2021-11-19 23,0.794
1510080003,2021-11-20 00,0.503
1510080003,2021-11-20 01,0.488
1510080003,2021-11-20 02,0.476
1510080003,2021-11-20 03,0.395
1510080003,2021-11-20 04,0.341
1510080003,2021-11-20 05,0.354
1510080003,2021-11-20 06,0.353
1510080003,2021-11-20 07,0.315
1510080003,2021-11-20 08,0.337
1510080003,2021-11-20 09,0.512
1510080003,2021-11-20 10,0.472
1510080003,2021-11-20 11,0.416
1510080003,2021-11-20 12,0.292
1510080003,2021-11-20 13,0.298
1510080003,2021-11-20 14,0.317
1510080003,2021-11-20 15,0.32
1510080003,2021-11-20 16,0.302
1510080003,2021-11-20 17,0.293
1510080003,2021-11-20 18,0.315
1510080003,2021-11-20 19,0.294
1510080003,2021-11-20 20,0.292
1510080003,2021-11-20 21,0.304
1510080003,2021-11-20 22,0.296
1510080003,2021-11-20 23,0.292
1510080003,2021-11-21 00,0.299
1510080003,2021-11-21 01,0.296
1510080003,2021-11-21 02,0.287
1510080003,2021-11-21 03,0.301
1510080003,2021-11-21 04,0.279
1510080003,2021-11-21 05,0.287
1510080003,2021-11-21 06,0.294
1510080003,2021-11-21 07,0.401
1510080003,2021-11-21 08,0.314
1510080003,2021-11-21 09,0.288
1510080003,2021-11-21 10,0.47
1510080003,2021-11-21 11,0.452
1510080003,2021-11-21 12,0.471
1510080003,2021-11-21 13,0.383
1510080003,2021-11-21 14,0.331
1510080003,2021-11-21 15,0.399
1510080003,2021-11-21 16,0.44
1510080003,2021-11-21 17,0.462
1510080003,2021-11-21 18,0.506
1510080003,2021-11-21 19,0.466
1510080003,2021-11-21 20,0.52
1510080003,2021-11-21 21,0.492
1510080003,2021-11-21 22,0.658
1510080003,2021-11-21 23,0.49
1510080003,2021-11-22 00,0.369
1510080003,2021-11-22 01,0.375
1510080003,2021-11-22 02,0.388
1510080003,2021-11-22 03,0.387
1510080003,2021-11-22 04,0.381
1510080003,2021-11-22 05,0.341
1510080003,2021-11-22 06,0.298
1510080003,2021-11-22 07,0.301
1510080003,2021-11-22 08,0.362
1510080003,2021-11-22 09,0.611
1510080003,2021-11-22 10,0.497
1510080003,2021-11-22 11,0.499
1510080003,2021-11-22 12,0.514
1510080003,2021-11-22 13,0.419
1510080003,2021-11-22 14,0.211
1510080003,2021-11-22 15,0.235
1510080003,2021-11-22 16,0.25
1510080003,2021-11-22 17,0.21
1510080003,2021-11-22 18,0.217
1510080003,2021-11-22 19,0.24
1510080003,2021-11-22 20,0.396
1510080003,2021-11-22 21,0.665
1510080003,2021-11-22 22,0.441
1510080003,2021-11-22 23,0.423
1510080003,2021-11-23 00,0.7
1510080003,2021-11-23 01,0.614
1510080003,2021-11-23 02,0.437
1510080003,2021-11-23 03,0.409
1510080003,2021-11-23 04,0.427
1510080003,2021-11-23 05,0.429
1510080003,2021-11-23 06,0.42
1510080003,2021-11-23 07,0.419
1510080003,2021-11-23 08,0.388
1510080003,2021-11-23 09,0.587
1510080003,2021-11-23 10,0.519
1510080003,2021-11-23 11,0.255
1510080003,2021-11-23 12,0.231
1510080003,2021-11-23 13,0.243
1510080003,2021-11-23 14,0.214
1510080003,2021-11-23 15,0.226
1510080003,2021-11-23 16,0.236
1510080003,2021-11-23 17,0.241
1510080003,2021-11-23 18,0.363
1510080003,2021-11-23 19,0.489
1510080003,2021-11-23 20,0.917
1510080003,2021-11-23 21,0.665
1510080003,2021-11-23 22,0.598
1510080003,2021-11-23 23,0.581
1510080003,2021-11-24 00,0.447
1510080003,2021-11-24 01,0.414
1510080003,2021-11-24 02,0.451
1510080003,2021-11-24 03,0.412
1510080003,2021-11-24 04,0.385
1510080003,2021-11-24 05,0.422
1510080003,2021-11-24 06,0.419
1510080003,2021-11-24 07,0.393
1510080003,2021-11-24 08,0.408
1510080003,2021-11-24 09,0.519
1510080003,2021-11-24 10,0.429
1510080003,2021-11-24 11,0.249
1510080003,2021-11-24 12,0.239
1510080003,2021-11-24 13,0.2
1510080003,2021-11-24 14,0.224
1510080003,2021-11-24 15,0.237
1510080003,2021-11-24 16,0.253
1510080003,2021-11-24 17,0.363
1510080003,2021-11-24 18,0.404
1510080003,2021-11-24 19,0.367
1510080003,2021-11-24 20,0.811
1510080003,2021-11-24 21,0.683
1510080003,2021-11-24 22,0.647
1510080003,2021-11-24 23,0.77
1510080003,2021-11-25 00,0.754
1510080003,2021-11-25 01,0.761
1510080003,2021-11-25 02,0.692
1510080003,2021-11-25 03,0.547
1510080003,2021-11-25 04,0.39
1510080003,2021-11-25 05,0.356
1510080003,2021-11-25 06,0.358
1510080003,2021-11-25 07,0.344
1510080003,2021-11-25 08,0.394
1510080003,2021-11-25 09,0.672
1510080003,2021-11-25 10,0.243
1510080003,2021-11-25 11,0.22
1510080003,2021-11-25 12,0.243
1510080003,2021-11-25 13,0.246
1510080003,2021-11-25 14,0.225
1510080003,2021-11-25 15,0.225
1510080003,2021-11-25 16,0.271
1510080003,2021-11-25 17,0.272
1510080003,2021-11-25 18,0.737
1510080003,2021-11-25 19,0.698
1510080003,2021-11-25 20,0.582
1510080003,2021-11-25 21,0.566
1510080003,2021-11-25 22,0.441
1510080003,2021-11-25 23,0.44
1510080003,2021-11-26 00,0.426
1510080003,2021-11-26 01,0.429
1510080003,2021-11-26 02,0.385
1510080003,2021-11-26 03,0.348
1510080003,2021-11-26 04,0.336
1510080003,2021-11-26 05,0.342
1510080003,2021-11-26 06,0.361
1510080003,2021-11-26 07,0.362
1510080003,2021-11-26 08,0.43
1510080003,2021-11-26 09,0.43
1510080003,2021-11-26 10,0.306
1510080003,2021-11-26 11,0.216
1510080003,2021-11-26 12,0.209
1510080003,2021-11-26 13,0.246
1510080003,2021-11-26 14,0.24
1510080003,2021-11-26 15,0.239
1510080003,2021-11-26 16,0.224
1510080003,2021-11-26 17,0.22
1510080003,2021-11-26 18,0.31
1510080003,2021-11-26 19,0.74
1510080003,2021-11-26 20,0.689
1510080003,2021-11-26 21,0.524
1510080003,2021-11-26 22,0.519
1510080003,2021-11-26 23,0.496
1510080003,2021-11-27 00,0.425
1510080003,2021-11-27 01,0.504
1510080003,2021-11-27 02,0.409
1510080003,2021-11-27 03,0.398
1510080003,2021-11-27 04,0.369
1510080003,2021-11-27 05,0.383
1510080003,2021-11-27 06,0.367
1510080003,2021-11-27 07,0.392
1510080003,2021-11-27 08,0.37
1510080003,2021-11-27 09,0.481
1510080003,2021-11-27 10,0.385
1510080003,2021-11-27 11,0.428
1510080003,2021-11-27 12,0.41
1510080003,2021-11-27 13,0.345
1510080003,2021-11-27 14,0.199
1510080003,2021-11-27 15,0.189
1510080003,2021-11-27 16,0.192
1510080003,2021-11-27 17,0.222
1510080003,2021-11-27 18,0.182
1510080003,2021-11-27 19,0.19
1510080003,2021-11-27 20,0.2
1510080003,2021-11-27 21,0.188
1510080003,2021-11-27 22,0.163
1510080003,2021-11-27 23,0.182
1510080003,2021-11-28 00,0.169
1510080003,2021-11-28 01,0.154
1510080003,2021-11-28 02,0.169
1510080003,2021-11-28 03,0.17
1510080003,2021-11-28 04,0.153
1510080003,2021-11-28 05,0.152
1510080003,2021-11-28 06,0.167
1510080003,2021-11-28 07,0.149
1510080003,2021-11-28 08,0.151
1510080003,2021-11-28 09,0.469
1510080003,2021-11-28 10,0.676
1510080003,2021-11-28 11,0.415
1510080003,2021-11-28 12,0.75
1510080003,2021-11-28 13,0.603
1510080003,2021-11-28 14,0.475
1510080003,2021-11-28 15,0.489
1510080003,2021-11-28 16,0.453
1510080003,2021-11-28 17,0.563
1510080003,2021-11-28 18,0.514
1510080003,2021-11-28 19,0.679
1510080003,2021-11-28 20,0.631
1510080003,2021-11-28 21,0.897
1510080003,2021-11-28 22,0.81
1510080003,2021-11-28 23,0.707
1510080003,2021-11-29 00,0.608
1510080003,2021-11-29 01,0.518
1510080003,2021-11-29 02,0.349
1510080003,2021-11-29 03,0.37
1510080003,2021-11-29 04,0.37
1510080003,2021-11-29 05,0.317
1510080003,2021-11-29 06,0.345
1510080003,2021-11-29 07,0.35
1510080003,2021-11-29 08,0.475
1510080003,2021-11-29 09,0.387
1510080003,2021-11-29 10,0.236
1510080003,2021-11-29 11,0.262
1510080003,2021-11-29 12,0.245
1510080003,2021-11-29 13,0.222
1510080003,2021-11-29 14,0.224
1510080003,2021-11-29 15,0.251
1510080003,2021-11-29 16,0.233
1510080003,2021-11-29 17,0.228
1510080003,2021-11-29 18,0.278
1510080003,2021-11-29 19,0.285
1510080003,2021-11-29 20,0.513
1510080003,2021-11-29 21,1.03
1510080003,2021-11-29 22,0.945
1510080003,2021-11-29 23,0.79
1510080003,2021-11-30 00,0.704
1510080003,2021-11-30 01,0.691
1510080003,2021-11-30 02,0.53
1510080003,2021-11-30 03,0.356
1510080003,2021-11-30 04,0.369
1510080003,2021-11-30 05,0.382
1510080003,2021-11-30 06,0.323
1510080003,2021-11-30 07,0.364
1510080003,2021-11-30 08,0.468
1510080003,2021-11-30 09,0.47
1510080003,2021-11-30 10,0.479
1510080003,2021-11-30 11,0.254
1510080003,2021-11-30 12,0.244
1510080003,2021-11-30 13,0.232
1510080003,2021-11-30 14,0.21
1510080003,2021-11-30 15,0.217
1510080003,2021-11-30 16,0.416
1510080003,2021-11-30 17,0.308
1510080003,2021-11-30 18,0.308
1510080003,2021-11-30 19,0.339
1510080003,2021-11-30 20,0.331
1510080003,2021-11-30 21,0.491
1510080003,2021-11-30 22,0.363
1510080003,2021-11-30 23,0.986
1510080003,2021-12-01 00,0.809
1510080003,2021-12-01 01,0.45
1510080003,2021-12-01 02,0.444
1510080003,2021-12-01 03,0.428
1510080003,2021-12-01 04,0.421
1510080003,2021-12-01 05,0.383
1510080003,2021-12-01 06,0.326
1510080003,2021-12-01 07,0.341
1510080003,2021-12-01 08,0.345
1510080003,2021-12-01 09,0.491
1510080003,2021-12-01 10,0.436
1510080003,2021-12-01 11,0.209
1510080003,2021-12-01 12,0.265
1510080003,2021-12-01 13,0.313
1510080003,2021-12-01 14,0.319
1510080003,2021-12-01 15,0.246
1510080003,2021-12-01 16,0.246
1510080003,2021-12-01 17,0.314
1510080003,2021-12-01 18,0.407
1510080003,2021-12-01 19,0.357
1510080003,2021-12-01 20,0.506
1510080003,2021-12-01 21,0.629
1510080003,2021-12-01 22,0.443
1510080003,2021-12-01 23,0.511
1510080003,2021-12-02 00,0.441
1510080003,2021-12-02 01,0.425
1510080003,2021-12-02 02,0.334
1510080003,2021-12-02 03,0.354
1510080003,2021-12-02 04,0.36
1510080003,2021-12-02 05,0.36
1510080003,2021-12-02 06,0.324
1510080003,2021-12-02 07,0.348
1510080003,2021-12-02 08,0.497
1510080003,2021-12-02 09,0.477
1510080003,2021-12-02 10,0.353
1510080003,2021-12-02 11,0.222
1510080003,2021-12-02 12,0.219
1510080003,2021-12-02 13,0.227
1510080003,2021-12-02 14,0.248
1510080003,2021-12-02 15,0.285
1510080003,2021-12-02 16,0.358
1510080003,2021-12-02 17,0.85
1510080003,2021-12-02 18,0.911
1510080003,2021-12-02 19,1.147
1510080003,2021-12-02 20,0.936
1510080003,2021-12-02 21,0.675
1510080003,2021-12-02 22,0.733
1510080003,2021-12-02 23,0.707
1510080003,2021-12-03 00,0.667
1510080003,2021-12-03 01,0.615
1510080003,2021-12-03 02,0.429
1510080003,2021-12-03 03,0.471
1510080003,2021-12-03 04,0.389
1510080003,2021-12-03 05,0.408
1510080003,2021-12-03 06,0.421
1510080003,2021-12-03 07,0.453
1510080003,2021-12-03 08,0.604
1510080003,2021-12-03 09,0.631
1510080003,2021-12-03 10,0.77
1510080003,2021-12-03 11,0.741
1510080003,2021-12-03 12,0.644
1510080003,2021-12-03 13,0.625
1510080003,2021-12-03 14,0.63
1510080003,2021-12-03 15,0.648
1510080003,2021-12-03 16,0.645
1510080003,2021-12-03 17,0.909
1510080003,2021-12-03 18,0.606
1510080003,2021-12-03 19,0.731
1510080003,2021-12-03 20,0.685
1510080003,2021-12-03 21,0.788
1510080003,2021-12-03 22,0.738
1510080003,2021-12-03 23,0.635
1510080003,2021-12-04 00,0.624
1510080003,2021-12-04 01,0.617
1510080003,2021-12-04 02,0.416
1510080003,2021-12-04 03,0.336
1510080003,2021-12-04 04,0.368
1510080003,2021-12-04 05,0.365
1510080003,2021-12-04 06,0.362
1510080003,2021-12-04 07,0.435
1510080003,2021-12-04 08,0.632
1510080003,2021-12-04 09,0.554
1510080003,2021-12-04 10,0.702
1510080003,2021-12-04 11,0.623
1510080003,2021-12-04 12,0.597
1510080003,2021-12-04 13,0.612
1510080003,2021-12-04 14,0.622
1510080003,2021-12-04 15,0.518
1510080003,2021-12-04 16,0.457
1510080003,2021-12-04 17,0.766
1510080003,2021-12-04 18,0.727
1510080003,2021-12-04 19,0.492
1510080003,2021-12-04 20,0.447
1510080003,2021-12-04 21,0.384
1510080003,2021-12-04 22,0.407
1510080003,2021-12-04 23,0.437
1510080003,2021-12-05 00,0.423
1510080003,2021-12-05 01,0.331
1510080003,2021-12-05 02,0.323
1510080003,2021-12-05 03,0.367
1510080003,2021-12-05 04,0.324
1510080003,2021-12-05 05,0.36
1510080003,2021-12-05 06,0.389
1510080003,2021-12-05 07,0.42
1510080003,2021-12-05 08,0.47
1510080003,2021-12-05 09,0.583
1510080003,2021-12-05 10,0.595
1510080003,2021-12-05 11,0.732
1510080003,2021-12-05 12,0.697
1510080003,2021-12-05 13,0.657
1510080003,2021-12-05 14,0.635
1510080003,2021-12-05 15,0.638
1510080003,2021-12-05 16,0.569
1510080003,2021-12-05 17,0.361
1510080003,2021-12-05 18,0.408
1510080003,2021-12-05 19,0.619
1510080003,2021-12-05 20,0.498
1510080003,2021-12-05 21,0.547
1510080003,2021-12-05 22,0.432
1510080003,2021-12-05 23,0.394
1510080003,2021-12-06 00,0.362
1510080003,2021-12-06 01,0.365
1510080003,2021-12-06 02,0.339
1510080003,2021-12-06 03,0.332
1510080003,2021-12-06 04,0.375
1510080003,2021-12-06 05,0.363
1510080003,2021-12-06 06,0.315
1510080003,2021-12-06 07,0.367
1510080003,2021-12-06 08,0.474
1510080003,2021-12-06 09,0.531
1510080003,2021-12-06 10,0.591
1510080003,2021-12-06 11,0.646
1510080003,2021-12-06 12,0.627
1510080003,2021-12-06 13,0.618
1510080003,2021-12-06 14,0.642
1510080003,2021-12-06 15,0.417
1510080003,2021-12-06 16,0.451
1510080003,2021-12-06 17,0.736
1510080003,2021-12-06 18,0.803
1510080003,2021-12-06 19,0.565
1510080003,2021-12-06 20,0.505
1510080003,2021-12-06 21,0.471
1510080003,2021-12-06 22,0.445
1510080003,2021-12-06 23,0.45
1510080003,2021-12-07 00,0.4
1510080003,2021-12-07 01,0.346
1510080003,2021-12-07 02,0.353
1510080003,2021-12-07 03,0.375
1510080003,2021-12-07 04,0.355
1510080003,2021-12-07 05,0.353
1510080003,2021-12-07 06,0.327
1510080003,2021-12-07 07,0.347
1510080003,2021-12-07 08,0.411
1510080003,2021-12-07 09,0.55
1510080003,2021-12-07 10,0.522
1510080003,2021-12-07 11,0.616
1510080003,2021-12-07 12,1.004
1510080003,2021-12-07 13,0.685
1510080003,2021-12-07 14,0.767
1510080003,2021-12-07 15,0.66
1510080003,2021-12-07 16,0.486
1510080003,2021-12-07 17,0.527
1510080003,2021-12-07 18,0.535
1510080003,2021-12-07 19,0.495
1510080003,2021-12-07 20,0.574
1510080003,2021-12-07 21,0.651
1510080003,2021-12-07 22,0.496
1510080003,2021-12-07 23,0.408
1510080003,2021-12-08 00,0.345
1510080003,2021-12-08 01,0.36
1510080003,2021-12-08 02,0.372
1510080003,2021-12-08 03,0.337
1510080003,2021-12-08 04,0.366
1510080003,2021-12-08 05,0.373
1510080003,2021-12-08 06,0.358
1510080003,2021-12-08 07,0.522
1510080003,2021-12-08 08,0.461
1510080003,2021-12-08 09,0.804
1510080003,2021-12-08 10,0.613
1510080003,2021-12-08 11,0.574
1510080003,2021-12-08 12,0.676
1510080003,2021-12-08 13,0.66
1510080003,2021-12-08 14,0.658
1510080003,2021-12-08 15,0.611
1510080003,2021-12-08 16,0.572
1510080003,2021-12-08 17,0.848
1510080003,2021-12-08 18,0.53
1510080003,2021-12-08 19,0.505
1510080003,2021-12-08 20,0.412
1510080003,2021-12-08 21,0.436
1510080003,2021-12-08 22,0.467
1510080003,2021-12-08 23,0.453
1510080003,2021-12-09 00,0.375
1510080003,2021-12-09 01,0.34
1510080003,2021-12-09 02,0.376
1510080003,2021-12-09 03,0.339
1510080003,2021-12-09 04,0.33
1510080003,2021-12-09 05,0.362
1510080003,2021-12-09 06,0.326
1510080003,2021-12-09 07,0.319
1510080003,2021-12-09 08,0.487
1510080003,2021-12-09 09,0.531
1510080003,2021-12-09 10,0.455
1510080003,2021-12-09 11,1.212
1510080003,2021-12-09 12,0.703
1510080003,2021-12-09 13,0.64
1510080003,2021-12-09 14,0.65
1510080003,2021-12-09 15,0.63
1510080003,2021-12-09 16,0.655
1510080003,2021-12-09 17,0.507
1510080003,2021-12-09 18,0.672
1510080003,2021-12-09 19,0.719
1510080003,2021-12-09 20,0.65
1510080003,2021-12-09 21,0.619
1510080003,2021-12-09 22,0.484
1510080003,2021-12-09 23,0.438
1510080003,2021-12-10 00,0.396
1510080003,2021-12-10 01,0.394
1510080003,2021-12-10 02,0.348
1510080003,2021-12-10 03,0.368
1510080003,2021-12-10 04,0.341
1510080003,2021-12-10 05,0.331
1510080003,2021-12-10 06,0.357
1510080003,2021-12-10 07,0.676
1510080003,2021-12-10 08,0.533
1510080003,2021-12-10 09,0.376
1510080003,2021-12-10 10,0.274
1510080003,2021-12-10 11,0.23
1510080003,2021-12-10 12,0.219
1510080003,2021-12-10 13,0.215
1510080003,2021-12-10 14,0.23
1510080003,2021-12-10 15,0.23
1510080003,2021-12-10 16,0.227
1510080003,2021-12-10 17,0.371
1510080003,2021-12-10 18,0.894
1510080003,2021-12-10 19,0.532
1510080003,2021-12-10 20,0.409
1510080003,2021-12-10 21,0.497
1510080003,2021-12-10 22,0.685
1510080003,2021-12-10 23,0.779
1510080003,2021-12-11 00,0.788
1510080003,2021-12-11 01,0.697
1510080003,2021-12-11 02,0.643
1510080003,2021-12-11 03,0.375
1510080003,2021-12-11 04,0.371
1510080003,2021-12-11 05,0.321
1510080003,2021-12-11 06,0.33
1510080003,2021-12-11 07,0.364
1510080003,2021-12-11 08,0.534
1510080003,2021-12-11 09,0.635
1510080003,2021-12-11 10,0.581
1510080003,2021-12-11 11,0.429
1510080003,2021-12-11 12,0.374
1510080003,2021-12-11 13,0.298
1510080003,2021-12-11 14,0.278
1510080003,2021-12-11 15,0.303
1510080003,2021-12-11 16,0.32
1510080003,2021-12-11 17,0.253
1510080003,2021-12-11 18,0.251
1510080003,2021-12-11 19,0.218
1510080003,2021-12-11 20,0.211
1510080003,2021-12-11 21,0.228
1510080003,2021-12-11 22,0.276
1510080003,2021-12-11 23,0.201
1510080003,2021-12-12 00,0.217
1510080003,2021-12-12 01,0.216
1510080003,2021-12-12 02,0.207
1510080003,2021-12-12 03,0.621
1510080003,2021-12-12 04,0.576
1510080003,2021-12-12 05,0.356
1510080003,2021-12-12 06,0.349
1510080003,2021-12-12 07,0.318
1510080003,2021-12-12 08,0.336
1510080003,2021-12-12 09,0.431
1510080003,2021-12-12 10,0.787
1510080003,2021-12-12 11,0.265
1510080003,2021-12-12 12,0.348
1510080003,2021-12-12 13,0.242
1510080003,2021-12-12 14,0.257
1510080003,2021-12-12 15,0.245
1510080003,2021-12-12 16,0.254
1510080003,2021-12-12 17,0.215
1510080003,2021-12-12 18,0.227
1510080003,2021-12-12 19,0.216
1510080003,2021-12-12 20,0.425
1510080003,2021-12-12 21,0.769
1510080003,2021-12-12 22,0.562
1510080003,2021-12-12 23,0.468
1510080003,2021-12-13 00,0.401
1510080003,2021-12-13 01,0.417
1510080003,2021-12-13 02,0.484
1510080003,2021-12-13 03,0.391
1510080003,2021-12-13 04,0.402
1510080003,2021-12-13 05,0.332
1510080003,2021-12-13 06,0.335
1510080003,2021-12-13 07,0.326
1510080003,2021-12-13 08,0.377
1510080003,2021-12-13 09,0.461
1510080003,2021-12-13 10,0.204
1510080003,2021-12-13 11,0.21
1510080003,2021-12-13 12,0.229
1510080003,2021-12-13 13,0.194
1510080003,2021-12-13 14,0.218
1510080003,2021-12-13 15,0.215
1510080003,2021-12-13 16,0.219
1510080003,2021-12-13 17,0.22
1510080003,2021-12-13 18,0.343
1510080003,2021-12-13 19,0.814
1510080003,2021-12-13 20,0.574
1510080003,2021-12-13 21,0.481
1510080003,2021-12-13 22,0.677
1510080003,2021-12-13 23,0.667
1510080003,2021-12-14 00,0.622
1510080003,2021-12-14 01,0.357
1510080003,2021-12-14 02,0.331
1510080003,2021-12-14 03,0.336
1510080003,2021-12-14 04,0.33
1510080003,2021-12-14 05,0.302
1510080003,2021-12-14 06,0.323
1510080003,2021-12-14 07,0.331
1510080003,2021-12-14 08,0.34
1510080003,2021-12-14 09,0.46
1510080003,2021-12-14 10,0.552
1510080003,2021-12-14 11,0.223
1510080003,2021-12-14 12,0.199
1510080003,2021-12-14 13,0.181
1510080003,2021-12-14 14,0.171
1510080003,2021-12-14 15,0.261
1510080003,2021-12-14 16,0.559
1510080003,2021-12-14 17,0.31
1510080003,2021-12-14 18,0.795
1510080003,2021-12-14 19,0.605
1510080003,2021-12-14 20,0.64
1510080003,2021-12-14 21,0.718
1510080003,2021-12-14 22,0.791
1510080003,2021-12-14 23,0.774
1510080003,2021-12-15 00,0.644
1510080003,2021-12-15 01,0.728
1510080003,2021-12-15 02,0.418
1510080003,2021-12-15 03,0.41
1510080003,2021-12-15 04,0.392
1510080003,2021-12-15 05,0.346
1510080003,2021-12-15 06,0.347
1510080003,2021-12-15 07,0.35
1510080003,2021-12-15 08,0.432
1510080003,2021-12-15 09,0.624
1510080003,2021-12-15 10,0.409
1510080003,2021-12-15 11,0.23
1510080003,2021-12-15 12,0.243
1510080003,2021-12-15 13,0.229
1510080003,2021-12-15 14,0.211
1510080003,2021-12-15 15,0.261
1510080003,2021-12-15 16,0.254
1510080003,2021-12-15 17,0.234
1510080003,2021-12-15 18,0.217
1510080003,2021-12-15 19,0.224
1510080003,2021-12-15 20,0.228
1510080003,2021-12-15 21,0.246
1510080003,2021-12-15 22,0.404
1510080003,2021-12-15 23,0.589
1510080003,2021-12-16 00,0.806
1510080003,2021-12-16 01,0.444
1510080003,2021-12-16 02,0.35
1510080003,2021-12-16 03,0.446
1510080003,2021-12-16 04,0.465
1510080003,2021-12-16 05,0.409
1510080003,2021-12-16 06,0.4
1510080003,2021-12-16 07,0.401
1510080003,2021-12-16 08,0.409
1510080003,2021-12-16 09,0.476
1510080003,2021-12-16 10,0.5
1510080003,2021-12-16 11,0.221
1510080003,2021-12-16 12,0.218
1510080003,2021-12-16 13,0.242
1510080003,2021-12-16 14,0.214
1510080003,2021-12-16 15,0.214
1510080003,2021-12-16 16,0.516
1510080003,2021-12-16 17,0.763
1510080003,2021-12-16 18,0.568
1510080003,2021-12-16 19,0.675
1510080003,2021-12-16 20,0.756
1510080003,2021-12-16 21,1.086
1510080003,2021-12-16 22,0.806
1510080003,2021-12-16 23,0.522
1510080003,2021-12-17 00,0.592
1510080003,2021-12-17 01,0.502
1510080003,2021-12-17 02,0.434
1510080003,2021-12-17 03,0.371
1510080003,2021-12-17 04,0.357
1510080003,2021-12-17 05,0.367
1510080003,2021-12-17 06,0.349
1510080003,2021-12-17 07,0.32
1510080003,2021-12-17 08,0.42
1510080003,2021-12-17 09,0.584
1510080003,2021-12-17 10,0.271
1510080003,2021-12-17 11,0.23
1510080003,2021-12-17 12,0.196
1510080003,2021-12-17 13,0.239
1510080003,2021-12-17 14,0.192
1510080003,2021-12-17 15,0.263
1510080003,2021-12-17 16,0.606
1510080003,2021-12-17 17,0.863
1510080003,2021-12-17 18,0.701
1510080003,2021-12-17 19,0.693
1510080003,2021-12-17 20,0.674
1510080003,2021-12-17 21,0.665
1510080003,2021-12-17 22,0.565
1510080003,2021-12-17 23,0.769
1510080003,2021-12-18 00,0.769
1510080003,2021-12-18 01,0.609
1510080003,2021-12-18 02,0.568
1510080003,2021-12-18 03,0.575
1510080003,2021-12-18 04,0.599
1510080003,2021-12-18 05,0.609
1510080003,2021-12-18 06,0.576
1510080003,2021-12-18 07,0.563
1510080003,2021-12-18 08,0.596
1510080003,2021-12-18 09,0.587
1510080003,2021-12-18 10,0.579
1510080003,2021-12-18 11,0.666
1510080003,2021-12-18 12,0.815
1510080003,2021-12-18 13,0.519
1510080003,2021-12-18 14,0.17
1510080003,2021-12-18 15,0.163
1510080003,2021-12-18 16,0.196
1510080003,2021-12-18 17,0.175
1510080003,2021-12-18 18,0.158
1510080003,2021-12-18 19,0.16
1510080003,2021-12-18 20,0.184
1510080003,2021-12-18 21,0.155
1510080003,2021-12-18 22,0.172
1510080003,2021-12-18 23,0.184
1510080003,2021-12-19 00,0.187
1510080003,2021-12-19 01,0.154
1510080003,2021-12-19 02,0.191
1510080003,2021-12-19 03,0.157
1510080003,2021-12-19 04,0.155
1510080003,2021-12-19 05,0.185
1510080003,2021-12-19 06,0.151
1510080003,2021-12-19 07,0.164
1510080003,2021-12-19 08,0.167
1510080003,2021-12-19 09,0.156
1510080003,2021-12-19 10,0.176
1510080003,2021-12-19 11,0.159
1510080003,2021-12-19 12,0.161
1510080003,2021-12-19 13,0.17
1510080003,2021-12-19 14,0.158
1510080003,2021-12-19 15,0.174
1510080003,2021-12-19 16,0.167
1510080003,2021-12-19 17,0.156
1510080003,2021-12-19 18,0.157
1510080003,2021-12-19 19,0.153
1510080003,2021-12-19 20,0.164
1510080003,2021-12-19 21,0.57
1510080003,2021-12-19 22,0.728
1510080003,2021-12-19 23,0.471
1510080003,2021-12-20 00,0.415
1510080003,2021-12-20 01,0.539
1510080003,2021-12-20 02,0.429
1510080003,2021-12-20 03,0.43
1510080003,2021-12-20 04,0.42
1510080003,2021-12-20 05,0.346
1510080003,2021-12-20 06,0.351
1510080003,2021-12-20 07,0.387
1510080003,2021-12-20 08,0.352
1510080003,2021-12-20 09,0.477
1510080003,2021-12-20 10,0.382
1510080003,2021-12-20 11,0.156
1510080003,2021-12-20 12,0.167
1510080003,2021-12-20 13,0.181
1510080003,2021-12-20 14,0.156
1510080003,2021-12-20 15,0.188
1510080003,2021-12-20 16,0.224
1510080003,2021-12-20 17,0.408
1510080003,2021-12-20 18,0.792
1510080003,2021-12-20 19,0.534
1510080003,2021-12-20 20,0.539
1510080003,2021-12-20 21,0.624
1510080003,2021-12-20 22,0.527
1510080003,2021-12-20 23,0.387
1510080003,2021-12-21 00,0.355
1510080003,2021-12-21 01,0.377
1510080003,2021-12-21 02,0.372
1510080003,2021-12-21 03,0.394
1510080003,2021-12-21 04,0.368
1510080003,2021-12-21 05,0.352
1510080003,2021-12-21 06,0.353
1510080003,2021-12-21 07,0.383
1510080003,2021-12-21 08,0.365
1510080003,2021-12-21 09,0.419
1510080003,2021-12-21 10,0.327
1510080003,2021-12-21 11,0.204
1510080003,2021-12-21 12,0.782
1510080003,2021-12-21 13,0.596
1510080003,2021-12-21 14,0.489
1510080003,2021-12-21 15,0.479
1510080003,2021-12-21 16,0.493
1510080003,2021-12-21 17,0.295
1510080003,2021-12-21 18,0.357
1510080003,2021-12-21 19,0.492
1510080003,2021-12-21 20,0.928
1510080003,2021-12-21 21,0.626
1510080003,2021-12-21 22,0.698
1510080003,2021-12-21 23,0.57
1510080003,2021-12-22 00,0.459
1510080003,2021-12-22 01,0.479
1510080003,2021-12-22 02,0.382
1510080003,2021-12-22 03,0.4
1510080003,2021-12-22 04,0.409
1510080003,2021-12-22 05,0.458
1510080003,2021-12-22 06,0.441
1510080003,2021-12-22 07,0.549
1510080003,2021-12-22 08,0.452
1510080003,2021-12-22 09,0.493
1510080003,2021-12-22 10,0.552
1510080003,2021-12-22 11,0.476
1510080003,2021-12-22 12,0.287
1510080003,2021-12-22 13,0.273
1510080003,2021-12-22 14,0.253
1510080003,2021-12-22 15,0.266
1510080003,2021-12-22 16,0.291
1510080003,2021-12-22 17,0.346
1510080003,2021-12-22 18,0.347
1510080003,2021-12-22 19,0.731
1510080003,2021-12-22 20,0.49
1510080003,2021-12-22 21,0.453
1510080003,2021-12-22 22,0.428
1510080003,2021-12-22 23,0.482
1510080003,2021-12-23 00,0.448
1510080003,2021-12-23 01,0.461
1510080003,2021-12-23 02,0.455
1510080003,2021-12-23 03,0.434
1510080003,2021-12-23 04,0.48
1510080003,2021-12-23 05,0.419
1510080003,2021-12-23 06,0.438
1510080003,2021-12-23 07,0.409
1510080003,2021-12-23 08,0.459
1510080003,2021-12-23 09,0.44
1510080003,2021-12-23 10,0.323
1510080003,2021-12-23 11,0.254
1510080003,2021-12-23 12,0.241
1510080003,2021-12-23 13,0.224
1510080003,2021-12-23 14,0.22
1510080003,2021-12-23 15,0.223
1510080003,2021-12-23 16,0.264
1510080003,2021-12-23 17,0.415
1510080003,2021-12-23 18,0.309
1510080003,2021-12-23 19,0.299
1510080003,2021-12-23 20,0.276
1510080003,2021-12-23 21,0.261
1510080003,2021-12-23 22,0.271
1510080003,2021-12-23 23,0.263
1510080003,2021-12-24 00,0.261
1510080003,2021-12-24 01,0.271
1510080003,2021-12-24 02,0.237
1510080003,2021-12-24 03,0.265
1510080003,2021-12-24 04,0.274
1510080003,2021-12-24 05,0.268
1510080003,2021-12-24 06,0.237
1510080003,2021-12-24 07,0.241
1510080003,2021-12-24 08,0.281
1510080003,2021-12-24 09,0.264
1510080003,2021-12-24 10,0.253
1510080003,2021-12-24 11,0.252
1510080003,2021-12-24 12,0.282
1510080003,2021-12-24 13,0.268
1510080003,2021-12-24 14,0.24
1510080003,2021-12-24 15,0.281
1510080003,2021-12-24 16,0.282
1510080003,2021-12-24 17,0.257
1510080003,2021-12-24 18,0.251
1510080003,2021-12-24 19,0.278
1510080003,2021-12-24 20,0.259
1510080003,2021-12-24 21,0.26
1510080003,2021-12-24 22,0.248
1510080003,2021-12-24 23,0.273
1510080003,2021-12-25 00,0.248
1510080003,2021-12-25 01,0.247
1510080003,2021-12-25 02,0.257
1510080003,2021-12-25 03,0.274
1510080003,2021-12-25 04,0.244
1510080003,2021-12-25 05,0.251
1510080003,2021-12-25 06,0.255
1510080003,2021-12-25 07,0.248
1510080003,2021-12-25 08,0.242
1510080003,2021-12-25 09,0.275
1510080003,2021-12-25 10,0.236
1510080003,2021-12-25 11,0.243
1510080003,2021-12-25 12,0.257
1510080003,2021-12-25 13,0.254
1510080003,2021-12-25 14,0.257
1510080003,2021-12-25 15,0.288
1510080003,2021-12-25 16,0.38
1510080003,2021-12-25 17,0.272
1510080003,2021-12-25 18,0.277
1510080003,2021-12-25 19,0.263
1510080003,2021-12-25 20,0.263
1510080003,2021-12-25 21,0.239
1510080003,2021-12-25 22,0.262
1510080003,2021-12-25 23,0.248
1510080003,2021-12-26 00,0.258
1510080003,2021-12-26 01,0.258
1510080003,2021-12-26 02,0.228
1510080003,2021-12-26 03,0.253
1510080003,2021-12-26 04,0.257
1510080003,2021-12-26 05,0.236
1510080003,2021-12-26 06,0.246
1510080003,2021-12-26 07,0.247
1510080003,2021-12-26 08,0.24
1510080003,2021-12-26 09,0.254
1510080003,2021-12-26 10,0.253
1510080003,2021-12-26 11,0.263
1510080003,2021-12-26 12,0.235
1510080003,2021-12-26 13,0.214
1510080003,2021-12-26 14,0.197
1510080003,2021-12-26 15,0.203
1510080003,2021-12-26 16,0.211
1510080003,2021-12-26 17,0.307
1510080003,2021-12-26 18,0.299
1510080003,2021-12-26 19,0.263
1510080003,2021-12-26 20,0.27
1510080003,2021-12-26 21,0.29
1510080003,2021-12-26 22,0.772
1510080003,2021-12-26 23,1.046
1510080003,2021-12-27 00,0.753
1510080003,2021-12-27 01,0.677
1510080003,2021-12-27 02,0.591
1510080003,2021-12-27 03,0.484
1510080003,2021-12-27 04,0.308
1510080003,2021-12-27 05,0.318
1510080003,2021-12-27 06,0.338
1510080003,2021-12-27 07,0.323
1510080003,2021-12-27 08,0.32
1510080003,2021-12-27 09,0.538
1510080003,2021-12-27 10,0.344
1510080003,2021-12-27 11,0.262
1510080003,2021-12-27 12,0.241
1510080003,2021-12-27 13,0.289
1510080003,2021-12-27 14,0.254
1510080003,2021-12-27 15,0.265
1510080003,2021-12-27 16,0.503
1510080003,2021-12-27 17,0.384
1510080003,2021-12-27 18,0.499
1510080003,2021-12-27 19,0.7
1510080003,2021-12-27 20,0.492
1510080003,2021-12-27 21,0.486
1510080003,2021-12-27 22,0.507
1510080003,2021-12-27 23,0.428
1510080003,2021-12-28 00,0.42
1510080003,2021-12-28 01,0.391
1510080003,2021-12-28 02,0.388
1510080003,2021-12-28 03,0.417
1510080003,2021-12-28 04,0.376
1510080003,2021-12-28 05,0.392
1510080003,2021-12-28 06,0.387
1510080003,2021-12-28 07,0.365
1510080003,2021-12-28 08,0.343
1510080003,2021-12-28 09,0.457
1510080003,2021-12-28 10,0.405
1510080003,2021-12-28 11,0.25
1510080003,2021-12-28 12,0.222
1510080003,2021-12-28 13,0.21
1510080003,2021-12-28 14,0.228
1510080003,2021-12-28 15,0.305
1510080003,2021-12-28 16,0.748
1510080003,2021-12-28 17,0.867
1510080003,2021-12-28 18,0.639
1510080003,2021-12-28 19,0.62
1510080003,2021-12-28 20,0.483
1510080003,2021-12-28 21,0.514
1510080003,2021-12-28 22,0.489
1510080003,2021-12-28 23,0.526
1510080003,2021-12-29 00,0.635
1510080003,2021-12-29 01,0.584
1510080003,2021-12-29 02,0.574
1510080003,2021-12-29 03,0.5
1510080003,2021-12-29 04,0.346
1510080003,2021-12-29 05,0.312
1510080003,2021-12-29 06,0.314
1510080003,2021-12-29 07,0.363
1510080003,2021-12-29 08,0.373
1510080003,2021-12-29 09,0.515
1510080003,2021-12-29 10,0.527
1510080003,2021-12-29 11,0.292
1510080003,2021-12-29 12,0.224
1510080003,2021-12-29 13,0.229
1510080003,2021-12-29 14,0.214
1510080003,2021-12-29 15,0.207
1510080003,2021-12-29 16,0.284
1510080003,2021-12-29 17,0.673
1510080003,2021-12-29 18,0.531
1510080003,2021-12-29 19,0.633
1510080003,2021-12-29 20,0.589
1510080003,2021-12-29 21,0.561
1510080003,2021-12-29 22,0.545
1510080003,2021-12-29 23,0.562
1510080003,2021-12-30 00,0.568
1510080003,2021-12-30 01,0.473
1510080003,2021-12-30 02,0.46
1510080003,2021-12-30 03,0.403
1510080003,2021-12-30 04,0.381
1510080003,2021-12-30 05,0.364
1510080003,2021-12-30 06,0.374
1510080003,2021-12-30 07,0.331
1510080003,2021-12-30 08,0.321
1510080003,2021-12-30 09,0.527
1510080003,2021-12-30 10,0.366
1510080003,2021-12-30 11,0.39
1510080003,2021-12-30 12,0.213
1510080003,2021-12-30 13,0.223
1510080003,2021-12-30 14,0.212
1510080003,2021-12-30 15,0.23
1510080003,2021-12-30 16,0.268
1510080003,2021-12-30 17,0.291
1510080003,2021-12-30 18,0.556
1510080003,2021-12-30 19,0.405
1510080003,2021-12-30 20,0.425
1510080003,2021-12-30 21,0.35
1510080003,2021-12-30 22,0.698
1510080003,2021-12-30 23,0.914
1510080003,2021-12-31 00,0.523
1510080003,2021-12-31 01,0.403
1510080003,2021-12-31 02,0.373
1510080003,2021-12-31 03,0.372
1510080003,2021-12-31 04,0.333
1510080003,2021-12-31 05,0.382
1510080003,2021-12-31 06,0.379
1510080003,2021-12-31 07,0.417
1510080003,2021-12-31 08,0.373
1510080003,2021-12-31 09,0.36
1510080003,2021-12-31 10,0.778
1510080003,2021-12-31 11,0.518
1510080003,2021-12-31 12,0.761
1510080003,2021-12-31 13,0.831
1510080003,2021-12-31 14,0.759
1510080003,2021-12-31 15,0.638
1510080003,2021-12-31 16,0.791
1510080003,2021-12-31 17,0.628
1510080003,2021-12-31 18,0.565
1510080003,2021-12-31 19,0.358
1510080003,2021-12-31 20,0.403
1510080003,2021-12-31 21,0.456
1510080003,2021-12-31 22,0.454
1510080003,2021-12-31 23,0.453
1510080003,2022-01-01 00,0.419
1510080003,2022-01-01 01,0.4
1510080003,2022-01-01 02,0.414
1510080003,2022-01-01 03,0.395
1510080003,2022-01-01 04,0.414
1510080003,2022-01-01 05,0.379
1510080003,2022-01-01 06,0.415
1510080003,2022-01-01 07,0.449
1510080003,2022-01-01 08,0.504
1510080003,2022-01-01 09,0.428
1510080003,2022-01-01 10,0.448
1510080003,2022-01-01 11,0.442
1510080003,2022-01-01 12,0.208
1510080003,2022-01-01 13,0.218
1510080003,2022-01-01 14,0.201
1510080003,2022-01-01 15,0.217
1510080003,2022-01-01 16,0.227
1510080003,2022-01-01 17,0.207
1510080003,2022-01-01 18,0.314
1510080003,2022-01-01 19,0.766
1510080003,2022-01-01 20,0.52
1510080003,2022-01-01 21,0.452
1510080003,2022-01-01 22,0.395
1510080003,2022-01-01 23,0.362
1510080003,2022-01-02 00,0.325
1510080003,2022-01-02 01,0.336
1510080003,2022-01-02 02,0.361
1510080003,2022-01-02 03,0.307
1510080003,2022-01-02 04,0.278
1510080003,2022-01-02 05,0.268
1510080003,2022-01-02 06,0.328
1510080003,2022-01-02 07,0.372
1510080003,2022-01-02 08,0.473
1510080003,2022-01-02 09,0.193
1510080003,2022-01-02 10,0.169
1510080003,2022-01-02 11,0.187
1510080003,2022-01-02 12,0.168
1510080003,2022-01-02 13,0.156
1510080003,2022-01-02 14,0.187
1510080003,2022-01-02 15,0.154
1510080003,2022-01-02 16,0.164
1510080003,2022-01-02 17,0.173
1510080003,2022-01-02 18,0.154
1510080003,2022-01-02 19,0.158
1510080003,2022-01-02 20,0.2
1510080003,2022-01-02 21,0.147
1510080003,2022-01-02 22,0.535
1510080003,2022-01-02 23,0.765
1510080003,2022-01-03 00,0.481
1510080003,2022-01-03 01,0.452
1510080003,2022-01-03 02,0.387
1510080003,2022-01-03 03,0.361
1510080003,2022-01-03 04,0.369
1510080003,2022-01-03 05,0.376
1510080003,2022-01-03 06,0.342
1510080003,2022-01-03 07,0.358
1510080003,2022-01-03 08,0.38
1510080003,2022-01-03 09,0.354
1510080003,2022-01-03 10,0.227
1510080003,2022-01-03 11,0.172
1510080003,2022-01-03 12,0.16
1510080003,2022-01-03 13,0.187
1510080003,2022-01-03 14,0.176
1510080003,2022-01-03 15,0.497
1510080003,2022-01-03 16,0.569
1510080003,2022-01-03 17,0.68
1510080003,2022-01-03 18,0.624
1510080003,2022-01-03 19,0.494
1510080003,2022-01-03 20,0.684
1510080003,2022-01-03 21,0.726
1510080003,2022-01-03 22,0.688
1510080003,2022-01-03 23,0.703
1510080003,2022-01-04 00,0.637
1510080003,2022-01-04 01,0.581
1510080003,2022-01-04 02,0.376
1510080003,2022-01-04 03,0.405
1510080003,2022-01-04 04,0.381
1510080003,2022-01-04 05,0.43
1510080003,2022-01-04 06,0.326
1510080003,2022-01-04 07,0.342
1510080003,2022-01-04 08,0.364
1510080003,2022-01-04 09,0.413
1510080003,2022-01-04 10,0.545
1510080003,2022-01-04 11,0.315
1510080003,2022-01-04 12,0.23
1510080003,2022-01-04 13,0.232
1510080003,2022-01-04 14,0.228
1510080003,2022-01-04 15,0.22
1510080003,2022-01-04 16,0.257
1510080003,2022-01-04 17,0.387
1510080003,2022-01-04 18,0.492
1510080003,2022-01-04 19,0.54
1510080003,2022-01-04 20,0.731
1510080003,2022-01-04 21,0.448
1510080003,2022-01-04 22,0.43
1510080003,2022-01-04 23,0.395
1510080003,2022-01-05 00,0.377
1510080003,2022-01-05 01,0.396
1510080003,2022-01-05 02,0.384
1510080003,2022-01-05 03,0.307
1510080003,2022-01-05 04,0.315
1510080003,2022-01-05 05,0.335
1510080003,2022-01-05 06,0.342
1510080003,2022-01-05 07,0.38
1510080003,2022-01-05 08,0.464
1510080003,2022-01-05 09,0.465
1510080003,2022-01-05 10,0.483
1510080003,2022-01-05 11,0.34
1510080003,2022-01-05 12,0.215
1510080003,2022-01-05 13,0.219
1510080003,2022-01-05 14,0.208
1510080003,2022-01-05 15,0.248
1510080003,2022-01-05 16,0.279
1510080003,2022-01-05 17,0.611
1510080003,2022-01-05 18,0.675
1510080003,2022-01-05 19,0.456
1510080003,2022-01-05 20,0.621
1510080003,2022-01-05 21,0.465
1510080003,2022-01-05 22,0.442
1510080003,2022-01-05 23,0.501
1510080003,2022-01-06 00,0.396
1510080003,2022-01-06 01,0.516
1510080003,2022-01-06 02,0.421
1510080003,2022-01-06 03,0.338
1510080003,2022-01-06 04,0.329
1510080003,2022-01-06 05,0.358
1510080003,2022-01-06 06,0.343
1510080003,2022-01-06 07,0.318
1510080003,2022-01-06 08,0.536
1510080003,2022-01-06 09,0.566
1510080003,2022-01-06 10,0.522
1510080003,2022-01-06 11,0.478
1510080003,2022-01-06 12,0.266
1510080003,2022-01-06 13,0.193
1510080003,2022-01-06 14,0.214
1510080003,2022-01-06 15,0.33
1510080003,2022-01-06 16,0.242
1510080003,2022-01-06 17,0.621
1510080003,2022-01-06 18,0.814
1510080003,2022-01-06 19,0.415
1510080003,2022-01-06 20,0.409
1510080003,2022-01-06 21,0.576
1510080003,2022-01-06 22,0.498
1510080003,2022-01-06 23,0.366
1510080003,2022-01-07 00,0.328
1510080003,2022-01-07 01,0.329
1510080003,2022-01-07 02,0.356
1510080003,2022-01-07 03,0.345
1510080003,2022-01-07 04,0.332
1510080003,2022-01-07 05,0.335
1510080003,2022-01-07 06,0.343
1510080003,2022-01-07 07,0.372
1510080003,2022-01-07 08,0.506
1510080003,2022-01-07 09,0.526
1510080003,2022-01-07 10,0.514
1510080003,2022-01-07 11,0.321
1510080003,2022-01-07 12,0.288
1510080003,2022-01-07 13,0.259
1510080003,2022-01-07 14,0.248
1510080003,2022-01-07 15,0.248
1510080003,2022-01-07 16,0.826
1510080003,2022-01-07 17,0.465
1510080003,2022-01-07 18,0.801
1510080003,2022-01-07 19,0.63
1510080003,2022-01-07 20,0.537
1510080003,2022-01-07 21,0.604
1510080003,2022-01-07 22,0.745
1510080003,2022-01-07 23,1.002
1510080003,2022-01-08 00,0.792
1510080003,2022-01-08 01,0.78
1510080003,2022-01-08 02,0.578
1510080003,2022-01-08 03,0.45
1510080003,2022-01-08 04,0.324
1510080003,2022-01-08 05,0.266
1510080003,2022-01-08 06,0.266
1510080003,2022-01-08 07,0.43
1510080003,2022-01-08 08,0.248
1510080003,2022-01-08 09,0.202
1510080003,2022-01-08 10,0.194
1510080003,2022-01-08 11,0.227
1510080003,2022-01-08 12,0.232
1510080003,2022-01-08 13,0.195
1510080003,2022-01-08 14,0.209
1510080003,2022-01-08 15,0.228
1510080003,2022-01-08 16,0.22
1510080003,2022-01-08 17,0.225
1510080003,2022-01-08 18,0.212
1510080003,2022-01-08 19,0.221
1510080003,2022-01-08 20,0.735
1510080003,2022-01-08 21,0.471
1510080003,2022-01-08 22,0.364
1510080003,2022-01-08 23,0.378
1510080003,2022-01-09 00,0.365
1510080003,2022-01-09 01,0.35
1510080003,2022-01-09 02,0.36
1510080003,2022-01-09 03,0.368
1510080003,2022-01-09 04,0.336
1510080003,2022-01-09 05,0.446
1510080003,2022-01-09 06,0.386
1510080003,2022-01-09 07,0.378
1510080003,2022-01-09 08,0.363
1510080003,2022-01-09 09,0.38
1510080003,2022-01-09 10,0.415
1510080003,2022-01-09 11,0.568
1510080003,2022-01-09 12,0.507
1510080003,2022-01-09 13,0.555
1510080003,2022-01-09 14,0.508
1510080003,2022-01-09 15,0.548
1510080003,2022-01-09 16,0.331
1510080003,2022-01-09 17,0.315
1510080003,2022-01-09 18,0.558
1510080003,2022-01-09 19,0.575
1510080003,2022-01-09 20,0.583
1510080003,2022-01-09 21,0.664
1510080003,2022-01-09 22,0.767
1510080003,2022-01-09 23,0.742
1510080003,2022-01-10 00,0.671
1510080003,2022-01-10 01,0.703
1510080003,2022-01-10 02,0.615
1510080003,2022-01-10 03,0.464
1510080003,2022-01-10 04,0.393
1510080003,2022-01-10 05,0.399
1510080003,2022-01-10 06,0.378
1510080003,2022-01-10 07,0.398
1510080003,2022-01-10 08,0.409
1510080003,2022-01-10 09,0.472
1510080003,2022-01-10 10,0.462
1510080003,2022-01-10 11,0.319
1510080003,2022-01-10 12,0.24
1510080003,2022-01-10 13,0.219
1510080003,2022-01-10 14,0.319
1510080003,2022-01-10 15,0.242
1510080003,2022-01-10 16,0.29
1510080003,2022-01-10 17,0.531
1510080003,2022-01-10 18,0.4
1510080003,2022-01-10 19,0.374
1510080003,2022-01-10 20,0.691
1510080003,2022-01-10 21,0.467
1510080003,2022-01-10 22,0.428
1510080003,2022-01-10 23,0.401
1510080003,2022-01-11 00,0.468
1510080003,2022-01-11 01,0.45
1510080003,2022-01-11 02,0.385
1510080003,2022-01-11 03,0.382
1510080003,2022-01-11 04,0.45
1510080003,2022-01-11 05,0.428
1510080003,2022-01-11 06,0.427
1510080003,2022-01-11 07,0.407
1510080003,2022-01-11 08,0.439
1510080003,2022-01-11 09,0.522
1510080003,2022-01-11 10,0.554
1510080003,2022-01-11 11,0.301
1510080003,2022-01-11 12,0.213
1510080003,2022-01-11 13,0.218
1510080003,2022-01-11 14,0.201
1510080003,2022-01-11 15,0.418
1510080003,2022-01-11 16,0.438
1510080003,2022-01-11 17,0.637
1510080003,2022-01-11 18,0.443
1510080003,2022-01-11 19,0.415
1510080003,2022-01-11 20,0.424
1510080003,2022-01-11 21,0.503
1510080003,2022-01-11 22,0.567
1510080003,2022-01-11 23,0.818
1510080003,2022-01-12 00,0.758
1510080003,2022-01-12 01,0.65
1510080003,2022-01-12 02,0.501
1510080003,2022-01-12 03,0.406
1510080003,2022-01-12 04,0.414
1510080003,2022-01-12 05,0.341
1510080003,2022-01-12 06,0.32
1510080003,2022-01-12 07,0.421
1510080003,2022-01-12 08,0.417
1510080003,2022-01-12 09,0.484
1510080003,2022-01-12 10,0.585
1510080003,2022-01-12 11,0.282
1510080003,2022-01-12 12,0.206
1510080003,2022-01-12 13,0.22
1510080003,2022-01-12 14,0.227
1510080003,2022-01-12 15,0.903
1510080003,2022-01-12 16,0.611
1510080003,2022-01-12 17,0.545
1510080003,2022-01-12 18,0.628
1510080003,2022-01-12 19,0.936
1510080003,2022-01-12 20,0.752
1510080003,2022-01-12 21,0.535
1510080003,2022-01-12 22,0.443
1510080003,2022-01-12 23,0.435
1510080003,2022-01-13 00,0.344
1510080003,2022-01-13 01,0.362
1510080003,2022-01-13 02,0.325
1510080003,2022-01-13 03,0.358
1510080003,2022-01-13 04,0.379
1510080003,2022-01-13 05,0.371
1510080003,2022-01-13 06,0.347
1510080003,2022-01-13 07,0.338
1510080003,2022-01-13 08,0.335
1510080003,2022-01-13 09,0.479
1510080003,2022-01-13 10,0.609
1510080003,2022-01-13 11,0.47
1510080003,2022-01-13 12,0.256
1510080003,2022-01-13 13,0.198
1510080003,2022-01-13 14,0.407
1510080003,2022-01-13 15,0.377
1510080003,2022-01-13 16,0.573
1510080003,2022-01-13 17,0.622
1510080003,2022-01-13 18,0.485
1510080003,2022-01-13 19,0.517
1510080003,2022-01-13 20,0.595
1510080003,2022-01-13 21,0.573
1510080003,2022-01-13 22,0.587
1510080003,2022-01-13 23,0.587
1510080003,2022-01-14 00,0.606
1510080003,2022-01-14 01,0.511
1510080003,2022-01-14 02,0.325
1510080003,2022-01-14 03,0.411
1510080003,2022-01-14 04,0.341
1510080003,2022-01-14 05,0.359
1510080003,2022-01-14 06,0.364
1510080003,2022-01-14 07,0.407
1510080003,2022-01-14 08,0.55
1510080003,2022-01-14 09,0.417
1510080003,2022-01-14 10,0.463
1510080003,2022-01-14 11,0.679
1510080003,2022-01-14 12,0.229
1510080003,2022-01-14 13,0.236
1510080003,2022-01-14 14,0.234
1510080003,2022-01-14 15,0.197
1510080003,2022-01-14 16,0.212
1510080003,2022-01-14 17,0.405
1510080003,2022-01-14 18,0.586
1510080003,2022-01-14 19,0.379
1510080003,2022-01-14 20,0.462
1510080003,2022-01-14 21,0.467
1510080003,2022-01-14 22,0.457
1510080003,2022-01-14 23,0.419
1510080003,2022-01-15 00,0.431
1510080003,2022-01-15 01,0.431
1510080003,2022-01-15 02,0.434
1510080003,2022-01-15 03,0.405
1510080003,2022-01-15 04,0.403
1510080003,2022-01-15 05,0.382
1510080003,2022-01-15 06,0.378
1510080003,2022-01-15 07,0.387
1510080003,2022-01-15 08,0.442
1510080003,2022-01-15 09,0.51
1510080003,2022-01-15 10,0.451
1510080003,2022-01-15 11,0.442
1510080003,2022-01-15 12,0.512
1510080003,2022-01-15 13,0.5
1510080003,2022-01-15 14,0.425
1510080003,2022-01-15 15,0.458
1510080003,2022-01-15 16,0.366
1510080003,2022-01-15 17,0.3
1510080003,2022-01-15 18,0.397
1510080003,2022-01-15 19,0.505
1510080003,2022-01-15 20,0.484
1510080003,2022-01-15 21,0.486
1510080003,2022-01-15 22,0.497
1510080003,2022-01-15 23,0.49
1510080003,2022-01-16 00,0.457
1510080003,2022-01-16 01,0.48
1510080003,2022-01-16 02,0.435
1510080003,2022-01-16 03,0.374
1510080003,2022-01-16 04,0.386
1510080003,2022-01-16 05,0.387
1510080003,2022-01-16 06,0.398
1510080003,2022-01-16 07,0.484
1510080003,2022-01-16 08,0.431
1510080003,2022-01-16 09,0.306
1510080003,2022-01-16 10,0.227
1510080003,2022-01-16 11,0.2
1510080003,2022-01-16 12,0.221
1510080003,2022-01-16 13,0.25
1510080003,2022-01-16 14,0.205
1510080003,2022-01-16 15,0.214
1510080003,2022-01-16 16,0.229
1510080003,2022-01-16 17,0.218
1510080003,2022-01-16 18,0.199
1510080003,2022-01-16 19,0.661
1510080003,2022-01-16 20,0.874
1510080003,2022-01-16 21,0.546
1510080003,2022-01-16 22,0.454
1510080003,2022-01-16 23,0.435
1510080003,2022-01-17 00,0.413
1510080003,2022-01-17 01,0.406
1510080003,2022-01-17 02,0.345
1510080003,2022-01-17 03,0.331
1510080003,2022-01-17 04,0.335
1510080003,2022-01-17 05,0.328
1510080003,2022-01-17 06,0.351
1510080003,2022-01-17 07,0.33
1510080003,2022-01-17 08,0.46
1510080003,2022-01-17 09,0.544
1510080003,2022-01-17 10,0.529
1510080003,2022-01-17 11,0.441
1510080003,2022-01-17 12,0.362
1510080003,2022-01-17 13,0.532
1510080003,2022-01-17 14,0.386
1510080003,2022-01-17 15,0.442
1510080003,2022-01-17 16,0.404
1510080003,2022-01-17 17,0.413
1510080003,2022-01-17 18,0.429
1510080003,2022-01-17 19,0.565
1510080003,2022-01-17 20,0.569
1510080003,2022-01-17 21,0.576
1510080003,2022-01-17 22,0.579
1510080003,2022-01-17 23,0.474
1510080003,2022-01-18 00,0.492
1510080003,2022-01-18 01,0.479
1510080003,2022-01-18 02,0.472
1510080003,2022-01-18 03,0.447
1510080003,2022-01-18 04,0.383
1510080003,2022-01-18 05,0.39
1510080003,2022-01-18 06,0.382
1510080003,2022-01-18 07,0.389
1510080003,2022-01-18 08,0.559
1510080003,2022-01-18 09,0.649
1510080003,2022-01-18 10,0.734
1510080003,2022-01-18 11,0.708
1510080003,2022-01-18 12,0.661
1510080003,2022-01-18 13,0.65
1510080003,2022-01-18 14,0.687
1510080003,2022-01-18 15,0.636
1510080003,2022-01-18 16,0.63
1510080003,2022-01-18 17,0.929
1510080003,2022-01-18 18,0.659
1510080003,2022-01-18 19,0.633
1510080003,2022-01-18 20,0.515
1510080003,2022-01-18 21,0.536
1510080003,2022-01-18 22,0.458
1510080003,2022-01-18 23,0.552
1510080003,2022-01-19 00,0.451
1510080003,2022-01-19 01,0.361
1510080003,2022-01-19 02,0.386
1510080003,2022-01-19 03,0.366
1510080003,2022-01-19 04,0.362
1510080003,2022-01-19 05,0.351
1510080003,2022-01-19 06,0.362
1510080003,2022-01-19 07,0.346
1510080003,2022-01-19 08,0.377
1510080003,2022-01-19 09,0.676
1510080003,2022-01-19 10,0.499
1510080003,2022-01-19 11,0.447
1510080003,2022-01-19 12,0.245
1510080003,2022-01-19 13,0.234
1510080003,2022-01-19 14,0.227
1510080003,2022-01-19 15,0.31
1510080003,2022-01-19 16,0.253
1510080003,2022-01-19 17,0.227
1510080003,2022-01-19 18,0.683
1510080003,2022-01-19 19,0.69
1510080003,2022-01-19 20,0.549
1510080003,2022-01-19 21,0.554
1510080003,2022-01-19 22,0.481
1510080003,2022-01-19 23,0.511
1510080003,2022-01-20 00,0.538
1510080003,2022-01-20 01,0.408
1510080003,2022-01-20 02,0.359
1510080003,2022-01-20 03,0.358
1510080003,2022-01-20 04,0.355
1510080003,2022-01-20 05,0.337
1510080003,2022-01-20 06,0.328
1510080003,2022-01-20 07,0.315
1510080003,2022-01-20 08,0.319
1510080003,2022-01-20 09,0.504
1510080003,2022-01-20 10,0.614
1510080003,2022-01-20 11,0.311
1510080003,2022-01-20 12,0.209
1510080003,2022-01-20 13,0.221
1510080003,2022-01-20 14,0.215
1510080003,2022-01-20 15,0.212
1510080003,2022-01-20 16,0.227
1510080003,2022-01-20 17,0.237
1510080003,2022-01-20 18,0.691
1510080003,2022-01-20 19,0.653
1510080003,2022-01-20 20,0.503
1510080003,2022-01-20 21,0.464
1510080003,2022-01-20 22,0.584
1510080003,2022-01-20 23,0.652
1510080003,2022-01-21 00,0.771
1510080003,2022-01-21 01,0.643
1510080003,2022-01-21 02,0.623
1510080003,2022-01-21 03,0.431
1510080003,2022-01-21 04,0.376
1510080003,2022-01-21 05,0.396
1510080003,2022-01-21 06,0.408
1510080003,2022-01-21 07,0.396
1510080003,2022-01-21 08,0.383
1510080003,2022-01-21 09,0.545
1510080003,2022-01-21 10,0.619
1510080003,2022-01-21 11,0.807
1510080003,2022-01-21 12,0.459
1510080003,2022-01-21 13,0.313
1510080003,2022-01-21 14,0.23
1510080003,2022-01-21 15,0.213
1510080003,2022-01-21 16,0.175
1510080003,2022-01-21 17,0.352
1510080003,2022-01-21 18,0.666
1510080003,2022-01-21 19,1.247
1510080003,2022-01-21 20,0.882
1510080003,2022-01-21 21,0.774
1510080003,2022-01-21 22,0.694
1510080003,2022-01-21 23,0.669
1510080003,2022-01-22 00,0.606
1510080003,2022-01-22 01,0.417
1510080003,2022-01-22 02,0.409
1510080003,2022-01-22 03,0.419
1510080003,2022-01-22 04,0.393
1510080003,2022-01-22 05,0.375
1510080003,2022-01-22 06,0.436
1510080003,2022-01-22 07,0.436
1510080003,2022-01-22 08,0.502
1510080003,2022-01-22 09,0.485
1510080003,2022-01-22 10,0.641
1510080003,2022-01-22 11,0.534
1510080003,2022-01-22 12,0.818
1510080003,2022-01-22 13,0.608
1510080003,2022-01-22 14,0.628
1510080003,2022-01-22 15,0.705
1510080003,2022-01-22 16,0.73
1510080003,2022-01-22 17,0.694
1510080003,2022-01-22 18,0.751
1510080003,2022-01-22 19,0.632
1510080003,2022-01-22 20,0.619
1510080003,2022-01-22 21,0.62
1510080003,2022-01-22 22,0.571
1510080003,2022-01-22 23,0.426
1510080003,2022-01-23 00,0.443
1510080003,2022-01-23 01,0.466
1510080003,2022-01-23 02,0.447
1510080003,2022-01-23 03,0.433
1510080003,2022-01-23 04,0.393
1510080003,2022-01-23 05,0.408
1510080003,2022-01-23 06,0.46
1510080003,2022-01-23 07,0.408
1510080003,2022-01-23 08,0.423
1510080003,2022-01-23 09,0.6
1510080003,2022-01-23 10,0.758
1510080003,2022-01-23 11,0.699
1510080003,2022-01-23 12,0.903
1510080003,2022-01-23 13,0.75
1510080003,2022-01-23 14,0.706
1510080003,2022-01-23 15,0.729
1510080003,2022-01-23 16,0.632
1510080003,2022-01-23 17,0.719
1510080003,2022-01-23 18,0.646
1510080003,2022-01-23 19,0.661
1510080003,2022-01-23 20,0.874
1510080003,2022-01-23 21,0.546
1510080003,2022-01-23 22,0.454
1510080003,2022-01-23 23,0.435
1510080003,2022-01-24 00,0.413
1510080003,2022-01-24 01,0.406
1510080003,2022-01-24 02,0.345
1510080003,2022-01-24 03,0.331
1510080003,2022-01-24 04,0.335
1510080003,2022-01-24 05,0.328
1510080003,2022-01-24 06,0.351
1510080003,2022-01-24 07,0.33
1510080003,2022-01-24 08,0.46
1510080003,2022-01-24 09,0.544
1510080003,2022-01-24 10,0.529
1510080003,2022-01-24 11,0.441
1510080003,2022-01-24 12,0.362
1510080003,2022-01-24 13,0.532
1510080003,2022-01-24 14,0.386
1510080003,2022-01-24 15,0.442
1510080003,2022-01-24 16,0.404
1510080003,2022-01-24 17,0.413
1510080003,2022-01-24 18,0.429
1510080003,2022-01-24 19,0.565
1510080003,2022-01-24 20,0.569
1510080003,2022-01-24 21,0.576
1510080003,2022-01-24 22,0.579
1510080003,2022-01-24 23,0.474
1510080003,2022-01-25 00,0.492
1510080003,2022-01-25 01,0.479
1510080003,2022-01-25 02,0.472
1510080003,2022-01-25 03,0.447
1510080003,2022-01-25 04,0.383
1510080003,2022-01-25 05,0.39
1510080003,2022-01-25 06,0.382
1510080003,2022-01-25 07,0.389
1510080003,2022-01-25 08,0.559
1510080003,2022-01-25 09,0.649
1510080003,2022-01-25 10,0.734
1510080003,2022-01-25 11,0.708
1510080003,2022-01-25 12,0.661
1510080003,2022-01-25 13,0.65
1510080003,2022-01-25 14,0.687
1510080003,2022-01-25 15,0.636
1510080003,2022-01-25 16,0.63
1510080003,2022-01-25 17,0.929
1510080003,2022-01-25 18,0.659
1510080003,2022-01-25 19,0.633
1510080003,2022-01-25 20,0.515
1510080003,2022-01-25 21,0.515
1510080003,2022-01-25 22,0.517
1510080003,2022-01-25 23,0.47
1510080003,2022-01-26 00,0.472
1510080003,2022-01-26 01,0.452
1510080003,2022-01-26 02,0.432
1510080003,2022-01-26 03,0.347
1510080003,2022-01-26 04,0.349
1510080003,2022-01-26 05,0.396
1510080003,2022-01-26 06,0.372
1510080003,2022-01-26 07,0.334
1510080003,2022-01-26 08,0.456
1510080003,2022-01-26 09,0.566
1510080003,2022-01-26 10,0.527
1510080003,2022-01-26 11,0.426
1510080003,2022-01-26 12,0.592
1510080003,2022-01-26 13,0.57
1510080003,2022-01-26 14,0.552
1510080003,2022-01-26 15,0.54
1510080003,2022-01-26 16,0.469
1510080003,2022-01-26 17,0.55
1510080003,2022-01-26 18,0.45
1510080003,2022-01-26 19,0.562
1510080003,2022-01-26 20,0.641
1510080003,2022-01-26 21,0.73
1510080003,2022-01-26 22,0.687
1510080003,2022-01-26 23,0.69
1510080003,2022-01-27 00,0.674
1510080003,2022-01-27 01,0.634
1510080003,2022-01-27 02,0.603
1510080003,2022-01-27 03,0.607
1510080003,2022-01-27 04,0.587
1510080003,2022-01-27 05,0.57
1510080003,2022-01-27 06,0.635
1510080003,2022-01-27 07,0.605
1510080003,2022-01-27 08,0.681
1510080003,2022-01-27 09,0.571
1510080003,2022-01-27 10,0.493
1510080003,2022-01-27 11,0.449
1510080003,2022-01-27 12,0.496
1510080003,2022-01-27 13,0.655
1510080003,2022-01-27 14,0.404
1510080003,2022-01-27 15,0.399
1510080003,2022-01-27 16,0.463
1510080003,2022-01-27 17,0.416
1510080003,2022-01-27 18,0.433
1510080003,2022-01-27 19,0.577
1510080003,2022-01-27 20,0.553
1510080003,2022-01-27 21,0.404
1510080003,2022-01-27 22,0.434
1510080003,2022-01-27 23,0.414
1510080003,2022-01-28 00,0.395
1510080003,2022-01-28 01,0.339
1510080003,2022-01-28 02,0.32
1510080003,2022-01-28 03,0.301
1510080003,2022-01-28 04,0.355
1510080003,2022-01-28 05,0.373
1510080003,2022-01-28 06,0.405
1510080003,2022-01-28 07,0.344
1510080003,2022-01-28 08,0.377
1510080003,2022-01-28 09,0.529
1510080003,2022-01-28 10,0.744
1510080003,2022-01-28 11,0.782
1510080003,2022-01-28 12,0.857
1510080003,2022-01-28 13,0.646
1510080003,2022-01-28 14,0.537
1510080003,2022-01-28 15,0.393
1510080003,2022-01-28 16,0.352
1510080003,2022-01-28 17,0.7
1510080003,2022-01-28 18,0.395
1510080003,2022-01-28 19,0.664
1510080003,2022-01-28 20,0.581
1510080003,2022-01-28 21,0.528
1510080003,2022-01-28 22,0.559
1510080003,2022-01-28 23,0.524
1510080003,2022-01-29 00,0.485
1510080003,2022-01-29 01,0.416
1510080003,2022-01-29 02,0.411
1510080003,2022-01-29 03,0.386
1510080003,2022-01-29 04,0.33
1510080003,2022-01-29 05,0.36
1510080003,2022-01-29 06,0.379
1510080003,2022-01-29 07,0.454
1510080003,2022-01-29 08,0.639
1510080003,2022-01-29 09,0.812
1510080003,2022-01-29 10,0.525
1510080003,2022-01-29 11,0.562
1510080003,2022-01-29 12,0.681
1510080003,2022-01-29 13,0.681
1510080003,2022-01-29 14,0.663
1510080003,2022-01-29 15,0.573
1510080003,2022-01-29 16,0.585
1510080003,2022-01-29 17,0.462
1510080003,2022-01-29 18,0.478
1510080003,2022-01-29 19,0.735
1510080003,2022-01-29 20,0.524
1510080003,2022-01-29 21,0.509
1510080003,2022-01-29 22,0.567
1510080003,2022-01-29 23,0.898
1510080003,2022-01-30 00,0.507
1510080003,2022-01-30 01,0.525
1510080003,2022-01-30 02,0.479
1510080003,2022-01-30 03,0.396
1510080003,2022-01-30 04,0.373
1510080003,2022-01-30 05,0.447
1510080003,2022-01-30 06,0.554
1510080003,2022-01-30 07,0.495
1510080003,2022-01-30 08,0.492
1510080003,2022-01-30 09,0.567
1510080003,2022-01-30 10,0.844
1510080003,2022-01-30 11,0.74
1510080003,2022-01-30 12,0.616
1510080003,2022-01-30 13,0.604
1510080003,2022-01-30 14,0.625
1510080003,2022-01-30 15,0.675
1510080003,2022-01-30 16,0.506
1510080003,2022-01-30 17,0.495
1510080003,2022-01-30 18,0.668
1510080003,2022-01-30 19,0.572
1510080003,2022-01-30 20,0.511
1510080003,2022-01-30 21,0.518
1510080003,2022-01-30 22,0.53
1510080003,2022-01-30 23,0.533
1510080003,2022-01-31 00,0.514
1510080003,2022-01-31 01,0.464
1510080003,2022-01-31 02,0.429
1510080003,2022-01-31 03,0.457
1510080003,2022-01-31 04,0.481
1510080003,2022-01-31 05,0.474
1510080003,2022-01-31 06,0.448
1510080003,2022-01-31 07,0.813
1510080003,2022-01-31 08,0.547
1510080003,2022-01-31 09,1.18
1510080003,2022-01-31 10,1.728
1510080003,2022-01-31 11,2.228
1510080003,2022-01-31 12,2.139
1510080003,2022-01-31 13,2.132
1510080003,2022-01-31 14,1.559
1510080003,2022-01-31 15,0.873
1510080003,2022-01-31 16,0.641
1510080003,2022-01-31 17,0.543
1510080003,2022-01-31 18,0.524
1510080003,2022-01-31 19,0.533
1510080003,2022-01-31 20,0.802
1510080003,2022-01-31 21,0.668
1510080003,2022-01-31 22,0.571
1510080003,2022-01-31 23,0.511
1510080003,2022-02-01 00,0.419
1510080003,2022-02-01 01,0.369
1510080003,2022-02-01 02,0.364
1510080003,2022-02-01 03,0.352
1510080003,2022-02-01 04,0.364
1510080003,2022-02-01 05,0.358
1510080003,2022-02-01 06,0.341
1510080003,2022-02-01 07,0.453
1510080003,2022-02-01 08,0.591
1510080003,2022-02-01 09,0.473
1510080003,2022-02-01 10,0.443
1510080003,2022-02-01 11,0.432
1510080003,2022-02-01 12,0.407
1510080003,2022-02-01 13,0.717
1510080003,2022-02-01 14,0.907
1510080003,2022-02-01 15,0.746
1510080003,2022-02-01 16,0.677
1510080003,2022-02-01 17,0.715
1510080003,2022-02-01 18,0.693
1510080003,2022-02-01 19,0.717
1510080003,2022-02-01 20,0.519
1510080003,2022-02-01 21,0.455
1510080003,2022-02-01 22,0.483
1510080003,2022-02-01 23,0.503
1510080003,2022-02-02 00,0.48
1510080003,2022-02-02 01,0.465
1510080003,2022-02-02 02,0.416
1510080003,2022-02-02 03,0.417
1510080003,2022-02-02 04,0.398
1510080003,2022-02-02 05,0.403
1510080003,2022-02-02 06,0.406
1510080003,2022-02-02 07,0.405
1510080003,2022-02-02 08,0.445
1510080003,2022-02-02 09,1.036
1510080003,2022-02-02 10,0.571
1510080003,2022-02-02 11,0.476
1510080003,2022-02-02 12,0.608
1510080003,2022-02-02 13,0.678
1510080003,2022-02-02 14,0.648
1510080003,2022-02-02 15,0.627
1510080003,2022-02-02 16,0.651
1510080003,2022-02-02 17,0.463
1510080003,2022-02-02 18,0.44
1510080003,2022-02-02 19,0.544
1510080003,2022-02-02 20,0.562
1510080003,2022-02-02 21,0.461
1510080003,2022-02-02 22,0.433
1510080003,2022-02-02 23,0.448
1510080003,2022-02-03 00,0.476
1510080003,2022-02-03 01,0.431
1510080003,2022-02-03 02,0.414
1510080003,2022-02-03 03,0.383
1510080003,2022-02-03 04,0.38
1510080003,2022-02-03 05,0.373
1510080003,2022-02-03 06,0.314
1510080003,2022-02-03 07,0.313
1510080003,2022-02-03 08,0.462
1510080003,2022-02-03 09,0.579
1510080003,2022-02-03 10,0.439
1510080003,2022-02-03 11,0.607
1510080003,2022-02-03 12,0.621
1510080003,2022-02-03 13,0.613
1510080003,2022-02-03 14,0.648
1510080003,2022-02-03 15,0.395
1510080003,2022-02-03 16,0.402
1510080003,2022-02-03 17,0.86
1510080003,2022-02-03 18,0.835
1510080003,2022-02-03 19,0.737
1510080003,2022-02-03 20,0.75
1510080003,2022-02-03 21,0.706
1510080003,2022-02-03 22,0.72
1510080003,2022-02-03 23,0.662
1510080003,2022-02-04 00,0.65
1510080003,2022-02-04 01,0.587
1510080003,2022-02-04 02,0.454
1510080003,2022-02-04 03,0.357
1510080003,2022-02-04 04,0.377
1510080003,2022-02-04 05,0.419
1510080003,2022-02-04 06,0.414
1510080003,2022-02-04 07,0.548
1510080003,2022-02-04 08,0.532
1510080003,2022-02-04 09,0.519
1510080003,2022-02-04 10,0.472
1510080003,2022-02-04 11,0.31
1510080003,2022-02-04 12,0.298
1510080003,2022-02-04 13,0.315
1510080003,2022-02-04 14,0.27
1510080003,2022-02-04 15,0.296
1510080003,2022-02-04 16,0.41
1510080003,2022-02-04 17,0.588
1510080003,2022-02-04 18,0.371
1510080003,2022-02-04 19,0.235
1510080003,2022-02-04 20,0.227
1510080003,2022-02-04 21,0.228
1510080003,2022-02-04 22,0.214
1510080003,2022-02-04 23,0.21
1510080003,2022-02-05 00,0.2
1510080003,2022-02-05 01,0.222
1510080003,2022-02-05 02,0.202
1510080003,2022-02-05 03,0.201
1510080003,2022-02-05 04,0.211
1510080003,2022-02-05 05,0.24
1510080003,2022-02-05 06,0.189
1510080003,2022-02-05 07,0.208
1510080003,2022-02-05 08,0.202
1510080003,2022-02-05 09,0.186
1510080003,2022-02-05 10,0.221
1510080003,2022-02-05 11,0.193
1510080003,2022-02-05 12,0.204
1510080003,2022-02-05 13,0.204
1510080003,2022-02-05 14,0.208
1510080003,2022-02-05 15,0.21
1510080003,2022-02-05 16,0.194
1510080003,2022-02-05 17,0.211
1510080003,2022-02-05 18,0.195
1510080003,2022-02-05 19,0.203
1510080003,2022-02-05 20,0.399
1510080003,2022-02-05 21,0.82
1510080003,2022-02-05 22,0.476
1510080003,2022-02-05 23,0.405
1510080003,2022-02-06 00,0.366
1510080003,2022-02-06 01,0.513
1510080003,2022-02-06 02,0.421
1510080003,2022-02-06 03,0.444
1510080003,2022-02-06 04,0.413
1510080003,2022-02-06 05,0.431
1510080003,2022-02-06 06,0.396
1510080003,2022-02-06 07,0.458
1510080003,2022-02-06 08,0.407
1510080003,2022-02-06 09,0.421
1510080003,2022-02-06 10,0.422
1510080003,2022-02-06 11,0.431
1510080003,2022-02-06 12,0.405
1510080003,2022-02-06 13,0.646
1510080003,2022-02-06 14,0.43
1510080003,2022-02-06 15,0.402
1510080003,2022-02-06 16,0.399
1510080003,2022-02-06 17,0.387
1510080003,2022-02-06 18,0.419
1510080003,2022-02-06 19,0.487
1510080003,2022-02-06 20,0.437
1510080003,2022-02-06 21,0.431
1510080003,2022-02-06 22,0.537
1510080003,2022-02-06 23,0.505
1510080003,2022-02-07 00,0.413
1510080003,2022-02-07 01,0.45
1510080003,2022-02-07 02,0.457
1510080003,2022-02-07 03,0.462
1510080003,2022-02-07 04,0.404
1510080003,2022-02-07 05,0.431
1510080003,2022-02-07 06,0.396
1510080003,2022-02-07 07,0.374
1510080003,2022-02-07 08,0.526
1510080003,2022-02-07 09,0.501
1510080003,2022-02-07 10,0.501
1510080003,2022-02-07 11,0.286
1510080003,2022-02-07 12,0.255
1510080003,2022-02-07 13,0.246
1510080003,2022-02-07 14,0.236
1510080003,2022-02-07 15,0.224
1510080003,2022-02-07 16,0.197
1510080003,2022-02-07 17,0.206
1510080003,2022-02-07 18,0.601
1510080003,2022-02-07 19,0.904
1510080003,2022-02-07 20,0.622
1510080003,2022-02-07 21,0.55
1510080003,2022-02-07 22,0.709
1510080003,2022-02-07 23,0.748
1510080003,2022-02-08 00,0.702
1510080003,2022-02-08 01,0.651
1510080003,2022-02-08 02,0.586
1510080003,2022-02-08 03,0.457
1510080003,2022-02-08 04,0.437
1510080003,2022-02-08 05,0.385
1510080003,2022-02-08 06,0.381
1510080003,2022-02-08 07,0.365
1510080003,2022-02-08 08,0.36
1510080003,2022-02-08 09,0.398
1510080003,2022-02-08 10,0.495
1510080003,2022-02-08 11,0.472
1510080003,2022-02-08 12,0.181
1510080003,2022-02-08 13,0.186
1510080003,2022-02-08 14,0.197
1510080003,2022-02-08 15,0.238
1510080003,2022-02-08 16,0.994
1510080003,2022-02-08 17,0.625
1510080003,2022-02-08 18,0.541
1510080003,2022-02-08 19,0.579
1510080003,2022-02-08 20,0.54
1510080003,2022-02-08 21,0.637
1510080003,2022-02-08 22,0.728
1510080003,2022-02-08 23,0.675
1510080003,2022-02-09 00,0.674
1510080003,2022-02-09 01,0.525
1510080003,2022-02-09 02,0.44
1510080003,2022-02-09 03,0.434
1510080003,2022-02-09 04,0.476
1510080003,2022-02-09 05,0.385
1510080003,2022-02-09 06,0.385
1510080003,2022-02-09 07,0.389
1510080003,2022-02-09 08,0.401
1510080003,2022-02-09 09,0.501
1510080003,2022-02-09 10,0.584
1510080003,2022-02-09 11,0.556
1510080003,2022-02-09 12,0.414
1510080003,2022-02-09 13,0.51
1510080003,2022-02-09 14,0.478
1510080003,2022-02-09 15,0.495
1510080003,2022-02-09 16,0.549
1510080003,2022-02-09 17,0.83
1510080003,2022-02-09 18,0.831
1510080003,2022-02-09 19,0.683
1510080003,2022-02-09 20,0.68
1510080003,2022-02-09 21,0.628
1510080003,2022-02-09 22,0.744
1510080003,2022-02-09 23,0.846
1510080003,2022-02-10 00,0.757
1510080003,2022-02-10 01,0.607
1510080003,2022-02-10 02,0.426
1510080003,2022-02-10 03,0.385
1510080003,2022-02-10 04,0.412
1510080003,2022-02-10 05,0.357
1510080003,2022-02-10 06,0.371
1510080003,2022-02-10 07,0.387
1510080003,2022-02-10 08,0.371
1510080003,2022-02-10 09,0.487
1510080003,2022-02-10 10,0.478
1510080003,2022-02-10 11,0.467
1510080003,2022-02-10 12,0.265
1510080003,2022-02-10 13,0.23
1510080003,2022-02-10 14,0.212
1510080003,2022-02-10 15,0.229
1510080003,2022-02-10 16,0.218
1510080003,2022-02-10 17,0.756
1510080003,2022-02-10 18,0.685
1510080003,2022-02-10 19,0.456
1510080003,2022-02-10 20,0.427
1510080003,2022-02-10 21,0.474
1510080003,2022-02-10 22,0.457
1510080003,2022-02-10 23,0.333
1510080003,2022-02-11 00,0.296
1510080003,2022-02-11 01,0.299
1510080003,2022-02-11 02,0.326
1510080003,2022-02-11 03,0.28
1510080003,2022-02-11 04,0.292
1510080003,2022-02-11 05,0.317
1510080003,2022-02-11 06,0.317
1510080003,2022-02-11 07,0.305
1510080003,2022-02-11 08,0.308
1510080003,2022-02-11 09,0.366
1510080003,2022-02-11 10,0.421
1510080003,2022-02-11 11,0.354
1510080003,2022-02-11 12,0.245
1510080003,2022-02-11 13,0.183
1510080003,2022-02-11 14,0.183
1510080003,2022-02-11 15,0.187
1510080003,2022-02-11 16,0.186
1510080003,2022-02-11 17,0.356
1510080003,2022-02-11 18,0.264
1510080003,2022-02-11 19,0.233
1510080003,2022-02-11 20,0.255
1510080003,2022-02-11 21,0.223
1510080003,2022-02-11 22,0.239
1510080003,2022-02-11 23,0.739
1510080003,2022-02-12 00,0.501
1510080003,2022-02-12 01,0.423
1510080003,2022-02-12 02,0.435
1510080003,2022-02-12 03,0.365
1510080003,2022-02-12 04,0.375
1510080003,2022-02-12 05,0.354
1510080003,2022-02-12 06,0.37
1510080003,2022-02-12 07,0.366
1510080003,2022-02-12 08,0.34
1510080003,2022-02-12 09,0.351
1510080003,2022-02-12 10,0.511
1510080003,2022-02-12 11,0.425
1510080003,2022-02-12 12,0.423
1510080003,2022-02-12 13,0.393
1510080003,2022-02-12 14,0.444
1510080003,2022-02-12 15,0.283
1510080003,2022-02-12 16,0.272
1510080003,2022-02-12 17,0.268
1510080003,2022-02-12 18,0.257
1510080003,2022-02-12 19,0.263
1510080003,2022-02-12 20,0.705
1510080003,2022-02-12 21,0.247
1510080003,2022-02-12 22,0.247
1510080003,2022-02-12 23,0.21
1510080003,2022-02-13 00,0.339
1510080003,2022-02-13 01,0.229
1510080003,2022-02-13 02,0.223
1510080003,2022-02-13 03,0.207
1510080003,2022-02-13 04,0.236
1510080003,2022-02-13 05,0.233
1510080003,2022-02-13 06,0.211
1510080003,2022-02-13 07,0.24
1510080003,2022-02-13 08,0.235
1510080003,2022-02-13 09,0.255
1510080003,2022-02-13 10,0.237
1510080003,2022-02-13 11,0.218
1510080003,2022-02-13 12,0.226
1510080003,2022-02-13 13,0.264
1510080003,2022-02-13 14,0.253
1510080003,2022-02-13 15,0.265
1510080003,2022-02-13 16,0.249
1510080003,2022-02-13 17,0.228
1510080003,2022-02-13 18,0.239
1510080003,2022-02-13 19,0.417
1510080003,2022-02-13 20,1.131
1510080003,2022-02-13 21,0.539
1510080003,2022-02-13 22,0.748
1510080003,2022-02-13 23,0.787
1510080003,2022-02-14 00,0.73
1510080003,2022-02-14 01,0.657
1510080003,2022-02-14 02,0.609
1510080003,2022-02-14 03,0.47
1510080003,2022-02-14 04,0.371
1510080003,2022-02-14 05,0.36
1510080003,2022-02-14 06,0.33
1510080003,2022-02-14 07,0.316
1510080003,2022-02-14 08,0.342
1510080003,2022-02-14 09,0.525
1510080003,2022-02-14 10,0.564
1510080003,2022-02-14 11,0.377
1510080003,2022-02-14 12,0.233
1510080003,2022-02-14 13,0.223
1510080003,2022-02-14 14,0.22
1510080003,2022-02-14 15,0.233
1510080003,2022-02-14 16,0.208
1510080003,2022-02-14 17,0.849
1510080003,2022-02-14 18,0.922
1510080003,2022-02-14 19,0.666
1510080003,2022-02-14 20,0.435
1510080003,2022-02-14 21,0.466
1510080003,2022-02-14 22,0.557
1510080003,2022-02-14 23,0.562
1510080003,2022-02-15 00,0.524
1510080003,2022-02-15 01,0.477
1510080003,2022-02-15 02,0.468
1510080003,2022-02-15 03,0.419
1510080003,2022-02-15 04,0.413
1510080003,2022-02-15 05,0.364
1510080003,2022-02-15 06,0.379
1510080003,2022-02-15 07,0.384
1510080003,2022-02-15 08,0.385
1510080003,2022-02-15 09,0.485
1510080003,2022-02-15 10,0.474
1510080003,2022-02-15 11,0.403
1510080003,2022-02-15 12,0.248
1510080003,2022-02-15 13,0.234
1510080003,2022-02-15 14,0.219
1510080003,2022-02-15 15,0.215
1510080003,2022-02-15 16,0.344
1510080003,2022-02-15 17,0.867
1510080003,2022-02-15 18,0.566
1510080003,2022-02-15 19,0.49
1510080003,2022-02-15 20,0.591
1510080003,2022-02-15 21,0.663
1510080003,2022-02-15 22,0.79
1510080003,2022-02-15 23,0.722
1510080003,2022-02-16 00,0.758
1510080003,2022-02-16 01,0.737
1510080003,2022-02-16 02,0.508
1510080003,2022-02-16 03,0.489
1510080003,2022-02-16 04,0.538
1510080003,2022-02-16 05,0.508
1510080003,2022-02-16 06,0.491
1510080003,2022-02-16 07,0.408
1510080003,2022-02-16 08,0.407
1510080003,2022-02-16 09,0.545
1510080003,2022-02-16 10,0.603
1510080003,2022-02-16 11,0.441
1510080003,2022-02-16 12,0.264
1510080003,2022-02-16 13,0.24
1510080003,2022-02-16 14,0.206
1510080003,2022-02-16 15,0.21
1510080003,2022-02-16 16,0.221
1510080003,2022-02-16 17,0.268
1510080003,2022-02-16 18,0.327
1510080003,2022-02-16 19,0.706
1510080003,2022-02-16 20,0.701
1510080003,2022-02-16 21,0.763
1510080003,2022-02-16 22,0.592
1510080003,2022-02-16 23,0.543
1510080003,2022-02-17 00,0.548
1510080003,2022-02-17 01,0.509
1510080003,2022-02-17 02,0.472
1510080003,2022-02-17 03,0.396
1510080003,2022-02-17 04,0.366
1510080003,2022-02-17 05,0.356
1510080003,2022-02-17 06,0.376
1510080003,2022-02-17 07,0.362
1510080003,2022-02-17 08,0.353
1510080003,2022-02-17 09,0.486
1510080003,2022-02-17 10,0.505
1510080003,2022-02-17 11,0.455
1510080003,2022-02-17 12,0.207
1510080003,2022-02-17 13,0.214
1510080003,2022-02-17 14,0.223
1510080003,2022-02-17 15,0.221
1510080003,2022-02-17 16,0.559
1510080003,2022-02-17 17,0.696
1510080003,2022-02-17 18,0.647
1510080003,2022-02-17 19,0.564
1510080003,2022-02-17 20,0.709
1510080003,2022-02-17 21,0.786
1510080003,2022-02-17 22,0.76
1510080003,2022-02-17 23,0.531
1510080003,2022-02-18 00,0.639
1510080003,2022-02-18 01,0.534
1510080003,2022-02-18 02,0.484
1510080003,2022-02-18 03,0.482
1510080003,2022-02-18 04,0.451
1510080003,2022-02-18 05,0.446
1510080003,2022-02-18 06,0.419
1510080003,2022-02-18 07,0.37
1510080003,2022-02-18 08,0.376
1510080003,2022-02-18 09,0.542
1510080003,2022-02-18 10,0.547
1510080003,2022-02-18 11,0.393
1510080003,2022-02-18 12,0.234
1510080003,2022-02-18 13,0.205
1510080003,2022-02-18 14,0.212
1510080003,2022-02-18 15,0.445
1510080003,2022-02-18 16,0.61
1510080003,2022-02-18 17,0.919
1510080003,2022-02-18 18,0.786
1510080003,2022-02-18 19,0.845
1510080003,2022-02-18 20,0.764
1510080003,2022-02-18 21,0.714
1510080003,2022-02-18 22,0.593
1510080003,2022-02-18 23,0.533
1510080003,2022-02-19 00,0.35
1510080003,2022-02-19 01,0.34
1510080003,2022-02-19 02,0.349
1510080003,2022-02-19 03,0.391
1510080003,2022-02-19 04,0.376
1510080003,2022-02-19 05,0.357
1510080003,2022-02-19 06,0.313
1510080003,2022-02-19 07,0.261
1510080003,2022-02-19 08,0.288
1510080003,2022-02-19 09,0.304
1510080003,2022-02-19 10,0.289
1510080003,2022-02-19 11,0.321
1510080003,2022-02-19 12,0.363
1510080003,2022-02-19 13,0.376
1510080003,2022-02-19 14,0.34
1510080003,2022-02-19 15,0.426
1510080003,2022-02-19 16,0.282
1510080003,2022-02-19 17,0.29
1510080003,2022-02-19 18,0.273
1510080003,2022-02-19 19,0.263
1510080003,2022-02-19 20,0.705
1510080003,2022-02-19 21,0.591
1510080003,2022-02-19 22,0.496
1510080003,2022-02-19 23,0.496
1510080003,2022-02-20 00,0.449
1510080003,2022-02-20 01,0.324
1510080003,2022-02-20 02,0.345
1510080003,2022-02-20 03,0.362
1510080003,2022-02-20 04,0.342
1510080003,2022-02-20 05,0.33
1510080003,2022-02-20 06,0.325
1510080003,2022-02-20 07,0.36
1510080003,2022-02-20 08,0.403
1510080003,2022-02-20 09,0.407
1510080003,2022-02-20 10,0.406
1510080003,2022-02-20 11,0.274
1510080003,2022-02-20 12,0.277
1510080003,2022-02-20 13,0.29
1510080003,2022-02-20 14,0.276
1510080003,2022-02-20 15,0.273
1510080003,2022-02-20 16,0.261
1510080003,2022-02-20 17,0.274
1510080003,2022-02-20 18,0.271
1510080003,2022-02-20 19,0.269
1510080003,2022-02-20 20,0.605
1510080003,2022-02-20 21,0.647
1510080003,2022-02-20 22,0.491
1510080003,2022-02-20 23,0.509
1510080003,2022-02-21 00,0.555
1510080003,2022-02-21 01,0.501
1510080003,2022-02-21 02,0.596
1510080003,2022-02-21 03,0.54
1510080003,2022-02-21 04,0.515
1510080003,2022-02-21 05,0.5
1510080003,2022-02-21 06,0.48
1510080003,2022-02-21 07,0.488
1510080003,2022-02-21 08,0.492
1510080003,2022-02-21 09,0.497
1510080003,2022-02-21 10,0.561
1510080003,2022-02-21 11,0.47
1510080003,2022-02-21 12,0.198
1510080003,2022-02-21 13,0.229
1510080003,2022-02-21 14,0.254
1510080003,2022-02-21 15,0.247
1510080003,2022-02-21 16,0.208
1510080003,2022-02-21 17,0.378
1510080003,2022-02-21 18,0.251
1510080003,2022-02-21 19,0.727
1510080003,2022-02-21 20,0.991
1510080003,2022-02-21 21,0.638
1510080003,2022-02-21 22,0.69
1510080003,2022-02-21 23,0.733
1510080003,2022-02-22 00,0.718
1510080003,2022-02-22 01,0.667
1510080003,2022-02-22 02,0.605
1510080003,2022-02-22 03,0.468
1510080003,2022-02-22 04,0.398
1510080003,2022-02-22 05,0.409
1510080003,2022-02-22 06,0.441
1510080003,2022-02-22 07,0.409
1510080003,2022-02-22 08,0.383
1510080003,2022-02-22 09,0.488
1510080003,2022-02-22 10,0.522
1510080003,2022-02-22 11,0.417
1510080003,2022-02-22 12,0.271
1510080003,2022-02-22 13,0.172
1510080003,2022-02-22 14,0.279
1510080003,2022-02-22 15,0.336
1510080003,2022-02-22 16,0.23
1510080003,2022-02-22 17,0.391
1510080003,2022-02-22 18,0.612
1510080003,2022-02-22 19,0.714
1510080003,2022-02-22 20,0.654
1510080003,2022-02-22 21,0.624
1510080003,2022-02-22 22,0.68
1510080003,2022-02-22 23,0.595
1510080003,2022-02-23 00,0.606
1510080003,2022-02-23 01,0.699
1510080003,2022-02-23 02,0.698
1510080003,2022-02-23 03,0.553
1510080003,2022-02-23 04,0.347
1510080003,2022-02-23 05,0.389
1510080003,2022-02-23 06,0.356
1510080003,2022-02-23 07,0.467
1510080003,2022-02-23 08,0.457
1510080003,2022-02-23 09,0.5
1510080003,2022-02-23 10,0.523
1510080003,2022-02-23 11,0.454
1510080003,2022-02-23 12,0.204
1510080003,2022-02-23 13,0.211
1510080003,2022-02-23 14,0.225
1510080003,2022-02-23 15,0.232
1510080003,2022-02-23 16,0.22
1510080003,2022-02-23 17,0.357
1510080003,2022-02-23 18,0.258
1510080003,2022-02-23 19,0.369
1510080003,2022-02-23 20,0.703
1510080003,2022-02-23 21,0.845
1510080003,2022-02-23 22,0.718
1510080003,2022-02-23 23,0.698
1510080003,2022-02-24 00,0.49
1510080003,2022-02-24 01,0.468
1510080003,2022-02-24 02,0.434
1510080003,2022-02-24 03,0.442
1510080003,2022-02-24 04,0.455
1510080003,2022-02-24 05,0.444
1510080003,2022-02-24 06,0.545
1510080003,2022-02-24 07,0.445
1510080003,2022-02-24 08,0.476
1510080003,2022-02-24 09,0.531
1510080003,2022-02-24 10,0.548
1510080003,2022-02-24 11,0.53
1510080003,2022-02-24 12,0.228
1510080003,2022-02-24 13,0.22
1510080003,2022-02-24 14,0.217
1510080003,2022-02-24 15,0.22
1510080003,2022-02-24 16,0.262
1510080003,2022-02-24 17,0.495
1510080003,2022-02-24 18,0.355
1510080003,2022-02-24 19,0.425
1510080003,2022-02-24 20,0.838
1510080003,2022-02-24 21,0.588
1510080003,2022-02-24 22,0.511
1510080003,2022-02-24 23,0.413
1510080003,2022-02-25 00,0.386
1510080003,2022-02-25 01,0.386
1510080003,2022-02-25 02,0.413
1510080003,2022-02-25 03,0.441
1510080003,2022-02-25 04,0.417
1510080003,2022-02-25 05,0.371
1510080003,2022-02-25 06,0.321
1510080003,2022-02-25 07,0.344
1510080003,2022-02-25 08,0.308
1510080003,2022-02-25 09,0.452
1510080003,2022-02-25 10,0.44
1510080003,2022-02-25 11,0.346
1510080003,2022-02-25 12,0.201
1510080003,2022-02-25 13,0.187
1510080003,2022-02-25 14,0.175
1510080003,2022-02-25 15,0.456
1510080003,2022-02-25 16,0.231
1510080003,2022-02-25 17,0.31
1510080003,2022-02-25 18,0.59
1510080003,2022-02-25 19,0.632
1510080003,2022-02-25 20,0.676
1510080003,2022-02-25 21,0.626
1510080003,2022-02-25 22,0.623
1510080003,2022-02-25 23,0.805
1510080003,2022-02-26 00,0.791
1510080003,2022-02-26 01,0.736
1510080003,2022-02-26 02,0.668
1510080003,2022-02-26 03,0.615
1510080003,2022-02-26 04,0.463
1510080003,2022-02-26 05,0.427
1510080003,2022-02-26 06,0.421
1510080003,2022-02-26 07,0.473
1510080003,2022-02-26 08,0.512
1510080003,2022-02-26 09,0.522
1510080003,2022-02-26 10,0.401
1510080003,2022-02-26 11,0.355
1510080003,2022-02-26 12,0.423
1510080003,2022-02-26 13,0.395
1510080003,2022-02-26 14,0.372
1510080003,2022-02-26 15,0.274
1510080003,2022-02-26 16,0.281
1510080003,2022-02-26 17,0.255
1510080003,2022-02-26 18,0.224
1510080003,2022-02-26 19,0.228
1510080003,2022-02-26 20,0.242
1510080003,2022-02-26 21,0.219
1510080003,2022-02-26 22,0.222
1510080003,2022-02-26 23,0.26
1510080003,2022-02-27 00,0.233
1510080003,2022-02-27 01,0.197
1510080003,2022-02-27 02,0.203
1510080003,2022-02-27 03,0.255
1510080003,2022-02-27 04,0.193
1510080003,2022-02-27 05,0.306
1510080003,2022-02-27 06,0.234
1510080003,2022-02-27 07,0.197
1510080003,2022-02-27 08,0.199
1510080003,2022-02-27 09,0.243
1510080003,2022-02-27 10,0.203
1510080003,2022-02-27 11,0.216
1510080003,2022-02-27 12,0.217
1510080003,2022-02-27 13,0.212
1510080003,2022-02-27 14,0.222
1510080003,2022-02-27 15,0.237
1510080003,2022-02-27 16,0.227
1510080003,2022-02-27 17,0.241
1510080003,2022-02-27 18,0.225
1510080003,2022-02-27 19,0.224
1510080003,2022-02-27 20,0.206
1510080003,2022-02-27 21,0.218
1510080003,2022-02-27 22,0.2
1510080003,2022-02-27 23,0.21
1510080003,2022-02-28 00,0.228
1510080003,2022-02-28 01,0.708
1510080003,2022-02-28 02,0.513
1510080003,2022-02-28 03,0.405
1510080003,2022-02-28 04,0.389
1510080003,2022-02-28 05,0.4
1510080003,2022-02-28 06,0.387
1510080003,2022-02-28 07,0.351
1510080003,2022-02-28 08,0.444
1510080003,2022-02-28 09,0.41
1510080003,2022-02-28 10,0.416
1510080003,2022-02-28 11,0.39
1510080003,2022-02-28 12,0.411
1510080003,2022-02-28 13,0.432
1510080003,2022-02-28 14,0.435
1510080003,2022-02-28 15,0.441
1510080003,2022-02-28 16,0.369
1510080003,2022-02-28 17,0.286
1510080003,2022-02-28 18,0.267
1510080003,2022-02-28 19,0.274
1510080003,2022-02-28 20,0.288
1510080003,2022-02-28 21,0.402
1510080003,2022-02-28 22,0.397
1510080003,2022-02-28 23,0.457
1510080003,2022-03-01 00,0.342
1510080003,2022-03-01 01,0.329
1510080003,2022-03-01 02,0.333
1510080003,2022-03-01 03,0.357
1510080003,2022-03-01 04,0.357
1510080003,2022-03-01 05,0.363
1510080003,2022-03-01 06,0.335
1510080003,2022-03-01 07,0.351
1510080003,2022-03-01 08,0.366
1510080003,2022-03-01 09,0.455
1510080003,2022-03-01 10,0.36
1510080003,2022-03-01 11,0.366
1510080003,2022-03-01 12,0.399
1510080003,2022-03-01 13,0.389
1510080003,2022-03-01 14,0.401
1510080003,2022-03-01 15,0.369
1510080003,2022-03-01 16,0.353
1510080003,2022-03-01 17,0.375
1510080003,2022-03-01 18,0.445
1510080003,2022-03-01 19,0.49
1510080003,2022-03-01 20,0.586
1510080003,2022-03-01 21,0.626
1510080003,2022-03-01 22,0.97
1510080003,2022-03-01 23,0.757
1510080003,2022-03-02 00,0.694
1510080003,2022-03-02 01,0.696
1510080003,2022-03-02 02,0.647
1510080003,2022-03-02 03,0.377
1510080003,2022-03-02 04,0.348
1510080003,2022-03-02 05,0.356
1510080003,2022-03-02 06,0.334
1510080003,2022-03-02 07,0.357
1510080003,2022-03-02 08,0.403
1510080003,2022-03-02 09,0.447
1510080003,2022-03-02 10,0.55
1510080003,2022-03-02 11,0.306
1510080003,2022-03-02 12,0.214
1510080003,2022-03-02 13,0.211
1510080003,2022-03-02 14,0.213
1510080003,2022-03-02 15,0.218
1510080003,2022-03-02 16,0.2
1510080003,2022-03-02 17,0.201
1510080003,2022-03-02 18,0.179
1510080003,2022-03-02 19,0.178
1510080003,2022-03-02 20,0.316
1510080003,2022-03-02 21,0.898
1510080003,2022-03-02 22,0.518
1510080003,2022-03-02 23,0.464
1510080003,2022-03-03 00,0.443
1510080003,2022-03-03 01,0.484
1510080003,2022-03-03 02,0.445
1510080003,2022-03-03 03,0.418
1510080003,2022-03-03 04,0.395
1510080003,2022-03-03 05,0.414
1510080003,2022-03-03 06,0.352
1510080003,2022-03-03 07,0.319
1510080003,2022-03-03 08,0.436
1510080003,2022-03-03 09,0.53
1510080003,2022-03-03 10,0.56
1510080003,2022-03-03 11,0.266
1510080003,2022-03-03 12,0.272
1510080003,2022-03-03 13,0.192
1510080003,2022-03-03 14,0.209
1510080003,2022-03-03 15,0.244
1510080003,2022-03-03 16,0.323
1510080003,2022-03-03 17,0.297
1510080003,2022-03-03 18,0.234
1510080003,2022-03-03 19,0.263
1510080003,2022-03-03 20,0.936
1510080003,2022-03-03 21,0.639
1510080003,2022-03-03 22,0.763
1510080003,2022-03-03 23,0.837
1510080003,2022-03-04 00,0.726
1510080003,2022-03-04 01,0.742
1510080003,2022-03-04 02,0.641
1510080003,2022-03-04 03,0.628
1510080003,2022-03-04 04,0.586
1510080003,2022-03-04 05,0.388
1510080003,2022-03-04 06,0.366
1510080003,2022-03-04 07,0.393
1510080003,2022-03-04 08,0.388
1510080003,2022-03-04 09,0.466
1510080003,2022-03-04 10,0.501
1510080003,2022-03-04 11,0.426
1510080003,2022-03-04 12,0.473
1510080003,2022-03-04 13,0.485
1510080003,2022-03-04 14,0.458
1510080003,2022-03-04 15,0.293
1510080003,2022-03-04 16,0.216
1510080003,2022-03-04 17,0.236
1510080003,2022-03-04 18,0.196
1510080003,2022-03-04 19,0.187
1510080003,2022-03-04 20,0.217
1510080003,2022-03-04 21,0.166
1510080003,2022-03-04 22,0.182
1510080003,2022-03-04 23,0.206
1510080003,2022-03-05 00,0.168
1510080003,2022-03-05 01,0.179
1510080003,2022-03-05 02,0.201
1510080003,2022-03-05 03,0.159
1510080003,2022-03-05 04,0.178
1510080003,2022-03-05 05,0.175
1510080003,2022-03-05 06,0.163
1510080003,2022-03-05 07,0.187
1510080003,2022-03-05 08,0.181
1510080003,2022-03-05 09,0.156
1510080003,2022-03-05 10,0.166
1510080003,2022-03-05 11,0.179
1510080003,2022-03-05 12,0.182
1510080003,2022-03-05 13,0.18
1510080003,2022-03-05 14,0.295
1510080003,2022-03-05 15,0.206
1510080003,2022-03-05 16,0.231
1510080003,2022-03-05 17,0.32
1510080003,2022-03-05 18,0.236
1510080003,2022-03-05 19,1.18
1510080003,2022-03-05 20,0.672
1510080003,2022-03-05 21,0.539
1510080003,2022-03-05 22,0.531
1510080003,2022-03-05 23,0.547
1510080003,2022-03-06 00,0.469
1510080003,2022-03-06 01,0.454
1510080003,2022-03-06 02,0.392
1510080003,2022-03-06 03,0.366
1510080003,2022-03-06 04,0.375
1510080003,2022-03-06 05,0.393
1510080003,2022-03-06 06,0.406
1510080003,2022-03-06 07,0.357
1510080003,2022-03-06 08,0.508
1510080003,2022-03-06 09,0.483
1510080003,2022-03-06 10,0.489
1510080003,2022-03-06 11,0.373
1510080003,2022-03-06 12,0.712
1510080003,2022-03-06 13,0.595
1510080003,2022-03-06 14,0.603
1510080003,2022-03-06 15,0.659
1510080003,2022-03-06 16,0.442
1510080003,2022-03-06 17,0.368
1510080003,2022-03-06 18,0.36
1510080003,2022-03-06 19,0.462
1510080003,2022-03-06 20,0.674
1510080003,2022-03-06 21,0.839
1510080003,2022-03-06 22,0.655
1510080003,2022-03-06 23,0.448
1510080003,2022-03-07 00,0.433
1510080003,2022-03-07 01,0.448
1510080003,2022-03-07 02,0.499
1510080003,2022-03-07 03,0.453
1510080003,2022-03-07 04,0.401
1510080003,2022-03-07 05,0.4
1510080003,2022-03-07 06,0.408
1510080003,2022-03-07 07,0.424
1510080003,2022-03-07 08,0.501
1510080003,2022-03-07 09,0.55
1510080003,2022-03-07 10,0.481
1510080003,2022-03-07 11,0.209
1510080003,2022-03-07 12,0.204
1510080003,2022-03-07 13,0.238
1510080003,2022-03-07 14,0.227
1510080003,2022-03-07 15,0.325
1510080003,2022-03-07 16,0.236
1510080003,2022-03-07 17,0.299
1510080003,2022-03-07 18,0.641
1510080003,2022-03-07 19,0.358
1510080003,2022-03-07 20,0.494
1510080003,2022-03-07 21,0.525
1510080003,2022-03-07 22,0.462
1510080003,2022-03-07 23,0.392
1510080003,2022-03-08 00,0.379
1510080003,2022-03-08 01,0.358
1510080003,2022-03-08 02,0.421
1510080003,2022-03-08 03,0.379
1510080003,2022-03-08 04,0.321
1510080003,2022-03-08 05,0.369
1510080003,2022-03-08 06,0.407
1510080003,2022-03-08 07,0.457
1510080003,2022-03-08 08,0.48
1510080003,2022-03-08 09,0.493
1510080003,2022-03-08 10,0.492
1510080003,2022-03-08 11,0.254
1510080003,2022-03-08 12,0.248
1510080003,2022-03-08 13,0.223
1510080003,2022-03-08 14,0.349
1510080003,2022-03-08 15,0.258
1510080003,2022-03-08 16,0.28
1510080003,2022-03-08 17,0.288
1510080003,2022-03-08 18,0.253
1510080003,2022-03-08 19,0.258
1510080003,2022-03-08 20,0.23
1510080003,2022-03-08 21,0.228
1510080003,2022-03-08 22,0.239
1510080003,2022-03-08 23,0.274
1510080003,2022-03-09 00,0.217
1510080003,2022-03-09 01,0.221
1510080003,2022-03-09 02,0.219
1510080003,2022-03-09 03,0.201
1510080003,2022-03-09 04,0.227
1510080003,2022-03-09 05,0.212
1510080003,2022-03-09 06,0.214
1510080003,2022-03-09 07,0.22
1510080003,2022-03-09 08,0.204
1510080003,2022-03-09 09,0.198
1510080003,2022-03-09 10,0.223
1510080003,2022-03-09 11,0.22
1510080003,2022-03-09 12,0.212
1510080003,2022-03-09 13,0.228
1510080003,2022-03-09 14,0.234
1510080003,2022-03-09 15,0.234
1510080003,2022-03-09 16,0.295
1510080003,2022-03-09 17,0.64
1510080003,2022-03-09 18,0.677
1510080003,2022-03-09 19,0.527
1510080003,2022-03-09 20,0.666
1510080003,2022-03-09 21,0.782
1510080003,2022-03-09 22,0.514
1510080003,2022-03-09 23,0.57
1510080003,2022-03-10 00,0.69
1510080003,2022-03-10 01,0.618
1510080003,2022-03-10 02,0.63
1510080003,2022-03-10 03,0.579
1510080003,2022-03-10 04,0.346
1510080003,2022-03-10 05,0.348
1510080003,2022-03-10 06,0.307
1510080003,2022-03-10 07,0.343
1510080003,2022-03-10 08,0.305
1510080003,2022-03-10 09,0.563
1510080003,2022-03-10 10,0.479
1510080003,2022-03-10 11,0.273
1510080003,2022-03-10 12,0.187
1510080003,2022-03-10 13,0.228
1510080003,2022-03-10 14,0.196
1510080003,2022-03-10 15,0.214
1510080003,2022-03-10 16,0.388
1510080003,2022-03-10 17,0.479
1510080003,2022-03-10 18,0.251
1510080003,2022-03-10 19,0.267
1510080003,2022-03-10 20,0.563
1510080003,2022-03-10 21,0.831
1510080003,2022-03-10 22,0.744
1510080003,2022-03-10 23,0.699
1510080003,2022-03-11 00,0.803
1510080003,2022-03-11 01,0.751
1510080003,2022-03-11 02,0.72
1510080003,2022-03-11 03,0.635
1510080003,2022-03-11 04,0.473
1510080003,2022-03-11 05,0.457
1510080003,2022-03-11 06,0.453
1510080003,2022-03-11 07,0.501
1510080003,2022-03-11 08,0.457
1510080003,2022-03-11 09,0.487
1510080003,2022-03-11 10,0.545
1510080003,2022-03-11 11,0.425
1510080003,2022-03-11 12,0.234
1510080003,2022-03-11 13,0.264
1510080003,2022-03-11 14,0.351
1510080003,2022-03-11 15,0.39
1510080003,2022-03-11 16,0.339
1510080003,2022-03-11 17,0.337
1510080003,2022-03-11 18,0.252
1510080003,2022-03-11 19,0.417
1510080003,2022-03-11 20,0.729
1510080003,2022-03-11 21,1.047
1510080003,2022-03-11 22,0.752
1510080003,2022-03-11 23,0.708
1510080003,2022-03-12 00,0.673
1510080003,2022-03-12 01,0.514
1510080003,2022-03-12 02,0.412
1510080003,2022-03-12 03,0.443
1510080003,2022-03-12 04,0.399
1510080003,2022-03-12 05,0.406
1510080003,2022-03-12 06,0.437
1510080003,2022-03-12 07,0.431
1510080003,2022-03-12 08,0.411
1510080003,2022-03-12 09,0.417
1510080003,2022-03-12 10,0.422
1510080003,2022-03-12 11,0.4
1510080003,2022-03-12 12,0.476
1510080003,2022-03-12 13,0.519
1510080003,2022-03-12 14,0.264
1510080003,2022-03-12 15,0.278
1510080003,2022-03-12 16,0.264
1510080003,2022-03-12 17,0.234
1510080003,2022-03-12 18,0.236
1510080003,2022-03-12 19,0.27
1510080003,2022-03-12 20,0.26
1510080003,2022-03-12 21,0.532
1510080003,2022-03-12 22,0.639
1510080003,2022-03-12 23,0.518
1510080003,2022-03-13 00,0.477
1510080003,2022-03-13 01,0.433
1510080003,2022-03-13 02,0.413
1510080003,2022-03-13 03,0.416
1510080003,2022-03-13 04,0.354
1510080003,2022-03-13 05,0.365
1510080003,2022-03-13 06,0.362
1510080003,2022-03-13 07,0.351
1510080003,2022-03-13 08,0.457
1510080003,2022-03-13 09,0.394
1510080003,2022-03-13 10,0.307
1510080003,2022-03-13 11,0.256
1510080003,2022-03-13 12,0.228
1510080003,2022-03-13 13,0.232
1510080003,2022-03-13 14,0.253
1510080003,2022-03-13 15,0.258
1510080003,2022-03-13 16,0.227
1510080003,2022-03-13 17,0.227
1510080003,2022-03-13 18,0.247
1510080003,2022-03-13 19,0.442
1510080003,2022-03-13 20,1.338
1510080003,2022-03-13 21,0.771
1510080003,2022-03-13 22,0.858
1510080003,2022-03-13 23,0.766
1510080003,2022-03-14 00,0.751
1510080003,2022-03-14 01,0.715
1510080003,2022-03-14 02,0.528
1510080003,2022-03-14 03,0.406
1510080003,2022-03-14 04,0.365
1510080003,2022-03-14 05,0.349
1510080003,2022-03-14 06,0.351
1510080003,2022-03-14 07,0.408
1510080003,2022-03-14 08,0.415
1510080003,2022-03-14 09,0.472
1510080003,2022-03-14 10,0.628
1510080003,2022-03-14 11,0.275
1510080003,2022-03-14 12,0.234
1510080003,2022-03-14 13,0.24
1510080003,2022-03-14 14,0.256
1510080003,2022-03-14 15,0.255
1510080003,2022-03-14 16,0.529
1510080003,2022-03-14 17,0.531
1510080003,2022-03-14 18,0.381
1510080003,2022-03-14 19,0.407
1510080003,2022-03-14 20,0.894
1510080003,2022-03-14 21,0.642
1510080003,2022-03-14 22,0.484
1510080003,2022-03-14 23,0.462
1510080003,2022-03-15 00,0.448
1510080003,2022-03-15 01,0.465
1510080003,2022-03-15 02,0.368
1510080003,2022-03-15 03,0.335
1510080003,2022-03-15 04,0.323
1510080003,2022-03-15 05,0.365
1510080003,2022-03-15 06,0.335
1510080003,2022-03-15 07,0.353
1510080003,2022-03-15 08,0.346
1510080003,2022-03-15 09,0.451
1510080003,2022-03-15 10,0.446
1510080003,2022-03-15 11,0.487
1510080003,2022-03-15 12,0.356
1510080003,2022-03-15 13,0.333
1510080003,2022-03-15 14,0.33
1510080003,2022-03-15 15,0.347
1510080003,2022-03-15 16,0.353
1510080003,2022-03-15 17,0.348
1510080003,2022-03-15 18,0.269
1510080003,2022-03-15 19,0.296
1510080003,2022-03-15 20,0.455
1510080003,2022-03-15 21,0.44
1510080003,2022-03-15 22,0.522
1510080003,2022-03-15 23,0.513
1510080003,2022-03-16 00,0.475
1510080003,2022-03-16 01,0.452
1510080003,2022-03-16 02,0.446
1510080003,2022-03-16 03,0.389
1510080003,2022-03-16 04,0.352
1510080003,2022-03-16 05,0.355
1510080003,2022-03-16 06,0.333
1510080003,2022-03-16 07,0.377
1510080003,2022-03-16 08,0.337
1510080003,2022-03-16 09,0.485
1510080003,2022-03-16 10,0.567
1510080003,2022-03-16 11,0.274
1510080003,2022-03-16 12,0.254
1510080003,2022-03-16 13,0.263
1510080003,2022-03-16 14,0.277
1510080003,2022-03-16 15,0.267
1510080003,2022-03-16 16,0.313
1510080003,2022-03-16 17,0.354
1510080003,2022-03-16 18,0.26
1510080003,2022-03-16 19,0.344
1510080003,2022-03-16 20,0.876
1510080003,2022-03-16 21,0.676
1510080003,2022-03-16 22,0.593
1510080003,2022-03-16 23,0.704
1510080003,2022-03-17 00,0.684
1510080003,2022-03-17 01,0.778
1510080003,2022-03-17 02,0.611
1510080003,2022-03-17 03,0.429
1510080003,2022-03-17 04,0.414
1510080003,2022-03-17 05,0.422
1510080003,2022-03-17 06,0.341
1510080003,2022-03-17 07,0.397
1510080003,2022-03-17 08,0.424
1510080003,2022-03-17 09,0.469
1510080003,2022-03-17 10,0.555
1510080003,2022-03-17 11,0.458
1510080003,2022-03-17 12,0.233
1510080003,2022-03-17 13,0.242
1510080003,2022-03-17 14,0.254
1510080003,2022-03-17 15,0.398
1510080003,2022-03-17 16,0.696
1510080003,2022-03-17 17,0.323
1510080003,2022-03-17 18,0.285
1510080003,2022-03-17 19,0.359
1510080003,2022-03-17 20,0.863
1510080003,2022-03-17 21,0.73
1510080003,2022-03-17 22,0.643
1510080003,2022-03-17 23,0.678
1510080003,2022-03-18 00,0.656
1510080003,2022-03-18 01,0.655
1510080003,2022-03-18 02,0.475
1510080003,2022-03-18 03,0.417
1510080003,2022-03-18 04,0.423
1510080003,2022-03-18 05,0.331
1510080003,2022-03-18 06,0.314
1510080003,2022-03-18 07,0.355
1510080003,2022-03-18 08,0.352
1510080003,2022-03-18 09,0.49
1510080003,2022-03-18 10,0.506
1510080003,2022-03-18 11,0.281
1510080003,2022-03-18 12,0.244
1510080003,2022-03-18 13,0.227
1510080003,2022-03-18 14,0.226
1510080003,2022-03-18 15,0.501
1510080003,2022-03-18 16,0.373
1510080003,2022-03-18 17,0.487
1510080003,2022-03-18 18,0.396
1510080003,2022-03-18 19,0.434
1510080003,2022-03-18 20,0.599
1510080003,2022-03-18 21,0.669
1510080003,2022-03-18 22,0.863
1510080003,2022-03-18 23,0.847
1510080003,2022-03-19 00,0.734
1510080003,2022-03-19 01,0.648
1510080003,2022-03-19 02,0.551
1510080003,2022-03-19 03,0.416
1510080003,2022-03-19 04,0.403
1510080003,2022-03-19 05,0.404
1510080003,2022-03-19 06,0.376
1510080003,2022-03-19 07,0.421
1510080003,2022-03-19 08,0.458
1510080003,2022-03-19 09,0.472
1510080003,2022-03-19 10,0.546
1510080003,2022-03-19 11,0.521
1510080003,2022-03-19 12,0.932
1510080003,2022-03-19 13,0.793
1510080003,2022-03-19 14,0.478
1510080003,2022-03-19 15,0.559
1510080003,2022-03-19 16,0.507
1510080003,2022-03-19 17,0.266
1510080003,2022-03-19 18,0.646
1510080003,2022-03-19 19,0.536
1510080003,2022-03-19 20,0.491
1510080003,2022-03-19 21,0.463
1510080003,2022-03-19 22,0.499
1510080003,2022-03-19 23,0.451
1510080003,2022-03-20 00,0.41
1510080003,2022-03-20 01,0.385
1510080003,2022-03-20 02,0.375
1510080003,2022-03-20 03,0.341
1510080003,2022-03-20 04,0.335
1510080003,2022-03-20 05,0.301
1510080003,2022-03-20 06,0.311
1510080003,2022-03-20 07,0.316
1510080003,2022-03-20 08,0.401
1510080003,2022-03-20 09,0.402
1510080003,2022-03-20 10,0.369
1510080003,2022-03-20 11,0.221
1510080003,2022-03-20 12,0.255
1510080003,2022-03-20 13,0.226
1510080003,2022-03-20 14,0.217
1510080003,2022-03-20 15,0.234
1510080003,2022-03-20 16,0.216
1510080003,2022-03-20 17,0.219
1510080003,2022-03-20 18,0.234
1510080003,2022-03-20 19,0.212
1510080003,2022-03-20 20,0.202
1510080003,2022-03-20 21,0.234
1510080003,2022-03-20 22,0.202
1510080003,2022-03-20 23,0.779
1510080003,2022-03-21 00,0.494
1510080003,2022-03-21 01,0.397
1510080003,2022-03-21 02,0.379
1510080003,2022-03-21 03,0.427
1510080003,2022-03-21 04,0.411
1510080003,2022-03-21 05,0.415
1510080003,2022-03-21 06,0.444
1510080003,2022-03-21 07,0.411
1510080003,2022-03-21 08,0.411
1510080003,2022-03-21 09,0.51
1510080003,2022-03-21 10,0.501
1510080003,2022-03-21 11,0.362
1510080003,2022-03-21 12,0.225
1510080003,2022-03-21 13,0.246
1510080003,2022-03-21 14,0.233
1510080003,2022-03-21 15,0.22
1510080003,2022-03-21 16,0.548
1510080003,2022-03-21 17,0.419
1510080003,2022-03-21 18,0.386
1510080003,2022-03-21 19,0.312
1510080003,2022-03-21 20,0.725
1510080003,2022-03-21 21,0.88
1510080003,2022-03-21 22,0.855
1510080003,2022-03-21 23,0.683
1510080003,2022-03-22 00,0.691
1510080003,2022-03-22 01,0.656
1510080003,2022-03-22 02,0.381
1510080003,2022-03-22 03,0.36
1510080003,2022-03-22 04,0.374
1510080003,2022-03-22 05,0.299
1510080003,2022-03-22 06,0.319
1510080003,2022-03-22 07,0.302
1510080003,2022-03-22 08,0.416
1510080003,2022-03-22 09,0.381
1510080003,2022-03-22 10,0.42
1510080003,2022-03-22 11,0.449
1510080003,2022-03-22 12,0.212
1510080003,2022-03-22 13,0.207
1510080003,2022-03-22 14,0.2
1510080003,2022-03-22 15,0.189
1510080003,2022-03-22 16,0.209
1510080003,2022-03-22 17,0.219
1510080003,2022-03-22 18,0.196
1510080003,2022-03-22 19,0.75
1510080003,2022-03-22 20,0.777
1510080003,2022-03-22 21,0.597
1510080003,2022-03-22 22,0.667
1510080003,2022-03-22 23,0.761
1510080003,2022-03-23 00,0.674
1510080003,2022-03-23 01,0.451
1510080003,2022-03-23 02,0.399
1510080003,2022-03-23 03,0.348
1510080003,2022-03-23 04,0.33
1510080003,2022-03-23 05,0.355
1510080003,2022-03-23 06,0.378
1510080003,2022-03-23 07,0.401
1510080003,2022-03-23 08,0.406
1510080003,2022-03-23 09,0.441
1510080003,2022-03-23 10,0.495
1510080003,2022-03-23 11,0.396
1510080003,2022-03-23 12,0.225
1510080003,2022-03-23 13,0.273
1510080003,2022-03-23 14,0.268
1510080003,2022-03-23 15,0.319
1510080003,2022-03-23 16,0.453
1510080003,2022-03-23 17,0.53
1510080003,2022-03-23 18,0.555
1510080003,2022-03-23 19,0.833
1510080003,2022-03-23 20,1.111
1510080003,2022-03-23 21,0.727
1510080003,2022-03-23 22,0.66
1510080003,2022-03-23 23,0.639
1510080003,2022-03-24 00,0.601
1510080003,2022-03-24 01,0.602
1510080003,2022-03-24 02,0.642
1510080003,2022-03-24 03,0.61
1510080003,2022-03-24 04,0.569
1510080003,2022-03-24 05,0.545
1510080003,2022-03-24 06,0.56
1510080003,2022-03-24 07,0.528
1510080003,2022-03-24 08,0.755
1510080003,2022-03-24 09,0.6
1510080003,2022-03-24 10,0.706
1510080003,2022-03-24 11,0.66
1510080003,2022-03-24 12,0.706
1510080003,2022-03-24 13,0.635
1510080003,2022-03-24 14,0.607
1510080003,2022-03-24 15,0.586
1510080003,2022-03-24 16,0.584
1510080003,2022-03-24 17,0.627
1510080003,2022-03-24 18,0.619
1510080003,2022-03-24 19,0.65
1510080003,2022-03-24 20,0.805
1510080003,2022-03-24 21,0.691
1510080003,2022-03-24 22,0.496
1510080003,2022-03-24 23,0.449
1510080003,2022-03-25 00,0.413
1510080003,2022-03-25 01,0.436
1510080003,2022-03-25 02,0.348
1510080003,2022-03-25 03,0.315
1510080003,2022-03-25 04,0.349
1510080003,2022-03-25 05,0.341
1510080003,2022-03-25 06,0.351
1510080003,2022-03-25 07,0.378
1510080003,2022-03-25 08,0.502
1510080003,2022-03-25 09,0.528
1510080003,2022-03-25 10,0.756
1510080003,2022-03-25 11,0.64
1510080003,2022-03-25 12,0.58
1510080003,2022-03-25 13,0.569
1510080003,2022-03-25 14,0.641
1510080003,2022-03-25 15,0.568
1510080003,2022-03-25 16,0.496
1510080003,2022-03-25 17,0.308
1510080003,2022-03-25 18,0.624
1510080003,2022-03-25 19,0.495
1510080003,2022-03-25 20,0.688
1510080003,2022-03-25 21,0.502
1510080003,2022-03-25 22,0.478
1510080003,2022-03-25 23,0.434
1510080003,2022-03-26 00,0.43
1510080003,2022-03-26 01,0.383
1510080003,2022-03-26 02,0.397
1510080003,2022-03-26 03,0.436
1510080003,2022-03-26 04,0.402
1510080003,2022-03-26 05,0.377
1510080003,2022-03-26 06,0.327
1510080003,2022-03-26 07,0.433
1510080003,2022-03-26 08,0.406
1510080003,2022-03-26 09,0.599
1510080003,2022-03-26 10,0.791
1510080003,2022-03-26 11,0.665
1510080003,2022-03-26 12,0.617
1510080003,2022-03-26 13,0.584
1510080003,2022-03-26 14,0.593
1510080003,2022-03-26 15,0.606
1510080003,2022-03-26 16,0.338
1510080003,2022-03-26 17,0.295
1510080003,2022-03-26 18,0.462
1510080003,2022-03-26 19,0.635
1510080003,2022-03-26 20,0.534
1510080003,2022-03-26 21,0.524
1510080003,2022-03-26 22,0.513
1510080003,2022-03-26 23,0.547
1510080003,2022-03-27 00,0.41
1510080003,2022-03-27 01,0.385
1510080003,2022-03-27 02,0.375
1510080003,2022-03-27 03,0.341
1510080003,2022-03-27 04,0.335
1510080003,2022-03-27 05,0.301
1510080003,2022-03-27 06,0.311
1510080003,2022-03-27 07,0.316
1510080003,2022-03-27 08,0.401
1510080003,2022-03-27 09,0.402
1510080003,2022-03-27 10,0.369
1510080003,2022-03-27 11,0.676
1510080003,2022-03-27 12,0.701
1510080003,2022-03-27 13,0.632
1510080003,2022-03-27 14,0.811
1510080003,2022-03-27 15,0.544
1510080003,2022-03-27 16,0.419
1510080003,2022-03-27 17,0.311
1510080003,2022-03-27 18,0.315
1510080003,2022-03-27 19,0.318
1510080003,2022-03-27 20,0.7
1510080003,2022-03-27 21,0.464
1510080003,2022-03-27 22,0.453
1510080003,2022-03-27 23,0.401
1510080003,2022-03-28 00,0.35
1510080003,2022-03-28 01,0.344
1510080003,2022-03-28 02,0.332
1510080003,2022-03-28 03,0.323
1510080003,2022-03-28 04,0.353
1510080003,2022-03-28 05,0.336
1510080003,2022-03-28 06,0.32
1510080003,2022-03-28 07,0.401
1510080003,2022-03-28 08,0.502
1510080003,2022-03-28 09,0.485
1510080003,2022-03-28 10,0.654
1510080003,2022-03-28 11,0.581
1510080003,2022-03-28 12,0.56
1510080003,2022-03-28 13,0.563
1510080003,2022-03-28 14,0.577
1510080003,2022-03-28 15,0.892
1510080003,2022-03-28 16,0.371
1510080003,2022-03-28 17,0.26
1510080003,2022-03-28 18,0.739
1510080003,2022-03-28 19,0.312
1510080003,2022-03-28 20,0.725
1510080003,2022-03-28 21,0.88
1510080003,2022-03-28 22,0.855
1510080003,2022-03-28 23,0.683
1510080003,2022-03-29 00,0.691
1510080003,2022-03-29 01,0.656
1510080003,2022-03-29 02,0.381
1510080003,2022-03-29 03,0.36
1510080003,2022-03-29 04,0.374
1510080003,2022-03-29 05,0.299
1510080003,2022-03-29 06,0.319
1510080003,2022-03-29 07,0.302
1510080003,2022-03-29 08,0.416
1510080003,2022-03-29 09,0.381
1510080003,2022-03-29 10,0.42
1510080003,2022-03-29 11,0.449
1510080003,2022-03-29 12,0.212
1510080003,2022-03-29 13,0.207
1510080003,2022-03-29 14,0.2
1510080003,2022-03-29 15,0.189
1510080003,2022-03-29 16,0.209
1510080003,2022-03-29 17,0.219
1510080003,2022-03-29 18,0.196
1510080003,2022-03-29 19,0.75
1510080003,2022-03-29 20,0.777
1510080003,2022-03-29 21,0.597
1510080003,2022-03-29 22,0.667
1510080003,2022-03-29 23,0.761
1510080003,2022-03-30 00,0.674
1510080003,2022-03-30 01,0.451
1510080003,2022-03-30 02,0.399
1510080003,2022-03-30 03,0.348
1510080003,2022-03-30 04,0.33
1510080003,2022-03-30 05,0.355
1510080003,2022-03-30 06,0.378
1510080003,2022-03-30 07,0.401
1510080003,2022-03-30 08,0.406
1510080003,2022-03-30 09,0.441
1510080003,2022-03-30 10,0.495
1510080003,2022-03-30 11,0.396
1510080003,2022-03-30 12,0.225
1510080003,2022-03-30 13,0.273
1510080003,2022-03-30 14,0.268
1510080003,2022-03-30 15,0.319
1510080003,2022-03-30 16,0.453
1510080003,2022-03-30 17,0.53
1510080003,2022-03-30 18,0.555
1510080003,2022-03-30 19,0.833
1510080003,2022-03-30 20,0.688
1510080003,2022-03-30 21,0.564
1510080003,2022-03-30 22,0.476
1510080003,2022-03-30 23,0.428
1510080003,2022-03-31 00,0.415
1510080003,2022-03-31 01,0.448
1510080003,2022-03-31 02,0.43
1510080003,2022-03-31 03,0.428
1510080003,2022-03-31 04,0.356
1510080003,2022-03-31 05,0.356
1510080003,2022-03-31 06,0.351
1510080003,2022-03-31 07,0.355
1510080003,2022-03-31 08,0.416
1510080003,2022-03-31 09,0.424
1510080003,2022-03-31 10,0.459
1510080003,2022-03-31 11,0.27
1510080003,2022-03-31 12,0.257
1510080003,2022-03-31 13,0.253
1510080003,2022-03-31 14,0.255
1510080003,2022-03-31 15,0.747
1510080003,2022-03-31 16,0.435
1510080003,2022-03-31 17,0.425
1510080003,2022-03-31 18,0.248
1510080003,2022-03-31 19,0.535
1510080003,2022-03-31 20,0.582
1510080003,2022-03-31 21,0.44
1510080003,2022-03-31 22,0.472
1510080003,2022-03-31 23,0.42
1510080003,2022-04-01 00,0.48
1510080003,2022-04-01 01,0.4
1510080003,2022-04-01 02,0.359
1510080003,2022-04-01 03,0.362
1510080003,2022-04-01 04,0.356
1510080003,2022-04-01 05,0.323
1510080003,2022-04-01 06,0.343
1510080003,2022-04-01 07,0.347
1510080003,2022-04-01 08,0.358
1510080003,2022-04-01 09,0.415
1510080003,2022-04-01 10,0.339
1510080003,2022-04-01 11,0.364
1510080003,2022-04-01 12,0.299
1510080003,2022-04-01 13,0.278
1510080003,2022-04-01 14,0.277
1510080003,2022-04-01 15,0.315
1510080003,2022-04-01 16,0.325
1510080003,2022-04-01 17,0.252
1510080003,2022-04-01 18,0.258
1510080003,2022-04-01 19,0.41
1510080003,2022-04-01 20,0.822
1510080003,2022-04-01 21,0.568
1510080003,2022-04-01 22,0.609
1510080003,2022-04-01 23,0.633
1510080003,2022-04-02 00,0.75
1510080003,2022-04-02 01,0.693
1510080003,2022-04-02 02,0.704
1510080003,2022-04-02 03,0.689
1510080003,2022-04-02 04,0.582
1510080003,2022-04-02 05,0.371
1510080003,2022-04-02 06,0.323
1510080003,2022-04-02 07,0.396
1510080003,2022-04-02 08,0.532
1510080003,2022-04-02 09,0.433
1510080003,2022-04-02 10,0.492
1510080003,2022-04-02 11,0.625
1510080003,2022-04-02 12,0.624
1510080003,2022-04-02 13,0.424
1510080003,2022-04-02 14,0.289
1510080003,2022-04-02 15,0.261
1510080003,2022-04-02 16,0.249
1510080003,2022-04-02 17,0.284
1510080003,2022-04-02 18,0.281
1510080003,2022-04-02 19,0.249
1510080003,2022-04-02 20,0.243
1510080003,2022-04-02 21,0.263
1510080003,2022-04-02 22,0.269
1510080003,2022-04-02 23,0.234
1510080003,2022-04-03 00,0.264
1510080003,2022-04-03 01,0.226
1510080003,2022-04-03 02,0.242
1510080003,2022-04-03 03,0.238
1510080003,2022-04-03 04,0.23
1510080003,2022-04-03 05,0.237
1510080003,2022-04-03 06,0.223
1510080003,2022-04-03 07,0.229
1510080003,2022-04-03 08,0.238
1510080003,2022-04-03 09,0.215
1510080003,2022-04-03 10,0.226
1510080003,2022-04-03 11,0.239
1510080003,2022-04-03 12,0.222
1510080003,2022-04-03 13,0.24
1510080003,2022-04-03 14,0.236
1510080003,2022-04-03 15,0.247
1510080003,2022-04-03 16,0.362
1510080003,2022-04-03 17,0.412
1510080003,2022-04-03 18,0.304
1510080003,2022-04-03 19,0.604
1510080003,2022-04-03 20,0.773
1510080003,2022-04-03 21,0.777
1510080003,2022-04-03 22,0.792
1510080003,2022-04-03 23,0.782
1510080003,2022-04-04 00,0.744
1510080003,2022-04-04 01,0.695
1510080003,2022-04-04 02,0.556
1510080003,2022-04-04 03,0.448
1510080003,2022-04-04 04,0.434
1510080003,2022-04-04 05,0.365
1510080003,2022-04-04 06,0.348
1510080003,2022-04-04 07,0.331
1510080003,2022-04-04 08,0.372
1510080003,2022-04-04 09,0.42
1510080003,2022-04-04 10,0.424
1510080003,2022-04-04 11,0.244
1510080003,2022-04-04 12,0.253
1510080003,2022-04-04 13,0.217
1510080003,2022-04-04 14,0.219
1510080003,2022-04-04 15,0.26
1510080003,2022-04-04 16,0.392
1510080003,2022-04-04 17,0.351
1510080003,2022-04-04 18,0.208
1510080003,2022-04-04 19,0.185
1510080003,2022-04-04 20,0.526
1510080003,2022-04-04 21,1.24
1510080003,2022-04-04 22,0.673
1510080003,2022-04-04 23,0.473
1510080003,2022-04-05 00,0.493
1510080003,2022-04-05 01,0.461
1510080003,2022-04-05 02,0.453
1510080003,2022-04-05 03,0.454
1510080003,2022-04-05 04,0.434
1510080003,2022-04-05 05,0.42
1510080003,2022-04-05 06,0.42
1510080003,2022-04-05 07,0.425
1510080003,2022-04-05 08,0.356
1510080003,2022-04-05 09,0.569
1510080003,2022-04-05 10,0.47
1510080003,2022-04-05 11,0.31
1510080003,2022-04-05 12,0.228
1510080003,2022-04-05 13,0.255
1510080003,2022-04-05 14,0.26
1510080003,2022-04-05 15,0.479
1510080003,2022-04-05 16,0.645
1510080003,2022-04-05 17,0.396
1510080003,2022-04-05 18,0.317
1510080003,2022-04-05 19,0.35
1510080003,2022-04-05 20,0.463
1510080003,2022-04-05 21,0.551
1510080003,2022-04-05 22,0.517
1510080003,2022-04-05 23,0.512
1510080003,2022-04-06 00,0.432
1510080003,2022-04-06 01,0.401
1510080003,2022-04-06 02,0.441
1510080003,2022-04-06 03,0.436
1510080003,2022-04-06 04,0.426
1510080003,2022-04-06 05,0.372
1510080003,2022-04-06 06,0.336
1510080003,2022-04-06 07,0.447
1510080003,2022-04-06 08,0.417
1510080003,2022-04-06 09,0.425
1510080003,2022-04-06 10,0.323
1510080003,2022-04-06 11,0.222
1510080003,2022-04-06 12,0.263
1510080003,2022-04-06 13,0.232
1510080003,2022-04-06 14,0.736
1510080003,2022-04-06 15,0.689
1510080003,2022-04-06 16,0.372
1510080003,2022-04-06 17,0.347
1510080003,2022-04-06 18,0.243
1510080003,2022-04-06 19,0.499
1510080003,2022-04-06 20,0.85
1510080003,2022-04-06 21,0.702
1510080003,2022-04-06 22,0.709
1510080003,2022-04-06 23,0.694
1510080003,2022-04-07 00,0.702
1510080003,2022-04-07 01,0.672
1510080003,2022-04-07 02,0.567
1510080003,2022-04-07 03,0.542
1510080003,2022-04-07 04,0.564
1510080003,2022-04-07 05,0.586
1510080003,2022-04-07 06,0.577
1510080003,2022-04-07 07,0.583
1510080003,2022-04-07 08,0.527
1510080003,2022-04-07 09,0.523
1510080003,2022-04-07 10,0.531
1510080003,2022-04-07 11,0.389
1510080003,2022-04-07 12,0.261
1510080003,2022-04-07 13,0.259
1510080003,2022-04-07 14,0.231
1510080003,2022-04-07 15,0.266
1510080003,2022-04-07 16,0.244
1510080003,2022-04-07 17,0.242
1510080003,2022-04-07 18,0.271
1510080003,2022-04-07 19,0.478
1510080003,2022-04-07 20,0.889
1510080003,2022-04-07 21,0.608
1510080003,2022-04-07 22,0.716
1510080003,2022-04-07 23,0.696
1510080003,2022-04-08 00,0.716
1510080003,2022-04-08 01,0.713
1510080003,2022-04-08 02,0.565
1510080003,2022-04-08 03,0.378
1510080003,2022-04-08 04,0.334
1510080003,2022-04-08 05,0.372
1510080003,2022-04-08 06,0.35
1510080003,2022-04-08 07,0.501
1510080003,2022-04-08 08,0.348
1510080003,2022-04-08 09,0.515
1510080003,2022-04-08 10,0.409
1510080003,2022-04-08 11,0.263
1510080003,2022-04-08 12,0.252
1510080003,2022-04-08 13,0.236
1510080003,2022-04-08 14,0.237
1510080003,2022-04-08 15,0.321
1510080003,2022-04-08 16,0.427
1510080003,2022-04-08 17,0.391
1510080003,2022-04-08 18,0.287
1510080003,2022-04-08 19,0.35
1510080003,2022-04-08 20,0.819
1510080003,2022-04-08 21,0.618
1510080003,2022-04-08 22,0.612
1510080003,2022-04-08 23,0.635
1510080003,2022-04-09 00,0.595
1510080003,2022-04-09 01,0.563
1510080003,2022-04-09 02,0.555
1510080003,2022-04-09 03,0.553
1510080003,2022-04-09 04,0.575
1510080003,2022-04-09 05,0.528
1510080003,2022-04-09 06,0.543
1510080003,2022-04-09 07,0.632
1510080003,2022-04-09 08,0.57
1510080003,2022-04-09 09,0.842
1510080003,2022-04-09 10,0.547
1510080003,2022-04-09 11,0.439
1510080003,2022-04-09 12,0.595
1510080003,2022-04-09 13,0.722
1510080003,2022-04-09 14,0.546
1510080003,2022-04-09 15,0.479
1510080003,2022-04-09 16,0.461
1510080003,2022-04-09 17,0.281
1510080003,2022-04-09 18,0.225
1510080003,2022-04-09 19,0.221
1510080003,2022-04-09 20,0.195
1510080003,2022-04-09 21,0.231
1510080003,2022-04-09 22,0.192
1510080003,2022-04-09 23,0.193
1510080003,2022-04-10 00,0.208
1510080003,2022-04-10 01,0.44
1510080003,2022-04-10 02,0.811
1510080003,2022-04-10 03,0.398
1510080003,2022-04-10 04,0.334
1510080003,2022-04-10 05,0.321
1510080003,2022-04-10 06,0.292
1510080003,2022-04-10 07,0.278
1510080003,2022-04-10 08,0.323
1510080003,2022-04-10 09,0.424
1510080003,2022-04-10 10,0.429
1510080003,2022-04-10 11,0.22
1510080003,2022-04-10 12,0.198
1510080003,2022-04-10 13,0.199
1510080003,2022-04-10 14,0.21
1510080003,2022-04-10 15,0.228
1510080003,2022-04-10 16,0.242
1510080003,2022-04-10 17,0.22
1510080003,2022-04-10 18,0.207
1510080003,2022-04-10 19,0.201
1510080003,2022-04-10 20,0.437
1510080003,2022-04-10 21,0.823
1510080003,2022-04-10 22,0.507
1510080003,2022-04-10 23,0.406
1510080003,2022-04-11 00,0.436
1510080003,2022-04-11 01,0.517
1510080003,2022-04-11 02,0.53
1510080003,2022-04-11 03,0.526
1510080003,2022-04-11 04,0.499
1510080003,2022-04-11 05,0.336
1510080003,2022-04-11 06,0.282
1510080003,2022-04-11 07,0.42
1510080003,2022-04-11 08,0.315
1510080003,2022-04-11 09,0.421
1510080003,2022-04-11 10,0.436
1510080003,2022-04-11 11,0.265
1510080003,2022-04-11 12,0.189
1510080003,2022-04-11 13,0.437
1510080003,2022-04-11 14,0.24
1510080003,2022-04-11 15,0.277
1510080003,2022-04-11 16,0.637
1510080003,2022-04-11 17,0.359
1510080003,2022-04-11 18,0.286
1510080003,2022-04-11 19,0.289
1510080003,2022-04-11 20,1.075
1510080003,2022-04-11 21,0.906
1510080003,2022-04-11 22,0.699
1510080003,2022-04-11 23,0.597
1510080003,2022-04-12 00,0.523
1510080003,2022-04-12 01,0.429
1510080003,2022-04-12 02,0.448
1510080003,2022-04-12 03,0.439
1510080003,2022-04-12 04,0.403
1510080003,2022-04-12 05,0.39
1510080003,2022-04-12 06,0.383
1510080003,2022-04-12 07,0.4
1510080003,2022-04-12 08,0.44
1510080003,2022-04-12 09,0.481
1510080003,2022-04-12 10,0.401
1510080003,2022-04-12 11,0.272
1510080003,2022-04-12 12,0.27
1510080003,2022-04-12 13,0.27
1510080003,2022-04-12 14,0.229
1510080003,2022-04-12 15,0.381
1510080003,2022-04-12 16,0.422
1510080003,2022-04-12 17,0.396
1510080003,2022-04-12 18,0.27
1510080003,2022-04-12 19,0.374
1510080003,2022-04-12 20,0.577
1510080003,2022-04-12 21,0.861
1510080003,2022-04-12 22,0.663
1510080003,2022-04-12 23,0.719
1510080003,2022-04-13 00,0.631
1510080003,2022-04-13 01,0.634
1510080003,2022-04-13 02,0.509
1510080003,2022-04-13 03,0.397
1510080003,2022-04-13 04,0.481
1510080003,2022-04-13 05,0.419
1510080003,2022-04-13 06,0.424
1510080003,2022-04-13 07,0.415
1510080003,2022-04-13 08,0.392
1510080003,2022-04-13 09,0.633
1510080003,2022-04-13 10,0.458
1510080003,2022-04-13 11,0.51
1510080003,2022-04-13 12,0.471
1510080003,2022-04-13 13,0.351
1510080003,2022-04-13 14,0.299
1510080003,2022-04-13 15,0.773
1510080003,2022-04-13 16,0.478
1510080003,2022-04-13 17,0.413
1510080003,2022-04-13 18,0.309
1510080003,2022-04-13 19,0.307
1510080003,2022-04-13 20,0.695
1510080003,2022-04-13 21,0.484
1510080003,2022-04-13 22,0.372
1510080003,2022-04-13 23,0.349
1510080003,2022-04-14 00,0.396
1510080003,2022-04-14 01,0.463
1510080003,2022-04-14 02,0.353
1510080003,2022-04-14 03,0.342
1510080003,2022-04-14 04,0.331
1510080003,2022-04-14 05,0.332
1510080003,2022-04-14 06,0.304
1510080003,2022-04-14 07,0.324
1510080003,2022-04-14 08,0.386
1510080003,2022-04-14 09,0.56
1510080003,2022-04-14 10,0.483
1510080003,2022-04-14 11,0.377
1510080003,2022-04-14 12,0.224
1510080003,2022-04-14 13,0.237
1510080003,2022-04-14 14,0.261
1510080003,2022-04-14 15,0.396
1510080003,2022-04-14 16,0.407
1510080003,2022-04-14 17,0.363
1510080003,2022-04-14 18,0.22
1510080003,2022-04-14 19,0.317
1510080003,2022-04-14 20,0.723
1510080003,2022-04-14 21,0.579
1510080003,2022-04-14 22,0.58
1510080003,2022-04-14 23,0.674
1510080003,2022-04-15 00,0.659
1510080003,2022-04-15 01,0.63
1510080003,2022-04-15 02,0.547
1510080003,2022-04-15 03,0.304
1510080003,2022-04-15 04,0.314
1510080003,2022-04-15 05,0.327
1510080003,2022-04-15 06,0.304
1510080003,2022-04-15 07,0.364
1510080003,2022-04-15 08,0.39
1510080003,2022-04-15 09,0.489
1510080003,2022-04-15 10,0.376
1510080003,2022-04-15 11,0.298
1510080003,2022-04-15 12,0.232
1510080003,2022-04-15 13,0.221
1510080003,2022-04-15 14,0.288
1510080003,2022-04-15 15,0.458
1510080003,2022-04-15 16,0.203
1510080003,2022-04-15 17,0.249
1510080003,2022-04-15 18,0.248
1510080003,2022-04-15 19,0.202
1510080003,2022-04-15 20,0.196
1510080003,2022-04-15 21,0.187
1510080003,2022-04-15 22,0.687
1510080003,2022-04-15 23,0.776
1510080003,2022-04-16 00,0.662
1510080003,2022-04-16 01,0.664
1510080003,2022-04-16 02,0.653
1510080003,2022-04-16 03,0.632
1510080003,2022-04-16 04,0.362
1510080003,2022-04-16 05,0.309
1510080003,2022-04-16 06,0.333
1510080003,2022-04-16 07,0.337
1510080003,2022-04-16 08,0.369
1510080003,2022-04-16 09,0.431
1510080003,2022-04-16 10,0.673
1510080003,2022-04-16 11,0.448
1510080003,2022-04-16 12,0.196
1510080003,2022-04-16 13,0.252
1510080003,2022-04-16 14,0.274
1510080003,2022-04-16 15,0.335
1510080003,2022-04-16 16,0.342
1510080003,2022-04-16 17,0.473
1510080003,2022-04-16 18,0.311
1510080003,2022-04-16 19,0.46
1510080003,2022-04-16 20,0.483
1510080003,2022-04-16 21,0.372
1510080003,2022-04-16 22,0.466
1510080003,2022-04-16 23,0.383
1510080003,2022-04-17 00,0.37
1510080003,2022-04-17 01,0.358
1510080003,2022-04-17 02,0.327
1510080003,2022-04-17 03,0.295
1510080003,2022-04-17 04,0.293
1510080003,2022-04-17 05,0.318
1510080003,2022-04-17 06,0.318
1510080003,2022-04-17 07,0.313
1510080003,2022-04-17 08,0.372
1510080003,2022-04-17 09,0.44
1510080003,2022-04-17 10,0.384
1510080003,2022-04-17 11,0.27
1510080003,2022-04-17 12,0.289
1510080003,2022-04-17 13,0.266
1510080003,2022-04-17 14,0.257
1510080003,2022-04-17 15,0.297
1510080003,2022-04-17 16,0.295
1510080003,2022-04-17 17,0.268
1510080003,2022-04-17 18,0.269
1510080003,2022-04-17 19,0.286
1510080003,2022-04-17 20,0.27
1510080003,2022-04-17 21,0.393
1510080003,2022-04-17 22,0.526
1510080003,2022-04-17 23,0.701
1510080003,2022-04-18 00,0.575
1510080003,2022-04-18 01,0.57
1510080003,2022-04-18 02,0.553
1510080003,2022-04-18 03,0.541
1510080003,2022-04-18 04,0.397
1510080003,2022-04-18 05,0.373
1510080003,2022-04-18 06,0.36
1510080003,2022-04-18 07,0.349
1510080003,2022-04-18 08,0.318
1510080003,2022-04-18 09,0.485
1510080003,2022-04-18 10,0.493
1510080003,2022-04-18 11,0.333
1510080003,2022-04-18 12,0.286
1510080003,2022-04-18 13,0.305
1510080003,2022-04-18 14,0.287
1510080003,2022-04-18 15,0.269
1510080003,2022-04-18 16,0.63
1510080003,2022-04-18 17,0.337
1510080003,2022-04-18 18,0.229
1510080003,2022-04-18 19,0.24
1510080003,2022-04-18 20,0.287
1510080003,2022-04-18 21,0.37
1510080003,2022-04-18 22,0.704
1510080003,2022-04-18 23,0.457
1510080003,2022-04-19 00,0.435
1510080003,2022-04-19 01,0.39
1510080003,2022-04-19 02,0.374
1510080003,2022-04-19 03,0.41
1510080003,2022-04-19 04,0.365
1510080003,2022-04-19 05,0.364
1510080003,2022-04-19 06,0.347
1510080003,2022-04-19 07,0.36
1510080003,2022-04-19 08,0.368
1510080003,2022-04-19 09,0.412
1510080003,2022-04-19 10,0.63
1510080003,2022-04-19 11,0.285
1510080003,2022-04-19 12,0.301
1510080003,2022-04-19 13,0.543
1510080003,2022-04-19 14,0.314
1510080003,2022-04-19 15,0.345
1510080003,2022-04-19 16,0.56
1510080003,2022-04-19 17,0.375
1510080003,2022-04-19 18,0.277
1510080003,2022-04-19 19,0.316
1510080003,2022-04-19 20,0.631
1510080003,2022-04-19 21,0.676
1510080003,2022-04-19 22,0.649
1510080003,2022-04-19 23,0.728
1510080003,2022-04-20 00,0.682
1510080003,2022-04-20 01,0.656
1510080003,2022-04-20 02,0.655
1510080003,2022-04-20 03,0.565
1510080003,2022-04-20 04,0.429
1510080003,2022-04-20 05,0.431
1510080003,2022-04-20 06,0.41
1510080003,2022-04-20 07,0.37
1510080003,2022-04-20 08,0.409
1510080003,2022-04-20 09,0.456
1510080003,2022-04-20 10,0.596
1510080003,2022-04-20 11,0.521
1510080003,2022-04-20 12,0.533
1510080003,2022-04-20 13,0.532
1510080003,2022-04-20 14,0.515
1510080003,2022-04-20 15,0.507
1510080003,2022-04-20 16,0.575
1510080003,2022-04-20 17,0.581
1510080003,2022-04-20 18,0.508
1510080003,2022-04-20 19,0.622
1510080003,2022-04-20 20,0.692
1510080003,2022-04-20 21,1.107
1510080003,2022-04-20 22,0.842
1510080003,2022-04-20 23,0.803
1510080003,2022-04-21 00,0.767
1510080003,2022-04-21 01,0.706
1510080003,2022-04-21 02,0.7
1510080003,2022-04-21 03,0.455
1510080003,2022-04-21 04,0.447
1510080003,2022-04-21 05,0.398
1510080003,2022-04-21 06,0.412
1510080003,2022-04-21 07,0.424
1510080003,2022-04-21 08,0.42
1510080003,2022-04-21 09,0.536
1510080003,2022-04-21 10,0.68
1510080003,2022-04-21 11,0.514
1510080003,2022-04-21 12,0.526
1510080003,2022-04-21 13,0.528
1510080003,2022-04-21 14,0.508
1510080003,2022-04-21 15,0.545
1510080003,2022-04-21 16,0.569
1510080003,2022-04-21 17,0.536
1510080003,2022-04-21 18,0.226
1510080003,2022-04-21 19,0.416
1510080003,2022-04-21 20,0.833
1510080003,2022-04-21 21,0.568
1510080003,2022-04-21 22,0.61
1510080003,2022-04-21 23,0.609
1510080003,2022-04-22 00,0.505
1510080003,2022-04-22 01,0.525
1510080003,2022-04-22 02,0.449
1510080003,2022-04-22 03,0.446
1510080003,2022-04-22 04,0.441
1510080003,2022-04-22 05,0.519
1510080003,2022-04-22 06,0.436
1510080003,2022-04-22 07,0.445
1510080003,2022-04-22 08,0.435
1510080003,2022-04-22 09,0.492
1510080003,2022-04-22 10,0.906
1510080003,2022-04-22 11,0.414
1510080003,2022-04-22 12,0.32
1510080003,2022-04-22 13,0.235
1510080003,2022-04-22 14,0.258
1510080003,2022-04-22 15,0.337
1510080003,2022-04-22 16,0.413
1510080003,2022-04-22 17,0.377
1510080003,2022-04-22 18,0.269
1510080003,2022-04-22 19,0.536
1510080003,2022-04-22 20,0.652
1510080003,2022-04-22 21,1.192
1510080003,2022-04-22 22,0.811
1510080003,2022-04-22 23,0.776
1510080003,2022-04-23 00,0.618
1510080003,2022-04-23 01,0.415
1510080003,2022-04-23 02,0.348
1510080003,2022-04-23 03,0.299
1510080003,2022-04-23 04,0.262
1510080003,2022-04-23 05,0.256
1510080003,2022-04-23 06,0.259
1510080003,2022-04-23 07,0.254
1510080003,2022-04-23 08,0.258
1510080003,2022-04-23 09,0.23
1510080003,2022-04-23 10,0.232
1510080003,2022-04-23 11,0.241
1510080003,2022-04-23 12,0.252
1510080003,2022-04-23 13,0.271
1510080003,2022-04-23 14,0.262
1510080003,2022-04-23 15,0.223
1510080003,2022-04-23 16,0.24
1510080003,2022-04-23 17,0.274
1510080003,2022-04-23 18,0.261
1510080003,2022-04-23 19,0.29
1510080003,2022-04-23 20,0.235
1510080003,2022-04-23 21,0.244
1510080003,2022-04-23 22,0.261
1510080003,2022-04-23 23,0.25
1510080003,2022-04-24 00,0.229
1510080003,2022-04-24 01,0.232
1510080003,2022-04-24 02,0.249
1510080003,2022-04-24 03,0.25
1510080003,2022-04-24 04,0.228
1510080003,2022-04-24 05,0.231
1510080003,2022-04-24 06,0.253
1510080003,2022-04-24 07,0.238
1510080003,2022-04-24 08,0.341
1510080003,2022-04-24 09,0.244
1510080003,2022-04-24 10,0.223
1510080003,2022-04-24 11,0.229
1510080003,2022-04-24 12,0.274
1510080003,2022-04-24 13,0.262
1510080003,2022-04-24 14,0.257
1510080003,2022-04-24 15,0.247
1510080003,2022-04-24 16,0.273
1510080003,2022-04-24 17,0.284
1510080003,2022-04-24 18,0.365
1510080003,2022-04-24 19,0.41
1510080003,2022-04-24 20,0.759
1510080003,2022-04-24 21,0.985
1510080003,2022-04-24 22,0.76
1510080003,2022-04-24 23,0.732
1510080003,2022-04-25 00,0.714
1510080003,2022-04-25 01,0.509
1510080003,2022-04-25 02,0.441
1510080003,2022-04-25 03,0.373
1510080003,2022-04-25 04,0.332
1510080003,2022-04-25 05,0.342
1510080003,2022-04-25 06,0.339
1510080003,2022-04-25 07,0.312
1510080003,2022-04-25 08,0.472
1510080003,2022-04-25 09,0.469
1510080003,2022-04-25 10,0.56
1510080003,2022-04-25 11,0.451
1510080003,2022-04-25 12,0.232
1510080003,2022-04-25 13,0.237
1510080003,2022-04-25 14,0.273
1510080003,2022-04-25 15,0.472
1510080003,2022-04-25 16,0.616
1510080003,2022-04-25 17,0.328
1510080003,2022-04-25 18,0.254
1510080003,2022-04-25 19,0.233
1510080003,2022-04-25 20,0.413
1510080003,2022-04-25 21,0.405
1510080003,2022-04-25 22,0.389
1510080003,2022-04-25 23,0.817
1510080003,2022-04-26 00,0.567
1510080003,2022-04-26 01,0.49
1510080003,2022-04-26 02,0.495
1510080003,2022-04-26 03,0.495
1510080003,2022-04-26 04,0.431
1510080003,2022-04-26 05,0.434
1510080003,2022-04-26 06,0.431
1510080003,2022-04-26 07,0.456
1510080003,2022-04-26 08,0.439
1510080003,2022-04-26 09,0.445
1510080003,2022-04-26 10,0.495
1510080003,2022-04-26 11,0.425
1510080003,2022-04-26 12,0.23
1510080003,2022-04-26 13,0.234
1510080003,2022-04-26 14,0.261
1510080003,2022-04-26 15,0.409
1510080003,2022-04-26 16,0.703
1510080003,2022-04-26 17,0.619
1510080003,2022-04-26 18,0.335
1510080003,2022-04-26 19,0.761
1510080003,2022-04-26 20,0.545
1510080003,2022-04-26 21,0.538
1510080003,2022-04-26 22,0.59
1510080003,2022-04-26 23,0.446
1510080003,2022-04-27 00,0.429
1510080003,2022-04-27 01,0.369
1510080003,2022-04-27 02,0.357
1510080003,2022-04-27 03,0.361
1510080003,2022-04-27 04,0.354
1510080003,2022-04-27 05,0.343
1510080003,2022-04-27 06,0.351
1510080003,2022-04-27 07,0.379
1510080003,2022-04-27 08,0.444
1510080003,2022-04-27 09,0.458
1510080003,2022-04-27 10,0.511
1510080003,2022-04-27 11,0.385
1510080003,2022-04-27 12,0.276
1510080003,2022-04-27 13,0.265
1510080003,2022-04-27 14,0.334
1510080003,2022-04-27 15,0.641
1510080003,2022-04-27 16,0.276
1510080003,2022-04-27 17,0.284
1510080003,2022-04-27 18,0.234
1510080003,2022-04-27 19,0.268
1510080003,2022-04-27 20,0.637
1510080003,2022-04-27 21,0.613
1510080003,2022-04-27 22,0.623
1510080003,2022-04-27 23,0.387
1510080003,2022-04-28 00,0.517
1510080003,2022-04-28 01,0.592
1510080003,2022-04-28 02,0.604
1510080003,2022-04-28 03,0.6
1510080003,2022-04-28 04,0.414
1510080003,2022-04-28 05,0.33
1510080003,2022-04-28 06,0.353
1510080003,2022-04-28 07,0.366
1510080003,2022-04-28 08,0.338
1510080003,2022-04-28 09,0.378
1510080003,2022-04-28 10,0.505
1510080003,2022-04-28 11,0.584
1510080003,2022-04-28 12,0.425
1510080003,2022-04-28 13,0.406
1510080003,2022-04-28 14,0.774
1510080003,2022-04-28 15,0.59
1510080003,2022-04-28 16,0.336
1510080003,2022-04-28 17,0.35
1510080003,2022-04-28 18,0.28
1510080003,2022-04-28 19,0.376
1510080003,2022-04-28 20,0.803
1510080003,2022-04-28 21,0.734
1510080003,2022-04-28 22,0.666
1510080003,2022-04-28 23,0.488
1510080003,2022-04-29 00,0.415
1510080003,2022-04-29 01,0.38
1510080003,2022-04-29 02,0.459
1510080003,2022-04-29 03,0.483
1510080003,2022-04-29 04,0.448
1510080003,2022-04-29 05,0.431
1510080003,2022-04-29 06,0.467
1510080003,2022-04-29 07,0.457
1510080003,2022-04-29 08,0.49
1510080003,2022-04-29 09,0.57
1510080003,2022-04-29 10,0.546
1510080003,2022-04-29 11,0.429
1510080003,2022-04-29 12,0.254
1510080003,2022-04-29 13,0.242
1510080003,2022-04-29 14,0.28
1510080003,2022-04-29 15,0.353
1510080003,2022-04-29 16,0.302
1510080003,2022-04-29 17,0.271
1510080003,2022-04-29 18,0.257
1510080003,2022-04-29 19,0.54
1510080003,2022-04-29 20,1.115
1510080003,2022-04-29 21,0.843
1510080003,2022-04-29 22,0.763
1510080003,2022-04-29 23,0.717
1510080003,2022-04-30 00,0.681
1510080003,2022-04-30 01,0.563
1510080003,2022-04-30 02,0.446
1510080003,2022-04-30 03,0.437
1510080003,2022-04-30 04,0.43
1510080003,2022-04-30 05,0.433
1510080003,2022-04-30 06,0.445
1510080003,2022-04-30 07,0.496
1510080003,2022-04-30 08,0.415
1510080003,2022-04-30 09,0.427
1510080003,2022-04-30 10,0.424
1510080003,2022-04-30 11,0.418
1510080003,2022-04-30 12,0.443
1510080003,2022-04-30 13,0.428
1510080003,2022-04-30 14,0.442
1510080003,2022-04-30 15,0.443
1510080003,2022-04-30 16,0.479
1510080003,2022-04-30 17,0.418
1510080003,2022-04-30 18,0.436
1510080003,2022-04-30 19,0.437
1510080003,2022-04-30 20,0.425
1510080003,2022-04-30 21,0.482
1510080003,2022-04-30 22,0.454
1510080003,2022-04-30 23,0.396
1510080003,2022-05-01 00,0.377
1510080003,2022-05-01 01,0.363
1510080003,2022-05-01 02,0.319
1510080003,2022-05-01 03,0.275
1510080003,2022-05-01 04,0.288
1510080003,2022-05-01 05,0.301
1510080003,2022-05-01 06,0.371
1510080003,2022-05-01 07,0.199
1510080003,2022-05-01 08,0.195
1510080003,2022-05-01 09,0.211
1510080003,2022-05-01 10,0.192
1510080003,2022-05-01 11,0.18
1510080003,2022-05-01 12,0.207
1510080003,2022-05-01 13,0.208
1510080003,2022-05-01 14,0.2
1510080003,2022-05-01 15,0.262
1510080003,2022-05-01 16,0.68
1510080003,2022-05-01 17,0.453
1510080003,2022-05-01 18,0.43
1510080003,2022-05-01 19,0.453
1510080003,2022-05-01 20,0.64
1510080003,2022-05-01 21,0.931
1510080003,2022-05-01 22,0.692
1510080003,2022-05-01 23,0.6
1510080003,2022-05-02 00,0.615
1510080003,2022-05-02 01,0.624
1510080003,2022-05-02 02,0.55
1510080003,2022-05-02 03,0.532
1510080003,2022-05-02 04,0.559
1510080003,2022-05-02 05,0.349
1510080003,2022-05-02 06,0.336
1510080003,2022-05-02 07,0.403
1510080003,2022-05-02 08,0.345
1510080003,2022-05-02 09,0.462
1510080003,2022-05-02 10,0.434
1510080003,2022-05-02 11,0.192
1510080003,2022-05-02 12,0.203
1510080003,2022-05-02 13,0.194
1510080003,2022-05-02 14,0.483
1510080003,2022-05-02 15,0.726
1510080003,2022-05-02 16,0.395
1510080003,2022-05-02 17,0.669
1510080003,2022-05-02 18,0.362
1510080003,2022-05-02 19,0.431
1510080003,2022-05-02 20,0.491
1510080003,2022-05-02 21,0.588
1510080003,2022-05-02 22,0.554
1510080003,2022-05-02 23,0.517
1510080003,2022-05-03 00,0.506
1510080003,2022-05-03 01,0.522
1510080003,2022-05-03 02,0.472
1510080003,2022-05-03 03,0.39
1510080003,2022-05-03 04,0.426
1510080003,2022-05-03 05,0.358
1510080003,2022-05-03 06,0.376
1510080003,2022-05-03 07,0.465
1510080003,2022-05-03 08,0.454
1510080003,2022-05-03 09,0.441
1510080003,2022-05-03 10,0.563
1510080003,2022-05-03 11,0.279
1510080003,2022-05-03 12,0.237
1510080003,2022-05-03 13,0.249
1510080003,2022-05-03 14,0.232
1510080003,2022-05-03 15,0.463
1510080003,2022-05-03 16,0.722
1510080003,2022-05-03 17,0.529
1510080003,2022-05-03 18,0.322
1510080003,2022-05-03 19,0.36
1510080003,2022-05-03 20,0.534
1510080003,2022-05-03 21,0.753
1510080003,2022-05-03 22,0.676
1510080003,2022-05-03 23,0.736
1510080003,2022-05-04 00,0.681
1510080003,2022-05-04 01,0.748
1510080003,2022-05-04 02,0.705
1510080003,2022-05-04 03,0.676
1510080003,2022-05-04 04,0.503
1510080003,2022-05-04 05,0.443
1510080003,2022-05-04 06,0.42
1510080003,2022-05-04 07,0.409
1510080003,2022-05-04 08,0.448
1510080003,2022-05-04 09,0.524
1510080003,2022-05-04 10,0.223
1510080003,2022-05-04 11,0.231
1510080003,2022-05-04 12,0.276
1510080003,2022-05-04 13,0.679
1510080003,2022-05-04 14,0.393
1510080003,2022-05-04 15,0.34
1510080003,2022-05-04 16,0.351
1510080003,2022-05-04 17,0.506
1510080003,2022-05-04 18,0.436
1510080003,2022-05-04 19,0.352
1510080003,2022-05-04 20,0.403
1510080003,2022-05-04 21,0.896
1510080003,2022-05-04 22,0.774
1510080003,2022-05-04 23,0.59
1510080003,2022-05-05 00,0.577
1510080003,2022-05-05 01,0.46
1510080003,2022-05-05 02,0.448
1510080003,2022-05-05 03,0.425
1510080003,2022-05-05 04,0.358
1510080003,2022-05-05 05,0.481
1510080003,2022-05-05 06,0.387
1510080003,2022-05-05 07,0.455
1510080003,2022-05-05 08,0.484
1510080003,2022-05-05 09,0.572
1510080003,2022-05-05 10,0.592
1510080003,2022-05-05 11,0.661
1510080003,2022-05-05 12,0.665
1510080003,2022-05-05 13,0.591
1510080003,2022-05-05 14,0.537
1510080003,2022-05-05 15,0.555
1510080003,2022-05-05 16,0.509
1510080003,2022-05-05 17,0.491
1510080003,2022-05-05 18,0.339
1510080003,2022-05-05 19,0.27
1510080003,2022-05-05 20,0.24
1510080003,2022-05-05 21,0.238
1510080003,2022-05-05 22,0.403
1510080003,2022-05-05 23,0.471
1510080003,2022-05-06 00,0.683
1510080003,2022-05-06 01,0.578
1510080003,2022-05-06 02,0.418
1510080003,2022-05-06 03,0.445
1510080003,2022-05-06 04,0.396
1510080003,2022-05-06 05,0.373
1510080003,2022-05-06 06,0.421
1510080003,2022-05-06 07,0.394
1510080003,2022-05-06 08,0.371
1510080003,2022-05-06 09,0.473
1510080003,2022-05-06 10,0.444
1510080003,2022-05-06 11,0.451
1510080003,2022-05-06 12,0.193
1510080003,2022-05-06 13,0.193
1510080003,2022-05-06 14,0.466
1510080003,2022-05-06 15,0.418
1510080003,2022-05-06 16,0.436
1510080003,2022-05-06 17,0.381
1510080003,2022-05-06 18,0.236
1510080003,2022-05-06 19,0.288
1510080003,2022-05-06 20,0.87
1510080003,2022-05-06 21,0.717
1510080003,2022-05-06 22,0.751
1510080003,2022-05-06 23,0.743
1510080003,2022-05-07 00,0.795
1510080003,2022-05-07 01,0.739
1510080003,2022-05-07 02,0.697
1510080003,2022-05-07 03,0.736
1510080003,2022-05-07 04,0.493
1510080003,2022-05-07 05,0.404
1510080003,2022-05-07 06,0.421
1510080003,2022-05-07 07,0.417
1510080003,2022-05-07 08,0.518
1510080003,2022-05-07 09,0.473
1510080003,2022-05-07 10,0.505
1510080003,2022-05-07 11,0.516
1510080003,2022-05-07 12,0.267
1510080003,2022-05-07 13,0.267
1510080003,2022-05-07 14,0.297
1510080003,2022-05-07 15,0.573
1510080003,2022-05-07 16,0.472
1510080003,2022-05-07 17,0.375
1510080003,2022-05-07 18,0.324
1510080003,2022-05-07 19,0.43
1510080003,2022-05-07 20,0.346
1510080003,2022-05-07 21,0.255
1510080003,2022-05-07 22,0.234
1510080003,2022-05-07 23,0.246
1510080003,2022-05-08 00,0.258
1510080003,2022-05-08 01,0.25
1510080003,2022-05-08 02,0.231
1510080003,2022-05-08 03,0.233
1510080003,2022-05-08 04,0.269
1510080003,2022-05-08 05,0.238
1510080003,2022-05-08 06,0.224
1510080003,2022-05-08 07,0.262
1510080003,2022-05-08 08,0.232
1510080003,2022-05-08 09,0.226
1510080003,2022-05-08 10,0.263
1510080003,2022-05-08 11,0.239
1510080003,2022-05-08 12,0.229
1510080003,2022-05-08 13,0.247
1510080003,2022-05-08 14,0.246
1510080003,2022-05-08 15,0.235
1510080003,2022-05-08 16,0.256
1510080003,2022-05-08 17,0.246
1510080003,2022-05-08 18,0.238
1510080003,2022-05-08 19,0.269
1510080003,2022-05-08 20,0.238
1510080003,2022-05-08 21,0.233
1510080003,2022-05-08 22,0.242
1510080003,2022-05-08 23,0.828
1510080003,2022-05-09 00,0.651
1510080003,2022-05-09 01,0.482
1510080003,2022-05-09 02,0.44
1510080003,2022-05-09 03,0.452
1510080003,2022-05-09 04,0.352
1510080003,2022-05-09 05,0.479
1510080003,2022-05-09 06,0.38
1510080003,2022-05-09 07,0.462
1510080003,2022-05-09 08,0.443
1510080003,2022-05-09 09,0.53
1510080003,2022-05-09 10,0.495
1510080003,2022-05-09 11,0.535
1510080003,2022-05-09 12,0.276
1510080003,2022-05-09 13,0.246
1510080003,2022-05-09 14,0.243
1510080003,2022-05-09 15,0.539
1510080003,2022-05-09 16,0.499
1510080003,2022-05-09 17,0.534
1510080003,2022-05-09 18,0.5
1510080003,2022-05-09 19,0.409
1510080003,2022-05-09 20,0.541
1510080003,2022-05-09 21,0.62
1510080003,2022-05-09 22,0.917
1510080003,2022-05-09 23,0.766
1510080003,2022-05-10 00,0.713
1510080003,2022-05-10 01,0.698
1510080003,2022-05-10 02,0.666
1510080003,2022-05-10 03,0.639
1510080003,2022-05-10 04,0.378
1510080003,2022-05-10 05,0.315
1510080003,2022-05-10 06,0.322
1510080003,2022-05-10 07,0.335
1510080003,2022-05-10 08,0.29
1510080003,2022-05-10 09,0.376
1510080003,2022-05-10 10,0.506
1510080003,2022-05-10 11,0.456
1510080003,2022-05-10 12,0.284
1510080003,2022-05-10 13,0.233
1510080003,2022-05-10 14,0.289
1510080003,2022-05-10 15,0.462
1510080003,2022-05-10 16,0.39
1510080003,2022-05-10 17,0.313
1510080003,2022-05-10 18,0.236
1510080003,2022-05-10 19,0.303
1510080003,2022-05-10 20,0.731
1510080003,2022-05-10 21,0.533
1510080003,2022-05-10 22,0.775
1510080003,2022-05-10 23,0.678
1510080003,2022-05-11 00,0.707
1510080003,2022-05-11 01,0.658
1510080003,2022-05-11 02,0.608
1510080003,2022-05-11 03,0.323
1510080003,2022-05-11 04,0.318
1510080003,2022-05-11 05,0.351
1510080003,2022-05-11 06,0.355
1510080003,2022-05-11 07,0.394
1510080003,2022-05-11 08,0.352
1510080003,2022-05-11 09,0.433
1510080003,2022-05-11 10,0.439
1510080003,2022-05-11 11,0.311
1510080003,2022-05-11 12,0.222
1510080003,2022-05-11 13,0.205
1510080003,2022-05-11 14,0.457
1510080003,2022-05-11 15,0.245
1510080003,2022-05-11 16,0.458
1510080003,2022-05-11 17,0.406
1510080003,2022-05-11 18,0.244
1510080003,2022-05-11 19,0.364
1510080003,2022-05-11 20,0.783
1510080003,2022-05-11 21,0.599
1510080003,2022-05-11 22,0.522
1510080003,2022-05-11 23,0.57
1510080003,2022-05-12 00,0.65
1510080003,2022-05-12 01,0.632
1510080003,2022-05-12 02,0.628
1510080003,2022-05-12 03,0.636
1510080003,2022-05-12 04,0.581
1510080003,2022-05-12 05,0.444
1510080003,2022-05-12 06,0.382
1510080003,2022-05-12 07,0.409
1510080003,2022-05-12 08,0.394
1510080003,2022-05-12 09,0.5
1510080003,2022-05-12 10,0.749
1510080003,2022-05-12 11,0.67
1510080003,2022-05-12 12,0.608
1510080003,2022-05-12 13,0.403
1510080003,2022-05-12 14,0.534
1510080003,2022-05-12 15,0.508
1510080003,2022-05-12 16,0.457
1510080003,2022-05-12 17,0.383
1510080003,2022-05-12 18,0.278
1510080003,2022-05-12 19,0.349
1510080003,2022-05-12 20,0.434
1510080003,2022-05-12 21,0.521
1510080003,2022-05-12 22,0.585
1510080003,2022-05-12 23,0.678
1510080003,2022-05-13 00,0.642
1510080003,2022-05-13 01,0.456
1510080003,2022-05-13 02,0.431
1510080003,2022-05-13 03,0.46
1510080003,2022-05-13 04,0.489
1510080003,2022-05-13 05,0.436
1510080003,2022-05-13 06,0.424
1510080003,2022-05-13 07,0.425
1510080003,2022-05-13 08,0.423
1510080003,2022-05-13 09,0.405
1510080003,2022-05-13 10,0.52
1510080003,2022-05-13 11,0.419
1510080003,2022-05-13 12,0.268
1510080003,2022-05-13 13,0.257
1510080003,2022-05-13 14,0.238
1510080003,2022-05-13 15,0.388
1510080003,2022-05-13 16,0.453
1510080003,2022-05-13 17,0.293
1510080003,2022-05-13 18,0.203
1510080003,2022-05-13 19,0.283
1510080003,2022-05-13 20,0.561
1510080003,2022-05-13 21,0.887
1510080003,2022-05-13 22,0.579
1510080003,2022-05-13 23,0.524
1510080003,2022-05-14 00,0.646
1510080003,2022-05-14 01,0.637
1510080003,2022-05-14 02,0.607
1510080003,2022-05-14 03,0.614
1510080003,2022-05-14 04,0.643
1510080003,2022-05-14 05,0.599
1510080003,2022-05-14 06,0.395
1510080003,2022-05-14 07,0.372
1510080003,2022-05-14 08,0.411
1510080003,2022-05-14 09,0.453
1510080003,2022-05-14 10,0.313
1510080003,2022-05-14 11,0.327
1510080003,2022-05-14 12,0.188
1510080003,2022-05-14 13,0.198
1510080003,2022-05-14 14,0.214
1510080003,2022-05-14 15,0.208
1510080003,2022-05-14 16,0.217
1510080003,2022-05-14 17,0.218
1510080003,2022-05-14 18,0.213
1510080003,2022-05-14 19,0.211
1510080003,2022-05-14 20,0.199
1510080003,2022-05-14 21,0.195
1510080003,2022-05-14 22,0.21
1510080003,2022-05-14 23,0.189
1510080003,2022-05-15 00,0.185
1510080003,2022-05-15 01,0.207
1510080003,2022-05-15 02,0.186
1510080003,2022-05-15 03,0.193
1510080003,2022-05-15 04,0.192
1510080003,2022-05-15 05,0.195
1510080003,2022-05-15 06,0.186
1510080003,2022-05-15 07,0.181
1510080003,2022-05-15 08,0.188
1510080003,2022-05-15 09,0.194
1510080003,2022-05-15 10,0.188
1510080003,2022-05-15 11,0.189
1510080003,2022-05-15 12,0.195
1510080003,2022-05-15 13,0.194
1510080003,2022-05-15 14,0.214
1510080003,2022-05-15 15,0.202
1510080003,2022-05-15 16,0.197
1510080003,2022-05-15 17,0.208
1510080003,2022-05-15 18,0.261
1510080003,2022-05-15 19,0.271
1510080003,2022-05-15 20,0.21
1510080003,2022-05-15 21,0.199
1510080003,2022-05-15 22,0.213
1510080003,2022-05-15 23,0.559
1510080003,2022-05-16 00,0.822
1510080003,2022-05-16 01,0.522
1510080003,2022-05-16 02,0.416
1510080003,2022-05-16 03,0.365
1510080003,2022-05-16 04,0.393
1510080003,2022-05-16 05,0.383
1510080003,2022-05-16 06,0.358
1510080003,2022-05-16 07,0.386
1510080003,2022-05-16 08,0.475
1510080003,2022-05-16 09,0.443
1510080003,2022-05-16 10,0.432
1510080003,2022-05-16 11,0.375
1510080003,2022-05-16 12,0.264
1510080003,2022-05-16 13,0.494
1510080003,2022-05-16 14,0.513
1510080003,2022-05-16 15,0.771
1510080003,2022-05-16 16,0.442
1510080003,2022-05-16 17,0.445
1510080003,2022-05-16 18,0.284
1510080003,2022-05-16 19,0.349
1510080003,2022-05-16 20,0.539
1510080003,2022-05-16 21,0.442
1510080003,2022-05-16 22,0.497
1510080003,2022-05-16 23,0.832
1510080003,2022-05-17 00,0.795
1510080003,2022-05-17 01,0.76
1510080003,2022-05-17 02,0.495
1510080003,2022-05-17 03,0.477
1510080003,2022-05-17 04,0.462
1510080003,2022-05-17 05,0.484
1510080003,2022-05-17 06,0.499
1510080003,2022-05-17 07,0.497
1510080003,2022-05-17 08,0.467
1510080003,2022-05-17 09,0.526
1510080003,2022-05-17 10,0.5
1510080003,2022-05-17 11,0.366
1510080003,2022-05-17 12,0.254
1510080003,2022-05-17 13,0.244
1510080003,2022-05-17 14,0.245
1510080003,2022-05-17 15,0.609
1510080003,2022-05-17 16,0.415
1510080003,2022-05-17 17,0.384
1510080003,2022-05-17 18,0.273
1510080003,2022-05-17 19,0.339
1510080003,2022-05-17 20,0.502
1510080003,2022-05-17 21,0.824
1510080003,2022-05-17 22,0.565
1510080003,2022-05-17 23,0.517
1510080003,2022-05-18 00,0.454
1510080003,2022-05-18 01,0.422
1510080003,2022-05-18 02,0.467
1510080003,2022-05-18 03,0.447
1510080003,2022-05-18 04,0.42
1510080003,2022-05-18 05,0.416
1510080003,2022-05-18 06,0.483
1510080003,2022-05-18 07,0.416
1510080003,2022-05-18 08,0.449
1510080003,2022-05-18 09,0.515
1510080003,2022-05-18 10,0.445
1510080003,2022-05-18 11,0.432
1510080003,2022-05-18 12,0.334
1510080003,2022-05-18 13,0.273
1510080003,2022-05-18 14,0.265
1510080003,2022-05-18 15,0.499
1510080003,2022-05-18 16,0.39
1510080003,2022-05-18 17,0.37
1510080003,2022-05-18 18,0.294
1510080003,2022-05-18 19,0.324
1510080003,2022-05-18 20,0.668
1510080003,2022-05-18 21,0.822
1510080003,2022-05-18 22,0.697
1510080003,2022-05-18 23,0.75
1510080003,2022-05-19 00,0.74
1510080003,2022-05-19 01,0.653
1510080003,2022-05-19 02,0.608
1510080003,2022-05-19 03,0.509
1510080003,2022-05-19 04,0.423
1510080003,2022-05-19 05,0.39
1510080003,2022-05-19 06,0.386
1510080003,2022-05-19 07,0.431
1510080003,2022-05-19 08,0.374
1510080003,2022-05-19 09,0.476
1510080003,2022-05-19 10,0.517
1510080003,2022-05-19 11,0.499
1510080003,2022-05-19 12,0.523
1510080003,2022-05-19 13,0.543
1510080003,2022-05-19 14,0.813
1510080003,2022-05-19 15,0.639
1510080003,2022-05-19 16,0.474
1510080003,2022-05-19 17,0.513
1510080003,2022-05-19 18,0.469
1510080003,2022-05-19 19,0.364
1510080003,2022-05-19 20,0.4
1510080003,2022-05-19 21,0.339
1510080003,2022-05-19 22,0.517
1510080003,2022-05-19 23,0.843
1510080003,2022-05-20 00,0.77
1510080003,2022-05-20 01,0.664
1510080003,2022-05-20 02,0.506
1510080003,2022-05-20 03,0.42
1510080003,2022-05-20 04,0.396
1510080003,2022-05-20 05,0.375
1510080003,2022-05-20 06,0.415
1510080003,2022-05-20 07,0.421
1510080003,2022-05-20 08,0.456
1510080003,2022-05-20 09,0.419
1510080003,2022-05-20 10,0.423
1510080003,2022-05-20 11,0.398
1510080003,2022-05-20 12,0.218
1510080003,2022-05-20 13,0.474
1510080003,2022-05-20 14,0.259
1510080003,2022-05-20 15,0.288
1510080003,2022-05-20 16,0.464
1510080003,2022-05-20 17,0.346
1510080003,2022-05-20 18,0.269
1510080003,2022-05-20 19,0.493
1510080003,2022-05-20 20,0.742
1510080003,2022-05-20 21,0.924
1510080003,2022-05-20 22,0.774
1510080003,2022-05-20 23,0.731
1510080003,2022-05-21 00,0.559
1510080003,2022-05-21 01,0.444
1510080003,2022-05-21 02,0.453
1510080003,2022-05-21 03,0.45
1510080003,2022-05-21 04,0.429
1510080003,2022-05-21 05,0.381
1510080003,2022-05-21 06,0.403
1510080003,2022-05-21 07,0.413
1510080003,2022-05-21 08,0.397
1510080003,2022-05-21 09,0.393
1510080003,2022-05-21 10,0.414
1510080003,2022-05-21 11,0.47
1510080003,2022-05-21 12,0.521
1510080003,2022-05-21 13,0.299
1510080003,2022-05-21 14,0.268
1510080003,2022-05-21 15,0.269
1510080003,2022-05-21 16,0.276
1510080003,2022-05-21 17,0.241
1510080003,2022-05-21 18,0.261
1510080003,2022-05-21 19,0.404
1510080003,2022-05-21 20,0.663
1510080003,2022-05-21 21,0.581
1510080003,2022-05-21 22,0.461
1510080003,2022-05-21 23,0.472
1510080003,2022-05-22 00,0.481
1510080003,2022-05-22 01,0.436
1510080003,2022-05-22 02,0.445
1510080003,2022-05-22 03,0.472
1510080003,2022-05-22 04,0.47
1510080003,2022-05-22 05,0.451
1510080003,2022-05-22 06,0.358
1510080003,2022-05-22 07,0.372
1510080003,2022-05-22 08,0.384
1510080003,2022-05-22 09,0.323
1510080003,2022-05-22 10,0.489
1510080003,2022-05-22 11,0.433
1510080003,2022-05-22 12,0.392
1510080003,2022-05-22 13,0.433
1510080003,2022-05-22 14,0.333
1510080003,2022-05-22 15,0.273
1510080003,2022-05-22 16,0.288
1510080003,2022-05-22 17,0.287
1510080003,2022-05-22 18,0.275
1510080003,2022-05-22 19,0.26
1510080003,2022-05-22 20,0.242
1510080003,2022-05-22 21,0.304
1510080003,2022-05-22 22,0.551
1510080003,2022-05-22 23,0.64
1510080003,2022-05-23 00,0.651
1510080003,2022-05-23 01,0.531
1510080003,2022-05-23 02,0.531
1510080003,2022-05-23 03,0.497
1510080003,2022-05-23 04,0.456
1510080003,2022-05-23 05,0.374
1510080003,2022-05-23 06,0.345
1510080003,2022-05-23 07,0.37
1510080003,2022-05-23 08,0.395
1510080003,2022-05-23 09,0.451
1510080003,2022-05-23 10,0.782
1510080003,2022-05-23 11,0.742
1510080003,2022-05-23 12,0.506
1510080003,2022-05-23 13,0.5
1510080003,2022-05-23 14,0.591
1510080003,2022-05-23 15,0.538
1510080003,2022-05-23 16,0.414
1510080003,2022-05-23 17,0.309
1510080003,2022-05-23 18,0.244
1510080003,2022-05-23 19,0.328
1510080003,2022-05-23 20,0.366
1510080003,2022-05-23 21,0.735
1510080003,2022-05-23 22,0.469
1510080003,2022-05-23 23,0.913
1510080003,2022-05-24 00,0.573
1510080003,2022-05-24 01,0.424
1510080003,2022-05-24 02,0.452
1510080003,2022-05-24 03,0.456
1510080003,2022-05-24 04,0.443
1510080003,2022-05-24 05,0.413
1510080003,2022-05-24 06,0.383
1510080003,2022-05-24 07,0.441
1510080003,2022-05-24 08,0.495
1510080003,2022-05-24 09,0.444
1510080003,2022-05-24 10,0.462
1510080003,2022-05-24 11,0.585
1510080003,2022-05-24 12,0.268
1510080003,2022-05-24 13,0.223
1510080003,2022-05-24 14,0.327
1510080003,2022-05-24 15,0.41
1510080003,2022-05-24 16,0.377
1510080003,2022-05-24 17,0.359
1510080003,2022-05-24 18,0.247
1510080003,2022-05-24 19,0.345
1510080003,2022-05-24 20,0.596
1510080003,2022-05-24 21,0.688
1510080003,2022-05-24 22,0.782
1510080003,2022-05-24 23,0.734
1510080003,2022-05-25 00,0.671
1510080003,2022-05-25 01,0.497
1510080003,2022-05-25 02,0.364
1510080003,2022-05-25 03,0.354
1510080003,2022-05-25 04,0.35
1510080003,2022-05-25 05,0.331
1510080003,2022-05-25 06,0.346
1510080003,2022-05-25 07,0.353
1510080003,2022-05-25 08,0.407
1510080003,2022-05-25 09,0.417
1510080003,2022-05-25 10,0.513
1510080003,2022-05-25 11,0.641
1510080003,2022-05-25 12,0.362
1510080003,2022-05-25 13,0.512
1510080003,2022-05-25 14,0.381
1510080003,2022-05-25 15,0.705
1510080003,2022-05-25 16,0.469
1510080003,2022-05-25 17,0.395
1510080003,2022-05-25 18,0.278
1510080003,2022-05-25 19,0.317
1510080003,2022-05-25 20,0.618
1510080003,2022-05-25 21,0.608
1510080003,2022-05-25 22,0.638
1510080003,2022-05-25 23,0.566
1510080003,2022-05-26 00,0.496
1510080003,2022-05-26 01,0.497
1510080003,2022-05-26 02,0.444
1510080003,2022-05-26 03,0.441
1510080003,2022-05-26 04,0.451
1510080003,2022-05-26 05,0.409
1510080003,2022-05-26 06,0.4
1510080003,2022-05-26 07,0.367
1510080003,2022-05-26 08,0.507
1510080003,2022-05-26 09,0.439
1510080003,2022-05-26 10,0.432
1510080003,2022-05-26 11,0.428
1510080003,2022-05-26 12,0.248
1510080003,2022-05-26 13,0.265
1510080003,2022-05-26 14,0.243
1510080003,2022-05-26 15,0.774
1510080003,2022-05-26 16,0.441
1510080003,2022-05-26 17,0.402
1510080003,2022-05-26 18,0.258
1510080003,2022-05-26 19,0.351
1510080003,2022-05-26 20,0.521
1510080003,2022-05-26 21,0.833
1510080003,2022-05-26 22,0.612
1510080003,2022-05-26 23,0.516
1510080003,2022-05-27 00,0.47
1510080003,2022-05-27 01,0.45
1510080003,2022-05-27 02,0.415
1510080003,2022-05-27 03,0.452
1510080003,2022-05-27 04,0.372
1510080003,2022-05-27 05,0.332
1510080003,2022-05-27 06,0.331
1510080003,2022-05-27 07,0.341
1510080003,2022-05-27 08,0.34
1510080003,2022-05-27 09,0.399
1510080003,2022-05-27 10,0.411
1510080003,2022-05-27 11,0.478
1510080003,2022-05-27 12,0.549
1510080003,2022-05-27 13,0.493
1510080003,2022-05-27 14,0.6
1510080003,2022-05-27 15,0.716
1510080003,2022-05-27 16,0.586
1510080003,2022-05-27 17,0.36
1510080003,2022-05-27 18,0.25
1510080003,2022-05-27 19,0.408
1510080003,2022-05-27 20,0.619
1510080003,2022-05-27 21,0.867
1510080003,2022-05-27 22,0.798
1510080003,2022-05-27 23,0.763
1510080003,2022-05-28 00,0.736
1510080003,2022-05-28 01,0.652
1510080003,2022-05-28 02,0.441
1510080003,2022-05-28 03,0.307
1510080003,2022-05-28 04,0.299
1510080003,2022-05-28 05,0.313
1510080003,2022-05-28 06,0.323
1510080003,2022-05-28 07,0.395
1510080003,2022-05-28 08,0.366
1510080003,2022-05-28 09,0.475
1510080003,2022-05-28 10,0.443
1510080003,2022-05-28 11,0.397
1510080003,2022-05-28 12,0.413
1510080003,2022-05-28 13,0.287
1510080003,2022-05-28 14,0.245
1510080003,2022-05-28 15,0.388
1510080003,2022-05-28 16,0.366
1510080003,2022-05-28 17,0.31
1510080003,2022-05-28 18,0.342
1510080003,2022-05-28 19,0.324
1510080003,2022-05-28 20,0.308
1510080003,2022-05-28 21,0.291
1510080003,2022-05-28 22,0.286
1510080003,2022-05-28 23,0.298
1510080003,2022-05-29 00,0.278
1510080003,2022-05-29 01,0.35
1510080003,2022-05-29 02,0.589
1510080003,2022-05-29 03,0.491
1510080003,2022-05-29 04,0.324
1510080003,2022-05-29 05,0.315
1510080003,2022-05-29 06,0.312
1510080003,2022-05-29 07,0.303
1510080003,2022-05-29 08,0.317
1510080003,2022-05-29 09,0.315
1510080003,2022-05-29 10,0.348
1510080003,2022-05-29 11,0.388
1510080003,2022-05-29 12,0.338
1510080003,2022-05-29 13,0.273
1510080003,2022-05-29 14,0.239
1510080003,2022-05-29 15,0.246
1510080003,2022-05-29 16,0.253
1510080003,2022-05-29 17,0.255
1510080003,2022-05-29 18,0.243
1510080003,2022-05-29 19,0.367
1510080003,2022-05-29 20,0.638
1510080003,2022-05-29 21,0.476
1510080003,2022-05-29 22,0.436
1510080003,2022-05-29 23,0.515
1510080003,2022-05-30 00,0.419
1510080003,2022-05-30 01,0.455
1510080003,2022-05-30 02,0.456
1510080003,2022-05-30 03,0.423
1510080003,2022-05-30 04,0.362
1510080003,2022-05-30 05,0.343
1510080003,2022-05-30 06,0.345
1510080003,2022-05-30 07,0.385
1510080003,2022-05-30 08,0.415
1510080003,2022-05-30 09,0.417
1510080003,2022-05-30 10,0.52
1510080003,2022-05-30 11,0.397
1510080003,2022-05-30 12,0.325
1510080003,2022-05-30 13,0.319
1510080003,2022-05-30 14,0.363
1510080003,2022-05-30 15,0.317
1510080003,2022-05-30 16,0.321
1510080003,2022-05-30 17,0.317
1510080003,2022-05-30 18,0.568
1510080003,2022-05-30 19,0.608
1510080003,2022-05-30 20,0.619
1510080003,2022-05-30 21,0.615
1510080003,2022-05-30 22,0.483
1510080003,2022-05-30 23,0.513
1510080003,2022-05-31 00,0.418
1510080003,2022-05-31 01,0.546
1510080003,2022-05-31 02,0.499
1510080003,2022-05-31 03,0.418
1510080003,2022-05-31 04,0.427
1510080003,2022-05-31 05,0.431
1510080003,2022-05-31 06,0.429
1510080003,2022-05-31 07,0.403
1510080003,2022-05-31 08,0.407
1510080003,2022-05-31 09,0.411
1510080003,2022-05-31 10,0.507
1510080003,2022-05-31 11,0.489
1510080003,2022-05-31 12,0.508
1510080003,2022-05-31 13,0.5
1510080003,2022-05-31 14,0.514
1510080003,2022-05-31 15,0.522
1510080003,2022-05-31 16,0.327
1510080003,2022-05-31 17,0.367
1510080003,2022-05-31 18,0.277
1510080003,2022-05-31 19,0.289
1510080003,2022-05-31 20,0.282
1510080003,2022-05-31 21,0.276
1510080003,2022-05-31 22,0.27
1510080003,2022-05-31 23,0.273
1510080003,2022-06-01 00,0.246
1510080003,2022-06-01 01,0.241
1510080003,2022-06-01 02,0.251
1510080003,2022-06-01 03,0.242
1510080003,2022-06-01 04,0.25
1510080003,2022-06-01 05,0.232
1510080003,2022-06-01 06,0.234
1510080003,2022-06-01 07,0.237
1510080003,2022-06-01 08,0.239
1510080003,2022-06-01 09,0.241
1510080003,2022-06-01 10,0.234
1510080003,2022-06-01 11,0.24
1510080003,2022-06-01 12,0.251
1510080003,2022-06-01 13,0.46
1510080003,2022-06-01 14,0.516
1510080003,2022-06-01 15,0.55
1510080003,2022-06-01 16,0.433
1510080003,2022-06-01 17,0.544
1510080003,2022-06-01 18,0.649
1510080003,2022-06-01 19,0.9
1510080003,2022-06-01 20,0.618
1510080003,2022-06-01 21,0.481
1510080003,2022-06-01 22,0.468
1510080003,2022-06-01 23,0.898
1510080003,2022-06-02 00,0.665
1510080003,2022-06-02 01,0.661
1510080003,2022-06-02 02,0.623
1510080003,2022-06-02 03,0.631
1510080003,2022-06-02 04,0.611
1510080003,2022-06-02 05,0.76
1510080003,2022-06-02 06,0.475
1510080003,2022-06-02 07,0.661
1510080003,2022-06-02 08,0.7
1510080003,2022-06-02 09,0.985
1510080003,2022-06-02 10,0.933
1510080003,2022-06-02 11,0.767
1510080003,2022-06-02 12,0.7
1510080003,2022-06-02 13,0.603
1510080003,2022-06-02 14,0.67
1510080003,2022-06-02 15,0.619
1510080003,2022-06-02 16,0.432
1510080003,2022-06-02 17,0.433
1510080003,2022-06-02 18,0.826
1510080003,2022-06-02 19,0.483
1510080003,2022-06-02 20,0.643
1510080003,2022-06-02 21,0.523
1510080003,2022-06-02 22,0.464
1510080003,2022-06-02 23,0.405
1510080003,2022-06-03 00,0.308
1510080003,2022-06-03 01,0.303
1510080003,2022-06-03 02,0.33
1510080003,2022-06-03 03,0.335
1510080003,2022-06-03 04,0.336
1510080003,2022-06-03 05,0.324
1510080003,2022-06-03 06,0.321
1510080003,2022-06-03 07,0.59
1510080003,2022-06-03 08,0.464
1510080003,2022-06-03 09,0.474
1510080003,2022-06-03 10,0.543
1510080003,2022-06-03 11,0.515
1510080003,2022-06-03 12,0.872
1510080003,2022-06-03 13,0.699
1510080003,2022-06-03 14,0.689
1510080003,2022-06-03 15,0.64
1510080003,2022-06-03 16,0.635
1510080003,2022-06-03 17,0.626
1510080003,2022-06-03 18,0.603
1510080003,2022-06-03 19,0.423
1510080003,2022-06-03 20,0.528
1510080003,2022-06-03 21,0.533
1510080003,2022-06-03 22,0.452
1510080003,2022-06-03 23,0.461
1510080003,2022-06-04 00,0.4
1510080003,2022-06-04 01,0.368
1510080003,2022-06-04 02,0.318
1510080003,2022-06-04 03,0.335
1510080003,2022-06-04 04,0.292
1510080003,2022-06-04 05,0.25
1510080003,2022-06-04 06,0.243
1510080003,2022-06-04 07,0.605
1510080003,2022-06-04 08,0.601
1510080003,2022-06-04 09,0.965
1510080003,2022-06-04 10,0.722
1510080003,2022-06-04 11,0.586
1510080003,2022-06-04 12,0.604
1510080003,2022-06-04 13,0.595
1510080003,2022-06-04 14,0.954
1510080003,2022-06-04 15,0.802
1510080003,2022-06-04 16,0.431
1510080003,2022-06-04 17,0.423
1510080003,2022-06-04 18,0.442
1510080003,2022-06-04 19,0.44
1510080003,2022-06-04 20,0.516
1510080003,2022-06-04 21,0.508
1510080003,2022-06-04 22,0.621
1510080003,2022-06-04 23,0.559
1510080003,2022-06-05 00,0.397
1510080003,2022-06-05 01,0.371
1510080003,2022-06-05 02,0.359
1510080003,2022-06-05 03,0.348
1510080003,2022-06-05 04,0.311
1510080003,2022-06-05 05,0.319
1510080003,2022-06-05 06,0.352
1510080003,2022-06-05 07,0.361
1510080003,2022-06-05 08,0.849
1510080003,2022-06-05 09,0.533
1510080003,2022-06-05 10,0.636
1510080003,2022-06-05 11,0.523
1510080003,2022-06-05 12,0.426
1510080003,2022-06-05 13,0.397
1510080003,2022-06-05 14,0.302
1510080003,2022-06-05 15,0.64
1510080003,2022-06-05 16,0.643
1510080003,2022-06-05 17,0.902
1510080003,2022-06-05 18,0.676
1510080003,2022-06-05 19,0.593
1510080003,2022-06-05 20,0.517
1510080003,2022-06-05 21,0.502
1510080003,2022-06-05 22,0.431
1510080003,2022-06-05 23,0.396
1510080003,2022-06-06 00,0.416
1510080003,2022-06-06 01,0.354
1510080003,2022-06-06 02,0.317
1510080003,2022-06-06 03,0.308
1510080003,2022-06-06 04,0.314
1510080003,2022-06-06 05,0.298
1510080003,2022-06-06 06,0.315
1510080003,2022-06-06 07,0.382
1510080003,2022-06-06 08,0.457
1510080003,2022-06-06 09,1.027
1510080003,2022-06-06 10,0.431
1510080003,2022-06-06 11,0.531
1510080003,2022-06-06 12,0.417
1510080003,2022-06-06 13,0.353
1510080003,2022-06-06 14,0.34
1510080003,2022-06-06 15,0.358
1510080003,2022-06-06 16,0.334
1510080003,2022-06-06 17,0.375
1510080003,2022-06-06 18,0.714
1510080003,2022-06-06 19,0.631
1510080003,2022-06-06 20,0.691
1510080003,2022-06-06 21,0.963
1510080003,2022-06-06 22,0.729
1510080003,2022-06-06 23,0.675
1510080003,2022-06-07 00,0.659
1510080003,2022-06-07 01,0.627
1510080003,2022-06-07 02,0.427
1510080003,2022-06-07 03,0.34
1510080003,2022-06-07 04,0.358
1510080003,2022-06-07 05,0.284
1510080003,2022-06-07 06,0.271
1510080003,2022-06-07 07,0.335
1510080003,2022-06-07 08,0.671
1510080003,2022-06-07 09,0.494
1510080003,2022-06-07 10,0.52
1510080003,2022-06-07 11,0.473
1510080003,2022-06-07 12,0.543
1510080003,2022-06-07 13,0.678
1510080003,2022-06-07 14,0.654
1510080003,2022-06-07 15,0.584
1510080003,2022-06-07 16,0.676
1510080003,2022-06-07 17,0.516
1510080003,2022-06-07 18,0.393
1510080003,2022-06-07 19,0.596
1510080003,2022-06-07 20,0.53
1510080003,2022-06-07 21,0.737
1510080003,2022-06-07 22,0.55
1510080003,2022-06-07 23,0.471
1510080003,2022-06-08 00,0.464
1510080003,2022-06-08 01,0.397
1510080003,2022-06-08 02,0.381
1510080003,2022-06-08 03,0.365
1510080003,2022-06-08 04,0.339
1510080003,2022-06-08 05,0.35
1510080003,2022-06-08 06,0.373
1510080003,2022-06-08 07,0.512
1510080003,2022-06-08 08,0.705
1510080003,2022-06-08 09,0.411
1510080003,2022-06-08 10,0.956
1510080003,2022-06-08 11,0.617
1510080003,2022-06-08 12,0.556
1510080003,2022-06-08 13,0.569
1510080003,2022-06-08 14,0.732
1510080003,2022-06-08 15,0.678
1510080003,2022-06-08 16,0.594
1510080003,2022-06-08 17,0.57
1510080003,2022-06-08 18,0.584
1510080003,2022-06-08 19,0.687
1510080003,2022-06-08 20,0.608
1510080003,2022-06-08 21,0.651
1510080003,2022-06-08 22,0.513
1510080003,2022-06-08 23,0.479
1510080003,2022-06-09 00,0.445
1510080003,2022-06-09 01,0.454
1510080003,2022-06-09 02,0.414
1510080003,2022-06-09 03,0.391
1510080003,2022-06-09 04,0.427
1510080003,2022-06-09 05,0.358
1510080003,2022-06-09 06,0.344
1510080003,2022-06-09 07,0.484
1510080003,2022-06-09 08,0.546
1510080003,2022-06-09 09,0.803
1510080003,2022-06-09 10,0.732
1510080003,2022-06-09 11,0.57
1510080003,2022-06-09 12,0.556
1510080003,2022-06-09 13,0.588
1510080003,2022-06-09 14,0.56
1510080003,2022-06-09 15,0.537
1510080003,2022-06-09 16,0.455
1510080003,2022-06-09 17,0.376
1510080003,2022-06-09 18,0.68
1510080003,2022-06-09 19,0.367
1510080003,2022-06-09 20,0.875
1510080003,2022-06-09 21,0.747
1510080003,2022-06-09 22,0.567
1510080003,2022-06-09 23,0.452
1510080003,2022-06-10 00,0.465
1510080003,2022-06-10 01,0.479
1510080003,2022-06-10 02,0.365
1510080003,2022-06-10 03,0.346
1510080003,2022-06-10 04,0.37
1510080003,2022-06-10 05,0.335
1510080003,2022-06-10 06,0.34
1510080003,2022-06-10 07,0.423
1510080003,2022-06-10 08,0.48
1510080003,2022-06-10 09,0.773
1510080003,2022-06-10 10,0.81
1510080003,2022-06-10 11,0.763
1510080003,2022-06-10 12,0.774
1510080003,2022-06-10 13,0.637
1510080003,2022-06-10 14,0.622
1510080003,2022-06-10 15,0.614
1510080003,2022-06-10 16,0.594
1510080003,2022-06-10 17,0.367
1510080003,2022-06-10 18,0.616
1510080003,2022-06-10 19,0.528
1510080003,2022-06-10 20,0.5
1510080003,2022-06-10 21,0.698
1510080003,2022-06-10 22,0.645
1510080003,2022-06-10 23,0.566
1510080003,2022-06-11 00,0.601
1510080003,2022-06-11 01,0.609
1510080003,2022-06-11 02,0.54
1510080003,2022-06-11 03,0.517
1510080003,2022-06-11 04,0.523
1510080003,2022-06-11 05,0.387
1510080003,2022-06-11 06,0.276
1510080003,2022-06-11 07,0.576
1510080003,2022-06-11 08,0.586
1510080003,2022-06-11 09,0.679
1510080003,2022-06-11 10,0.681
1510080003,2022-06-11 11,0.662
1510080003,2022-06-11 12,0.568
1510080003,2022-06-11 13,0.513
1510080003,2022-06-11 14,0.431
1510080003,2022-06-11 15,0.289
1510080003,2022-06-11 16,0.303
1510080003,2022-06-11 17,0.29
1510080003,2022-06-11 18,0.339
1510080003,2022-06-11 19,0.324
1510080003,2022-06-11 20,0.32
1510080003,2022-06-11 21,0.378
1510080003,2022-06-11 22,0.352
1510080003,2022-06-11 23,0.4
1510080003,2022-06-12 00,0.38
1510080003,2022-06-12 01,0.382
1510080003,2022-06-12 02,0.332
1510080003,2022-06-12 03,0.37
1510080003,2022-06-12 04,0.611
1510080003,2022-06-12 05,0.367
1510080003,2022-06-12 06,0.352
1510080003,2022-06-12 07,0.389
1510080003,2022-06-12 08,0.439
1510080003,2022-06-12 09,0.539
1510080003,2022-06-12 10,0.533
1510080003,2022-06-12 11,0.748
1510080003,2022-06-12 12,0.727
1510080003,2022-06-12 13,0.668
1510080003,2022-06-12 14,0.563
1510080003,2022-06-12 15,0.551
1510080003,2022-06-12 16,0.627
1510080003,2022-06-12 17,0.627
1510080003,2022-06-12 18,0.67
1510080003,2022-06-12 19,0.558
1510080003,2022-06-12 20,0.406
1510080003,2022-06-12 21,0.47
1510080003,2022-06-12 22,0.386
1510080003,2022-06-12 23,0.354
1510080003,2022-06-13 00,0.331
1510080003,2022-06-13 01,0.304
1510080003,2022-06-13 02,0.354
1510080003,2022-06-13 03,0.598
1510080003,2022-06-13 04,0.418
1510080003,2022-06-13 05,0.387
1510080003,2022-06-13 06,0.383
1510080003,2022-06-13 07,0.5
1510080003,2022-06-13 08,0.477
1510080003,2022-06-13 09,0.727
1510080003,2022-06-13 10,0.789
1510080003,2022-06-13 11,0.689
1510080003,2022-06-13 12,0.572
1510080003,2022-06-13 13,0.638
1510080003,2022-06-13 14,0.644
1510080003,2022-06-13 15,0.636
1510080003,2022-06-13 16,0.551
1510080003,2022-06-13 17,0.533
1510080003,2022-06-13 18,0.617
1510080003,2022-06-13 19,0.426
1510080003,2022-06-13 20,0.444
1510080003,2022-06-13 21,0.705
1510080003,2022-06-13 22,0.445
1510080003,2022-06-13 23,0.501
1510080003,2022-06-14 00,0.57
1510080003,2022-06-14 01,0.427
1510080003,2022-06-14 02,0.428
1510080003,2022-06-14 03,0.424
1510080003,2022-06-14 04,0.37
1510080003,2022-06-14 05,0.376
1510080003,2022-06-14 06,0.342
1510080003,2022-06-14 07,0.445
1510080003,2022-06-14 08,0.422
1510080003,2022-06-14 09,0.5
1510080003,2022-06-14 10,0.581
1510080003,2022-06-14 11,0.597
1510080003,2022-06-14 12,0.598
1510080003,2022-06-14 13,0.579
1510080003,2022-06-14 14,0.64
1510080003,2022-06-14 15,0.564
1510080003,2022-06-14 16,0.567
1510080003,2022-06-14 17,0.557
1510080003,2022-06-14 18,0.666
1510080003,2022-06-14 19,0.548
1510080003,2022-06-14 20,0.514
1510080003,2022-06-14 21,0.612
1510080003,2022-06-14 22,0.435
1510080003,2022-06-14 23,0.417
1510080003,2022-06-15 00,0.4
1510080003,2022-06-15 01,0.376
1510080003,2022-06-15 02,0.362
1510080003,2022-06-15 03,0.313
1510080003,2022-06-15 04,0.303
1510080003,2022-06-15 05,0.301
1510080003,2022-06-15 06,0.381
1510080003,2022-06-15 07,0.76
1510080003,2022-06-15 08,0.457
1510080003,2022-06-15 09,0.865
1510080003,2022-06-15 10,0.683
1510080003,2022-06-15 11,0.715
1510080003,2022-06-15 12,0.597
1510080003,2022-06-15 13,0.585
1510080003,2022-06-15 14,0.573
1510080003,2022-06-15 15,0.582
1510080003,2022-06-15 16,0.467
1510080003,2022-06-15 17,0.305
1510080003,2022-06-15 18,0.377
1510080003,2022-06-15 19,0.423
1510080003,2022-06-15 20,0.749
1510080003,2022-06-15 21,0.553
1510080003,2022-06-15 22,0.387
1510080003,2022-06-15 23,0.609
1510080003,2022-06-16 00,0.616
1510080003,2022-06-16 01,0.4
1510080003,2022-06-16 02,0.394
1510080003,2022-06-16 03,0.384
1510080003,2022-06-16 04,0.369
1510080003,2022-06-16 05,0.385
1510080003,2022-06-16 06,0.404
1510080003,2022-06-16 07,0.46
1510080003,2022-06-16 08,0.473
1510080003,2022-06-16 09,0.526
1510080003,2022-06-16 10,0.613
1510080003,2022-06-16 11,0.682
1510080003,2022-06-16 12,0.635
1510080003,2022-06-16 13,0.625
1510080003,2022-06-16 14,0.587
1510080003,2022-06-16 15,0.592
1510080003,2022-06-16 16,0.634
1510080003,2022-06-16 17,0.573
1510080003,2022-06-16 18,0.903
1510080003,2022-06-16 19,0.607
1510080003,2022-06-16 20,0.55
1510080003,2022-06-16 21,1.009
1510080003,2022-06-16 22,0.585
1510080003,2022-06-16 23,0.586
1510080003,2022-06-17 00,0.487
1510080003,2022-06-17 01,0.647
1510080003,2022-06-17 02,0.514
1510080003,2022-06-17 03,0.451
1510080003,2022-06-17 04,0.464
1510080003,2022-06-17 05,0.412
1510080003,2022-06-17 06,0.424
1510080003,2022-06-17 07,0.526
1510080003,2022-06-17 08,0.55
1510080003,2022-06-17 09,0.757
1510080003,2022-06-17 10,0.826
1510080003,2022-06-17 11,0.789
1510080003,2022-06-17 12,0.713
1510080003,2022-06-17 13,0.713
1510080003,2022-06-17 14,0.68
1510080003,2022-06-17 15,0.691
1510080003,2022-06-17 16,0.651
1510080003,2022-06-17 17,0.654
1510080003,2022-06-17 18,0.649
1510080003,2022-06-17 19,0.597
1510080003,2022-06-17 20,0.42
1510080003,2022-06-17 21,0.45
1510080003,2022-06-17 22,0.434
1510080003,2022-06-17 23,0.704
1510080003,2022-06-18 00,0.478
1510080003,2022-06-18 01,0.413
1510080003,2022-06-18 02,0.285
1510080003,2022-06-18 03,0.294
1510080003,2022-06-18 04,0.321
1510080003,2022-06-18 05,0.269
1510080003,2022-06-18 06,0.379
1510080003,2022-06-18 07,0.739
1510080003,2022-06-18 08,0.592
1510080003,2022-06-18 09,0.915
1510080003,2022-06-18 10,0.838
1510080003,2022-06-18 11,0.709
1510080003,2022-06-18 12,0.758
1510080003,2022-06-18 13,0.754
1510080003,2022-06-18 14,0.686
1510080003,2022-06-18 15,0.633
1510080003,2022-06-18 16,0.402
1510080003,2022-06-18 17,0.403
1510080003,2022-06-18 18,0.367
1510080003,2022-06-18 19,0.701
1510080003,2022-06-18 20,0.467
1510080003,2022-06-18 21,0.461
1510080003,2022-06-18 22,0.498
1510080003,2022-06-18 23,0.479
1510080003,2022-06-19 00,0.462
1510080003,2022-06-19 01,0.478
1510080003,2022-06-19 02,0.408
1510080003,2022-06-19 03,0.304
1510080003,2022-06-19 04,0.314
1510080003,2022-06-19 05,0.353
1510080003,2022-06-19 06,0.32
1510080003,2022-06-19 07,0.587
1510080003,2022-06-19 08,0.537
1510080003,2022-06-19 09,0.681
1510080003,2022-06-19 10,0.917
1510080003,2022-06-19 11,1.073
1510080003,2022-06-19 12,1.003
1510080003,2022-06-19 13,1.261
1510080003,2022-06-19 14,0.661
1510080003,2022-06-19 15,0.631
1510080003,2022-06-19 16,0.679
1510080003,2022-06-19 17,0.492
1510080003,2022-06-19 18,0.372
1510080003,2022-06-19 19,0.394
1510080003,2022-06-19 20,1.26
1510080003,2022-06-19 21,1.201
1510080003,2022-06-19 22,0.52
1510080003,2022-06-19 23,0.409
1510080003,2022-06-20 00,0.327
1510080003,2022-06-20 01,0.326
1510080003,2022-06-20 02,0.318
1510080003,2022-06-20 03,0.317
1510080003,2022-06-20 04,0.32
1510080003,2022-06-20 05,0.338
1510080003,2022-06-20 06,0.593
1510080003,2022-06-20 07,0.444
1510080003,2022-06-20 08,0.864
1510080003,2022-06-20 09,0.752
1510080003,2022-06-20 10,0.759
1510080003,2022-06-20 11,0.561
1510080003,2022-06-20 12,0.546
1510080003,2022-06-20 13,0.54
1510080003,2022-06-20 14,0.539
1510080003,2022-06-20 15,0.527
1510080003,2022-06-20 16,0.513
1510080003,2022-06-20 17,0.546
1510080003,2022-06-20 18,0.507
1510080003,2022-06-20 19,0.495
1510080003,2022-06-20 20,0.429
1510080003,2022-06-20 21,1.201
1510080003,2022-06-20 22,1.278
1510080003,2022-06-20 23,0.47
1510080003,2022-06-21 00,0.339
1510080003,2022-06-21 01,0.32
1510080003,2022-06-21 02,0.318
1510080003,2022-06-21 03,0.315
1510080003,2022-06-21 04,0.326
1510080003,2022-06-21 05,0.278
1510080003,2022-06-21 06,0.377
1510080003,2022-06-21 07,0.377
1510080003,2022-06-21 08,0.379
1510080003,2022-06-21 09,0.483
1510080003,2022-06-21 10,0.451
1510080003,2022-06-21 11,0.278
1510080003,2022-06-21 12,0.292
1510080003,2022-06-21 13,0.276
1510080003,2022-06-21 14,0.245
1510080003,2022-06-21 15,0.263
1510080003,2022-06-21 16,0.292
1510080003,2022-06-21 17,0.283
1510080003,2022-06-21 18,0.261
1510080003,2022-06-21 19,0.256
1510080003,2022-06-21 20,1.29
1510080003,2022-06-21 21,1.335
1510080003,2022-06-21 22,0.577
1510080003,2022-06-21 23,0.558
1510080003,2022-06-22 00,0.699
1510080003,2022-06-22 01,0.712
1510080003,2022-06-22 02,0.701
1510080003,2022-06-22 03,0.697
1510080003,2022-06-22 04,0.62
1510080003,2022-06-22 05,0.412
1510080003,2022-06-22 06,0.359
1510080003,2022-06-22 07,0.421
1510080003,2022-06-22 08,0.378
1510080003,2022-06-22 09,0.534
1510080003,2022-06-22 10,0.582
1510080003,2022-06-22 11,0.503
1510080003,2022-06-22 12,0.288
1510080003,2022-06-22 13,0.299
1510080003,2022-06-22 14,0.29
1510080003,2022-06-22 15,0.295
1510080003,2022-06-22 16,0.295
1510080003,2022-06-22 17,0.281
1510080003,2022-06-22 18,0.297
1510080003,2022-06-22 19,0.696
1510080003,2022-06-22 20,1.353
1510080003,2022-06-22 21,1.043
1510080003,2022-06-22 22,0.877
1510080003,2022-06-22 23,0.746
1510080003,2022-06-23 00,0.699
1510080003,2022-06-23 01,0.654
1510080003,2022-06-23 02,0.641
1510080003,2022-06-23 03,0.582
1510080003,2022-06-23 04,0.572
1510080003,2022-06-23 05,0.376
1510080003,2022-06-23 06,0.375
1510080003,2022-06-23 07,0.358
1510080003,2022-06-23 08,0.375
1510080003,2022-06-23 09,0.407
1510080003,2022-06-23 10,0.541
1510080003,2022-06-23 11,0.372
1510080003,2022-06-23 12,0.345
1510080003,2022-06-23 13,0.312
1510080003,2022-06-23 14,0.284
1510080003,2022-06-23 15,0.291
1510080003,2022-06-23 16,0.285
1510080003,2022-06-23 17,0.289
1510080003,2022-06-23 18,0.255
1510080003,2022-06-23 19,1.691
1510080003,2022-06-23 20,0.64
1510080003,2022-06-23 21,0.515
1510080003,2022-06-23 22,0.516
1510080003,2022-06-23 23,0.792
1510080003,2022-06-24 00,0.684
1510080003,2022-06-24 01,0.422
1510080003,2022-06-24 02,0.382
1510080003,2022-06-24 03,0.474
1510080003,2022-06-24 04,0.415
1510080003,2022-06-24 05,0.348
1510080003,2022-06-24 06,0.312
1510080003,2022-06-24 07,0.327
1510080003,2022-06-24 08,0.439
1510080003,2022-06-24 09,0.481
1510080003,2022-06-24 10,0.616
1510080003,2022-06-24 11,0.547
1510080003,2022-06-24 12,0.683
1510080003,2022-06-24 13,0.566
1510080003,2022-06-24 14,0.532
1510080003,2022-06-24 15,0.532
1510080003,2022-06-24 16,0.391
1510080003,2022-06-24 17,0.249
1510080003,2022-06-24 18,0.242
1510080003,2022-06-24 19,0.476
1510080003,2022-06-24 20,2.326
1510080003,2022-06-24 21,0.942
1510080003,2022-06-24 22,0.769
1510080003,2022-06-24 23,0.719
1510080003,2022-06-25 00,0.709
1510080003,2022-06-25 01,0.485
1510080003,2022-06-25 02,0.367
1510080003,2022-06-25 03,0.378
1510080003,2022-06-25 04,0.343
1510080003,2022-06-25 05,0.331
1510080003,2022-06-25 06,0.391
1510080003,2022-06-25 07,0.339
1510080003,2022-06-25 08,0.355
1510080003,2022-06-25 09,0.915
1510080003,2022-06-25 10,0.838
1510080003,2022-06-25 11,0.453
1510080003,2022-06-25 12,0.314
1510080003,2022-06-25 13,0.261
1510080003,2022-06-25 14,0.268
1510080003,2022-06-25 15,0.287
1510080003,2022-06-25 16,0.27
1510080003,2022-06-25 17,0.259
1510080003,2022-06-25 18,0.366
1510080003,2022-06-25 19,0.327
1510080003,2022-06-25 20,0.261
1510080003,2022-06-25 21,0.266
1510080003,2022-06-25 22,0.28
1510080003,2022-06-25 23,0.403
1510080003,2022-06-26 00,0.392
1510080003,2022-06-26 01,0.401
1510080003,2022-06-26 02,0.337
1510080003,2022-06-26 03,0.313
1510080003,2022-06-26 04,0.3
1510080003,2022-06-26 05,0.297
1510080003,2022-06-26 06,0.369
1510080003,2022-06-26 07,0.316
1510080003,2022-06-26 08,0.332
1510080003,2022-06-26 09,0.445
1510080003,2022-06-26 10,0.374
1510080003,2022-06-26 11,0.265
1510080003,2022-06-26 12,0.278
1510080003,2022-06-26 13,0.284
1510080003,2022-06-26 14,0.243
1510080003,2022-06-26 15,0.265
1510080003,2022-06-26 16,0.281
1510080003,2022-06-26 17,0.257
1510080003,2022-06-26 18,1.675
1510080003,2022-06-26 19,0.718
1510080003,2022-06-26 20,0.37
1510080003,2022-06-26 21,0.576
1510080003,2022-06-26 22,0.794
1510080003,2022-06-26 23,0.693
1510080003,2022-06-27 00,0.588
1510080003,2022-06-27 01,0.58
1510080003,2022-06-27 02,0.603
1510080003,2022-06-27 03,0.575
1510080003,2022-06-27 04,0.559
1510080003,2022-06-27 05,0.66
1510080003,2022-06-27 06,0.728
1510080003,2022-06-27 07,0.596
1510080003,2022-06-27 08,0.622
1510080003,2022-06-27 09,0.627
1510080003,2022-06-27 10,0.575
1510080003,2022-06-27 11,0.295
1510080003,2022-06-27 12,0.266
1510080003,2022-06-27 13,0.242
1510080003,2022-06-27 14,0.39
1510080003,2022-06-27 15,0.286
1510080003,2022-06-27 16,0.286
1510080003,2022-06-27 17,0.285
1510080003,2022-06-27 18,0.293
1510080003,2022-06-27 19,0.275
1510080003,2022-06-27 20,0.28
1510080003,2022-06-27 21,1.425
1510080003,2022-06-27 22,0.797
1510080003,2022-06-27 23,0.452
1510080003,2022-06-28 00,0.39
1510080003,2022-06-28 01,0.388
1510080003,2022-06-28 02,0.387
1510080003,2022-06-28 03,0.413
1510080003,2022-06-28 04,0.427
1510080003,2022-06-28 05,0.414
1510080003,2022-06-28 06,0.414
1510080003,2022-06-28 07,0.394
1510080003,2022-06-28 08,0.422
1510080003,2022-06-28 09,0.489
1510080003,2022-06-28 10,0.765
1510080003,2022-06-28 11,0.31
1510080003,2022-06-28 12,0.254
1510080003,2022-06-28 13,0.261
1510080003,2022-06-28 14,0.292
1510080003,2022-06-28 15,0.277
1510080003,2022-06-28 16,0.295
1510080003,2022-06-28 17,0.65
1510080003,2022-06-28 18,1.403
1510080003,2022-06-28 19,1.455
1510080003,2022-06-28 20,0.851
1510080003,2022-06-28 21,0.802
1510080003,2022-06-28 22,0.75
1510080003,2022-06-28 23,0.703
1510080003,2022-06-29 00,0.689
1510080003,2022-06-29 01,0.609
1510080003,2022-06-29 02,0.386
1510080003,2022-06-29 03,0.343
1510080003,2022-06-29 04,0.348
1510080003,2022-06-29 05,0.343
1510080003,2022-06-29 06,0.332
1510080003,2022-06-29 07,0.333
1510080003,2022-06-29 08,0.352
1510080003,2022-06-29 09,0.339
1510080003,2022-06-29 10,0.448
1510080003,2022-06-29 11,0.45
1510080003,2022-06-29 12,0.299
1510080003,2022-06-29 13,0.295
1510080003,2022-06-29 14,0.207
1510080003,2022-06-29 15,0.209
1510080003,2022-06-29 16,0.243
1510080003,2022-06-29 17,1.289
1510080003,2022-06-29 18,1.964
1510080003,2022-06-29 19,0.721
1510080003,2022-06-29 20,0.629
1510080003,2022-06-29 21,1.218
1510080003,2022-06-29 22,0.704
1510080003,2022-06-29 23,0.401
1510080003,2022-06-30 00,0.394
1510080003,2022-06-30 01,0.365
1510080003,2022-06-30 02,0.341
1510080003,2022-06-30 03,0.292
1510080003,2022-06-30 04,0.281
1510080003,2022-06-30 05,0.31
1510080003,2022-06-30 06,0.305
1510080003,2022-06-30 07,0.3
1510080003,2022-06-30 08,0.351
1510080003,2022-06-30 09,0.362
1510080003,2022-06-30 10,0.54
1510080003,2022-06-30 11,0.359
1510080003,2022-06-30 12,0.263
1510080003,2022-06-30 13,0.253
1510080003,2022-06-30 14,0.258
1510080003,2022-06-30 15,0.256
1510080003,2022-06-30 16,0.243
1510080003,2022-06-30 17,0.236
1510080003,2022-06-30 18,0.328
1510080003,2022-06-30 19,1.829
1510080003,2022-06-30 20,0.968
1510080003,2022-06-30 21,0.755
1510080003,2022-06-30 22,0.707
1510080003,2022-06-30 23,0.674
1510080003,2022-07-01 00,0.757
1510080003,2022-07-01 01,0.733
1510080003,2022-07-01 02,0.68
1510080003,2022-07-01 03,0.667
1510080003,2022-07-01 04,0.437
1510080003,2022-07-01 05,0.358
1510080003,2022-07-01 06,0.384
1510080003,2022-07-01 07,0.424
1510080003,2022-07-01 08,0.362
1510080003,2022-07-01 09,0.468
1510080003,2022-07-01 10,0.572
1510080003,2022-07-01 11,0.546
1510080003,2022-07-01 12,0.522
1510080003,2022-07-01 13,0.523
1510080003,2022-07-01 14,0.422
1510080003,2022-07-01 15,0.268
1510080003,2022-07-01 16,0.291
1510080003,2022-07-01 17,0.535
1510080003,2022-07-01 18,0.397
1510080003,2022-07-01 19,1.812
1510080003,2022-07-01 20,0.888
1510080003,2022-07-01 21,0.677
1510080003,2022-07-01 22,0.719
1510080003,2022-07-01 23,0.887
1510080003,2022-07-02 00,0.555
1510080003,2022-07-02 01,0.374
1510080003,2022-07-02 02,0.305
1510080003,2022-07-02 03,0.434
1510080003,2022-07-02 04,0.387
1510080003,2022-07-02 05,0.301
1510080003,2022-07-02 06,0.274
1510080003,2022-07-02 07,0.293
1510080003,2022-07-02 08,0.3
1510080003,2022-07-02 09,0.391
1510080003,2022-07-02 10,0.432
1510080003,2022-07-02 11,0.411
1510080003,2022-07-02 12,0.424
1510080003,2022-07-02 13,0.31
1510080003,2022-07-02 14,0.356
1510080003,2022-07-02 15,0.362
1510080003,2022-07-02 16,0.291
1510080003,2022-07-02 17,0.288
1510080003,2022-07-02 18,0.267
1510080003,2022-07-02 19,0.294
1510080003,2022-07-02 20,0.354
1510080003,2022-07-02 21,0.402
1510080003,2022-07-02 22,0.427
1510080003,2022-07-02 23,0.438
1510080003,2022-07-03 00,0.457
1510080003,2022-07-03 01,0.401
1510080003,2022-07-03 02,0.389
1510080003,2022-07-03 03,0.394
1510080003,2022-07-03 04,0.417
1510080003,2022-07-03 05,0.375
1510080003,2022-07-03 06,0.367
1510080003,2022-07-03 07,0.356
1510080003,2022-07-03 08,0.341
1510080003,2022-07-03 09,0.346
1510080003,2022-07-03 10,0.276
1510080003,2022-07-03 11,0.278
1510080003,2022-07-03 12,0.295
1510080003,2022-07-03 13,0.287
1510080003,2022-07-03 14,1.888
1510080003,2022-07-03 15,0.458
1510080003,2022-07-03 16,0.507
1510080003,2022-07-03 17,0.634
1510080003,2022-07-03 18,0.575
1510080003,2022-07-03 19,1.712
1510080003,2022-07-03 20,0.702
1510080003,2022-07-03 21,0.63
1510080003,2022-07-03 22,0.596
1510080003,2022-07-03 23,0.524
1510080003,2022-07-04 00,0.675
1510080003,2022-07-04 01,0.696
1510080003,2022-07-04 02,0.686
1510080003,2022-07-04 03,0.631
1510080003,2022-07-04 04,0.517
1510080003,2022-07-04 05,0.324
1510080003,2022-07-04 06,0.373
1510080003,2022-07-04 07,0.36
1510080003,2022-07-04 08,0.348
1510080003,2022-07-04 09,0.477
1510080003,2022-07-04 10,0.49
1510080003,2022-07-04 11,0.409
1510080003,2022-07-04 12,0.294
1510080003,2022-07-04 13,0.296
1510080003,2022-07-04 14,0.294
1510080003,2022-07-04 15,0.285
1510080003,2022-07-04 16,0.3
1510080003,2022-07-04 17,0.285
1510080003,2022-07-04 18,0.291
1510080003,2022-07-04 19,0.735
1510080003,2022-07-04 20,1.927
1510080003,2022-07-04 21,1.141
1510080003,2022-07-04 22,0.89
1510080003,2022-07-04 23,0.67
1510080003,2022-07-05 00,0.727
1510080003,2022-07-05 01,0.687
1510080003,2022-07-05 02,0.625
1510080003,2022-07-05 03,0.606
1510080003,2022-07-05 04,0.368
1510080003,2022-07-05 05,0.342
1510080003,2022-07-05 06,0.322
1510080003,2022-07-05 07,0.302
1510080003,2022-07-05 08,0.417
1510080003,2022-07-05 09,0.437
1510080003,2022-07-05 10,0.4
1510080003,2022-07-05 11,0.3
1510080003,2022-07-05 12,0.287
1510080003,2022-07-05 13,0.283
1510080003,2022-07-05 14,0.299
1510080003,2022-07-05 15,0.275
1510080003,2022-07-05 16,0.291
1510080003,2022-07-05 17,0.275
1510080003,2022-07-05 18,0.279
1510080003,2022-07-05 19,0.998
1510080003,2022-07-05 20,0.969
1510080003,2022-07-05 21,0.746
1510080003,2022-07-05 22,0.696
1510080003,2022-07-05 23,0.516
1510080003,2022-07-06 00,0.478
1510080003,2022-07-06 01,0.43
1510080003,2022-07-06 02,0.43
1510080003,2022-07-06 03,0.43
1510080003,2022-07-06 04,0.427
1510080003,2022-07-06 05,0.326
1510080003,2022-07-06 06,0.387
1510080003,2022-07-06 07,0.401
1510080003,2022-07-06 08,0.393
1510080003,2022-07-06 09,0.401
1510080003,2022-07-06 10,0.527
1510080003,2022-07-06 11,0.656
1510080003,2022-07-06 12,0.282
1510080003,2022-07-06 13,0.298
1510080003,2022-07-06 14,0.296
1510080003,2022-07-06 15,0.279
1510080003,2022-07-06 16,0.293
1510080003,2022-07-06 17,0.273
1510080003,2022-07-06 18,0.72
1510080003,2022-07-06 19,2.165
1510080003,2022-07-06 20,1.1
1510080003,2022-07-06 21,0.819
1510080003,2022-07-06 22,0.851
1510080003,2022-07-06 23,0.944
1510080003,2022-07-07 00,0.933
1510080003,2022-07-07 01,0.7
1510080003,2022-07-07 02,0.611
1510080003,2022-07-07 03,0.595
1510080003,2022-07-07 04,0.33
1510080003,2022-07-07 05,0.336
1510080003,2022-07-07 06,0.327
1510080003,2022-07-07 07,0.323
1510080003,2022-07-07 08,0.341
1510080003,2022-07-07 09,0.365
1510080003,2022-07-07 10,0.468
1510080003,2022-07-07 11,0.466
1510080003,2022-07-07 12,1.381
1510080003,2022-07-07 13,1.083
1510080003,2022-07-07 14,0.507
1510080003,2022-07-07 15,0.268
1510080003,2022-07-07 16,0.492
1510080003,2022-07-07 17,0.276
1510080003,2022-07-07 18,1.615
1510080003,2022-07-07 19,0.649
1510080003,2022-07-07 20,0.541
1510080003,2022-07-07 21,0.706
1510080003,2022-07-07 22,0.949
1510080003,2022-07-07 23,0.87
1510080003,2022-07-08 00,0.885
1510080003,2022-07-08 01,0.752
1510080003,2022-07-08 02,0.503
1510080003,2022-07-08 03,0.388
1510080003,2022-07-08 04,0.417
1510080003,2022-07-08 05,0.369
1510080003,2022-07-08 06,0.325
1510080003,2022-07-08 07,0.321
1510080003,2022-07-08 08,0.35
1510080003,2022-07-08 09,0.423
1510080003,2022-07-08 10,0.644
1510080003,2022-07-08 11,1.727
1510080003,2022-07-08 12,0.439
1510080003,2022-07-08 13,0.288
1510080003,2022-07-08 14,0.292
1510080003,2022-07-08 15,0.281
1510080003,2022-07-08 16,0.296
1510080003,2022-07-08 17,0.286
1510080003,2022-07-08 18,0.764
1510080003,2022-07-08 19,1.436
1510080003,2022-07-08 20,0.88
1510080003,2022-07-08 21,0.673
1510080003,2022-07-08 22,0.577
1510080003,2022-07-08 23,0.567
1510080003,2022-07-09 00,0.548
1510080003,2022-07-09 01,0.3
1510080003,2022-07-09 02,0.286
1510080003,2022-07-09 03,0.282
1510080003,2022-07-09 04,0.287
1510080003,2022-07-09 05,0.278
1510080003,2022-07-09 06,0.282
1510080003,2022-07-09 07,0.279
1510080003,2022-07-09 08,0.26
1510080003,2022-07-09 09,0.25
1510080003,2022-07-09 10,0.258
1510080003,2022-07-09 11,0.28
1510080003,2022-07-09 12,0.279
1510080003,2022-07-09 13,0.266
1510080003,2022-07-09 14,0.254
1510080003,2022-07-09 15,1.444
1510080003,2022-07-09 16,1.956
1510080003,2022-07-09 17,0.861
1510080003,2022-07-09 18,0.28
1510080003,2022-07-09 19,0.271
1510080003,2022-07-09 20,0.254
1510080003,2022-07-09 21,1.189
1510080003,2022-07-09 22,0.764
1510080003,2022-07-09 23,0.49
1510080003,2022-07-10 00,0.642
1510080003,2022-07-10 01,0.672
1510080003,2022-07-10 02,0.665
1510080003,2022-07-10 03,0.472
1510080003,2022-07-10 04,0.32
1510080003,2022-07-10 05,0.338
1510080003,2022-07-10 06,0.298
1510080003,2022-07-10 07,0.302
1510080003,2022-07-10 08,0.349
1510080003,2022-07-10 09,0.396
1510080003,2022-07-10 10,1.689
1510080003,2022-07-10 11,1.09
1510080003,2022-07-10 12,0.786
1510080003,2022-07-10 13,0.72
1510080003,2022-07-10 14,0.574
1510080003,2022-07-10 15,0.54
1510080003,2022-07-10 16,0.54
1510080003,2022-07-10 17,0.548
1510080003,2022-07-10 18,1.28
1510080003,2022-07-10 19,0.956
1510080003,2022-07-10 20,0.917
1510080003,2022-07-10 21,0.455
1510080003,2022-07-10 22,0.783
1510080003,2022-07-10 23,0.999
1510080003,2022-07-11 00,0.676
1510080003,2022-07-11 01,0.675
1510080003,2022-07-11 02,0.453
1510080003,2022-07-11 03,0.375
1510080003,2022-07-11 04,0.353
1510080003,2022-07-11 05,0.285
1510080003,2022-07-11 06,0.291
1510080003,2022-07-11 07,0.387
1510080003,2022-07-11 08,0.396
1510080003,2022-07-11 09,0.47
1510080003,2022-07-11 10,0.468
1510080003,2022-07-11 11,0.463
1510080003,2022-07-11 12,0.303
1510080003,2022-07-11 13,0.29
1510080003,2022-07-11 14,0.289
1510080003,2022-07-11 15,0.302
1510080003,2022-07-11 16,0.282
1510080003,2022-07-11 17,0.292
1510080003,2022-07-11 18,0.52
1510080003,2022-07-11 19,1.903
1510080003,2022-07-11 20,0.813
1510080003,2022-07-11 21,0.855
1510080003,2022-07-11 22,0.784
1510080003,2022-07-11 23,0.917
1510080003,2022-07-12 00,0.908
1510080003,2022-07-12 01,0.726
1510080003,2022-07-12 02,0.602
1510080003,2022-07-12 03,0.571
1510080003,2022-07-12 04,0.345
1510080003,2022-07-12 05,0.357
1510080003,2022-07-12 06,0.335
1510080003,2022-07-12 07,0.373
1510080003,2022-07-12 08,0.39
1510080003,2022-07-12 09,0.518
1510080003,2022-07-12 10,0.548
1510080003,2022-07-12 11,0.463
1510080003,2022-07-12 12,0.299
1510080003,2022-07-12 13,0.305
1510080003,2022-07-12 14,0.283
1510080003,2022-07-12 15,0.292
1510080003,2022-07-12 16,0.294
1510080003,2022-07-12 17,0.281
1510080003,2022-07-12 18,1.396
1510080003,2022-07-12 19,1.176
1510080003,2022-07-12 20,0.712
1510080003,2022-07-12 21,0.664
1510080003,2022-07-12 22,0.557
1510080003,2022-07-12 23,0.676
1510080003,2022-07-13 00,0.746
1510080003,2022-07-13 01,0.754
1510080003,2022-07-13 02,0.634
1510080003,2022-07-13 03,0.49
1510080003,2022-07-13 04,0.31
1510080003,2022-07-13 05,0.308
1510080003,2022-07-13 06,0.313
1510080003,2022-07-13 07,0.308
1510080003,2022-07-13 08,0.301
1510080003,2022-07-13 09,0.408
1510080003,2022-07-13 10,0.452
1510080003,2022-07-13 11,0.427
1510080003,2022-07-13 12,0.625
1510080003,2022-07-13 13,0.519
1510080003,2022-07-13 14,0.499
1510080003,2022-07-13 15,0.491
1510080003,2022-07-13 16,0.404
1510080003,2022-07-13 17,0.252
1510080003,2022-07-13 18,0.813
1510080003,2022-07-13 19,0.961
1510080003,2022-07-13 20,1.1
1510080003,2022-07-13 21,1.009
1510080003,2022-07-13 22,0.947
1510080003,2022-07-13 23,0.819
1510080003,2022-07-14 00,0.724
1510080003,2022-07-14 01,0.618
1510080003,2022-07-14 02,0.429
1510080003,2022-07-14 03,0.386
1510080003,2022-07-14 04,0.343
1510080003,2022-07-14 05,0.358
1510080003,2022-07-14 06,0.347
1510080003,2022-07-14 07,0.345
1510080003,2022-07-14 08,0.437
1510080003,2022-07-14 09,0.425
1510080003,2022-07-14 10,0.446
1510080003,2022-07-14 11,0.396
1510080003,2022-07-14 12,0.307
1510080003,2022-07-14 13,0.277
1510080003,2022-07-14 14,0.353
1510080003,2022-07-14 15,0.301
1510080003,2022-07-14 16,0.309
1510080003,2022-07-14 17,0.289
1510080003,2022-07-14 18,1.423
1510080003,2022-07-14 19,1.176
1510080003,2022-07-14 20,0.981
1510080003,2022-07-14 21,1.011
1510080003,2022-07-14 22,1.107
1510080003,2022-07-14 23,1.134
1510080003,2022-07-15 00,0.923
1510080003,2022-07-15 01,0.743
1510080003,2022-07-15 02,0.643
1510080003,2022-07-15 03,0.578
1510080003,2022-07-15 04,0.453
1510080003,2022-07-15 05,0.371
1510080003,2022-07-15 06,0.394
1510080003,2022-07-15 07,0.362
1510080003,2022-07-15 08,0.397
1510080003,2022-07-15 09,0.444
1510080003,2022-07-15 10,0.706
1510080003,2022-07-15 11,0.332
1510080003,2022-07-15 12,0.295
1510080003,2022-07-15 13,0.285
1510080003,2022-07-15 14,0.333
1510080003,2022-07-15 15,0.256
1510080003,2022-07-15 16,0.254
1510080003,2022-07-15 17,0.301
1510080003,2022-07-15 18,2.305
1510080003,2022-07-15 19,0.602
1510080003,2022-07-15 20,0.586
1510080003,2022-07-15 21,0.555
1510080003,2022-07-15 22,0.548
1510080003,2022-07-15 23,0.55
1510080003,2022-07-16 00,0.336
1510080003,2022-07-16 01,0.288
1510080003,2022-07-16 02,0.279
1510080003,2022-07-16 03,0.285
1510080003,2022-07-16 04,0.259
1510080003,2022-07-16 05,0.244
1510080003,2022-07-16 06,0.265
1510080003,2022-07-16 07,0.284
1510080003,2022-07-16 08,0.26
1510080003,2022-07-16 09,0.3
1510080003,2022-07-16 10,0.242
1510080003,2022-07-16 11,0.246
1510080003,2022-07-16 12,0.281
1510080003,2022-07-16 13,0.283
1510080003,2022-07-16 14,0.248
1510080003,2022-07-16 15,0.26
1510080003,2022-07-16 16,0.301
1510080003,2022-07-16 17,0.298
1510080003,2022-07-16 18,0.28
1510080003,2022-07-16 19,0.26
1510080003,2022-07-16 20,0.267
1510080003,2022-07-16 21,0.278
1510080003,2022-07-16 22,0.298
1510080003,2022-07-16 23,0.246
1510080003,2022-07-17 00,0.25
1510080003,2022-07-17 01,0.28
1510080003,2022-07-17 02,0.277
1510080003,2022-07-17 03,0.372
1510080003,2022-07-17 04,0.296
1510080003,2022-07-17 05,0.278
1510080003,2022-07-17 06,0.425
1510080003,2022-07-17 07,0.323
1510080003,2022-07-17 08,0.321
1510080003,2022-07-17 09,0.423
1510080003,2022-07-17 10,0.435
1510080003,2022-07-17 11,0.455
1510080003,2022-07-17 12,0.484
1510080003,2022-07-17 13,0.296
1510080003,2022-07-17 14,0.301
1510080003,2022-07-17 15,0.287
1510080003,2022-07-17 16,0.296
1510080003,2022-07-17 17,0.293
1510080003,2022-07-17 18,0.288
1510080003,2022-07-17 19,0.899
1510080003,2022-07-17 20,0.926
1510080003,2022-07-17 21,0.927
1510080003,2022-07-17 22,0.73
1510080003,2022-07-17 23,0.793
1510080003,2022-07-18 00,0.518
1510080003,2022-07-18 01,0.429
1510080003,2022-07-18 02,0.352
1510080003,2022-07-18 03,0.361
1510080003,2022-07-18 04,0.286
1510080003,2022-07-18 05,0.282
1510080003,2022-07-18 06,0.283
1510080003,2022-07-18 07,0.282
1510080003,2022-07-18 08,0.272
1510080003,2022-07-18 09,0.392
1510080003,2022-07-18 10,0.466
1510080003,2022-07-18 11,0.578
1510080003,2022-07-18 12,0.492
1510080003,2022-07-18 13,0.539
1510080003,2022-07-18 14,0.481
1510080003,2022-07-18 15,0.471
1510080003,2022-07-18 16,0.283
1510080003,2022-07-18 17,0.239
1510080003,2022-07-18 18,0.477
1510080003,2022-07-18 19,0.717
1510080003,2022-07-18 20,0.515
1510080003,2022-07-18 21,0.557
1510080003,2022-07-18 22,0.748
1510080003,2022-07-18 23,0.909
1510080003,2022-07-19 00,0.685
1510080003,2022-07-19 01,0.611
1510080003,2022-07-19 02,0.605
1510080003,2022-07-19 03,0.415
1510080003,2022-07-19 04,0.322
1510080003,2022-07-19 05,0.317
1510080003,2022-07-19 06,0.318
1510080003,2022-07-19 07,0.316
1510080003,2022-07-19 08,0.313
1510080003,2022-07-19 09,0.417
1510080003,2022-07-19 10,0.431
1510080003,2022-07-19 11,0.273
1510080003,2022-07-19 12,0.243
1510080003,2022-07-19 13,0.253
1510080003,2022-07-19 14,0.246
1510080003,2022-07-19 15,0.239
1510080003,2022-07-19 16,0.218
1510080003,2022-07-19 17,0.245
1510080003,2022-07-19 18,0.249
1510080003,2022-07-19 19,0.256
1510080003,2022-07-19 20,0.653
1510080003,2022-07-19 21,1.585
1510080003,2022-07-19 22,0.704
1510080003,2022-07-19 23,0.758
1510080003,2022-07-20 00,0.669
1510080003,2022-07-20 01,0.454
1510080003,2022-07-20 02,0.396
1510080003,2022-07-20 03,0.388
1510080003,2022-07-20 04,0.374
1510080003,2022-07-20 05,0.318
1510080003,2022-07-20 06,0.323
1510080003,2022-07-20 07,0.407
1510080003,2022-07-20 08,0.396
1510080003,2022-07-20 09,0.38
1510080003,2022-07-20 10,0.437
1510080003,2022-07-20 11,0.368
1510080003,2022-07-20 12,0.26
1510080003,2022-07-20 13,0.251
1510080003,2022-07-20 14,0.294
1510080003,2022-07-20 15,0.294
1510080003,2022-07-20 16,0.285
1510080003,2022-07-20 17,0.267
1510080003,2022-07-20 18,0.269
1510080003,2022-07-20 19,0.284
1510080003,2022-07-20 20,0.271
1510080003,2022-07-20 21,0.984
1510080003,2022-07-20 22,1.501
1510080003,2022-07-20 23,0.954
1510080003,2022-07-21 00,0.893
1510080003,2022-07-21 01,0.812
1510080003,2022-07-21 02,0.504
1510080003,2022-07-21 03,0.354
1510080003,2022-07-21 04,0.337
1510080003,2022-07-21 05,0.322
1510080003,2022-07-21 06,0.365
1510080003,2022-07-21 07,0.602
1510080003,2022-07-21 08,0.394
1510080003,2022-07-21 09,0.444
1510080003,2022-07-21 10,0.476
1510080003,2022-07-21 11,0.353
1510080003,2022-07-21 12,0.295
1510080003,2022-07-21 13,0.308
1510080003,2022-07-21 14,0.29
1510080003,2022-07-21 15,0.291
1510080003,2022-07-21 16,0.288
1510080003,2022-07-21 17,0.272
1510080003,2022-07-21 18,0.287
1510080003,2022-07-21 19,0.244
1510080003,2022-07-21 20,0.577
1510080003,2022-07-21 21,0.859
1510080003,2022-07-21 22,1.178
1510080003,2022-07-21 23,0.443
1510080003,2022-07-22 00,0.39
1510080003,2022-07-22 01,0.389
1510080003,2022-07-22 02,0.312
1510080003,2022-07-22 03,0.325
1510080003,2022-07-22 04,0.314
1510080003,2022-07-22 05,0.367
1510080003,2022-07-22 06,0.38
1510080003,2022-07-22 07,0.363
1510080003,2022-07-22 08,0.346
1510080003,2022-07-22 09,0.437
1510080003,2022-07-22 10,0.469
1510080003,2022-07-22 11,0.418
1510080003,2022-07-22 12,0.274
1510080003,2022-07-22 13,0.292
1510080003,2022-07-22 14,0.296
1510080003,2022-07-22 15,0.26
1510080003,2022-07-22 16,0.305
1510080003,2022-07-22 17,0.363
1510080003,2022-07-22 18,0.301
1510080003,2022-07-22 19,0.282
1510080003,2022-07-22 20,0.416
1510080003,2022-07-22 21,2.151
1510080003,2022-07-22 22,0.856
1510080003,2022-07-22 23,0.636
1510080003,2022-07-23 00,0.593
1510080003,2022-07-23 01,0.572
1510080003,2022-07-23 02,0.601
1510080003,2022-07-23 03,0.362
1510080003,2022-07-23 04,0.301
1510080003,2022-07-23 05,0.307
1510080003,2022-07-23 06,0.312
1510080003,2022-07-23 07,0.279
1510080003,2022-07-23 08,0.276
1510080003,2022-07-23 09,0.389
1510080003,2022-07-23 10,0.399
1510080003,2022-07-23 11,0.41
1510080003,2022-07-23 12,0.36
1510080003,2022-07-23 13,0.224
1510080003,2022-07-23 14,0.226
1510080003,2022-07-23 15,0.254
1510080003,2022-07-23 16,0.572
1510080003,2022-07-23 17,0.341
1510080003,2022-07-23 18,0.232
1510080003,2022-07-23 19,0.249
1510080003,2022-07-23 20,0.211
1510080003,2022-07-23 21,0.27
1510080003,2022-07-23 22,0.511
1510080003,2022-07-23 23,0.449
1510080003,2022-07-24 00,0.396
1510080003,2022-07-24 01,0.403
1510080003,2022-07-24 02,0.358
1510080003,2022-07-24 03,0.319
1510080003,2022-07-24 04,0.323
1510080003,2022-07-24 05,0.277
1510080003,2022-07-24 06,0.28
1510080003,2022-07-24 07,0.248
1510080003,2022-07-24 08,0.296
1510080003,2022-07-24 09,0.377
1510080003,2022-07-24 10,0.373
1510080003,2022-07-24 11,0.478
1510080003,2022-07-24 12,0.42
1510080003,2022-07-24 13,0.268
1510080003,2022-07-24 14,0.436
1510080003,2022-07-24 15,0.622
1510080003,2022-07-24 16,0.538
1510080003,2022-07-24 17,0.515
1510080003,2022-07-24 18,0.701
1510080003,2022-07-24 19,0.361
1510080003,2022-07-24 20,0.235
1510080003,2022-07-24 21,1.43
1510080003,2022-07-24 22,1.137
1510080003,2022-07-24 23,0.985
1510080003,2022-07-25 00,0.736
1510080003,2022-07-25 01,0.677
1510080003,2022-07-25 02,0.672
1510080003,2022-07-25 03,0.607
1510080003,2022-07-25 04,0.392
1510080003,2022-07-25 05,0.347
1510080003,2022-07-25 06,0.334
1510080003,2022-07-25 07,0.419
1510080003,2022-07-25 08,0.452
1510080003,2022-07-25 09,0.398
1510080003,2022-07-25 10,0.442
1510080003,2022-07-25 11,0.378
1510080003,2022-07-25 12,0.326
1510080003,2022-07-25 13,0.254
1510080003,2022-07-25 14,0.261
1510080003,2022-07-25 15,0.295
1510080003,2022-07-25 16,0.29
1510080003,2022-07-25 17,0.294
1510080003,2022-07-25 18,0.297
1510080003,2022-07-25 19,0.277
1510080003,2022-07-25 20,0.288
1510080003,2022-07-25 21,1.987
1510080003,2022-07-25 22,1.574
1510080003,2022-07-25 23,0.761
1510080003,2022-07-26 00,0.643
1510080003,2022-07-26 01,0.437
1510080003,2022-07-26 02,0.363
1510080003,2022-07-26 03,0.343
1510080003,2022-07-26 04,0.289
1510080003,2022-07-26 05,0.316
1510080003,2022-07-26 06,0.317
1510080003,2022-07-26 07,0.318
1510080003,2022-07-26 08,0.278
1510080003,2022-07-26 09,0.353
1510080003,2022-07-26 10,0.542
1510080003,2022-07-26 11,0.407
1510080003,2022-07-26 12,0.284
1510080003,2022-07-26 13,0.226
1510080003,2022-07-26 14,0.37
1510080003,2022-07-26 15,0.374
1510080003,2022-07-26 16,0.309
1510080003,2022-07-26 17,0.355
1510080003,2022-07-26 18,0.613
1510080003,2022-07-26 19,1.062
1510080003,2022-07-26 20,0.69
1510080003,2022-07-26 21,0.761
1510080003,2022-07-26 22,0.739
1510080003,2022-07-26 23,1.786
1510080003,2022-07-27 00,1.659
1510080003,2022-07-27 01,0.894
1510080003,2022-07-27 02,0.51
1510080003,2022-07-27 03,0.402
1510080003,2022-07-27 04,0.33
1510080003,2022-07-27 05,0.43
1510080003,2022-07-27 06,0.379
1510080003,2022-07-27 07,0.356
1510080003,2022-07-27 08,0.395
1510080003,2022-07-27 09,0.642
1510080003,2022-07-27 10,0.92
1510080003,2022-07-27 11,1.384
1510080003,2022-07-27 12,1.011
1510080003,2022-07-27 13,0.67
1510080003,2022-07-27 14,0.61
1510080003,2022-07-27 15,0.664
1510080003,2022-07-27 16,0.649
1510080003,2022-07-27 17,0.646
1510080003,2022-07-27 18,0.568
1510080003,2022-07-27 19,0.931
1510080003,2022-07-27 20,0.427
1510080003,2022-07-27 21,0.91
1510080003,2022-07-27 22,0.885
1510080003,2022-07-27 23,1.667
1510080003,2022-07-28 00,0.855
1510080003,2022-07-28 01,0.466
1510080003,2022-07-28 02,0.416
1510080003,2022-07-28 03,0.329
1510080003,2022-07-28 04,0.36
1510080003,2022-07-28 05,0.366
1510080003,2022-07-28 06,0.371
1510080003,2022-07-28 07,0.493
1510080003,2022-07-28 08,0.47
1510080003,2022-07-28 09,1.39
1510080003,2022-07-28 10,1.368
1510080003,2022-07-28 11,0.613
1510080003,2022-07-28 12,0.71
1510080003,2022-07-28 13,0.739
1510080003,2022-07-28 14,0.698
1510080003,2022-07-28 15,0.682
1510080003,2022-07-28 16,0.917
1510080003,2022-07-28 17,0.71
1510080003,2022-07-28 18,0.56
1510080003,2022-07-28 19,0.41
1510080003,2022-07-28 20,0.435
1510080003,2022-07-28 21,0.553
1510080003,2022-07-28 22,1.438
1510080003,2022-07-28 23,1.439
1510080003,2022-07-29 00,0.916
1510080003,2022-07-29 01,0.558
1510080003,2022-07-29 02,0.595
1510080003,2022-07-29 03,0.471
1510080003,2022-07-29 04,0.373
1510080003,2022-07-29 05,0.33
1510080003,2022-07-29 06,0.316
1510080003,2022-07-29 07,0.46
1510080003,2022-07-29 08,0.526
1510080003,2022-07-29 09,0.655
1510080003,2022-07-29 10,1.736
1510080003,2022-07-29 11,1.075
1510080003,2022-07-29 12,0.973
1510080003,2022-07-29 13,0.815
1510080003,2022-07-29 14,0.629
1510080003,2022-07-29 15,0.451
1510080003,2022-07-29 16,0.377
1510080003,2022-07-29 17,0.384
1510080003,2022-07-29 18,0.391
1510080003,2022-07-29 19,0.38
1510080003,2022-07-29 20,0.712
1510080003,2022-07-29 21,0.796
1510080003,2022-07-29 22,2.052
1510080003,2022-07-29 23,1.817
1510080003,2022-07-30 00,1.055
1510080003,2022-07-30 01,0.558
1510080003,2022-07-30 02,0.392
1510080003,2022-07-30 03,0.344
1510080003,2022-07-30 04,0.34
1510080003,2022-07-30 05,0.335
1510080003,2022-07-30 06,0.371
1510080003,2022-07-30 07,0.456
1510080003,2022-07-30 08,0.455
1510080003,2022-07-30 09,0.368
1510080003,2022-07-30 10,0.699
1510080003,2022-07-30 11,2.388
1510080003,2022-07-30 12,1.233
1510080003,2022-07-30 13,1.232
1510080003,2022-07-30 14,0.873
1510080003,2022-07-30 15,0.673
1510080003,2022-07-30 16,0.501
1510080003,2022-07-30 17,1.242
1510080003,2022-07-30 18,0.517
1510080003,2022-07-30 19,0.603
1510080003,2022-07-30 20,1.62
1510080003,2022-07-30 21,1.003
1510080003,2022-07-30 22,0.626
1510080003,2022-07-30 23,0.597
1510080003,2022-07-31 00,0.588
1510080003,2022-07-31 01,0.588
1510080003,2022-07-31 02,0.54
1510080003,2022-07-31 03,0.411
1510080003,2022-07-31 04,0.367
1510080003,2022-07-31 05,0.359
1510080003,2022-07-31 06,0.35
1510080003,2022-07-31 07,0.423
1510080003,2022-07-31 08,0.43
1510080003,2022-07-31 09,0.546
1510080003,2022-07-31 10,1.51
1510080003,2022-07-31 11,1.642
1510080003,2022-07-31 12,0.835
1510080003,2022-07-31 13,0.743
1510080003,2022-07-31 14,0.709
1510080003,2022-07-31 15,0.633
1510080003,2022-07-31 16,0.643
1510080003,2022-07-31 17,0.478
1510080003,2022-07-31 18,0.487
1510080003,2022-07-31 19,0.73
1510080003,2022-07-31 20,0.403
1510080003,2022-07-31 21,0.438
1510080003,2022-07-31 22,0.441
1510080003,2022-07-31 23,1.45
1510080003,2022-08-01 00,1.644
1510080003,2022-08-01 01,1.182
1510080003,2022-08-01 02,0.67
1510080003,2022-08-01 03,0.467
1510080003,2022-08-01 04,0.3
1510080003,2022-08-01 05,0.331
1510080003,2022-08-01 06,0.341
1510080003,2022-08-01 07,0.378
1510080003,2022-08-01 08,0.751
1510080003,2022-08-01 09,0.765
1510080003,2022-08-01 10,0.919
1510080003,2022-08-01 11,1.295
1510080003,2022-08-01 12,0.815
1510080003,2022-08-01 13,0.661
1510080003,2022-08-01 14,0.671
1510080003,2022-08-01 15,0.65
1510080003,2022-08-01 16,0.687
1510080003,2022-08-01 17,0.633
1510080003,2022-08-01 18,0.953
1510080003,2022-08-01 19,0.668
1510080003,2022-08-01 20,1.17
1510080003,2022-08-01 21,1.857
1510080003,2022-08-01 22,0.843
1510080003,2022-08-01 23,0.614
1510080003,2022-08-02 00,0.548
1510080003,2022-08-02 01,0.478
1510080003,2022-08-02 02,0.476
1510080003,2022-08-02 03,0.485
1510080003,2022-08-02 04,0.483
1510080003,2022-08-02 05,0.45
1510080003,2022-08-02 06,0.447
1510080003,2022-08-02 07,0.428
1510080003,2022-08-02 08,0.512
1510080003,2022-08-02 09,0.695
1510080003,2022-08-02 10,0.795
1510080003,2022-08-02 11,0.836
1510080003,2022-08-02 12,1.33
1510080003,2022-08-02 13,1.278
1510080003,2022-08-02 14,0.656
1510080003,2022-08-02 15,0.751
1510080003,2022-08-02 16,0.663
1510080003,2022-08-02 17,0.425
1510080003,2022-08-02 18,1.605
1510080003,2022-08-02 19,0.49
1510080003,2022-08-02 20,0.806
1510080003,2022-08-02 21,2.029
1510080003,2022-08-02 22,1.339
1510080003,2022-08-02 23,0.761
1510080003,2022-08-03 00,0.613
1510080003,2022-08-03 01,0.582
1510080003,2022-08-03 02,0.545
1510080003,2022-08-03 03,0.444
1510080003,2022-08-03 04,0.293
1510080003,2022-08-03 05,0.307
1510080003,2022-08-03 06,0.319
1510080003,2022-08-03 07,0.366
1510080003,2022-08-03 08,0.739
1510080003,2022-08-03 09,0.885
1510080003,2022-08-03 10,1.145
1510080003,2022-08-03 11,1.048
1510080003,2022-08-03 12,0.727
1510080003,2022-08-03 13,0.661
1510080003,2022-08-03 14,0.668
1510080003,2022-08-03 15,0.478
1510080003,2022-08-03 16,0.441
1510080003,2022-08-03 17,0.413
1510080003,2022-08-03 18,0.413
1510080003,2022-08-03 19,0.677
1510080003,2022-08-03 20,0.415
1510080003,2022-08-03 21,0.547
1510080003,2022-08-03 22,1.832
1510080003,2022-08-03 23,1.414
1510080003,2022-08-04 00,0.598
1510080003,2022-08-04 01,0.54
1510080003,2022-08-04 02,0.463
1510080003,2022-08-04 03,0.358
1510080003,2022-08-04 04,0.354
1510080003,2022-08-04 05,0.325
1510080003,2022-08-04 06,0.449
1510080003,2022-08-04 07,0.475
1510080003,2022-08-04 08,0.51
1510080003,2022-08-04 09,0.808
1510080003,2022-08-04 10,2.217
1510080003,2022-08-04 11,1.332
1510080003,2022-08-04 12,1.148
1510080003,2022-08-04 13,0.645
1510080003,2022-08-04 14,0.662
1510080003,2022-08-04 15,0.682
1510080003,2022-08-04 16,0.557
1510080003,2022-08-04 17,0.509
1510080003,2022-08-04 18,0.428
1510080003,2022-08-04 19,0.542
1510080003,2022-08-04 20,0.717
1510080003,2022-08-04 21,1.09
1510080003,2022-08-04 22,1.099
1510080003,2022-08-04 23,1.252
1510080003,2022-08-05 00,0.627
1510080003,2022-08-05 01,0.527
1510080003,2022-08-05 02,0.498
1510080003,2022-08-05 03,0.417
1510080003,2022-08-05 04,0.363
1510080003,2022-08-05 05,0.365
1510080003,2022-08-05 06,0.497
1510080003,2022-08-05 07,0.433
1510080003,2022-08-05 08,0.631
1510080003,2022-08-05 09,0.687
1510080003,2022-08-05 10,1.483
1510080003,2022-08-05 11,1.334
1510080003,2022-08-05 12,0.69
1510080003,2022-08-05 13,0.656
1510080003,2022-08-05 14,0.67
1510080003,2022-08-05 15,1.375
1510080003,2022-08-05 16,1.669
1510080003,2022-08-05 17,1.051
1510080003,2022-08-05 18,0.347
1510080003,2022-08-05 19,1.157
1510080003,2022-08-05 20,1.06
1510080003,2022-08-05 21,1.057
1510080003,2022-08-05 22,1.339
1510080003,2022-08-05 23,1.404
1510080003,2022-08-06 00,1.121
1510080003,2022-08-06 01,0.86
1510080003,2022-08-06 02,0.844
1510080003,2022-08-06 03,0.748
1510080003,2022-08-06 04,0.692
1510080003,2022-08-06 05,0.372
1510080003,2022-08-06 06,0.361
1510080003,2022-08-06 07,0.445
1510080003,2022-08-06 08,1.304
1510080003,2022-08-06 09,1.733
1510080003,2022-08-06 10,1.425
1510080003,2022-08-06 11,1.416
1510080003,2022-08-06 12,2.182
1510080003,2022-08-06 13,2.499
1510080003,2022-08-06 14,2.69
1510080003,2022-08-06 15,2.847
1510080003,2022-08-06 16,1.461
1510080003,2022-08-06 17,1.179
1510080003,2022-08-06 18,1.299
1510080003,2022-08-06 19,0.973
1510080003,2022-08-06 20,0.851
1510080003,2022-08-06 21,1.208
1510080003,2022-08-06 22,0.89
1510080003,2022-08-06 23,0.708
1510080003,2022-08-07 00,0.624
1510080003,2022-08-07 01,0.481
1510080003,2022-08-07 02,0.452
1510080003,2022-08-07 03,0.394
1510080003,2022-08-07 04,0.373
1510080003,2022-08-07 05,0.376
1510080003,2022-08-07 06,0.382
1510080003,2022-08-07 07,0.459
1510080003,2022-08-07 08,0.497
1510080003,2022-08-07 09,0.615
1510080003,2022-08-07 10,2.296
1510080003,2022-08-07 11,2.57
1510080003,2022-08-07 12,2.243
1510080003,2022-08-07 13,1.003
1510080003,2022-08-07 14,0.661
1510080003,2022-08-07 15,0.67
1510080003,2022-08-07 16,0.513
1510080003,2022-08-07 17,0.475
1510080003,2022-08-07 18,0.424
1510080003,2022-08-07 19,0.701
1510080003,2022-08-07 20,0.439
1510080003,2022-08-07 21,1.841
1510080003,2022-08-07 22,2.247
1510080003,2022-08-07 23,0.937
1510080003,2022-08-08 00,0.45
1510080003,2022-08-08 01,0.442
1510080003,2022-08-08 02,0.421
1510080003,2022-08-08 03,0.671
1510080003,2022-08-08 04,0.54
1510080003,2022-08-08 05,0.515
1510080003,2022-08-08 06,0.429
1510080003,2022-08-08 07,0.501
1510080003,2022-08-08 08,0.532
1510080003,2022-08-08 09,0.616
1510080003,2022-08-08 10,1.502
1510080003,2022-08-08 11,1.338
1510080003,2022-08-08 12,1.118
1510080003,2022-08-08 13,0.714
1510080003,2022-08-08 14,0.638
1510080003,2022-08-08 15,0.624
1510080003,2022-08-08 16,0.638
1510080003,2022-08-08 17,0.379
1510080003,2022-08-08 18,0.386
1510080003,2022-08-08 19,0.411
1510080003,2022-08-08 20,0.874
1510080003,2022-08-08 21,1.151
1510080003,2022-08-08 22,1.812
1510080003,2022-08-08 23,1.437
1510080003,2022-08-09 00,0.636
1510080003,2022-08-09 01,0.528
1510080003,2022-08-09 02,0.359
1510080003,2022-08-09 03,0.358
1510080003,2022-08-09 04,0.365
1510080003,2022-08-09 05,0.392
1510080003,2022-08-09 06,0.333
1510080003,2022-08-09 07,0.535
1510080003,2022-08-09 08,1.363
1510080003,2022-08-09 09,1.306
1510080003,2022-08-09 10,1.539
1510080003,2022-08-09 11,0.746
1510080003,2022-08-09 12,0.614
1510080003,2022-08-09 13,0.552
1510080003,2022-08-09 14,0.573
1510080003,2022-08-09 15,0.551
1510080003,2022-08-09 16,0.559
1510080003,2022-08-09 17,0.57
1510080003,2022-08-09 18,0.552
1510080003,2022-08-09 19,0.539
1510080003,2022-08-09 20,0.547
1510080003,2022-08-09 21,0.454
1510080003,2022-08-09 22,2.408
1510080003,2022-08-09 23,1.145
1510080003,2022-08-10 00,0.812
1510080003,2022-08-10 01,0.676
1510080003,2022-08-10 02,0.617
1510080003,2022-08-10 03,0.724
1510080003,2022-08-10 04,0.546
1510080003,2022-08-10 05,0.369
1510080003,2022-08-10 06,0.32
1510080003,2022-08-10 07,0.343
1510080003,2022-08-10 08,0.429
1510080003,2022-08-10 09,0.293
1510080003,2022-08-10 10,0.466
1510080003,2022-08-10 11,1.482
1510080003,2022-08-10 12,0.311
1510080003,2022-08-10 13,0.27
1510080003,2022-08-10 14,0.253
1510080003,2022-08-10 15,0.266
1510080003,2022-08-10 16,0.259
1510080003,2022-08-10 17,0.261
1510080003,2022-08-10 18,0.494
1510080003,2022-08-10 19,0.282
1510080003,2022-08-10 20,0.291
1510080003,2022-08-10 21,0.285
1510080003,2022-08-10 22,1.381
1510080003,2022-08-10 23,1.343
1510080003,2022-08-11 00,1.012
1510080003,2022-08-11 01,0.891
1510080003,2022-08-11 02,0.863
1510080003,2022-08-11 03,0.832
1510080003,2022-08-11 04,0.759
1510080003,2022-08-11 05,0.496
1510080003,2022-08-11 06,0.33
1510080003,2022-08-11 07,0.346
1510080003,2022-08-11 08,0.454
1510080003,2022-08-11 09,0.466
1510080003,2022-08-11 10,0.469
1510080003,2022-08-11 11,0.349
1510080003,2022-08-11 12,0.266
1510080003,2022-08-11 13,0.272
1510080003,2022-08-11 14,0.297
1510080003,2022-08-11 15,0.284
1510080003,2022-08-11 16,0.28
1510080003,2022-08-11 17,0.297
1510080003,2022-08-11 18,0.282
1510080003,2022-08-11 19,0.281
1510080003,2022-08-11 20,0.276
1510080003,2022-08-11 21,0.296
1510080003,2022-08-11 22,0.97
1510080003,2022-08-11 23,1.121
1510080003,2022-08-12 00,1.193
1510080003,2022-08-12 01,0.58
1510080003,2022-08-12 02,0.544
1510080003,2022-08-12 03,0.527
1510080003,2022-08-12 04,0.44
1510080003,2022-08-12 05,0.571
1510080003,2022-08-12 06,0.481
1510080003,2022-08-12 07,0.528
1510080003,2022-08-12 08,0.555
1510080003,2022-08-12 09,0.668
1510080003,2022-08-12 10,1.73
1510080003,2022-08-12 11,1.047
1510080003,2022-08-12 12,0.613
1510080003,2022-08-12 13,0.552
1510080003,2022-08-12 14,0.535
1510080003,2022-08-12 15,0.569
1510080003,2022-08-12 16,0.373
1510080003,2022-08-12 17,0.302
1510080003,2022-08-12 18,0.307
1510080003,2022-08-12 19,0.288
1510080003,2022-08-12 20,0.364
1510080003,2022-08-12 21,0.31
1510080003,2022-08-12 22,0.297
1510080003,2022-08-12 23,0.293
1510080003,2022-08-13 00,0.284
1510080003,2022-08-13 01,0.302
1510080003,2022-08-13 02,0.286
1510080003,2022-08-13 03,0.28
1510080003,2022-08-13 04,0.286
1510080003,2022-08-13 05,0.289
1510080003,2022-08-13 06,0.296
1510080003,2022-08-13 07,0.272
1510080003,2022-08-13 08,0.269
1510080003,2022-08-13 09,0.279
1510080003,2022-08-13 10,0.376
1510080003,2022-08-13 11,0.398
1510080003,2022-08-13 12,0.442
1510080003,2022-08-13 13,0.452
1510080003,2022-08-13 14,1.109
1510080003,2022-08-13 15,0.857
1510080003,2022-08-13 16,0.783
1510080003,2022-08-13 17,0.821
1510080003,2022-08-13 18,0.451
1510080003,2022-08-13 19,0.295
1510080003,2022-08-13 20,0.828
1510080003,2022-08-13 21,1.043
1510080003,2022-08-13 22,0.781
1510080003,2022-08-13 23,0.721
1510080003,2022-08-14 00,0.551
1510080003,2022-08-14 01,0.417
1510080003,2022-08-14 02,0.387
1510080003,2022-08-14 03,0.398
1510080003,2022-08-14 04,0.292
1510080003,2022-08-14 05,0.292
1510080003,2022-08-14 06,0.313
1510080003,2022-08-14 07,0.319
1510080003,2022-08-14 08,0.366
1510080003,2022-08-14 09,0.447
1510080003,2022-08-14 10,0.836
1510080003,2022-08-14 11,1.321
1510080003,2022-08-14 12,0.643
1510080003,2022-08-14 13,0.397
1510080003,2022-08-14 14,1.564
1510080003,2022-08-14 15,1.055
1510080003,2022-08-14 16,0.729
1510080003,2022-08-14 17,0.846
1510080003,2022-08-14 18,0.641
1510080003,2022-08-14 19,0.812
1510080003,2022-08-14 20,0.341
1510080003,2022-08-14 21,1.428
1510080003,2022-08-14 22,0.682
1510080003,2022-08-14 23,0.337
1510080003,2022-08-15 00,0.482
1510080003,2022-08-15 01,0.468
1510080003,2022-08-15 02,0.274
1510080003,2022-08-15 03,0.239
1510080003,2022-08-15 04,0.277
1510080003,2022-08-15 05,0.301
1510080003,2022-08-15 06,0.342
1510080003,2022-08-15 07,0.312
1510080003,2022-08-15 08,0.302
1510080003,2022-08-15 09,0.314
1510080003,2022-08-15 10,0.485
1510080003,2022-08-15 11,0.421
1510080003,2022-08-15 12,0.442
1510080003,2022-08-15 13,0.539
1510080003,2022-08-15 14,0.363
1510080003,2022-08-15 15,0.361
1510080003,2022-08-15 16,0.386
1510080003,2022-08-15 17,0.36
1510080003,2022-08-15 18,2.105
1510080003,2022-08-15 19,1.644
1510080003,2022-08-15 20,0.749
1510080003,2022-08-15 21,1.031
1510080003,2022-08-15 22,0.981
1510080003,2022-08-15 23,0.798
1510080003,2022-08-16 00,0.639
1510080003,2022-08-16 01,0.599
1510080003,2022-08-16 02,0.58
1510080003,2022-08-16 03,0.556
1510080003,2022-08-16 04,0.535
1510080003,2022-08-16 05,0.474
1510080003,2022-08-16 06,0.431
1510080003,2022-08-16 07,0.413
1510080003,2022-08-16 08,0.398
1510080003,2022-08-16 09,0.51
1510080003,2022-08-16 10,0.49
1510080003,2022-08-16 11,0.518
1510080003,2022-08-16 12,0.44
1510080003,2022-08-16 13,0.325
1510080003,2022-08-16 14,0.293
1510080003,2022-08-16 15,0.289
1510080003,2022-08-16 16,0.31
1510080003,2022-08-16 17,0.289
1510080003,2022-08-16 18,0.256
1510080003,2022-08-16 19,0.292
1510080003,2022-08-16 20,0.286
1510080003,2022-08-16 21,1.783
1510080003,2022-08-16 22,1.073
1510080003,2022-08-16 23,0.809
1510080003,2022-08-17 00,0.937
1510080003,2022-08-17 01,0.923
1510080003,2022-08-17 02,0.894
1510080003,2022-08-17 03,0.87
1510080003,2022-08-17 04,0.626
1510080003,2022-08-17 05,0.357
1510080003,2022-08-17 06,0.386
1510080003,2022-08-17 07,0.338
1510080003,2022-08-17 08,0.385
1510080003,2022-08-17 09,0.477
1510080003,2022-08-17 10,0.874
1510080003,2022-08-17 11,1.497
1510080003,2022-08-17 12,0.538
1510080003,2022-08-17 13,0.291
1510080003,2022-08-17 14,0.252
1510080003,2022-08-17 15,0.257
1510080003,2022-08-17 16,0.295
1510080003,2022-08-17 17,0.286
1510080003,2022-08-17 18,0.29
1510080003,2022-08-17 19,0.257
1510080003,2022-08-17 20,1.587
1510080003,2022-08-17 21,1.003
1510080003,2022-08-17 22,0.951
1510080003,2022-08-17 23,0.769
1510080003,2022-08-18 00,0.805
1510080003,2022-08-18 01,0.427
1510080003,2022-08-18 02,0.357
1510080003,2022-08-18 03,0.319
1510080003,2022-08-18 04,0.321
1510080003,2022-08-18 05,0.28
1510080003,2022-08-18 06,0.284
1510080003,2022-08-18 07,0.343
1510080003,2022-08-18 08,0.399
1510080003,2022-08-18 09,0.437
1510080003,2022-08-18 10,0.652
1510080003,2022-08-18 11,0.421
1510080003,2022-08-18 12,0.69
1510080003,2022-08-18 13,0.352
1510080003,2022-08-18 14,0.359
1510080003,2022-08-18 15,0.29
1510080003,2022-08-18 16,0.287
1510080003,2022-08-18 17,0.253
1510080003,2022-08-18 18,1.387
1510080003,2022-08-18 19,0.277
1510080003,2022-08-18 20,0.274
1510080003,2022-08-18 21,0.289
1510080003,2022-08-18 22,0.267
1510080003,2022-08-18 23,0.257
1510080003,2022-08-19 00,0.262
1510080003,2022-08-19 01,0.288
1510080003,2022-08-19 02,0.243
1510080003,2022-08-19 03,0.247
1510080003,2022-08-19 04,0.28
1510080003,2022-08-19 05,0.254
1510080003,2022-08-19 06,0.24
1510080003,2022-08-19 07,0.273
1510080003,2022-08-19 08,0.272
1510080003,2022-08-19 09,0.294
1510080003,2022-08-19 10,0.461
1510080003,2022-08-19 11,0.827
1510080003,2022-08-19 12,1.55
1510080003,2022-08-19 13,0.357
1510080003,2022-08-19 14,0.252
1510080003,2022-08-19 15,0.284
1510080003,2022-08-19 16,0.259
1510080003,2022-08-19 17,0.251
1510080003,2022-08-19 18,0.291
1510080003,2022-08-19 19,0.264
1510080003,2022-08-19 20,1.816
1510080003,2022-08-19 21,0.822
1510080003,2022-08-19 22,0.469
1510080003,2022-08-19 23,0.603
1510080003,2022-08-20 00,0.529
1510080003,2022-08-20 01,0.398
1510080003,2022-08-20 02,0.406
1510080003,2022-08-20 03,0.441
1510080003,2022-08-20 04,0.386
1510080003,2022-08-20 05,0.309
1510080003,2022-08-20 06,0.331
1510080003,2022-08-20 07,0.344
1510080003,2022-08-20 08,0.294
1510080003,2022-08-20 09,0.306
1510080003,2022-08-20 10,0.391
1510080003,2022-08-20 11,1.034
1510080003,2022-08-20 12,2.088
1510080003,2022-08-20 13,0.733
1510080003,2022-08-20 14,0.848
1510080003,2022-08-20 15,0.585
1510080003,2022-08-20 16,0.216
1510080003,2022-08-20 17,0.217
1510080003,2022-08-20 18,0.25
1510080003,2022-08-20 19,0.232
1510080003,2022-08-20 20,1.032
1510080003,2022-08-20 21,1.16
1510080003,2022-08-20 22,1.175
1510080003,2022-08-20 23,0.718
1510080003,2022-08-21 00,0.454
1510080003,2022-08-21 01,0.454
1510080003,2022-08-21 02,0.46
1510080003,2022-08-21 03,0.442
1510080003,2022-08-21 04,0.416
1510080003,2022-08-21 05,0.404
1510080003,2022-08-21 06,0.312
1510080003,2022-08-21 07,0.251
1510080003,2022-08-21 08,0.308
1510080003,2022-08-21 09,0.488
1510080003,2022-08-21 10,0.826
1510080003,2022-08-21 11,0.71
1510080003,2022-08-21 12,0.462
1510080003,2022-08-21 13,0.345
1510080003,2022-08-21 14,0.48
1510080003,2022-08-21 15,1.169
1510080003,2022-08-21 16,1.268
1510080003,2022-08-21 17,0.722
1510080003,2022-08-21 18,0.392
1510080003,2022-08-21 19,0.333
1510080003,2022-08-21 20,0.279
1510080003,2022-08-21 21,0.307
1510080003,2022-08-21 22,1.602
1510080003,2022-08-21 23,1.062
1510080003,2022-08-22 00,0.946
1510080003,2022-08-22 01,0.801
1510080003,2022-08-22 02,0.672
1510080003,2022-08-22 03,0.474
1510080003,2022-08-22 04,0.54
1510080003,2022-08-22 05,0.402
1510080003,2022-08-22 06,0.413
1510080003,2022-08-22 07,0.37
1510080003,2022-08-22 08,0.36
1510080003,2022-08-22 09,0.451
1510080003,2022-08-22 10,0.527
1510080003,2022-08-22 11,0.726
1510080003,2022-08-22 12,0.573
1510080003,2022-08-22 13,0.533
1510080003,2022-08-22 14,0.413
1510080003,2022-08-22 15,0.383
1510080003,2022-08-22 16,0.329
1510080003,2022-08-22 17,0.264
1510080003,2022-08-22 18,0.781
1510080003,2022-08-22 19,0.76
1510080003,2022-08-22 20,0.952
1510080003,2022-08-22 21,1.053
1510080003,2022-08-22 22,1.409
1510080003,2022-08-22 23,0.769
1510080003,2022-08-23 00,0.564
1510080003,2022-08-23 01,0.469
1510080003,2022-08-23 02,0.427
1510080003,2022-08-23 03,0.405
1510080003,2022-08-23 04,0.405
1510080003,2022-08-23 05,0.445
1510080003,2022-08-23 06,0.372
1510080003,2022-08-23 07,0.432
1510080003,2022-08-23 08,0.599
1510080003,2022-08-23 09,0.589
1510080003,2022-08-23 10,0.774
1510080003,2022-08-23 11,0.407
1510080003,2022-08-23 12,0.299
1510080003,2022-08-23 13,0.288
1510080003,2022-08-23 14,0.29
1510080003,2022-08-23 15,0.309
1510080003,2022-08-23 16,0.284
1510080003,2022-08-23 17,0.25
1510080003,2022-08-23 18,1.372
1510080003,2022-08-23 19,1.386
1510080003,2022-08-23 20,1.415
1510080003,2022-08-23 21,1.159
1510080003,2022-08-23 22,1.191
1510080003,2022-08-23 23,0.761
1510080003,2022-08-24 00,0.639
1510080003,2022-08-24 01,0.533
1510080003,2022-08-24 02,0.564
1510080003,2022-08-24 03,0.445
1510080003,2022-08-24 04,0.458
1510080003,2022-08-24 05,0.486
1510080003,2022-08-24 06,0.432
1510080003,2022-08-24 07,0.444
1510080003,2022-08-24 08,0.725
1510080003,2022-08-24 09,0.701
1510080003,2022-08-24 10,1.2
1510080003,2022-08-24 11,1.421
1510080003,2022-08-24 12,0.288
1510080003,2022-08-24 13,0.399
1510080003,2022-08-24 14,0.325
1510080003,2022-08-24 15,0.329
1510080003,2022-08-24 16,0.325
1510080003,2022-08-24 17,1.047
1510080003,2022-08-24 18,1.046
1510080003,2022-08-24 19,0.893
1510080003,2022-08-24 20,1.251
1510080003,2022-08-24 21,1.999
1510080003,2022-08-24 22,1.434
1510080003,2022-08-24 23,0.787
1510080003,2022-08-25 00,0.708
1510080003,2022-08-25 01,0.504
1510080003,2022-08-25 02,0.462
1510080003,2022-08-25 03,0.438
1510080003,2022-08-25 04,0.391
1510080003,2022-08-25 05,0.379
1510080003,2022-08-25 06,0.354
1510080003,2022-08-25 07,0.391
1510080003,2022-08-25 08,0.36
1510080003,2022-08-25 09,0.558
1510080003,2022-08-25 10,0.943
1510080003,2022-08-25 11,0.581
1510080003,2022-08-25 12,0.576
1510080003,2022-08-25 13,0.514
1510080003,2022-08-25 14,0.439
1510080003,2022-08-25 15,0.404
1510080003,2022-08-25 16,1.455
1510080003,2022-08-25 17,0.771
1510080003,2022-08-25 18,0.676
1510080003,2022-08-25 19,1.178
1510080003,2022-08-25 20,0.688
1510080003,2022-08-25 21,0.997
1510080003,2022-08-25 22,0.601
1510080003,2022-08-25 23,0.392
1510080003,2022-08-26 00,0.464
1510080003,2022-08-26 01,0.392
1510080003,2022-08-26 02,0.399
1510080003,2022-08-26 03,0.394
1510080003,2022-08-26 04,0.385
1510080003,2022-08-26 05,0.368
1510080003,2022-08-26 06,0.531
1510080003,2022-08-26 07,0.71
1510080003,2022-08-26 08,0.677
1510080003,2022-08-26 09,0.612
1510080003,2022-08-26 10,0.846
1510080003,2022-08-26 11,1.07
1510080003,2022-08-26 12,0.663
1510080003,2022-08-26 13,0.56
1510080003,2022-08-26 14,0.492
1510080003,2022-08-26 15,0.967
1510080003,2022-08-26 16,1.287
1510080003,2022-08-26 17,0.787
1510080003,2022-08-26 18,0.804
1510080003,2022-08-26 19,1.0
1510080003,2022-08-26 20,1.032
1510080003,2022-08-26 21,0.799
1510080003,2022-08-26 22,1.039
1510080003,2022-08-26 23,1.044
1510080003,2022-08-27 00,0.706
1510080003,2022-08-27 01,0.661
1510080003,2022-08-27 02,0.658
1510080003,2022-08-27 03,0.612
1510080003,2022-08-27 04,0.605
1510080003,2022-08-27 05,0.631
1510080003,2022-08-27 06,0.627
1510080003,2022-08-27 07,0.66
1510080003,2022-08-27 08,0.67
1510080003,2022-08-27 09,0.626
1510080003,2022-08-27 10,0.669
1510080003,2022-08-27 11,0.514
1510080003,2022-08-27 12,1.18
1510080003,2022-08-27 13,0.623
1510080003,2022-08-27 14,0.389
1510080003,2022-08-27 15,0.637
1510080003,2022-08-27 16,0.606
1510080003,2022-08-27 17,0.451
1510080003,2022-08-27 18,0.466
1510080003,2022-08-27 19,0.392
1510080003,2022-08-27 20,0.378
1510080003,2022-08-27 21,0.758
1510080003,2022-08-27 22,0.433
1510080003,2022-08-27 23,0.367
1510080003,2022-08-28 00,0.334
1510080003,2022-08-28 01,0.359
1510080003,2022-08-28 02,0.346
1510080003,2022-08-28 03,0.323
1510080003,2022-08-28 04,0.427
1510080003,2022-08-28 05,0.372
1510080003,2022-08-28 06,0.346
1510080003,2022-08-28 07,0.387
1510080003,2022-08-28 08,0.421
1510080003,2022-08-28 09,0.366
1510080003,2022-08-28 10,0.413
1510080003,2022-08-28 11,0.343
1510080003,2022-08-28 12,0.262
1510080003,2022-08-28 13,0.245
1510080003,2022-08-28 14,0.263
1510080003,2022-08-28 15,0.248
1510080003,2022-08-28 16,0.262
1510080003,2022-08-28 17,0.256
1510080003,2022-08-28 18,0.244
1510080003,2022-08-28 19,0.259
1510080003,2022-08-28 20,0.244
1510080003,2022-08-28 21,0.242
1510080003,2022-08-28 22,0.219
1510080003,2022-08-28 23,0.22
1510080003,2022-08-29 00,0.285
1510080003,2022-08-29 01,0.343
1510080003,2022-08-29 02,0.246
1510080003,2022-08-29 03,0.261
1510080003,2022-08-29 04,0.272
1510080003,2022-08-29 05,0.258
1510080003,2022-08-29 06,0.236
1510080003,2022-08-29 07,0.246
1510080003,2022-08-29 08,0.448
1510080003,2022-08-29 09,0.645
1510080003,2022-08-29 10,0.488
1510080003,2022-08-29 11,0.538
1510080003,2022-08-29 12,0.475
1510080003,2022-08-29 13,0.444
1510080003,2022-08-29 14,0.403
1510080003,2022-08-29 15,0.219
1510080003,2022-08-29 16,0.199
1510080003,2022-08-29 17,0.275
1510080003,2022-08-29 18,0.32
1510080003,2022-08-29 19,0.552
1510080003,2022-08-29 20,0.552
1510080003,2022-08-29 21,0.518
1510080003,2022-08-29 22,0.964
1510080003,2022-08-29 23,0.694
1510080003,2022-08-30 00,0.672
1510080003,2022-08-30 01,0.609
1510080003,2022-08-30 02,0.393
1510080003,2022-08-30 03,0.35
1510080003,2022-08-30 04,0.326
1510080003,2022-08-30 05,0.438
1510080003,2022-08-30 06,0.346
1510080003,2022-08-30 07,0.416
1510080003,2022-08-30 08,0.38
1510080003,2022-08-30 09,0.396
1510080003,2022-08-30 10,0.479
1510080003,2022-08-30 11,0.47
1510080003,2022-08-30 12,0.219
1510080003,2022-08-30 13,0.214
1510080003,2022-08-30 14,0.245
1510080003,2022-08-30 15,0.245
1510080003,2022-08-30 16,0.245
1510080003,2022-08-30 17,0.247
1510080003,2022-08-30 18,0.461
1510080003,2022-08-30 19,0.623
1510080003,2022-08-30 20,0.536
1510080003,2022-08-30 21,0.409
1510080003,2022-08-30 22,0.396
1510080003,2022-08-30 23,0.394
1510080003,2022-08-31 00,0.41
1510080003,2022-08-31 01,0.415
1510080003,2022-08-31 02,0.407
1510080003,2022-08-31 03,0.381
1510080003,2022-08-31 04,0.386
1510080003,2022-08-31 05,0.355
1510080003,2022-08-31 06,0.348
1510080003,2022-08-31 07,0.333
1510080003,2022-08-31 08,0.335
1510080003,2022-08-31 09,0.503
1510080003,2022-08-31 10,0.353
1510080003,2022-08-31 11,0.354
1510080003,2022-08-31 12,0.242
1510080003,2022-08-31 13,0.203
1510080003,2022-08-31 14,0.231
1510080003,2022-08-31 15,0.22
1510080003,2022-08-31 16,0.209
1510080003,2022-08-31 17,0.237
1510080003,2022-08-31 18,0.21
1510080003,2022-08-31 19,0.209
1510080003,2022-08-31 20,0.442
1510080003,2022-08-31 21,0.457
1510080003,2022-08-31 22,0.749
1510080003,2022-08-31 23,0.67
