mrdDt,A3122129006,precipitation,humidity,rainy,temperature,wind direction,wind speed
2020-09-01 00,1.698,0,60,0,20,90,0
2020-09-01 01,1.539,0,65,0,20,85,0
2020-09-01 02,1.677,0,65,0,21,77,1
2020-09-01 03,1.167,0,60,0,21,88,0
2020-09-01 04,1.398,0,60,0,21,92,0
2020-09-01 05,1.439,0,60,0,23,107,0
2020-09-01 06,1.045,0,60,0,23,105,0
2020-09-01 07,1.411,0,60,0,25,110,1
2020-09-01 08,1.287,0,65,0,26,110,0
2020-09-01 09,1.506,0,60,0,28,107,1
2020-09-01 10,1.861,0,60,0,29,110,2
2020-09-01 11,1.596,0,55,0,30,102,2
2020-09-01 12,1.768,0,55,0,31,100,2
2020-09-01 13,2.247,0,60,0,30,100,2
2020-09-01 14,2.508,0,60,0,30,105,2
2020-09-01 15,3.14,5,65,0.1,29,100,2
2020-09-01 16,1.898,5,70,0.2,29,88,1
2020-09-01 17,2.208,5,70,0.1,28,69,1
2020-09-01 18,1.541,5,70,0.1,28,87,1
2020-09-01 19,2.175,0,70,0,28,100,1
2020-09-01 20,2.293,0,70,0,28,91,0
2020-09-01 21,1.586,0,70,0,28,78,1
2020-09-01 22,2.118,0,70,0,27,83,1
2020-09-01 23,1.366,0,70,0,28,92,1
2020-09-02 00,1.599,0,75,0,27,59,1
2020-09-02 01,1.775,0,75,0,27,69,1
2020-09-02 02,1.57,5,75,0.1,27,62,1
2020-09-02 03,1.363,1,80,0.4,26,88,1
2020-09-02 04,1.528,1,85,0.3,26,47,1
2020-09-02 05,1.226,5,80,0.1,26,36,0
2020-09-02 06,1.407,5,80,0.2,26,41,1
2020-09-02 07,1.554,5,85,0.2,26,100,1
2020-09-02 08,1.515,5,85,0.2,26,58,1
2020-09-02 09,1.567,0,80,0,27,88,3
2020-09-02 10,1.857,0,70,0,28,74,3
2020-09-02 11,0.599,0,70,0,28,76,3
2020-09-02 12,0.605,5,70,0.1,28,81,3
2020-09-02 13,0.808,5,70,0.1,29,69,3
2020-09-02 14,0.462,1,75,0.4,28,85,6
2020-09-02 15,0.73,5,70,0.2,28,84,7
2020-09-02 16,0.967,1,85,1.6,26,76,8
2020-09-02 17,0.783,1,80,1.3,26,81,9
2020-09-02 18,1.607,1,85,1.9,26,81,10
2020-09-02 19,3.643,1,80,2.5,26,78,10
2020-09-02 20,2.72,1,85,4.8,25,81,19
2020-09-02 21,2.451,1,85,4.8,25,64,14
2020-09-02 22,1.969,1,85,5.6,25,34,12
2020-09-02 23,1.564,1,90,4.5,25,34,20
2020-09-03 00,1.705,1,85,5.1,24,1,14
2020-09-03 01,1.571,1,85,3.4,24,330,15
2020-09-03 02,1.333,1,80,0.3,24,317,14
2020-09-03 03,1.309,0,80,0,23,308,9
2020-09-03 04,1.313,5,80,0.1,23,289,6
2020-09-03 05,1.25,0,70,0,24,283,6
2020-09-03 06,0.971,0,70,0,24,267,5
2020-09-03 07,1.267,0,60,0,26,280,5
2020-09-03 08,1.138,0,55,0,27,265,5
2020-09-03 09,1.469,0,50,0,28,276,5
2020-09-03 10,1.316,0,50,0,28,278,5
2020-09-03 11,1.425,0,45,0,30,293,5
2020-09-03 12,4.142,0,40,0,30,278,4
2020-09-03 13,2.149,0,40,0,31,284,3
2020-09-03 14,2.048,0,40,0,31,283,3
2020-09-03 15,1.918,0,40,0,30,283,3
2020-09-03 16,2.288,0,45,0,29,293,3
2020-09-03 17,2.305,0,50,0,27,279,3
2020-09-03 18,2.4,0,55,0,25,277,2
2020-09-03 19,2.087,0,70,0,23,290,1
2020-09-03 20,2.115,0,70,0,22,292,1
2020-09-03 21,1.871,0,75,0,21,300,1
2020-09-03 22,2.253,0,80,0,21,301,1
2020-09-03 23,1.682,0,85,0,20,239,1
2020-09-04 00,1.644,0,85,0,19,328,0
2020-09-04 01,1.474,0,85,0,19,324,0
2020-09-04 02,1.522,0,90,0,19,332,1
2020-09-04 03,1.069,0,85,0,18,257,0
2020-09-04 04,1.015,0,90,0,18,227,0
2020-09-04 05,1.297,0,90,0,18,317,0
2020-09-04 06,0.919,0,90,0,19,241,0
2020-09-04 07,1.135,0,75,0,22,344,1
2020-09-04 08,1.442,0,65,0,25,353,0
2020-09-04 09,1.297,0,60,0,27,270,0
2020-09-04 10,1.924,0,55,0,29,93,0
2020-09-04 11,1.81,0,50,0,29,178,2
2020-09-04 12,2.586,0,45,0,30,240,1
2020-09-04 13,2.109,0,50,0,30,200,3
2020-09-04 14,2.731,0,45,0,30,233,2
2020-09-04 15,4.67,0,55,0,28,226,2
2020-09-04 16,2.609,0,55,0,28,183,3
2020-09-04 17,2.806,0,65,0,26,196,2
2020-09-04 18,1.998,0,70,0,24,196,1
2020-09-04 19,2.604,0,80,0,23,183,1
2020-09-04 20,1.852,0,80,0,23,273,0
2020-09-04 21,2.064,0,80,0,22,281,0
2020-09-04 22,1.77,0,85,0,22,305,1
2020-09-04 23,1.731,0,85,0,22,318,1
2020-09-05 00,1.638,0,85,0,22,316,1
2020-09-05 01,1.81,0,85,0,22,315,1
2020-09-05 02,1.285,0,90,0,22,321,1
2020-09-05 03,0.957,0,90,0,21,302,1
2020-09-05 04,1.07,0,90,0,21,296,0
2020-09-05 05,1.185,0,85,0,21,26,0
2020-09-05 06,0.893,0,85,0,21,327,1
2020-09-05 07,0.994,0,80,0,22,294,1
2020-09-05 08,1.492,0,80,0,23,75,1
2020-09-05 09,1.225,5,75,0.1,24,172,0
2020-09-05 10,1.597,0,60,0,24,153,1
2020-09-05 11,2.013,1,65,0.3,23,47,1
2020-09-05 12,2.43,1,70,0.6,23,131,2
2020-09-05 13,2.21,1,70,0.4,23,116,2
2020-09-05 14,2.122,1,75,0.8,22,137,0
2020-09-05 15,2.071,1,85,1.2,21,192,0
2020-09-05 16,4.028,1,85,0.3,20,107,3
2020-09-05 17,2.808,1,80,0.5,21,84,1
2020-09-05 18,2.492,1,85,0.5,20,96,1
2020-09-05 19,2.274,1,80,0.4,19,76,1
2020-09-05 20,1.777,1,85,0.7,19,98,0
2020-09-05 21,1.802,5,85,0.1,19,88,2
2020-09-05 22,2.023,1,85,0.5,19,89,3
2020-09-05 23,1.805,1,90,0.5,19,46,1
2020-09-06 00,1.248,1,90,1.4,18,8,0
2020-09-06 01,1.66,1,90,0.3,18,321,1
2020-09-06 02,1.02,1,90,0.5,19,6,0
2020-09-06 03,1.173,1,90,0.9,18,293,1
2020-09-06 04,0.887,5,90,0.1,18,295,0
2020-09-06 05,0.896,0,90,0,18,309,0
2020-09-06 06,0.918,0,90,0,19,112,0
2020-09-06 07,0.982,5,85,0.2,20,39,1
2020-09-06 08,1.104,0,85,0,21,52,0
2020-09-06 09,0.986,0,80,0,22,52,2
2020-09-06 10,1.282,5,75,0.1,22,88,1
2020-09-06 11,0.891,0,70,0,23,52,1
2020-09-06 12,1.454,0,75,0,23,45,0
2020-09-06 13,1.216,1,80,0.3,23,73,0
2020-09-06 14,1.894,1,85,0.6,23,56,1
2020-09-06 15,2.689,1,90,0.6,22,83,1
2020-09-06 16,1.971,1,90,0.3,22,39,1
2020-09-06 17,1.742,1,90,0.5,22,44,2
2020-09-06 18,1.372,1,90,0.8,22,62,1
2020-09-06 19,1.659,5,80,0.2,23,49,3
2020-09-06 20,1.817,1,80,0.7,23,28,3
2020-09-06 21,1.584,1,85,0.8,22,26,4
2020-09-06 22,1.792,1,75,0.6,24,45,3
2020-09-06 23,1.64,1,80,1,23,59,5
2020-09-07 00,1.638,1,80,1,23,51,6
2020-09-07 01,1.778,1,85,1.9,22,50,6
2020-09-07 02,1.064,1,80,1.2,22,48,7
2020-09-07 03,0.959,1,80,1.3,22,28,6
2020-09-07 04,0.983,1,85,1.3,21,6,8
2020-09-07 05,1.084,1,85,2.6,21,5,10
2020-09-07 06,0.848,1,85,2.3,20,339,11
2020-09-07 07,0.962,1,80,0.6,20,335,12
2020-09-07 08,1.007,5,80,0.1,20,330,13
2020-09-07 09,1.204,5,80,0.2,20,326,10
2020-09-07 10,0.985,0,65,0,23,323,7
2020-09-07 11,0.916,5,60,0.1,24,296,6
2020-09-07 12,1.433,0,60,0,25,274,5
2020-09-07 13,1.161,0,65,0,24,263,5
2020-09-07 14,1.354,5,80,0.1,22,259,5
2020-09-07 15,1.23,0,80,0,23,267,4
2020-09-07 16,1.01,0,70,0,23,278,6
2020-09-07 17,1.333,0,70,0,23,283,5
2020-09-07 18,0.974,0,70,0,23,267,3
2020-09-07 19,1.309,0,70,0,23,263,3
2020-09-07 20,1.004,0,75,0,23,235,3
2020-09-07 21,1.434,0,80,0,22,243,2
2020-09-07 22,1.461,0,75,0,23,270,3
2020-09-07 23,1.378,0,80,0,22,236,1
2020-09-08 00,1.431,0,90,0,21,259,1
2020-09-08 01,1.394,0,90,0,20,231,1
2020-09-08 02,1.009,0,90,0,21,230,2
2020-09-08 03,0.987,0,90,0,21,238,1
2020-09-08 04,1.23,0,95,0,20,272,1
2020-09-08 05,1.01,0,90,0,21,269,2
2020-09-08 06,0.9,0,90,0,21,229,1
2020-09-08 07,1.042,0,80,0,24,232,1
2020-09-08 08,1.783,0,70,0,26,208,1
2020-09-08 09,1.606,0,65,0,28,193,1
2020-09-08 10,1.893,0,65,0,28,238,2
2020-09-08 11,2.041,0,60,0,30,219,2
2020-09-08 12,2.452,0,60,0,29,226,3
2020-09-08 13,2.11,0,55,0,29,229,3
2020-09-08 14,1.994,0,70,0,27,242,2
2020-09-08 15,2.897,0,65,0,29,223,2
2020-09-08 16,2.638,0,60,0,29,249,2
2020-09-08 17,1.955,0,65,0,27,216,2
2020-09-08 18,1.616,0,75,0,25,191,1
2020-09-08 19,1.859,0,85,0,24,227,1
2020-09-08 20,2.291,0,90,0,23,231,0
2020-09-08 21,1.61,0,90,0,22,221,0
2020-09-08 22,1.625,0,95,0,22,238,0
2020-09-08 23,1.185,0,95,0,22,282,0
2020-09-09 00,1.218,0,95,0,22,308,0
2020-09-09 01,1.594,0,95,0,22,316,1
2020-09-09 02,1.277,0,95,0,22,303,1
2020-09-09 03,1.116,0,90,0,22,320,1
2020-09-09 04,1.28,0,95,0,21,211,0
2020-09-09 05,1.177,1,95,0.4,22,294,1
2020-09-09 06,0.973,1,95,2.2,22,324,2
2020-09-09 07,1.203,1,90,0.6,20,45,0
2020-09-09 08,1.117,0,85,0,21,13,0
2020-09-09 09,2.173,0,75,0,23,299,0
2020-09-09 10,4.026,0,75,0,23,340,0
2020-09-09 11,2.122,0,55,0,27,357,2
2020-09-09 12,2.17,0,55,0,27,265,1
2020-09-09 13,2.785,5,60,0.1,26,244,1
2020-09-09 14,2.255,0,60,0,27,215,1
2020-09-09 15,1.877,0,50,0,28,233,1
2020-09-09 16,2.502,0,60,0,27,212,1
2020-09-09 17,1.772,0,65,0,25,201,1
2020-09-09 18,1.473,0,80,0,24,199,1
2020-09-09 19,2.135,0,80,0,23,196,1
2020-09-09 20,1.684,0,85,0,23,295,0
2020-09-09 21,1.835,0,85,0,23,285,0
2020-09-09 22,1.55,0,90,0,22,320,0
2020-09-09 23,1.481,0,90,0,22,300,0
2020-09-10 00,1.341,0,90,0,22,345,0
2020-09-10 01,1.064,5,80,0.2,22,335,1
2020-09-10 02,1.109,0,85,0,21,323,2
2020-09-10 03,0.951,0,85,0,21,316,0
2020-09-10 04,0.877,0,85,0,20,333,1
2020-09-10 05,0.912,0,90,0,20,297,1
2020-09-10 06,0.912,0,90,0,21,325,1
2020-09-10 07,0.968,0,75,0,23,312,0
2020-09-10 08,1.421,0,70,0,24,335,0
2020-09-10 09,2.145,0,60,0,27,15,0
2020-09-10 10,2.114,0,55,0,28,19,1
2020-09-10 11,1.716,0,50,0,28,179,0
2020-09-10 12,2.107,0,50,0,28,235,0
2020-09-10 13,2.18,0,50,0,29,170,2
2020-09-10 14,2.878,0,50,0,29,198,1
2020-09-10 15,3.216,0,45,0,28,201,2
2020-09-10 16,2.717,0,55,0,28,218,1
2020-09-10 17,2.42,0,65,0,26,195,1
2020-09-10 18,1.817,0,70,0,25,227,0
2020-09-10 19,1.852,0,75,0,24,329,1
2020-09-10 20,1.583,0,80,0,23,329,1
2020-09-10 21,1.693,0,80,0,23,299,0
2020-09-10 22,1.798,0,85,0,23,332,1
2020-09-10 23,1.71,0,85,0,22,321,1
2020-09-11 00,1.283,0,85,0,22,262,0
2020-09-11 01,1.3,0,85,0,22,311,1
2020-09-11 02,1.106,0,85,0,22,315,1
2020-09-11 03,0.947,0,85,0,22,314,0
2020-09-11 04,1.071,0,85,0,22,350,0
2020-09-11 05,1.071,5,85,0.1,22,15,0
2020-09-11 06,0.836,1,85,0.5,21,180,0
2020-09-11 07,1.022,1,90,0.5,22,322,0
2020-09-11 08,1.107,5,85,0.2,22,306,0
2020-09-11 09,1.263,1,85,0.3,23,355,1
2020-09-11 10,1.896,0,75,0,24,22,0
2020-09-11 11,1.902,0,75,0,24,52,1
2020-09-11 12,2.344,0,70,0,25,99,1
2020-09-11 13,2.266,0,65,0,26,66,1
2020-09-11 14,1.808,5,70,0.2,25,68,1
2020-09-11 15,2.051,5,75,0.1,24,49,0
2020-09-11 16,1.689,5,75,0.1,24,50,1
2020-09-11 17,1.855,1,80,0.6,23,70,2
2020-09-11 18,1.753,1,85,0.4,23,61,1
2020-09-11 19,1.805,5,80,0.2,23,76,2
2020-09-11 20,1.593,1,85,0.5,22,84,2
2020-09-11 21,1.379,1,90,0.4,22,60,1
2020-09-11 22,1.214,0,80,0,22,69,2
2020-09-11 23,0.931,0,80,0,22,81,2
2020-09-12 00,1.344,1,80,0.4,22,72,2
2020-09-12 01,1.155,0,80,0,22,50,1
2020-09-12 02,1.065,0,80,0,21,85,1
2020-09-12 03,1.061,0,80,0,21,59,1
2020-09-12 04,0.918,0,80,0,21,47,1
2020-09-12 05,1.079,0,85,0,21,60,1
2020-09-12 06,0.915,0,80,0,21,81,0
2020-09-12 07,1.033,0,75,0,22,67,0
2020-09-12 08,1.356,0,60,0,24,70,1
2020-09-12 09,1.546,0,60,0,25,57,2
2020-09-12 10,1.702,0,60,0,26,77,1
2020-09-12 11,1.599,0,55,0,27,88,2
2020-09-12 12,3.199,0,55,0,26,84,2
2020-09-12 13,3.462,0,55,0,26,108,2
2020-09-12 14,0.844,0,65,0,25,42,1
2020-09-12 15,2.087,5,70,0.1,24,50,0
2020-09-12 16,2.02,0,65,0,25,87,2
2020-09-12 17,2.768,0,65,0,24,82,2
2020-09-12 18,1.403,0,65,0,23,87,2
2020-09-12 19,1.852,0,65,0,23,93,1
2020-09-12 20,1.653,0,65,0,23,60,1
2020-09-12 21,1.931,0,65,0,22,74,1
2020-09-12 22,1.35,0,65,0,22,45,1
2020-09-12 23,1.468,0,70,0,22,56,2
2020-09-13 00,1.501,0,70,0,22,43,0
2020-09-13 01,1.187,0,80,0,21,196,0
2020-09-13 02,0.995,0,75,0,21,67,0
2020-09-13 03,0.744,0,75,0,21,61,0
2020-09-13 04,0.93,5,85,0.2,20,215,1
2020-09-13 05,0.914,1,85,0.5,20,245,0
2020-09-13 06,0.699,0,90,0,20,262,0
2020-09-13 07,0.991,5,80,0.1,20,14,0
2020-09-13 08,0.744,5,85,0.1,20,334,1
2020-09-13 09,1.143,0,80,0,21,353,1
2020-09-13 10,1.589,0,70,0,22,330,0
2020-09-13 11,1.454,0,65,0,24,36,0
2020-09-13 12,2.081,0,60,0,24,342,0
2020-09-13 13,3.271,0,60,0,24,111,0
2020-09-13 14,2.773,0,60,0,25,66,0
2020-09-13 15,3.937,0,70,0,23,260,0
2020-09-13 16,2.72,1,85,0.5,21,304,1
2020-09-13 17,2.006,0,85,0,22,290,0
2020-09-13 18,1.604,0,90,0,21,211,0
2020-09-13 19,1.528,0,90,0,21,293,0
2020-09-13 20,1.198,0,85,0,21,293,0
2020-09-13 21,1.805,0,90,0,21,312,0
2020-09-13 22,1.556,0,90,0,21,298,0
2020-09-13 23,1.655,0,90,0,20,330,0
2020-09-14 00,1.355,0,90,0,20,320,0
2020-09-14 01,1.236,0,90,0,20,335,0
2020-09-14 02,0.92,0,90,0,20,313,0
2020-09-14 03,0.9,0,95,0,20,300,0
2020-09-14 04,1.071,0,90,0,20,298,0
2020-09-14 05,0.868,0,90,0,20,291,0
2020-09-14 06,0.818,0,90,0,21,306,1
2020-09-14 07,0.839,0,80,0,22,321,0
2020-09-14 08,0.883,0,75,0,23,340,1
2020-09-14 09,1.129,0,65,0,25,355,0
2020-09-14 10,1.447,0,55,0,26,65,0
2020-09-14 11,1.341,0,55,0,27,252,0
2020-09-14 12,2.267,0,60,0,28,190,2
2020-09-14 13,1.774,0,55,0,27,234,2
2020-09-14 14,2.519,0,60,0,27,215,3
2020-09-14 15,3.986,0,65,0,26,208,2
2020-09-14 16,3.451,0,70,0,26,216,3
2020-09-14 17,2.465,0,70,0,25,207,2
2020-09-14 18,3.189,0,75,0,24,211,2
2020-09-14 19,1.681,0,80,0,23,219,1
2020-09-14 20,2.357,0,80,0,22,338,0
2020-09-14 21,1.694,0,80,0,22,302,1
2020-09-14 22,0.998,0,85,0,21,320,1
2020-09-14 23,1.538,0,85,0,21,344,1
2020-09-15 00,1.265,0,85,0,20,310,1
2020-09-15 01,1.324,0,90,0,20,308,1
2020-09-15 02,1.077,0,90,0,20,316,0
2020-09-15 03,0.663,0,85,0,20,329,1
2020-09-15 04,0.845,0,90,0,20,327,1
2020-09-15 05,1.054,0,90,0,20,321,1
2020-09-15 06,1.131,0,90,0,20,307,0
2020-09-15 07,0.983,0,80,0,21,327,1
2020-09-15 08,0.764,0,65,0,24,312,0
2020-09-15 09,1.76,0,55,0,26,118,0
2020-09-15 10,2.123,0,50,0,27,99,1
2020-09-15 11,1.505,0,50,0,28,107,1
2020-09-15 12,2.522,0,50,0,27,115,1
2020-09-15 13,4.144,0,55,0,28,198,2
2020-09-15 14,3.745,0,55,0,27,186,2
2020-09-15 15,3.242,0,55,0,26,199,2
2020-09-15 16,2.679,0,60,0,26,227,2
2020-09-15 17,3.101,0,65,0,24,217,1
2020-09-15 18,2.367,0,70,0,23,197,1
2020-09-15 19,2.279,0,75,0,23,180,1
2020-09-15 20,1.835,0,75,0,23,204,0
2020-09-15 21,2.077,0,80,0,22,208,0
2020-09-15 22,1.749,0,80,0,22,199,0
2020-09-15 23,0.996,0,75,0,23,113,1
2020-09-16 00,2.163,0,75,0,23,96,1
2020-09-16 01,1.683,0,75,0,23,95,1
2020-09-16 02,1.237,5,80,0.1,22,69,0
2020-09-16 03,1.125,1,85,0.8,22,82,0
2020-09-16 04,1.128,5,85,0.2,21,61,0
2020-09-16 05,1.171,5,85,0.1,21,87,0
2020-09-16 06,1.128,0,85,0,21,58,0
2020-09-16 07,1.157,0,85,0,22,83,1
2020-09-16 08,1.177,5,85,0.1,21,124,1
2020-09-16 09,1.252,5,85,0.1,21,103,1
2020-09-16 10,1.392,5,85,0.1,22,5,0
2020-09-16 11,1.544,5,80,0.1,22,101,0
2020-09-16 12,2.082,0,85,0,22,206,0
2020-09-16 13,1.854,0,85,0,23,123,0
2020-09-16 14,2.651,0,80,0,23,11,0
2020-09-16 15,2.095,0,80,0,24,337,0
2020-09-16 16,2.516,0,75,0,24,105,0
2020-09-16 17,1.685,0,80,0,23,71,0
2020-09-16 18,2.431,0,85,0,23,47,0
2020-09-16 19,1.921,0,85,0,23,234,0
2020-09-16 20,1.86,0,85,0,23,318,0
2020-09-16 21,1.857,0,90,0,22,312,0
2020-09-16 22,1.24,0,90,0,21,260,0
2020-09-16 23,1.181,0,90,0,21,351,0
2020-09-17 00,1.241,0,95,0,21,299,0
2020-09-17 01,1.123,0,95,0,21,153,0
2020-09-17 02,1.065,0,95,0,21,182,0
2020-09-17 03,0.976,0,90,0,20,100,0
2020-09-17 04,1.03,0,90,0,21,319,0
2020-09-17 05,0.972,0,90,0,21,279,0
2020-09-17 06,0.902,5,90,0.2,21,35,0
2020-09-17 07,1.054,1,90,0.3,21,212,0
2020-09-17 08,1.398,1,90,0.3,22,332,0
2020-09-17 09,1.664,1,90,0.9,22,295,0
2020-09-17 10,1.743,5,80,0.2,23,187,0
2020-09-17 11,1.181,5,75,0.2,24,204,1
2020-09-17 12,1.504,1,80,0.4,23,196,0
2020-09-17 13,2.363,5,75,0.1,24,191,1
2020-09-17 14,2.083,1,80,0.4,23,184,2
2020-09-17 15,2.109,1,80,0.5,22,218,0
2020-09-17 16,1.94,1,80,0.3,22,220,0
2020-09-17 17,1.323,1,85,0.5,21,138,0
2020-09-17 18,1.118,1,85,0.5,21,310,0
2020-09-17 19,1.205,1,90,0.4,20,313,1
2020-09-17 20,0.993,1,90,0.3,20,329,1
2020-09-17 21,0.95,1,90,0.4,19,324,1
2020-09-17 22,1.172,5,85,0.2,19,322,1
2020-09-17 23,0.924,5,90,0.2,19,299,1
2020-09-18 00,1.151,0,90,0,19,308,1
2020-09-18 01,1.068,5,90,0.1,19,306,1
2020-09-18 02,0.827,5,85,0.2,19,318,1
2020-09-18 03,0.989,5,85,0.1,19,276,1
2020-09-18 04,1.01,1,85,0.4,18,295,1
2020-09-18 05,0.969,1,90,0.3,18,44,0
2020-09-18 06,0.906,5,90,0.1,18,312,0
2020-09-18 07,0.872,5,85,0.2,18,319,0
2020-09-18 08,0.912,5,80,0.2,19,336,0
2020-09-18 09,1.105,1,75,0.3,20,37,0
2020-09-18 10,1.736,0,65,0,21,249,1
2020-09-18 11,1.691,0,60,0,22,223,1
2020-09-18 12,2.97,0,55,0,23,199,1
2020-09-18 13,2.501,0,55,0,24,267,1
2020-09-18 14,2.666,0,50,0,25,296,2
2020-09-18 15,1.908,0,55,0,24,265,1
2020-09-18 16,2.003,0,55,0,23,264,2
2020-09-18 17,1.941,0,60,0,23,267,2
2020-09-18 18,1.376,0,65,0,22,269,1
2020-09-18 19,1.793,0,70,0,20,288,1
2020-09-18 20,2.012,0,75,0,19,338,1
2020-09-18 21,1.513,0,80,0,17,300,1
2020-09-18 22,1.551,0,85,0,16,303,0
2020-09-18 23,1.697,0,90,0,16,327,0
2020-09-19 00,1.651,0,90,0,15,220,0
2020-09-19 01,1.317,0,90,0,15,281,0
2020-09-19 02,0.873,0,90,0,14,260,0
2020-09-19 03,0.823,0,90,0,14,309,0
2020-09-19 04,0.849,0,90,0,14,34,0
2020-09-19 05,0.87,0,90,0,14,259,0
2020-09-19 06,0.985,0,90,0,14,271,0
2020-09-19 07,1.072,0,85,0,17,350,0
2020-09-19 08,1.41,0,70,0,20,41,0
2020-09-19 09,1.486,0,60,0,23,358,0
2020-09-19 10,1.6,0,50,0,25,297,2
2020-09-19 11,1.993,0,40,0,26,328,2
2020-09-19 12,3.828,0,40,0,26,281,2
2020-09-19 13,3.76,0,40,0,26,309,3
2020-09-19 14,2.87,0,40,0,26,299,2
2020-09-19 15,4.105,0,45,0,26,288,3
2020-09-19 16,4.127,0,45,0,25,290,2
2020-09-19 17,3.482,0,45,0,24,292,2
2020-09-19 18,0.808,0,55,0,21,288,1
2020-09-19 19,1.393,0,65,0,20,263,1
2020-09-19 20,1.268,0,65,0,20,268,1
2020-09-19 21,1.31,0,70,0,19,308,1
2020-09-19 22,1.272,0,75,0,18,312,1
2020-09-19 23,1.04,0,75,0,17,328,1
2020-09-20 00,1.048,0,80,0,16,300,1
2020-09-20 01,0.552,0,85,0,15,330,2
2020-09-20 02,0.533,0,90,0,15,322,1
2020-09-20 03,0.728,0,90,0,15,2,1
2020-09-20 04,0.53,0,80,0,15,326,2
2020-09-20 05,0.525,0,85,0,15,313,2
2020-09-20 06,0.493,0,90,0,15,311,0
2020-09-20 07,0.692,0,75,0,18,355,2
2020-09-20 08,0.547,0,65,0,21,351,1
2020-09-20 09,0.772,0,45,0,23,329,2
2020-09-20 10,1.191,0,40,0,25,325,2
2020-09-20 11,0.951,0,35,0,26,338,3
2020-09-20 12,2.163,0,30,0,26,331,4
2020-09-20 13,1.957,0,30,0,27,334,4
2020-09-20 14,2.123,0,35,0,27,335,4
2020-09-20 15,2.512,0,35,0,26,340,3
2020-09-20 16,1.858,0,40,0,26,345,3
2020-09-20 17,2.311,0,40,0,24,311,1
2020-09-20 18,1.371,0,50,0,21,312,2
2020-09-20 19,1.52,0,60,0,20,335,2
2020-09-20 20,1.027,0,60,0,19,315,2
2020-09-20 21,1.264,0,70,0,18,322,1
2020-09-20 22,1.019,0,70,0,17,293,1
2020-09-20 23,1.089,0,70,0,17,296,1
2020-09-21 00,0.767,0,70,0,16,286,1
2020-09-21 01,0.966,0,75,0,16,298,1
2020-09-21 02,0.86,0,75,0,15,302,1
2020-09-21 03,0.73,0,80,0,14,307,0
2020-09-21 04,0.656,0,85,0,14,305,1
2020-09-21 05,0.646,0,85,0,13,303,1
2020-09-21 06,0.637,0,85,0,14,323,1
2020-09-21 07,0.671,0,70,0,17,328,1
2020-09-21 08,0.707,0,60,0,20,320,0
2020-09-21 09,1.097,0,45,0,22,10,0
2020-09-21 10,1.294,0,40,0,23,78,1
2020-09-21 11,1.359,0,35,0,24,127,1
2020-09-21 12,2.111,0,35,0,24,112,0
2020-09-21 13,1.96,0,35,0,25,77,1
2020-09-21 14,1.883,0,35,0,25,91,1
2020-09-21 15,2.604,0,35,0,25,85,1
2020-09-21 16,1.875,0,40,0,24,106,3
2020-09-21 17,2.704,0,40,0,23,82,2
2020-09-21 18,1.157,0,45,0,21,92,1
2020-09-21 19,1.049,0,55,0,20,20,0
2020-09-21 20,1.15,0,65,0,18,352,1
2020-09-21 21,1.079,0,70,0,17,320,1
2020-09-21 22,1.312,0,65,0,18,348,0
2020-09-21 23,1.137,0,65,0,18,49,1
2020-09-22 00,1.329,0,70,0,18,28,0
2020-09-22 01,0.902,0,65,0,18,44,1
2020-09-22 02,0.688,0,65,0,18,51,1
2020-09-22 03,0.865,0,65,0,18,40,1
2020-09-22 04,0.677,0,60,0,18,58,1
2020-09-22 05,0.695,0,65,0,18,61,1
2020-09-22 06,0.602,0,60,0,18,58,1
2020-09-22 07,0.805,0,60,0,20,44,1
2020-09-22 08,1.089,0,55,0,20,42,1
2020-09-22 09,1.18,0,50,0,21,70,2
2020-09-22 10,1.456,0,50,0,21,75,2
2020-09-22 11,1.631,0,50,0,22,66,2
2020-09-22 12,2.043,0,45,0,22,77,2
2020-09-22 13,3.692,0,45,0,23,71,2
2020-09-22 14,3.414,0,45,0,23,88,3
2020-09-22 15,2.893,0,45,0,24,92,3
2020-09-22 16,2.151,0,45,0,23,73,2
2020-09-22 17,1.907,0,50,0,22,75,2
2020-09-22 18,1.781,0,55,0,21,48,1
2020-09-22 19,1.722,0,60,0,19,36,1
2020-09-22 20,1.411,0,60,0,19,37,1
2020-09-22 21,1.417,0,60,0,19,54,1
2020-09-22 22,1.333,0,60,0,18,67,1
2020-09-22 23,1.106,0,65,0,18,39,1
2020-09-23 00,1.261,0,70,0,16,37,0
2020-09-23 01,1.254,0,70,0,16,27,1
2020-09-23 02,1.419,0,70,0,16,56,1
2020-09-23 03,0.799,0,70,0,16,37,1
2020-09-23 04,0.635,0,70,0,16,46,1
2020-09-23 05,0.784,0,70,0,16,35,1
2020-09-23 06,0.6,0,70,0,17,54,1
2020-09-23 07,0.661,0,65,0,18,47,1
2020-09-23 08,0.951,0,60,0,20,46,1
2020-09-23 09,1.111,0,55,0,21,77,1
2020-09-23 10,1.606,0,50,0,22,82,2
2020-09-23 11,1.083,0,50,0,23,80,2
2020-09-23 12,1.641,0,50,0,23,86,3
2020-09-23 13,1.611,0,50,0,23,77,2
2020-09-23 14,2.333,0,50,0,23,81,2
2020-09-23 15,3.152,0,50,0,23,70,2
2020-09-23 16,2.663,0,50,0,23,68,1
2020-09-23 17,2.962,0,55,0,22,59,2
2020-09-23 18,1.617,0,55,0,22,71,1
2020-09-23 19,1.512,0,55,0,21,42,1
2020-09-23 20,1.498,0,55,0,21,85,2
2020-09-23 21,1.466,0,55,0,21,70,2
2020-09-23 22,1.327,0,55,0,21,62,2
2020-09-23 23,1.043,5,55,0.1,21,68,2
2020-09-24 00,1.379,5,60,0.1,20,87,2
2020-09-24 01,1.232,5,65,0.1,20,55,1
2020-09-24 02,0.738,1,70,0.4,19,50,1
2020-09-24 03,0.973,1,70,0.4,19,74,1
2020-09-24 04,0.72,0,70,0,19,62,1
2020-09-24 05,0.914,0,70,0,19,55,1
2020-09-24 06,0.662,0,70,0,19,48,1
2020-09-24 07,0.982,0,70,0,19,31,1
2020-09-24 08,1.252,0,60,0,22,42,1
2020-09-24 09,1.341,0,55,0,23,63,1
2020-09-24 10,1.595,0,45,0,24,79,2
2020-09-24 11,1.406,0,45,0,25,84,2
2020-09-24 12,2.84,0,50,0,25,96,2
2020-09-24 13,2.207,0,50,0,25,85,2
2020-09-24 14,1.9,0,45,0,26,79,2
2020-09-24 15,1.933,0,50,0,25,91,2
2020-09-24 16,1.77,0,50,0,24,49,2
2020-09-24 17,1.837,0,60,0,23,43,1
2020-09-24 18,1.381,0,65,0,23,17,1
2020-09-24 19,1.419,0,70,0,21,23,0
2020-09-24 20,1.559,0,70,0,21,27,1
2020-09-24 21,1.4,0,70,0,20,40,1
2020-09-24 22,1.364,0,75,0,19,35,0
2020-09-24 23,1.25,0,75,0,18,323,0
2020-09-25 00,1.083,0,80,0,18,306,0
2020-09-25 01,1.013,0,85,0,17,291,0
2020-09-25 02,1,0,85,0,17,290,0
2020-09-25 03,0.958,0,85,0,16,310,1
2020-09-25 04,0.716,0,85,0,16,329,0
2020-09-25 05,0.82,0,85,0,16,293,1
2020-09-25 06,0.616,0,85,0,16,311,1
2020-09-25 07,0.739,0,70,0,19,333,1
2020-09-25 08,1.112,0,60,0,22,346,2
2020-09-25 09,1.288,0,50,0,24,354,1
2020-09-25 10,1.554,0,45,0,26,0,1
2020-09-25 11,1.641,0,45,0,27,51,3
2020-09-25 12,2.321,0,45,0,26,86,3
2020-09-25 13,3.762,0,50,0,26,82,3
2020-09-25 14,2.877,0,45,0,26,84,3
2020-09-25 15,2.393,0,50,0,25,80,2
2020-09-25 16,2.364,0,45,0,26,92,1
2020-09-25 17,1.829,0,50,0,25,107,1
2020-09-25 18,1.412,0,60,0,22,291,0
2020-09-25 19,1.603,0,65,0,21,317,1
2020-09-25 20,1.496,0,70,0,20,318,1
2020-09-25 21,1.188,0,75,0,19,320,1
2020-09-25 22,1.423,0,75,0,19,306,1
2020-09-25 23,1.059,0,70,0,19,57,1
2020-09-26 00,1.064,0,70,0,19,60,1
2020-09-26 01,0.762,0,75,0,18,213,0
2020-09-26 02,0.895,0,75,0,18,7,1
2020-09-26 03,0.919,0,75,0,18,34,1
2020-09-26 04,0.739,0,75,0,18,65,1
2020-09-26 05,0.9,0,75,0,18,13,1
2020-09-26 06,0.675,0,75,0,18,18,1
2020-09-26 07,0.732,0,70,0,20,43,1
2020-09-26 08,0.935,0,65,0,21,72,1
2020-09-26 09,1.148,0,45,0,23,82,2
2020-09-26 10,2.363,0,40,0,24,91,3
2020-09-26 11,1.667,0,40,0,25,108,2
2020-09-26 12,1.669,0,40,0,26,129,1
2020-09-26 13,1.667,0,40,0,26,120,1
2020-09-26 14,1.784,0,40,0,27,128,2
2020-09-26 15,2.534,0,40,0,26,137,1
2020-09-26 16,2.464,0,45,0,25,126,1
2020-09-26 17,1.631,0,50,0,23,202,1
2020-09-26 18,1.458,0,60,0,22,267,1
2020-09-26 19,1.574,0,65,0,21,302,0
2020-09-26 20,1.319,0,65,0,21,302,1
2020-09-26 21,1.453,0,70,0,20,298,0
2020-09-26 22,1.159,0,70,0,20,24,1
2020-09-26 23,1.231,0,70,0,19,35,1
2020-09-27 00,0.785,0,70,0,19,54,2
2020-09-27 01,0.896,0,75,0,18,16,1
2020-09-27 02,0.809,0,80,0,17,38,1
2020-09-27 03,0.893,0,80,0,17,31,1
2020-09-27 04,0.845,0,80,0,17,65,1
2020-09-27 05,0.727,0,80,0,17,27,1
2020-09-27 06,0.7,0,80,0,17,12,1
2020-09-27 07,0.688,0,70,0,19,359,1
2020-09-27 08,0.678,0,55,0,22,56,2
2020-09-27 09,0.659,0,50,0,23,75,3
2020-09-27 10,1.315,0,45,0,24,99,3
2020-09-27 11,1.575,0,45,0,25,93,2
2020-09-27 12,2.03,0,45,0,25,116,3
2020-09-27 13,2.244,0,45,0,25,110,3
2020-09-27 14,2.565,0,45,0,25,111,3
2020-09-27 15,2.801,0,45,0,25,104,2
2020-09-27 16,2.274,0,40,0,25,110,2
2020-09-27 17,2.477,0,45,0,24,109,1
2020-09-27 18,1.696,0,55,0,22,196,2
2020-09-27 19,1.692,0,65,0,22,213,1
2020-09-27 20,1.176,0,70,0,21,171,1
2020-09-27 21,1.026,0,70,0,20,89,1
2020-09-27 22,0.763,0,70,0,19,99,1
2020-09-27 23,1.059,0,75,0,18,65,1
2020-09-28 00,0.845,0,70,0,17,29,1
2020-09-28 01,0.947,0,75,0,17,24,1
2020-09-28 02,0.968,0,75,0,16,9,1
2020-09-28 03,0.806,0,75,0,16,340,1
2020-09-28 04,0.69,0,80,0,15,34,1
2020-09-28 05,0.665,0,80,0,15,29,1
2020-09-28 06,0.64,0,85,0,15,340,1
2020-09-28 07,0.676,0,70,0,17,349,1
2020-09-28 08,0.732,0,60,0,20,40,1
2020-09-28 09,1.155,0,50,0,22,89,1
2020-09-28 10,1.778,0,45,0,23,99,2
2020-09-28 11,2.123,0,40,0,24,98,2
2020-09-28 12,3.059,0,40,0,24,113,2
2020-09-28 13,2.355,0,35,0,25,109,2
2020-09-28 14,2.724,0,35,0,25,112,2
2020-09-28 15,2.538,0,40,0,25,119,2
2020-09-28 16,2.259,0,40,0,25,118,2
2020-09-28 17,1.808,0,45,0,23,112,1
2020-09-28 18,1.413,0,55,0,21,350,1
2020-09-28 19,1.005,0,60,0,20,335,1
2020-09-28 20,1.079,0,70,0,18,316,1
2020-09-28 21,0.869,0,75,0,17,278,1
2020-09-28 22,1.021,0,75,0,16,292,1
2020-09-28 23,0.794,0,80,0,15,284,1
2020-09-29 00,0.899,0,80,0,15,323,2
2020-09-29 01,1.073,0,80,0,15,320,1
2020-09-29 02,0.866,0,85,0,14,327,1
2020-09-29 03,0.712,0,85,0,14,321,2
2020-09-29 04,0.72,0,90,0,14,322,1
2020-09-29 05,0.806,0,85,0,13,323,1
2020-09-29 06,0.562,0,85,0,14,307,2
2020-09-29 07,0.857,0,75,0,16,328,1
2020-09-29 08,0.986,0,65,0,19,338,1
2020-09-29 09,1.433,0,55,0,21,353,1
2020-09-29 10,1.522,0,45,0,23,75,1
2020-09-29 11,1.329,0,40,0,24,30,1
2020-09-29 12,2.729,0,35,0,25,117,1
2020-09-29 13,1.729,0,40,0,25,151,2
2020-09-29 14,2.837,0,35,0,26,159,1
2020-09-29 15,2.197,0,40,0,25,174,1
2020-09-29 16,1.67,0,45,0,24,235,2
2020-09-29 17,1.476,0,50,0,23,251,1
2020-09-29 18,1.179,0,60,0,21,349,1
2020-09-29 19,2.423,0,65,0,20,337,1
2020-09-29 20,1.472,0,70,0,19,316,1
2020-09-29 21,1.708,0,75,0,18,317,1
2020-09-29 22,1.426,0,75,0,18,307,1
2020-09-29 23,1.381,0,80,0,17,301,1
2020-09-30 00,1.329,0,80,0,16,318,1
2020-09-30 01,0.858,0,80,0,16,320,2
2020-09-30 02,0.904,0,80,0,16,327,1
2020-09-30 03,1.082,0,80,0,16,315,1
2020-09-30 04,0.864,0,80,0,15,309,1
2020-09-30 05,0.837,0,80,0,16,321,1
2020-09-30 06,0.732,0,80,0,16,316,2
2020-09-30 07,0.919,0,75,0,18,316,1
2020-09-30 08,0.917,0,60,0,20,332,1
2020-09-30 09,1.457,0,50,0,22,354,2
2020-09-30 10,2.075,0,45,0,24,36,1
2020-09-30 11,1.932,0,40,0,25,133,1
2020-09-30 12,1.873,0,40,0,25,119,1
2020-09-30 13,2.477,0,40,0,26,120,2
2020-09-30 14,1.874,0,35,0,26,136,1
2020-09-30 15,1.877,0,40,0,25,265,0
2020-09-30 16,0.952,0,40,0,25,278,1
2020-09-30 17,1.329,0,55,0,23,219,1
2020-09-30 18,1.147,0,60,0,21,221,1
2020-09-30 19,1.138,0,65,0,20,230,1
2020-09-30 20,0.733,0,70,0,20,205,1
2020-09-30 21,1.069,0,70,0,20,233,1
2020-09-30 22,0.721,0,80,0,18,203,1
2020-09-30 23,0.932,0,80,0,18,308,1
2020-10-01 00,0.601,0,85,0,18,325,1
2020-10-01 01,0.926,0,85,0,18,330,1
2020-10-01 02,0.625,0,85,0,17,326,1
2020-10-01 03,0.643,0,85,0,17,299,1
2020-10-01 04,0.73,0,90,0,17,301,1
2020-10-01 05,0.757,0,90,0,17,338,1
2020-10-01 06,0.6,0,80,0,18,17,1
2020-10-01 07,0.618,0,75,0,19,8,1
2020-10-01 08,0.626,0,65,0,20,40,1
2020-10-01 09,0.973,0,55,0,22,122,0
2020-10-01 10,1.091,0,50,0,24,264,1
2020-10-01 11,1.14,0,50,0,25,160,1
2020-10-01 12,1.54,0,50,0,25,164,0
2020-10-01 13,1.647,0,45,0,26,181,2
2020-10-01 14,1.591,0,45,0,26,165,3
2020-10-01 15,1.735,0,50,0,25,180,3
2020-10-01 16,1.377,0,55,0,23,203,3
2020-10-01 17,1.29,0,65,0,22,182,2
2020-10-01 18,0.871,0,70,0,20,185,2
2020-10-01 19,1.202,0,75,0,20,206,1
2020-10-01 20,0.695,0,75,0,20,196,1
2020-10-01 21,0.806,0,75,0,20,280,0
2020-10-01 22,0.807,0,80,0,19,317,1
2020-10-01 23,0.644,0,85,0,18,307,1
2020-10-02 00,0.626,0,85,0,18,319,1
2020-10-02 01,0.889,0,90,0,17,314,1
2020-10-02 02,0.647,0,90,0,17,311,1
2020-10-02 03,0.618,0,90,0,17,303,1
2020-10-02 04,0.608,0,90,0,17,306,1
2020-10-02 05,0.623,0,90,0,17,314,1
2020-10-02 06,0.58,0,90,0,16,302,1
2020-10-02 07,0.608,0,85,0,18,318,1
2020-10-02 08,0.945,0,70,0,21,323,0
2020-10-02 09,0.882,0,60,0,23,275,0
2020-10-02 10,1.276,0,55,0,24,234,1
2020-10-02 11,1.324,0,50,0,25,250,2
2020-10-02 12,2.028,0,50,0,26,235,2
2020-10-02 13,1.716,0,50,0,26,225,2
2020-10-02 14,1.535,0,55,0,26,207,3
2020-10-02 15,1.151,0,55,0,25,218,3
2020-10-02 16,1.22,0,60,0,24,231,3
2020-10-02 17,0.934,0,65,0,23,214,3
2020-10-02 18,0.877,0,70,0,22,249,2
2020-10-02 19,0.9,0,75,0,22,247,2
2020-10-02 20,0.885,0,75,0,21,257,2
2020-10-02 21,1.018,0,80,0,20,325,1
2020-10-02 22,1.117,0,80,0,20,344,0
2020-10-02 23,0.851,0,80,0,19,328,1
2020-10-03 00,0.999,0,80,0,19,277,1
2020-10-03 01,1.078,0,80,0,19,312,1
2020-10-03 02,1.058,0,75,0,19,300,1
2020-10-03 03,1.097,5,80,0.1,19,326,1
2020-10-03 04,0.974,5,75,0.1,20,336,2
2020-10-03 05,0.984,0,70,0,19,338,1
2020-10-03 06,0.708,0,70,0,19,315,1
2020-10-03 07,0.887,0,65,0,19,328,2
2020-10-03 08,0.87,0,65,0,20,323,1
2020-10-03 09,0.95,0,60,0,22,347,2
2020-10-03 10,1.283,0,50,0,24,352,0
2020-10-03 11,1.383,0,40,0,25,338,1
2020-10-03 12,1.85,0,40,0,26,336,1
2020-10-03 13,1.828,0,40,0,27,75,0
2020-10-03 14,3.098,0,40,0,27,312,1
2020-10-03 15,2.54,0,40,0,27,205,2
2020-10-03 16,1.865,0,45,0,25,195,3
2020-10-03 17,1.729,0,55,0,23,189,3
2020-10-03 18,2.461,0,65,0,23,197,2
2020-10-03 19,1.533,0,65,0,22,233,2
2020-10-03 20,1.134,0,70,0,22,241,0
2020-10-03 21,1.159,0,75,0,21,263,0
2020-10-03 22,1.18,0,75,0,21,310,1
2020-10-03 23,0.948,5,80,0.1,21,292,1
2020-10-04 00,0.831,5,80,0.2,21,236,1
2020-10-04 01,0.753,5,85,0.2,20,321,1
2020-10-04 02,0.946,0,85,0,20,332,1
2020-10-04 03,0.787,0,85,0,19,318,0
2020-10-04 04,0.845,5,85,0.1,19,304,1
2020-10-04 05,0.835,5,85,0.1,19,258,0
2020-10-04 06,0.781,0,85,0,19,94,0
2020-10-04 07,0.79,0,80,0,20,202,0
2020-10-04 08,0.686,0,75,0,21,321,1
2020-10-04 09,0.898,0,65,0,23,311,2
2020-10-04 10,1.389,0,60,0,23,302,2
2020-10-04 11,1.51,0,60,0,24,279,2
2020-10-04 12,2.847,0,65,0,24,292,2
2020-10-04 13,2.593,0,60,0,24,282,3
2020-10-04 14,1.706,0,65,0,24,291,2
2020-10-04 15,2.045,0,70,0,22,337,4
2020-10-04 16,1.516,0,70,0,21,336,4
2020-10-04 17,1.734,0,65,0,20,328,3
2020-10-04 18,1.477,0,65,0,20,329,2
2020-10-04 19,1.279,0,60,0,20,337,2
2020-10-04 20,0.87,0,65,0,19,325,2
2020-10-04 21,0.681,0,60,0,20,339,3
2020-10-04 22,0.518,0,60,0,18,329,4
2020-10-04 23,0.55,0,50,0,17,321,4
2020-10-05 00,0.759,0,50,0,16,332,4
2020-10-05 01,0.76,0,55,0,15,336,4
2020-10-05 02,0.643,0,50,0,15,327,6
2020-10-05 03,0.611,0,50,0,14,336,5
2020-10-05 04,0.456,0,50,0,13,334,5
2020-10-05 05,0.457,0,50,0,13,340,4
2020-10-05 06,0.436,0,50,0,13,340,5
2020-10-05 07,0.762,0,45,0,14,346,4
2020-10-05 08,1.131,0,35,0,15,339,4
2020-10-05 09,1.584,0,30,0,18,348,3
2020-10-05 10,2.098,0,25,0,19,348,4
2020-10-05 11,1.702,0,30,0,20,338,6
2020-10-05 12,1.736,0,30,0,20,344,6
2020-10-05 13,1.635,0,30,0,21,330,5
2020-10-05 14,2.093,0,30,0,21,341,4
2020-10-05 15,0.556,0,30,0,21,337,6
2020-10-05 16,1.602,0,35,0,20,329,4
2020-10-05 17,0.903,0,40,0,18,321,4
2020-10-05 18,0.499,0,45,0,17,321,3
2020-10-05 19,0.785,0,50,0,16,317,3
2020-10-05 20,0.567,0,50,0,16,323,3
2020-10-05 21,1.437,0,55,0,16,324,3
2020-10-05 22,2.062,0,55,0,16,346,3
2020-10-05 23,1.133,0,55,0,15,335,3
2020-10-06 00,1.197,0,55,0,15,339,3
2020-10-06 01,0.769,0,55,0,15,345,2
2020-10-06 02,0.513,0,55,0,14,340,3
2020-10-06 03,0.515,0,60,0,13,343,2
2020-10-06 04,0.95,0,65,0,12,313,1
2020-10-06 05,0.931,0,70,0,11,306,2
2020-10-06 06,0.897,0,70,0,11,324,1
2020-10-06 07,0.988,0,65,0,14,345,1
2020-10-06 08,1.057,0,50,0,16,352,3
2020-10-06 09,1.293,0,45,0,18,341,2
2020-10-06 10,1.597,0,30,0,20,340,1
2020-10-06 11,1.089,0,30,0,20,329,2
2020-10-06 12,1.337,0,30,0,22,46,1
2020-10-06 13,1.608,0,30,0,22,55,1
2020-10-06 14,1.165,0,30,0,23,96,1
2020-10-06 15,1.165,0,25,0,22,15,1
2020-10-06 16,1.303,0,30,0,22,45,0
2020-10-06 17,1.692,0,40,0,19,290,1
2020-10-06 18,1.183,0,45,0,18,315,1
2020-10-06 19,1.125,0,45,0,17,319,1
2020-10-06 20,0.965,0,50,0,16,316,2
2020-10-06 21,0.97,0,55,0,15,310,1
2020-10-06 22,0.725,0,60,0,15,309,2
2020-10-06 23,0.741,0,60,0,15,286,1
2020-10-07 00,1.308,0,60,0,15,301,1
2020-10-07 01,1.027,0,55,0,15,311,1
2020-10-07 02,1.224,0,55,0,15,31,1
2020-10-07 03,0.914,0,55,0,15,48,1
2020-10-07 04,0.918,0,55,0,15,27,2
2020-10-07 05,0.892,0,60,0,15,54,1
2020-10-07 06,0.851,0,65,0,14,357,1
2020-10-07 07,0.885,0,60,0,15,328,1
2020-10-07 08,0.995,0,45,0,18,57,1
2020-10-07 09,1.127,0,40,0,20,69,2
2020-10-07 10,1.313,0,40,0,21,85,3
2020-10-07 11,0.892,0,35,0,22,108,2
2020-10-07 12,1.25,0,35,0,23,117,3
2020-10-07 13,1.367,0,35,0,23,105,3
2020-10-07 14,1.219,0,30,0,24,108,3
2020-10-07 15,1.333,0,30,0,23,105,3
2020-10-07 16,1.099,0,30,0,22,89,3
2020-10-07 17,0.994,0,35,0,21,43,2
2020-10-07 18,1.118,0,40,0,20,25,2
2020-10-07 19,1.194,0,45,0,19,33,2
2020-10-07 20,1.159,0,50,0,19,32,1
2020-10-07 21,1.502,0,55,0,18,52,2
2020-10-07 22,1.352,0,55,0,19,60,2
2020-10-07 23,0.958,0,60,0,18,40,2
2020-10-08 00,0.778,0,55,0,18,45,2
2020-10-08 01,0.546,0,55,0,17,50,2
2020-10-08 02,0.668,0,60,0,17,54,2
2020-10-08 03,1.079,0,60,0,17,51,2
2020-10-08 04,0.915,0,60,0,17,39,2
2020-10-08 05,0.919,0,55,0,18,50,3
2020-10-08 06,0.859,0,50,0,18,65,3
2020-10-08 07,0.92,0,45,0,19,73,4
2020-10-08 08,1.051,0,45,0,20,80,4
2020-10-08 09,1.228,0,40,0,21,77,3
2020-10-08 10,1.849,0,40,0,22,83,4
2020-10-08 11,1.387,0,35,0,22,81,4
2020-10-08 12,1.656,0,35,0,23,74,4
2020-10-08 13,2.381,0,35,0,23,78,4
2020-10-08 14,1.737,0,35,0,24,81,4
2020-10-08 15,1.454,0,35,0,23,69,3
2020-10-08 16,1.474,0,35,0,23,69,3
2020-10-08 17,1.242,0,35,0,21,83,3
2020-10-08 18,0.881,0,40,0,20,74,3
2020-10-08 19,1.308,0,40,0,19,56,3
2020-10-08 20,1.1,0,40,0,18,65,3
2020-10-08 21,1.409,0,45,0,18,62,2
2020-10-08 22,1.281,0,45,0,17,53,2
2020-10-08 23,0.849,0,45,0,17,58,2
2020-10-09 00,0.651,0,50,0,16,45,2
2020-10-09 01,0.992,0,45,0,17,83,3
2020-10-09 02,0.944,0,50,0,17,83,3
2020-10-09 03,0.949,0,45,0,17,84,3
2020-10-09 04,0.926,0,45,0,17,82,3
2020-10-09 05,0.922,0,50,0,17,69,3
2020-10-09 06,0.954,0,50,0,16,62,2
2020-10-09 07,0.654,0,50,0,17,37,3
2020-10-09 08,0.611,0,40,0,20,69,3
2020-10-09 09,0.833,0,40,0,22,79,3
2020-10-09 10,1.171,0,35,0,22,68,4
2020-10-09 11,1.393,0,35,0,23,63,3
2020-10-09 12,1.723,0,35,0,24,77,3
2020-10-09 13,2.122,0,35,0,23,81,4
2020-10-09 14,2.288,0,35,0,24,69,3
2020-10-09 15,2.111,0,35,0,23,54,3
2020-10-09 16,1.734,0,35,0,23,88,3
2020-10-09 17,1.629,0,40,0,21,90,4
2020-10-09 18,1.234,0,45,0,20,89,3
2020-10-09 19,1.943,0,45,0,19,59,2
2020-10-09 20,1.24,0,45,0,19,41,2
2020-10-09 21,1.496,0,50,0,19,37,1
2020-10-09 22,1.163,0,50,0,18,26,2
2020-10-09 23,0.773,0,55,0,18,19,1
2020-10-10 00,0.712,0,55,0,18,10,1
2020-10-10 01,0.837,0,55,0,18,317,2
2020-10-10 02,0.932,0,60,0,17,302,1
2020-10-10 03,1.119,0,55,0,18,56,1
2020-10-10 04,0.897,0,60,0,17,15,1
2020-10-10 05,0.901,0,65,0,16,352,1
2020-10-10 06,0.866,0,70,0,15,309,1
2020-10-10 07,0.791,0,65,0,16,285,1
2020-10-10 08,1.188,0,55,0,19,0,1
2020-10-10 09,1.284,0,50,0,21,81,1
2020-10-10 10,1.122,0,45,0,22,66,2
2020-10-10 11,1.241,0,40,0,24,91,2
2020-10-10 12,1.565,0,40,0,24,107,3
2020-10-10 13,1.444,0,40,0,23,117,2
2020-10-10 14,2.519,0,40,0,24,134,2
2020-10-10 15,2.002,0,40,0,24,118,1
2020-10-10 16,1.399,0,45,0,23,120,1
2020-10-10 17,1.823,0,50,0,22,113,1
2020-10-10 18,1.151,0,60,0,20,74,0
2020-10-10 19,1.151,0,70,0,18,229,1
2020-10-10 20,1.21,0,70,0,17,277,1
2020-10-10 21,0.98,0,75,0,17,315,1
2020-10-10 22,0.938,0,75,0,17,300,1
2020-10-10 23,1.315,0,70,0,18,17,1
2020-10-11 00,0.733,0,70,0,18,23,1
2020-10-11 01,0.897,0,70,0,17,38,1
2020-10-11 02,0.926,0,75,0,17,40,1
2020-10-11 03,1.096,0,75,0,16,25,1
2020-10-11 04,1.091,0,75,0,15,48,1
2020-10-11 05,0.925,0,75,0,15,21,1
2020-10-11 06,0.86,0,75,0,15,24,1
2020-10-11 07,0.771,0,70,0,17,86,1
2020-10-11 08,0.635,0,55,0,19,79,1
2020-10-11 09,0.798,0,45,0,21,92,2
2020-10-11 10,0.954,0,45,0,21,106,3
2020-10-11 11,0.899,0,40,0,23,109,3
2020-10-11 12,1.386,0,45,0,22,107,2
2020-10-11 13,1.662,0,40,0,23,125,2
2020-10-11 14,1.746,0,40,0,23,126,2
2020-10-11 15,1.413,0,40,0,23,155,2
2020-10-11 16,1.199,0,45,0,22,179,2
2020-10-11 17,1.225,0,50,0,21,227,1
2020-10-11 18,1.054,0,60,0,19,270,1
2020-10-11 19,0.913,0,65,0,18,324,1
2020-10-11 20,0.712,0,70,0,17,304,1
2020-10-11 21,0.659,0,70,0,17,303,0
2020-10-11 22,0.668,0,70,0,17,304,1
2020-10-11 23,0.654,0,75,0,16,290,1
2020-10-12 00,1.167,0,80,0,16,317,1
2020-10-12 01,1.76,0,85,0,15,308,1
2020-10-12 02,1.287,0,80,0,15,334,1
2020-10-12 03,1.186,0,85,0,15,309,0
2020-10-12 04,0.977,0,85,0,15,265,0
2020-10-12 05,1.132,0,85,0,15,286,0
2020-10-12 06,1.078,0,80,0,15,313,1
2020-10-12 07,1.183,0,70,0,18,342,2
2020-10-12 08,1.242,0,60,0,19,340,2
2020-10-12 09,1.412,0,50,0,21,340,2
2020-10-12 10,1.621,0,40,0,22,355,3
2020-10-12 11,1.632,0,35,0,24,310,3
2020-10-12 12,3.189,0,35,0,24,326,5
2020-10-12 13,2.501,0,40,0,24,329,5
2020-10-12 14,1.713,0,40,0,25,343,5
2020-10-12 15,1.506,0,40,0,24,350,3
2020-10-12 16,1.264,0,40,0,23,337,3
2020-10-12 17,1.351,0,50,0,22,319,2
2020-10-12 18,1.066,0,50,0,20,318,2
2020-10-12 19,1.119,0,55,0,20,319,3
2020-10-12 20,1.061,0,60,0,19,319,3
2020-10-12 21,0.986,0,65,0,18,332,4
2020-10-12 22,0.968,0,70,0,17,322,3
2020-10-12 23,0.639,0,70,0,17,313,4
2020-10-13 00,0.842,0,65,0,16,326,3
2020-10-13 01,0.665,0,60,0,15,329,4
2020-10-13 02,0.816,0,60,0,15,336,4
2020-10-13 03,0.562,0,60,0,15,329,3
2020-10-13 04,1.2,0,60,0,14,314,3
2020-10-13 05,1.427,0,60,0,14,329,2
2020-10-13 06,1.37,0,60,0,14,329,2
2020-10-13 07,1.129,0,55,0,14,330,2
2020-10-13 08,1.207,0,50,0,15,336,3
2020-10-13 09,0.716,0,40,0,18,9,2
2020-10-13 10,0.894,0,30,0,20,349,2
2020-10-13 11,0.67,0,20,0,21,316,3
2020-10-13 12,1.087,0,20,0,22,336,4
2020-10-13 13,1.28,0,25,0,21,330,5
2020-10-13 14,1.027,0,25,0,20,333,5
2020-10-13 15,1.001,0,30,0,20,327,4
2020-10-13 16,1.614,0,30,0,19,341,5
2020-10-13 17,0.752,0,30,0,18,337,4
2020-10-13 18,0.729,0,35,0,16,332,4
2020-10-13 19,0.558,0,35,0,16,335,3
2020-10-13 20,1.329,0,40,0,15,340,3
2020-10-13 21,1.389,0,45,0,14,321,2
2020-10-13 22,0.528,0,45,0,13,330,2
2020-10-13 23,0.602,0,50,0,13,317,2
2020-10-14 00,1.518,0,55,0,11,304,2
2020-10-14 01,1.373,0,60,0,11,314,2
2020-10-14 02,1.463,0,55,0,11,315,1
2020-10-14 03,0.954,0,60,0,10,317,2
2020-10-14 04,0.978,0,65,0,10,313,1
2020-10-14 05,0.953,0,65,0,10,302,1
2020-10-14 06,0.862,0,60,0,11,345,0
2020-10-14 07,0.874,0,50,0,13,316,1
2020-10-14 08,0.883,0,45,0,15,346,1
2020-10-14 09,1.145,0,35,0,18,101,1
2020-10-14 10,1.511,0,35,0,18,337,1
2020-10-14 11,0.95,0,30,0,20,110,0
2020-10-14 12,1.129,0,25,0,21,32,1
2020-10-14 13,1.035,0,30,0,21,355,2
2020-10-14 14,2.082,0,30,0,22,355,2
2020-10-14 15,1.401,0,30,0,22,338,4
2020-10-14 16,1.324,0,30,0,21,329,4
2020-10-14 17,1.363,0,35,0,19,334,3
2020-10-14 18,1.007,0,45,0,17,327,3
2020-10-14 19,0.889,0,45,0,17,324,2
2020-10-14 20,0.804,0,50,0,16,326,3
2020-10-14 21,0.655,0,55,0,16,330,3
2020-10-14 22,1.713,0,60,0,15,320,2
2020-10-14 23,1.524,0,60,0,14,321,2
2020-10-15 00,1.058,0,60,0,13,326,1
2020-10-15 01,1.08,0,45,0,14,323,2
2020-10-15 02,0.946,0,40,0,14,316,2
2020-10-15 03,0.873,0,40,0,14,323,4
2020-10-15 04,0.88,0,45,0,14,336,3
2020-10-15 05,0.888,0,40,0,13,341,2
2020-10-15 06,0.848,0,40,0,13,339,3
2020-10-15 07,0.893,0,40,0,14,331,2
2020-10-15 08,1.043,0,35,0,15,338,3
2020-10-15 09,1.106,0,30,0,16,338,2
2020-10-15 10,1.369,0,25,0,18,324,1
2020-10-15 11,1.326,0,15,0,20,65,0
2020-10-15 12,1.565,0,15,0,21,321,0
2020-10-15 13,1.607,0,15,0,22,279,1
2020-10-15 14,1.796,0,15,0,22,7,0
2020-10-15 15,2.232,0,25,0,21,52,1
2020-10-15 16,1.006,0,25,0,20,300,1
2020-10-15 17,1.147,0,35,0,18,310,1
2020-10-15 18,0.855,0,40,0,17,321,2
2020-10-15 19,0.863,0,45,0,16,308,1
2020-10-15 20,1.583,0,40,0,15,302,1
2020-10-15 21,1.227,0,50,0,14,304,1
2020-10-15 22,1.199,0,50,0,14,313,2
2020-10-15 23,1.145,0,50,0,13,299,2
2020-10-16 00,1.185,0,50,0,12,287,1
2020-10-16 01,1.168,0,55,0,12,317,2
2020-10-16 02,1.132,0,60,0,10,320,1
2020-10-16 03,1.122,0,60,0,10,313,1
2020-10-16 04,1.035,0,60,0,9,314,2
2020-10-16 05,1.006,0,65,0,10,318,1
2020-10-16 06,0.889,0,60,0,10,316,1
2020-10-16 07,0.926,0,55,0,13,323,2
2020-10-16 08,0.973,0,50,0,14,324,1
2020-10-16 09,1.122,0,45,0,15,315,2
2020-10-16 10,1.167,5,40,0.1,17,330,1
2020-10-16 11,1.302,5,40,0.2,17,12,1
2020-10-16 12,1.221,0,40,0,18,10,1
2020-10-16 13,1.03,5,35,0.1,18,4,1
2020-10-16 14,0.795,5,35,0.1,18,19,1
2020-10-16 15,1.004,0,35,0,18,128,0
2020-10-16 16,1.286,0,45,0,18,30,1
2020-10-16 17,1.073,5,55,0.2,16,334,1
2020-10-16 18,0.854,5,55,0.1,16,326,1
2020-10-16 19,0.853,5,55,0.1,15,213,0
2020-10-16 20,0.682,0,55,0,15,325,1
2020-10-16 21,1.55,0,55,0,14,295,1
2020-10-16 22,1.804,0,60,0,14,322,1
2020-10-16 23,1.127,0,65,0,12,288,1
2020-10-17 00,1.555,0,70,0,12,325,2
2020-10-17 01,1.066,0,75,0,11,339,2
2020-10-17 02,1.067,0,75,0,10,320,1
2020-10-17 03,1.063,0,70,0,10,324,2
2020-10-17 04,1.055,0,70,0,11,333,1
2020-10-17 05,1.065,0,75,0,9,293,1
2020-10-17 06,1.101,0,75,0,10,334,1
2020-10-17 07,1.123,0,70,0,12,319,1
2020-10-17 08,1.156,0,55,0,15,304,1
2020-10-17 09,1.155,0,40,0,18,44,0
2020-10-17 10,1.467,0,40,0,19,261,0
2020-10-17 11,1.351,0,35,0,21,34,1
2020-10-17 12,1.92,0,35,0,21,341,1
2020-10-17 13,2.004,0,30,0,22,330,0
2020-10-17 14,1.889,0,30,0,23,322,1
2020-10-17 15,1.799,0,35,0,22,296,2
2020-10-17 16,1.673,0,40,0,21,324,3
2020-10-17 17,1.511,0,45,0,19,312,2
2020-10-17 18,1.396,0,50,0,17,327,2
2020-10-17 19,1.159,0,55,0,17,325,2
2020-10-17 20,1.177,0,60,0,16,324,2
2020-10-17 21,0.817,0,65,0,15,325,1
2020-10-17 22,0.58,0,65,0,14,308,1
2020-10-17 23,0.696,0,70,0,14,306,1
2020-10-18 00,0.89,0,70,0,13,313,1
2020-10-18 01,1.43,0,75,0,13,306,1
2020-10-18 02,1.359,0,75,0,13,313,2
2020-10-18 03,1.19,0,75,0,12,321,2
2020-10-18 04,0.812,0,80,0,11,314,1
2020-10-18 05,0.859,0,85,0,11,318,1
2020-10-18 06,0.541,0,85,0,11,315,1
2020-10-18 07,0.379,0,75,0,13,326,1
2020-10-18 08,0.367,0,65,0,16,357,1
2020-10-18 09,0.415,0,50,0,18,15,1
2020-10-18 10,0.698,0,45,0,20,36,1
2020-10-18 11,0.922,0,30,0,21,343,1
2020-10-18 12,1.18,0,30,0,22,355,2
2020-10-18 13,1.301,0,25,0,22,333,2
2020-10-18 14,1.149,0,25,0,23,319,2
2020-10-18 15,1.371,0,20,0,22,298,1
2020-10-18 16,1.377,0,25,0,21,300,1
2020-10-18 17,1.248,0,30,0,19,295,1
2020-10-18 18,1.012,0,40,0,17,313,2
2020-10-18 19,0.744,0,40,0,16,339,2
2020-10-18 20,1.472,0,45,0,16,335,1
2020-10-18 21,1.327,0,45,0,15,321,2
2020-10-18 22,1.157,0,50,0,15,309,1
2020-10-18 23,0.97,0,50,0,14,330,2
2020-10-19 00,0.934,0,50,0,14,332,1
2020-10-19 01,0.876,0,55,0,13,337,2
2020-10-19 02,0.879,0,55,0,13,304,2
2020-10-19 03,0.959,0,55,0,12,318,2
2020-10-19 04,0.902,0,65,0,11,307,2
2020-10-19 05,0.896,0,65,0,10,312,2
2020-10-19 06,0.862,0,65,0,10,288,2
2020-10-19 07,0.922,0,60,0,12,303,2
2020-10-19 08,0.954,0,50,0,16,348,1
2020-10-19 09,0.788,0,35,0,18,192,0
2020-10-19 10,0.913,0,35,0,19,67,1
2020-10-19 11,1.005,0,35,0,20,164,0
2020-10-19 12,1.47,0,30,0,21,132,1
2020-10-19 13,1.535,0,30,0,21,103,2
2020-10-19 14,2.107,0,25,0,22,201,0
2020-10-19 15,1.624,0,25,0,22,129,1
2020-10-19 16,1.512,0,40,0,21,203,2
2020-10-19 17,1.181,0,50,0,17,227,1
2020-10-19 18,0.889,0,60,0,15,298,1
2020-10-19 19,1.239,0,65,0,14,320,2
2020-10-19 20,1.489,0,65,0,14,286,1
2020-10-19 21,0.743,0,75,0,12,315,1
2020-10-19 22,0.829,0,75,0,12,316,1
2020-10-19 23,1.693,0,80,0,11,300,1
2020-10-20 00,1.412,0,80,0,10,299,1
2020-10-20 01,1.096,0,85,0,10,297,1
2020-10-20 02,1.009,0,80,0,10,316,1
2020-10-20 03,0.926,0,85,0,10,320,2
2020-10-20 04,0.923,0,90,0,9,322,2
2020-10-20 05,0.924,0,90,0,9,314,1
2020-10-20 06,0.889,0,90,0,9,329,1
2020-10-20 07,0.95,0,80,0,11,315,1
2020-10-20 08,1.086,0,65,0,15,322,1
2020-10-20 09,1.15,0,50,0,18,136,0
2020-10-20 10,1.572,0,40,0,21,137,1
2020-10-20 11,1.033,0,35,0,22,114,3
2020-10-20 12,1.607,0,30,0,22,90,2
2020-10-20 13,2.112,0,30,0,23,109,1
2020-10-20 14,1.661,0,30,0,23,135,2
2020-10-20 15,1.75,0,35,0,22,150,1
2020-10-20 16,1.932,0,40,0,21,228,2
2020-10-20 17,1.748,0,50,0,19,234,1
2020-10-20 18,1.395,0,60,0,16,275,1
2020-10-20 19,1.349,0,70,0,15,311,1
2020-10-20 20,1.207,0,70,0,14,317,1
2020-10-20 21,0.66,0,75,0,13,306,2
2020-10-20 22,0.776,0,80,0,13,318,1
2020-10-20 23,1.388,0,80,0,13,315,1
2020-10-21 00,1.464,0,80,0,12,311,1
2020-10-21 01,1.144,0,85,0,12,314,1
2020-10-21 02,1.002,0,80,0,13,42,1
2020-10-21 03,0.933,0,80,0,14,85,0
2020-10-21 04,0.927,0,80,0,14,190,0
2020-10-21 05,0.923,0,80,0,13,41,0
2020-10-21 06,0.883,0,80,0,14,73,1
2020-10-21 07,1.118,0,75,0,15,93,0
2020-10-21 08,0.937,0,70,0,16,81,0
2020-10-21 09,1.401,0,65,0,18,35,1
2020-10-21 10,1.466,0,55,0,20,109,2
2020-10-21 11,1.518,0,60,0,20,87,1
2020-10-21 12,1.947,0,60,0,20,53,1
2020-10-21 13,2.537,0,60,0,20,3,1
2020-10-21 14,2.042,1,80,1,18,58,1
2020-10-21 15,1.407,1,90,0.8,17,35,0
2020-10-21 16,1.733,1,95,0.6,16,48,1
2020-10-21 17,1.728,1,95,1.1,16,66,1
2020-10-21 18,1.24,1,95,2,16,90,1
2020-10-21 19,0.771,1,95,3.1,15,79,1
2020-10-21 20,1.364,1,95,2.6,15,65,1
2020-10-21 21,1.296,1,95,2.2,14,103,1
2020-10-21 22,1.059,1,95,1.7,14,49,1
2020-10-21 23,1.069,1,95,1.5,14,11,1
2020-10-22 00,1.191,5,95,0.2,14,318,1
2020-10-22 01,1.007,5,95,0.2,14,289,1
2020-10-22 02,0.767,0,95,0,14,324,2
2020-10-22 03,1.061,0,95,0,14,347,2
2020-10-22 04,0.848,0,90,0,14,328,1
2020-10-22 05,0.852,0,90,0,14,331,1
2020-10-22 06,1.008,0,90,0,14,328,2
2020-10-22 07,0.994,0,85,0,15,329,2
2020-10-22 08,1.198,0,80,0,16,348,1
2020-10-22 09,1.305,0,75,0,17,338,1
2020-10-22 10,1.4,0,70,0,17,343,1
2020-10-22 11,1.407,0,65,0,18,336,2
2020-10-22 12,1.647,0,55,0,19,328,4
2020-10-22 13,1.224,0,60,0,20,322,3
2020-10-22 14,1.044,0,55,0,19,334,4
2020-10-22 15,1.434,0,60,0,19,328,2
2020-10-22 16,1.068,0,60,0,18,317,2
2020-10-22 17,1.296,0,60,0,17,322,3
2020-10-22 18,0.714,0,55,0,16,332,4
2020-10-22 19,1.631,0,50,0,14,328,4
2020-10-22 20,1.276,0,50,0,13,327,4
2020-10-22 21,0.813,0,50,0,12,321,3
2020-10-22 22,0.899,0,50,0,12,334,4
2020-10-22 23,1.242,0,50,0,12,335,4
2020-10-23 00,1.105,0,55,0,12,335,5
2020-10-23 01,1.038,0,55,0,12,343,3
2020-10-23 02,1.044,0,50,0,11,341,3
2020-10-23 03,0.99,0,50,0,11,344,3
2020-10-23 04,0.992,0,50,0,11,333,4
2020-10-23 05,0.995,0,55,0,11,332,3
2020-10-23 06,0.953,0,55,0,11,333,3
2020-10-23 07,1.151,0,50,0,12,326,4
2020-10-23 08,1.018,0,50,0,13,339,5
2020-10-23 09,1.248,0,45,0,14,342,6
2020-10-23 10,1.248,0,40,0,15,337,6
2020-10-23 11,1.351,0,35,0,16,337,6
2020-10-23 12,1.231,0,30,0,16,338,5
2020-10-23 13,1.454,0,30,0,17,347,5
2020-10-23 14,1.442,0,30,0,17,338,6
2020-10-23 15,1.45,0,30,0,16,325,5
2020-10-23 16,1.543,0,30,0,15,321,5
2020-10-23 17,1.247,0,40,0,13,320,5
2020-10-23 18,0.931,0,45,0,11,325,4
2020-10-23 19,0.752,0,50,0,11,319,3
2020-10-23 20,0.752,0,50,0,11,327,3
2020-10-23 21,1.012,0,50,0,10,327,2
2020-10-23 22,1.639,0,55,0,10,335,2
2020-10-23 23,1.846,0,55,0,10,305,1
2020-10-24 00,1.771,0,55,0,10,329,2
2020-10-24 01,1.757,0,55,0,10,321,2
2020-10-24 02,1.67,0,55,0,9,339,2
2020-10-24 03,1.428,0,55,0,9,336,3
2020-10-24 04,1.401,0,55,0,9,325,2
2020-10-24 05,1.391,0,60,0,9,309,2
2020-10-24 06,0.529,0,65,0,8,299,2
2020-10-24 07,0.584,0,60,0,10,301,2
2020-10-24 08,0.591,0,50,0,12,321,4
2020-10-24 09,0.756,0,45,0,13,330,5
2020-10-24 10,0.865,0,40,0,15,315,4
2020-10-24 11,1.351,0,30,0,16,322,5
2020-10-24 12,1.442,0,25,0,17,331,4
2020-10-24 13,1.353,0,25,0,17,320,5
2020-10-24 14,1.347,0,25,0,18,334,4
2020-10-24 15,1.319,0,25,0,17,321,5
2020-10-24 16,1.205,0,30,0,16,329,5
2020-10-24 17,1.168,0,35,0,13,316,4
2020-10-24 18,1.147,0,40,0,12,317,4
2020-10-24 19,1.171,0,45,0,11,313,3
2020-10-24 20,1.806,0,50,0,11,311,2
2020-10-24 21,1.492,0,55,0,10,317,2
2020-10-24 22,1.128,0,55,0,11,310,3
2020-10-24 23,1.213,0,55,0,12,323,4
2020-10-25 00,1.23,0,55,0,12,313,4
2020-10-25 01,1.043,0,60,0,13,318,3
2020-10-25 02,1.312,0,65,0,12,279,2
2020-10-25 03,1.376,0,65,0,11,249,1
2020-10-25 04,1.373,0,70,0,12,312,1
2020-10-25 05,1.316,0,70,0,12,313,1
2020-10-25 06,1.246,0,75,0,11,310,2
2020-10-25 07,1.082,0,65,0,13,299,3
2020-10-25 08,1.283,0,50,0,16,310,4
2020-10-25 09,0.933,0,45,0,17,322,5
2020-10-25 10,1.211,0,40,0,19,319,4
2020-10-25 11,1.278,0,35,0,20,324,4
2020-10-25 12,1.573,0,30,0,20,308,3
2020-10-25 13,1.51,0,35,0,21,301,3
2020-10-25 14,1.286,0,30,0,21,324,4
2020-10-25 15,1.357,0,35,0,20,321,3
2020-10-25 16,1.338,0,40,0,19,315,3
2020-10-25 17,1.541,0,45,0,18,317,3
2020-10-25 18,1.188,0,50,0,16,303,3
2020-10-25 19,1.352,0,60,0,15,292,1
2020-10-25 20,1.546,0,60,0,15,311,3
2020-10-25 21,1.567,0,60,0,14,331,3
2020-10-25 22,1.314,0,65,0,13,333,3
2020-10-25 23,1.063,0,65,0,12,323,2
2020-10-26 00,0.984,0,65,0,11,328,2
2020-10-26 01,1.018,0,65,0,11,321,2
2020-10-26 02,1.01,0,75,0,10,332,2
2020-10-26 03,0.978,0,75,0,9,303,1
2020-10-26 04,0.909,0,80,0,8,276,1
2020-10-26 05,0.908,0,85,0,8,262,1
2020-10-26 06,1.152,0,85,0,7,238,1
2020-10-26 07,1.438,0,70,0,11,335,0
2020-10-26 08,1.483,0,55,0,14,1,1
2020-10-26 09,1.111,0,45,0,16,306,0
2020-10-26 10,1.234,0,40,0,18,101,1
2020-10-26 11,1.476,0,40,0,19,96,1
2020-10-26 12,1.822,0,30,0,20,265,0
2020-10-26 13,1.535,0,35,0,21,305,0
2020-10-26 14,1.123,0,30,0,21,200,3
2020-10-26 15,0.57,0,35,0,20,210,3
2020-10-26 16,0.492,0,40,0,18,216,1
2020-10-26 17,0.526,0,55,0,16,215,1
2020-10-26 18,1.081,0,65,0,14,278,1
2020-10-26 19,1.204,0,70,0,13,293,1
2020-10-26 20,0.991,0,75,0,12,314,1
2020-10-26 21,1.104,0,80,0,11,317,1
2020-10-26 22,1.187,0,80,0,11,309,1
2020-10-26 23,0.754,0,80,0,10,317,1
2020-10-27 00,0.946,0,80,0,10,306,1
2020-10-27 01,0.908,0,80,0,9,307,1
2020-10-27 02,0.793,0,85,0,9,318,1
2020-10-27 03,0.79,0,85,0,9,315,1
2020-10-27 04,0.984,0,90,0,9,315,1
2020-10-27 05,1.273,0,90,0,8,318,1
2020-10-27 06,1.251,0,85,0,9,331,1
2020-10-27 07,1.01,0,85,0,11,322,1
2020-10-27 08,0.821,0,70,0,13,339,1
2020-10-27 09,1.129,0,60,0,16,307,0
2020-10-27 10,1.276,0,45,0,18,145,0
2020-10-27 11,1.089,0,45,0,19,33,1
2020-10-27 12,1.073,0,40,0,21,307,0
2020-10-27 13,2.881,0,40,0,21,114,0
2020-10-27 14,2.035,0,35,0,22,95,0
2020-10-27 15,1.394,0,35,0,21,115,0
2020-10-27 16,1.415,0,45,0,20,213,1
2020-10-27 17,1.387,0,60,0,17,290,1
2020-10-27 18,0.924,0,65,0,15,240,1
2020-10-27 19,0.864,0,70,0,14,284,1
2020-10-27 20,0.452,0,70,0,13,265,1
2020-10-27 21,1.658,0,75,0,13,294,1
2020-10-27 22,1.494,0,75,0,13,310,1
2020-10-27 23,0.875,0,75,0,13,310,1
2020-10-28 00,0.568,0,75,0,13,312,1
2020-10-28 01,1.225,0,75,0,14,346,1
2020-10-28 02,1.056,0,75,0,14,353,1
2020-10-28 03,1.108,0,75,0,14,317,2
2020-10-28 04,1.111,0,70,0,14,332,2
2020-10-28 05,0.924,0,70,0,14,325,1
2020-10-28 06,1.067,0,70,0,15,341,2
2020-10-28 07,1.098,5,70,0.1,15,350,1
2020-10-28 08,0.99,0,60,0,16,172,0
2020-10-28 09,1.329,0,55,0,17,27,1
2020-10-28 10,1.706,0,50,0,18,25,1
2020-10-28 11,1.429,0,45,0,19,354,0
2020-10-28 12,1.95,0,45,0,20,53,1
2020-10-28 13,4.268,0,45,0,20,245,3
2020-10-28 14,1.317,0,45,0,21,247,2
2020-10-28 15,1.009,0,50,0,21,243,2
2020-10-28 16,0.945,0,45,0,20,286,2
2020-10-28 17,0.929,0,45,0,18,301,1
2020-10-28 18,1.044,0,55,0,16,287,1
2020-10-28 19,1.538,0,55,0,16,325,3
2020-10-28 20,1.156,0,50,0,16,341,3
2020-10-28 21,1.243,0,55,0,15,327,4
2020-10-28 22,1.323,0,50,0,14,326,3
2020-10-28 23,1.006,0,50,0,13,321,2
2020-10-29 00,0.993,0,50,0,12,335,4
2020-10-29 01,1.008,0,50,0,11,338,2
2020-10-29 02,1.052,0,55,0,10,333,2
2020-10-29 03,0.992,0,60,0,10,303,1
2020-10-29 04,0.978,0,60,0,9,291,1
2020-10-29 05,0.978,0,60,0,9,334,2
2020-10-29 06,0.941,0,60,0,8,331,2
2020-10-29 07,0.996,0,55,0,10,352,1
2020-10-29 08,0.929,0,45,0,12,336,2
2020-10-29 09,1.139,0,35,0,15,354,2
2020-10-29 10,1.244,0,30,0,16,6,2
2020-10-29 11,1.197,0,25,0,17,9,2
2020-10-29 12,0.838,0,25,0,18,135,1
2020-10-29 13,1.159,0,25,0,20,149,0
2020-10-29 14,0.972,0,25,0,20,233,0
2020-10-29 15,2.37,0,25,0,20,227,1
2020-10-29 16,0.709,0,35,0,18,220,2
2020-10-29 17,1.208,0,40,0,15,239,2
2020-10-29 18,1.802,0,45,0,14,277,2
2020-10-29 19,1.56,0,45,0,13,327,3
2020-10-29 20,1.318,0,50,0,12,332,3
2020-10-29 21,1.324,0,45,0,11,331,2
2020-10-29 22,1.214,0,50,0,11,338,2
2020-10-29 23,1.083,0,55,0,10,352,2
2020-10-30 00,1.033,0,60,0,10,337,2
2020-10-30 01,1.05,0,60,0,10,320,2
2020-10-30 02,1.013,0,60,0,9,331,2
2020-10-30 03,0.959,0,65,0,9,306,1
2020-10-30 04,0.956,0,65,0,9,309,2
2020-10-30 05,0.953,0,70,0,8,330,1
2020-10-30 06,0.915,0,75,0,7,315,1
2020-10-30 07,0.98,0,65,0,9,332,2
2020-10-30 08,1.012,0,55,0,12,313,1
2020-10-30 09,1.162,0,45,0,16,279,1
2020-10-30 10,1.148,0,40,0,18,59,1
2020-10-30 11,1.208,0,40,0,19,116,2
2020-10-30 12,1.627,0,40,0,19,118,2
2020-10-30 13,1.598,0,35,0,20,110,3
2020-10-30 14,1.854,0,35,0,20,107,2
2020-10-30 15,2.567,0,35,0,20,99,2
2020-10-30 16,1.48,0,35,0,19,105,2
2020-10-30 17,1.074,0,45,0,16,149,0
2020-10-30 18,0.901,0,60,0,14,282,1
2020-10-30 19,0.843,0,65,0,12,266,1
2020-10-30 20,0.902,0,70,0,11,303,1
2020-10-30 21,1.02,0,65,0,12,54,1
2020-10-30 22,1.684,0,70,0,11,48,1
2020-10-30 23,1.629,0,70,0,11,22,1
2020-10-31 00,1.24,0,75,0,11,5,1
2020-10-31 01,1.094,0,80,0,10,326,1
2020-10-31 02,1.096,0,80,0,9,15,1
2020-10-31 03,1.096,0,80,0,9,304,1
2020-10-31 04,1.098,0,80,0,9,347,0
2020-10-31 05,1.154,0,85,0,8,317,0
2020-10-31 06,1.19,0,85,0,9,350,0
2020-10-31 07,1.121,0,75,0,11,2,1
2020-10-31 08,1.115,0,65,0,14,244,0
2020-10-31 09,1.216,0,50,0,16,100,2
2020-10-31 10,1.193,0,45,0,17,90,2
2020-10-31 11,1.683,0,40,0,18,98,2
2020-10-31 12,3.226,0,40,0,18,139,1
2020-10-31 13,1.762,0,35,0,18,94,1
2020-10-31 14,2.526,0,35,0,19,118,1
2020-10-31 15,2.427,0,35,0,18,157,1
2020-10-31 16,1.123,0,45,0,17,247,2
2020-10-31 17,1.138,0,55,0,15,243,1
2020-10-31 18,1.108,0,65,0,13,200,1
2020-10-31 19,1.567,0,65,0,13,291,1
2020-10-31 20,0.937,0,70,0,11,276,0
2020-10-31 21,1.632,0,80,0,10,274,1
2020-10-31 22,1.401,0,80,0,10,310,1
2020-10-31 23,0.674,0,80,0,10,307,1
2020-11-01 00,0.918,0,80,0,10,284,1
2020-11-01 01,1.974,0,75,0,11,319,1
2020-11-01 02,1.425,0,80,0,11,312,1
2020-11-01 03,1.086,0,80,0,11,317,1
2020-11-01 04,1.369,0,80,0,11,309,1
2020-11-01 05,1.049,0,80,0,11,310,0
2020-11-01 06,1.016,0,80,0,12,310,1
2020-11-01 07,1.406,0,80,0,12,323,1
2020-11-01 08,0.616,5,75,0.1,13,315,1
2020-11-01 09,0.992,1,80,0.7,13,321,1
2020-11-01 10,0.679,0,80,0,15,291,1
2020-11-01 11,1.018,0,75,0,16,299,1
2020-11-01 12,0.747,0,75,0,16,320,1
2020-11-01 13,0.957,0,65,0,16,339,2
2020-11-01 14,0.966,0,65,0,16,324,3
2020-11-01 15,0.943,0,70,0,15,337,3
2020-11-01 16,0.932,0,75,0,15,339,2
2020-11-01 17,0.874,0,75,0,15,327,2
2020-11-01 18,0.678,0,75,0,15,330,1
2020-11-01 19,0.864,0,80,0,15,287,1
2020-11-01 20,1.685,5,80,0.1,14,234,0
2020-11-01 21,1.589,0,80,0,14,322,1
2020-11-01 22,1.309,5,90,0.2,14,35,0
2020-11-01 23,1.28,1,95,0.5,13,324,1
2020-11-02 00,1.009,1,90,0.5,13,320,1
2020-11-02 01,1.06,1,95,0.5,13,310,2
2020-11-02 02,1.192,5,90,0.2,13,307,1
2020-11-02 03,1.001,5,95,0.2,13,304,1
2020-11-02 04,0.963,0,95,0,13,300,1
2020-11-02 05,0.922,0,90,0,13,325,1
2020-11-02 06,0.882,0,90,0,13,337,2
2020-11-02 07,0.921,0,85,0,13,356,2
2020-11-02 08,0.924,0,85,0,14,307,2
2020-11-02 09,1.016,0,70,0,15,335,1
2020-11-02 10,1.139,0,60,0,16,323,2
2020-11-02 11,1.288,0,50,0,17,325,1
2020-11-02 12,1.34,0,35,0,19,320,2
2020-11-02 13,1.598,0,30,0,19,323,2
2020-11-02 14,1.321,0,35,0,19,322,4
2020-11-02 15,1.057,0,35,0,18,320,3
2020-11-02 16,1.074,0,40,0,17,330,2
2020-11-02 17,0.908,0,40,0,16,332,3
2020-11-02 18,0.681,0,45,0,14,338,3
2020-11-02 19,0.717,0,50,0,14,334,3
2020-11-02 20,1.51,0,50,0,12,338,2
2020-11-02 21,0.679,0,55,0,11,319,2
2020-11-02 22,1.615,0,50,0,11,322,3
2020-11-02 23,1.152,0,65,0,9,342,1
2020-11-03 00,1.089,0,65,0,7,301,1
2020-11-03 01,1.102,0,75,0,6,299,1
2020-11-03 02,0.997,0,65,0,7,309,1
2020-11-03 03,0.935,0,80,0,5,315,0
2020-11-03 04,0.937,0,80,0,6,184,0
2020-11-03 05,0.94,0,75,0,7,147,1
2020-11-03 06,0.906,0,65,0,10,339,5
2020-11-03 07,0.985,0,55,0,10,351,4
2020-11-03 08,1.393,0,40,0,10,344,4
2020-11-03 09,1.104,0,35,0,11,333,5
2020-11-03 10,1.145,0,35,0,11,336,5
2020-11-03 11,1.073,0,35,0,12,343,6
2020-11-03 12,1.139,0,30,0,13,340,7
2020-11-03 13,1.217,0,35,0,13,328,8
2020-11-03 14,1.629,0,35,0,13,322,8
2020-11-03 15,1.466,0,40,0,12,325,5
2020-11-03 16,1.439,0,40,0,10,335,5
2020-11-03 17,1.278,0,45,0,9,336,4
2020-11-03 18,1.157,0,40,0,9,341,4
2020-11-03 19,1.166,0,45,0,8,347,4
2020-11-03 20,0.98,0,45,0,7,348,3
2020-11-03 21,1.319,0,50,0,7,330,3
2020-11-03 22,1.686,0,50,0,6,290,2
2020-11-03 23,1.325,0,50,0,6,292,2
2020-11-04 00,1.169,0,60,0,5,276,1
2020-11-04 01,1.168,0,65,0,4,268,1
2020-11-04 02,1.235,0,65,0,4,270,1
2020-11-04 03,1.424,0,65,0,3,293,1
2020-11-04 04,1.413,0,70,0,3,293,1
2020-11-04 05,1.302,0,75,0,3,294,2
2020-11-04 06,1.262,0,65,0,4,320,2
2020-11-04 07,1.343,0,55,0,6,340,2
2020-11-04 08,1.492,0,50,0,8,326,3
2020-11-04 09,2.499,0,40,0,10,330,5
2020-11-04 10,2.841,0,25,0,11,352,3
2020-11-04 11,2.265,0,20,0,12,329,4
2020-11-04 12,2.518,0,20,0,14,330,3
2020-11-04 13,1.939,0,15,0,14,327,3
2020-11-04 14,1.537,0,15,0,15,316,3
2020-11-04 15,1.262,0,15,0,15,319,2
2020-11-04 16,1.837,0,20,0,13,303,2
2020-11-04 17,2.082,0,25,0,11,322,2
2020-11-04 18,2.279,0,35,0,9,314,2
2020-11-04 19,2.461,0,40,0,8,324,2
2020-11-04 20,1.524,0,45,0,7,323,2
2020-11-04 21,1.498,0,45,0,6,319,2
2020-11-04 22,1.513,0,55,0,5,315,2
2020-11-04 23,1.453,0,60,0,4,304,1
2020-11-05 00,1.446,0,60,0,4,326,1
2020-11-05 01,1.459,0,65,0,3,313,2
2020-11-05 02,1.425,0,65,0,3,304,2
2020-11-05 03,1.514,0,65,0,3,324,1
2020-11-05 04,1.542,0,70,0,2,305,1
2020-11-05 05,1.35,0,65,0,3,305,2
2020-11-05 06,0.999,0,65,0,3,321,1
2020-11-05 07,0.928,0,65,0,4,338,1
2020-11-05 08,0.854,0,50,0,6,299,1
2020-11-05 09,1.604,0,50,0,9,350,1
2020-11-05 10,2.501,0,40,0,12,314,1
2020-11-05 11,2.006,0,35,0,14,318,1
2020-11-05 12,1.589,0,30,0,14,18,1
2020-11-05 13,1.077,0,30,0,16,43,0
2020-11-05 14,1.611,0,25,0,16,90,0
2020-11-05 15,1.985,0,25,0,16,256,0
2020-11-05 16,1.482,0,35,0,15,144,1
2020-11-05 17,1.474,0,50,0,13,279,0
2020-11-05 18,1.476,0,50,0,12,326,0
2020-11-05 19,1.137,0,55,0,12,314,1
2020-11-05 20,0.918,0,55,0,11,309,1
2020-11-05 21,0.87,0,55,0,11,313,1
2020-11-05 22,1.242,0,55,0,11,310,1
2020-11-05 23,1.763,0,60,0,11,209,0
2020-11-06 00,1.122,0,65,0,10,287,1
2020-11-06 01,1.041,0,65,0,10,340,1
2020-11-06 02,1.006,0,70,0,10,290,1
2020-11-06 03,0.932,0,70,0,10,333,1
2020-11-06 04,0.93,0,70,0,9,320,1
2020-11-06 05,0.905,0,70,0,9,322,1
2020-11-06 06,0.882,0,60,0,10,320,1
2020-11-06 07,0.92,0,60,0,11,336,0
2020-11-06 08,1.01,0,55,0,12,331,1
2020-11-06 09,1.69,0,50,0,14,331,1
2020-11-06 10,1.369,0,50,0,14,340,1
2020-11-06 11,1.73,0,45,0,15,338,1
2020-11-06 12,1.319,0,45,0,16,28,1
2020-11-06 13,1.28,0,50,0,17,322,1
2020-11-06 14,1.908,0,55,0,17,268,0
2020-11-06 15,1.032,0,55,0,17,356,1
2020-11-06 16,2.076,0,60,0,16,2,0
2020-11-06 17,1.065,0,70,0,16,303,0
2020-11-06 18,1.431,0,70,0,15,351,0
2020-11-06 19,1.288,0,75,0,15,310,1
2020-11-06 20,1.344,0,75,0,14,325,1
2020-11-06 21,1.281,0,80,0,14,238,0
2020-11-06 22,1.158,0,80,0,14,299,1
2020-11-06 23,1.48,0,80,0,14,319,1
2020-11-07 00,2.046,0,90,0,13,193,0
2020-11-07 01,1.229,0,90,0,12,319,1
2020-11-07 02,0.979,0,95,0,12,181,1
2020-11-07 03,1.11,0,95,0,12,185,0
2020-11-07 04,1.091,0,95,0,12,293,0
2020-11-07 05,1,0,90,0,13,311,1
2020-11-07 06,1.282,0,90,0,14,290,1
2020-11-07 07,0.976,0,85,0,15,286,1
2020-11-07 08,1.077,0,75,0,17,303,2
2020-11-07 09,1.582,0,65,0,18,308,2
2020-11-07 10,1.486,0,60,0,20,315,2
2020-11-07 11,1.603,0,55,0,21,284,2
2020-11-07 12,2.55,0,45,0,22,294,2
2020-11-07 13,1.046,0,40,0,23,310,3
2020-11-07 14,2.772,0,35,0,23,310,4
2020-11-07 15,1.415,0,35,0,22,328,5
2020-11-07 16,1.389,0,35,0,21,321,4
2020-11-07 17,0.655,0,45,0,19,305,4
2020-11-07 18,0.656,0,45,0,17,321,3
2020-11-07 19,0.628,0,55,0,16,319,3
2020-11-07 20,0.637,0,55,0,15,322,2
2020-11-07 21,0.612,0,45,0,14,325,2
2020-11-07 22,0.389,0,55,0,12,310,1
2020-11-07 23,0.358,0,60,0,11,311,1
2020-11-08 00,0.349,0,70,0,10,318,1
2020-11-08 01,0.379,0,70,0,10,289,1
2020-11-08 02,0.376,0,75,0,9,289,1
2020-11-08 03,0.374,0,75,0,9,294,1
2020-11-08 04,0.379,0,80,0,8,64,0
2020-11-08 05,0.376,0,80,0,9,319,1
2020-11-08 06,0.348,0,80,0,9,281,1
2020-11-08 07,0.463,0,75,0,10,288,1
2020-11-08 08,0.491,0,60,0,14,300,2
2020-11-08 09,0.468,0,45,0,16,326,3
2020-11-08 10,0.468,0,35,0,18,317,3
2020-11-08 11,0.603,0,35,0,19,330,4
2020-11-08 12,0.478,0,30,0,19,346,5
2020-11-08 13,0.654,0,25,0,19,332,6
2020-11-08 14,0.685,0,20,0,18,347,7
2020-11-08 15,0.48,0,20,0,16,321,5
2020-11-08 16,0.512,0,20,0,14,324,6
2020-11-08 17,0.506,0,25,0,12,328,4
2020-11-08 18,0.507,0,30,0,11,322,4
2020-11-08 19,0.586,0,30,0,10,320,3
2020-11-08 20,0.908,0,45,0,9,331,3
2020-11-08 21,1.727,0,50,0,8,320,2
2020-11-08 22,1.571,0,50,0,8,314,2
2020-11-08 23,1.543,0,55,0,8,318,2
2020-11-09 00,1.378,0,55,0,8,328,3
2020-11-09 01,1.097,0,50,0,8,334,3
2020-11-09 02,1.143,0,50,0,7,347,5
2020-11-09 03,1.427,0,50,0,7,334,4
2020-11-09 04,1.161,0,50,0,6,326,4
2020-11-09 05,0.931,0,50,0,6,329,4
2020-11-09 06,0.893,0,45,0,7,327,4
2020-11-09 07,1.123,0,50,0,7,329,5
2020-11-09 08,1.501,0,35,0,8,333,6
2020-11-09 09,1.515,0,35,0,10,339,4
2020-11-09 10,2.256,0,25,0,12,324,2
2020-11-09 11,2.373,0,20,0,14,346,4
2020-11-09 12,1.981,0,20,0,14,324,5
2020-11-09 13,1.454,0,20,0,15,320,5
2020-11-09 14,1.903,0,20,0,15,331,5
2020-11-09 15,2.398,0,25,0,14,331,5
2020-11-09 16,2.28,0,30,0,13,323,4
2020-11-09 17,2.115,0,30,0,11,322,3
2020-11-09 18,2.462,0,40,0,10,306,3
2020-11-09 19,2.332,0,40,0,9,300,2
2020-11-09 20,1.22,0,45,0,8,310,2
2020-11-09 21,1.144,0,50,0,7,299,1
2020-11-09 22,0.999,0,60,0,6,278,0
2020-11-09 23,1.019,0,65,0,5,333,1
2020-11-10 00,0.99,0,70,0,4,300,1
2020-11-10 01,0.989,0,65,0,5,63,0
2020-11-10 02,0.974,0,70,0,5,330,1
2020-11-10 03,0.852,0,70,0,5,314,1
2020-11-10 04,0.83,0,75,0,4,294,1
2020-11-10 05,0.83,0,80,0,3,316,1
2020-11-10 06,0.83,0,85,0,4,194,0
2020-11-10 07,1.006,0,80,0,5,3,0
2020-11-10 08,1.362,0,65,0,9,174,0
2020-11-10 09,1.018,0,50,0,12,2,2
2020-11-10 10,2.519,0,40,0,14,12,2
2020-11-10 11,2.583,0,30,0,15,358,2
2020-11-10 12,2.428,0,25,0,16,326,4
2020-11-10 13,1.137,0,25,0,16,312,4
2020-11-10 14,1.97,0,25,0,17,332,3
2020-11-10 15,1.276,0,25,0,16,341,3
2020-11-10 16,1.617,0,30,0,14,330,3
2020-11-10 17,1.744,0,35,0,12,328,2
2020-11-10 18,1.966,0,35,0,12,332,3
2020-11-10 19,2.315,0,35,0,11,337,3
2020-11-10 20,2.591,0,35,0,11,342,3
2020-11-10 21,1.984,0,40,0,9,335,2
2020-11-10 22,1.313,0,50,0,9,339,3
2020-11-10 23,1.034,0,50,0,8,327,3
2020-11-11 00,1.192,0,50,0,7,319,2
2020-11-11 01,1.159,0,55,0,7,311,2
2020-11-11 02,1.526,0,60,0,6,299,2
2020-11-11 03,1.016,0,60,0,5,293,2
2020-11-11 04,1.108,0,65,0,4,301,1
2020-11-11 05,1.024,0,70,0,4,315,1
2020-11-11 06,0.963,0,70,0,4,309,1
2020-11-11 07,1.279,0,70,0,5,337,1
2020-11-11 08,1.46,0,55,0,8,321,1
2020-11-11 09,1.984,0,35,0,12,147,0
2020-11-11 10,2.498,0,35,0,14,138,1
2020-11-11 11,2.414,0,30,0,15,193,1
2020-11-11 12,1.772,0,30,0,16,139,1
2020-11-11 13,1.204,0,30,0,17,125,1
2020-11-11 14,2.523,0,30,0,16,99,2
2020-11-11 15,1.839,0,25,0,16,118,2
2020-11-11 16,1.274,0,35,0,15,175,1
2020-11-11 17,1.51,0,50,0,12,227,1
2020-11-11 18,2.192,0,55,0,11,316,1
2020-11-11 19,1.353,0,65,0,9,314,2
2020-11-11 20,1.179,0,70,0,7,302,1
2020-11-11 21,1.112,0,70,0,7,311,1
2020-11-11 22,1.096,0,70,0,6,313,1
2020-11-11 23,1.559,0,75,0,6,319,1
2020-11-12 00,1.111,0,75,0,6,319,1
2020-11-12 01,1.087,0,75,0,6,318,2
2020-11-12 02,0.95,0,80,0,5,311,1
2020-11-12 03,0.929,0,80,0,5,329,1
2020-11-12 04,0.918,0,80,0,5,332,1
2020-11-12 05,0.931,0,80,0,5,319,1
2020-11-12 06,0.875,0,80,0,5,312,1
2020-11-12 07,1.095,0,75,0,6,335,1
2020-11-12 08,1.379,0,60,0,10,332,0
2020-11-12 09,2.335,0,50,0,13,331,0
2020-11-12 10,2.998,0,45,0,16,275,0
2020-11-12 11,2.414,0,45,0,18,128,0
2020-11-12 12,2.276,0,40,0,18,298,0
2020-11-12 13,2.223,0,40,0,19,16,0
2020-11-12 14,1.702,0,40,0,19,121,1
2020-11-12 15,1.742,0,40,0,18,208,2
2020-11-12 16,1.421,0,50,0,16,209,2
2020-11-12 17,1.129,0,60,0,14,200,1
2020-11-12 18,1.461,0,65,0,12,264,0
2020-11-12 19,2.112,0,70,0,11,299,1
2020-11-12 20,2.143,0,80,0,10,312,1
2020-11-12 21,2.042,0,80,0,9,312,1
2020-11-12 22,1.132,0,85,0,8,231,1
2020-11-12 23,1.045,0,90,0,8,295,1
2020-11-13 00,1.049,0,90,0,7,331,1
2020-11-13 01,1.039,0,90,0,6,277,0
2020-11-13 02,0.897,0,90,0,6,300,1
2020-11-13 03,0.901,0,90,0,6,303,1
2020-11-13 04,0.896,0,85,0,5,307,1
2020-11-13 05,0.898,0,85,0,4,281,1
2020-11-13 06,0.862,0,85,0,5,289,1
2020-11-13 07,0.919,0,80,0,6,303,1
2020-11-13 08,0.913,0,70,0,10,335,1
2020-11-13 09,1.177,0,55,0,13,330,0
2020-11-13 10,1.88,0,35,0,16,350,0
2020-11-13 11,1.981,0,40,0,18,87,0
2020-11-13 12,1.59,0,35,0,20,136,1
2020-11-13 13,1.719,0,30,0,21,172,1
2020-11-13 14,1.55,0,30,0,21,161,1
2020-11-13 15,1.698,0,40,0,20,113,1
2020-11-13 16,1.429,0,40,0,18,203,1
2020-11-13 17,1.438,0,50,0,14,221,0
2020-11-13 18,1.336,0,55,0,12,342,0
2020-11-13 19,1.466,0,60,0,11,242,1
2020-11-13 20,2.099,0,65,0,10,287,1
2020-11-13 21,2.112,0,75,0,10,254,0
2020-11-13 22,2.547,0,75,0,10,330,1
2020-11-13 23,2.02,0,75,0,9,326,1
2020-11-14 00,1.301,0,80,0,9,314,1
2020-11-14 01,1.147,0,75,0,9,286,1
2020-11-14 02,1.059,0,85,0,8,299,0
2020-11-14 03,1.063,0,90,0,7,333,1
2020-11-14 04,1.057,0,90,0,7,329,1
2020-11-14 05,1.065,0,90,0,7,324,1
2020-11-14 06,1.082,0,90,0,7,280,1
2020-11-14 07,1.145,0,80,0,9,301,0
2020-11-14 08,1.14,0,70,0,12,80,1
2020-11-14 09,1.844,0,55,0,16,70,1
2020-11-14 10,2.347,0,40,0,18,101,2
2020-11-14 11,2.145,0,40,0,19,112,2
2020-11-14 12,1.268,0,45,0,20,89,3
2020-11-14 13,1.405,0,45,0,20,94,3
2020-11-14 14,1.565,0,45,0,20,98,3
2020-11-14 15,2.62,0,50,0,19,99,3
2020-11-14 16,1.534,0,55,0,18,98,2
2020-11-14 17,1.441,0,60,0,16,49,1
2020-11-14 18,1.391,0,70,0,14,349,1
2020-11-14 19,1.912,0,75,0,13,317,1
2020-11-14 20,2.432,0,75,0,13,315,1
2020-11-14 21,2.473,0,75,0,13,338,1
2020-11-14 22,0.682,0,80,0,12,3,0
2020-11-14 23,0.634,0,80,0,12,40,1
2020-11-15 00,0.68,0,80,0,11,8,1
2020-11-15 01,0.729,0,85,0,11,314,1
2020-11-15 02,0.586,0,90,0,9,290,1
2020-11-15 03,1.187,0,90,0,9,315,1
2020-11-15 04,1.438,0,95,0,8,326,1
2020-11-15 05,1.417,0,95,0,8,317,1
2020-11-15 06,1.355,0,90,0,8,316,1
2020-11-15 07,1.108,0,90,0,9,314,1
2020-11-15 08,1.021,0,80,0,12,340,1
2020-11-15 09,1.047,0,65,0,15,322,1
2020-11-15 10,1.066,0,50,0,17,36,0
2020-11-15 11,0.968,0,40,0,19,48,1
2020-11-15 12,1.107,0,40,0,19,6,1
2020-11-15 13,1.56,0,40,0,20,289,0
2020-11-15 14,2.292,0,40,0,21,224,1
2020-11-15 15,1.084,0,45,0,19,184,3
2020-11-15 16,1.34,0,50,0,17,198,3
2020-11-15 17,1.461,0,60,0,15,199,2
2020-11-15 18,1.141,0,65,0,14,84,0
2020-11-15 19,1.275,0,70,0,13,80,0
2020-11-15 20,2.276,0,75,0,12,303,1
2020-11-15 21,2.048,0,80,0,11,292,1
2020-11-15 22,1.165,0,85,0,10,278,1
2020-11-15 23,1.597,0,90,0,9,311,1
2020-11-16 00,1.113,0,85,0,8,304,1
2020-11-16 01,1.009,0,85,0,9,319,1
2020-11-16 02,0.933,0,90,0,9,319,1
2020-11-16 03,0.936,0,85,0,9,323,1
2020-11-16 04,0.936,0,85,0,9,10,1
2020-11-16 05,0.936,0,85,0,10,303,1
2020-11-16 06,0.896,0,85,0,9,326,1
2020-11-16 07,1.181,0,85,0,10,327,1
2020-11-16 08,1.446,0,75,0,12,329,1
2020-11-16 09,1.541,0,60,0,15,282,0
2020-11-16 10,2.211,0,50,0,17,301,0
2020-11-16 11,2.428,0,40,0,19,53,1
2020-11-16 12,2.478,0,35,0,21,135,0
2020-11-16 13,2.166,0,35,0,22,121,1
2020-11-16 14,2.55,0,25,0,22,115,2
2020-11-16 15,2.079,0,35,0,21,107,1
2020-11-16 16,1.557,0,40,0,19,179,2
2020-11-16 17,1.438,0,50,0,16,180,2
2020-11-16 18,1.219,0,55,0,15,259,1
2020-11-16 19,1.248,0,65,0,14,311,1
2020-11-16 20,1.127,0,60,0,14,313,1
2020-11-16 21,1.127,0,60,0,15,90,1
2020-11-16 22,1.052,0,60,0,16,81,1
2020-11-16 23,1.022,0,60,0,17,76,2
2020-11-17 00,0.978,0,60,0,17,72,2
2020-11-17 01,1.403,0,60,0,17,62,1
2020-11-17 02,0.998,0,60,0,16,100,1
2020-11-17 03,0.872,0,60,0,16,98,1
2020-11-17 04,0.863,0,60,0,16,76,1
2020-11-17 05,1.019,0,60,0,16,71,1
2020-11-17 06,1.258,0,65,0,16,128,1
2020-11-17 07,1.349,0,65,0,16,127,1
2020-11-17 08,1.181,0,60,0,18,129,1
2020-11-17 09,1.631,0,60,0,19,115,2
2020-11-17 10,2.282,0,60,0,19,106,2
2020-11-17 11,1.973,0,55,0,20,106,2
2020-11-17 12,1.938,0,60,0,20,97,2
2020-11-17 13,1.668,0,60,0,20,121,1
2020-11-17 14,1.363,0,60,0,20,61,0
2020-11-17 15,1.363,0,60,0,20,98,1
2020-11-17 16,1.65,0,65,0,19,125,1
2020-11-17 17,0.936,0,70,0,19,336,0
2020-11-17 18,0.946,0,80,0,18,311,1
2020-11-17 19,1.446,0,80,0,18,315,1
2020-11-17 20,1.04,0,80,0,18,346,1
2020-11-17 21,1.713,0,80,0,17,251,0
2020-11-17 22,1.196,0,80,0,17,212,0
2020-11-17 23,1.203,0,85,0,17,351,0
2020-11-18 00,1.223,0,85,0,17,169,0
2020-11-18 01,1.087,0,85,0,17,245,0
2020-11-18 02,0.883,0,85,0,17,208,0
2020-11-18 03,1.203,5,85,0.2,16,236,0
2020-11-18 04,1.189,0,90,0,16,109,0
2020-11-18 05,1.181,0,90,0,17,329,1
2020-11-18 06,1.159,0,95,0,17,321,1
2020-11-18 07,0.841,0,95,0,16,278,0
2020-11-18 08,0.698,0,95,0,18,88,0
2020-11-18 09,1.063,0,85,0,20,306,0
2020-11-18 10,1.722,0,75,0,21,151,4
2020-11-18 11,1.76,5,75,0.1,21,152,4
2020-11-18 12,1.503,0,70,0,22,156,3
2020-11-18 13,1.371,0,70,0,22,155,3
2020-11-18 14,1.195,0,70,0,22,150,2
2020-11-18 15,1.128,0,75,0,21,138,2
2020-11-18 16,1.226,5,85,0.1,21,148,2
2020-11-18 17,1.139,5,85,0.2,20,152,2
2020-11-18 18,2.107,5,90,0.1,20,156,2
2020-11-18 19,2.934,0,90,0,20,167,3
2020-11-18 20,1.241,0,85,0,21,167,2
2020-11-18 21,1.208,0,80,0,21,186,4
2020-11-18 22,0.978,0,80,0,21,185,4
2020-11-18 23,1.209,5,90,0.2,21,184,4
2020-11-19 00,1.35,1,95,0.4,20,187,2
2020-11-19 01,0.98,1,95,0.5,21,194,4
2020-11-19 02,1.079,1,90,0.8,21,192,5
2020-11-19 03,1.244,5,90,0.1,21,196,4
2020-11-19 04,1.276,0,90,0,21,192,4
2020-11-19 05,0.896,0,90,0,21,197,2
2020-11-19 06,0.917,5,90,0.1,21,213,2
2020-11-19 07,0.889,0,95,0,21,180,2
2020-11-19 08,0.932,5,90,0.1,21,201,2
2020-11-19 09,1.311,1,95,0.3,21,211,3
2020-11-19 10,2.066,0,90,0,22,202,4
2020-11-19 11,2.297,5,90,0.2,22,232,4
2020-11-19 12,2.053,0,85,0,23,230,4
2020-11-19 13,1.562,5,85,0.1,23,264,3
2020-11-19 14,0.937,5,80,0.1,21,302,5
2020-11-19 15,1.38,0,75,0,20,319,4
2020-11-19 16,2.208,0,75,0,19,304,4
2020-11-19 17,2.736,0,70,0,18,299,4
2020-11-19 18,1.876,0,70,0,17,317,4
2020-11-19 19,1.311,0,70,0,16,318,4
2020-11-19 20,1.659,0,65,0,15,323,5
2020-11-19 21,2.313,0,65,0,14,328,4
2020-11-19 22,2.01,0,65,0,14,339,6
2020-11-19 23,1.105,0,65,0,13,339,4
2020-11-20 00,1.081,0,65,0,13,332,4
2020-11-20 01,1.111,0,65,0,13,328,3
2020-11-20 02,1.39,0,65,0,13,321,3
2020-11-20 03,1.195,0,65,0,13,332,4
2020-11-20 04,0.935,0,65,0,13,315,5
2020-11-20 05,0.925,0,65,0,12,329,4
2020-11-20 06,0.908,0,60,0,12,333,5
2020-11-20 07,0.946,0,60,0,11,312,4
2020-11-20 08,0.935,0,60,0,11,313,7
2020-11-20 09,0.986,0,60,0,11,322,7
2020-11-20 10,2.062,0,60,0,11,334,6
2020-11-20 11,2.399,0,55,0,12,337,8
2020-11-20 12,2.46,0,55,0,11,341,7
2020-11-20 13,1.759,0,60,0,11,340,5
2020-11-20 14,2.481,0,60,0,10,338,6
2020-11-20 15,2.72,0,60,0,10,335,5
2020-11-20 16,2.244,0,65,0,9,336,4
2020-11-20 17,1.961,0,65,0,9,334,5
2020-11-20 18,2.307,0,65,0,9,334,5
2020-11-20 19,2.314,0,65,0,8,330,3
2020-11-20 20,2.364,0,65,0,8,342,4
2020-11-20 21,2.523,0,70,0,7,343,3
2020-11-20 22,2.503,0,70,0,7,334,3
2020-11-20 23,2.473,0,70,0,7,340,4
2020-11-21 00,1.854,0,70,0,6,346,2
2020-11-21 01,1.543,0,75,0,5,343,2
2020-11-21 02,1.521,0,80,0,4,299,2
2020-11-21 03,1.576,0,80,0,4,36,1
2020-11-21 04,1.526,0,80,0,4,33,1
2020-11-21 05,1.53,0,85,0,3,49,1
2020-11-21 06,1.127,0,85,0,4,32,1
2020-11-21 07,1.036,0,85,0,4,43,1
2020-11-21 08,1.046,0,75,0,6,4,1
2020-11-21 09,1.498,0,55,0,10,78,1
2020-11-21 10,2.42,0,50,0,13,107,2
2020-11-21 11,2.721,0,50,0,14,100,4
2020-11-21 12,2.343,0,50,0,15,103,3
2020-11-21 13,2.043,0,50,0,16,112,4
2020-11-21 14,1.919,0,50,0,16,100,2
2020-11-21 15,1.461,0,50,0,15,95,2
2020-11-21 16,1.916,0,55,0,14,88,2
2020-11-21 17,1.893,0,60,0,14,101,2
2020-11-21 18,2.061,0,55,0,14,60,1
2020-11-21 19,2.227,0,60,0,14,5,1
2020-11-21 20,2.51,0,65,0,13,320,1
2020-11-21 21,1.715,0,65,0,12,24,1
2020-11-21 22,1.179,0,65,0,12,76,0
2020-11-21 23,1.229,0,75,0,11,139,0
2020-11-22 00,1.856,0,75,0,11,49,1
2020-11-22 01,1.292,0,75,0,11,321,1
2020-11-22 02,1.405,0,75,0,11,326,1
2020-11-22 03,1.113,0,75,0,11,317,1
2020-11-22 04,0.927,0,75,0,11,308,1
2020-11-22 05,0.92,0,70,0,11,344,1
2020-11-22 06,0.906,0,70,0,12,332,3
2020-11-22 07,0.991,1,85,0.4,11,331,3
2020-11-22 08,1.296,1,90,0.3,10,309,2
2020-11-22 09,1.742,5,85,0.1,11,336,2
2020-11-22 10,1.88,0,80,0,12,329,3
2020-11-22 11,1.826,5,75,0.1,12,347,2
2020-11-22 12,1.883,5,75,0.1,12,332,2
2020-11-22 13,1.473,0,75,0,12,327,3
2020-11-22 14,1.16,0,65,0,13,332,5
2020-11-22 15,1.152,0,65,0,12,331,4
2020-11-22 16,1.151,0,65,0,12,323,4
2020-11-22 17,1.096,0,70,0,11,330,5
2020-11-22 18,1.198,0,65,0,10,337,5
2020-11-22 19,2.045,0,65,0,10,338,5
2020-11-22 20,1.55,0,70,0,10,345,5
2020-11-22 21,1.142,0,70,0,10,336,5
2020-11-22 22,1.153,0,60,0,9,334,6
2020-11-22 23,1.117,0,60,0,8,331,4
2020-11-23 00,1.074,0,60,0,7,327,3
2020-11-23 01,1.246,0,60,0,7,340,4
2020-11-23 02,1.528,0,60,0,6,332,4
2020-11-23 03,1.438,0,60,0,6,318,3
2020-11-23 04,1.428,0,60,0,6,337,4
2020-11-23 05,1.419,0,60,0,6,329,4
2020-11-23 06,1.112,0,60,0,6,304,2
2020-11-23 07,1.029,0,60,0,6,330,3
2020-11-23 08,1.035,0,55,0,7,334,4
2020-11-23 09,1.093,0,50,0,8,337,5
2020-11-23 10,1.343,0,50,0,9,338,4
2020-11-23 11,2.606,0,45,0,10,336,4
2020-11-23 12,2.084,0,45,0,10,323,4
2020-11-23 13,1.783,0,45,0,11,318,3
2020-11-23 14,2.231,0,40,0,11,336,4
2020-11-23 15,1.334,0,40,0,11,334,3
2020-11-23 16,2.274,0,45,0,10,334,3
2020-11-23 17,1.447,0,50,0,8,326,4
2020-11-23 18,1.812,0,55,0,7,333,4
2020-11-23 19,2.009,0,60,0,6,335,4
2020-11-23 20,1.596,0,60,0,6,331,4
2020-11-23 21,1.137,0,60,0,5,334,4
2020-11-23 22,1.107,0,60,0,5,335,4
2020-11-23 23,1.35,0,65,0,4,340,3
2020-11-24 00,1.548,0,70,0,4,339,3
2020-11-24 01,1.394,0,65,0,4,339,2
2020-11-24 02,1.008,0,65,0,4,331,2
2020-11-24 03,0.944,0,60,0,5,353,2
2020-11-24 04,0.958,0,60,0,5,337,2
2020-11-24 05,0.956,0,60,0,5,348,2
2020-11-24 06,0.902,0,55,0,6,345,2
2020-11-24 07,1.183,0,50,0,6,329,3
2020-11-24 08,1.438,0,50,0,6,341,1
2020-11-24 09,1.522,0,45,0,9,341,1
2020-11-24 10,3.036,0,40,0,10,135,1
2020-11-24 11,3.381,0,35,0,11,282,1
2020-11-24 12,2.529,0,30,0,12,335,1
2020-11-24 13,1.75,0,30,0,14,312,0
2020-11-24 14,2.014,0,25,0,15,352,1
2020-11-24 15,2.508,0,25,0,14,305,1
2020-11-24 16,2.481,0,30,0,12,307,2
2020-11-24 17,2.862,0,35,0,10,311,2
2020-11-24 18,3.02,0,40,0,9,331,3
2020-11-24 19,1.91,0,40,0,8,325,2
2020-11-24 20,1.161,0,40,0,8,320,2
2020-11-24 21,1.569,0,40,0,7,329,2
2020-11-24 22,1.69,0,45,0,7,325,2
2020-11-24 23,1.584,0,45,0,6,333,2
2020-11-25 00,1.551,0,50,0,6,339,2
2020-11-25 01,1.608,0,50,0,6,338,3
2020-11-25 02,1.593,0,50,0,7,338,3
2020-11-25 03,1.41,0,45,0,7,334,2
2020-11-25 04,1.401,0,45,0,7,343,3
2020-11-25 05,1.422,0,40,0,7,338,2
2020-11-25 06,1.348,0,45,0,6,333,2
2020-11-25 07,1.462,0,45,0,6,335,3
2020-11-25 08,1.54,0,35,0,8,1,2
2020-11-25 09,1.322,0,30,0,10,3,2
2020-11-25 10,3.004,0,30,0,12,16,2
2020-11-25 11,3.12,0,30,0,13,6,2
2020-11-25 12,3.469,0,30,0,14,8,1
2020-11-25 13,2.796,0,30,0,15,325,4
2020-11-25 14,2.407,0,30,0,14,348,5
2020-11-25 15,2.046,0,35,0,14,341,4
2020-11-25 16,2.137,0,35,0,13,335,3
2020-11-25 17,2.389,0,45,0,11,323,2
2020-11-25 18,1.151,0,45,0,10,330,2
2020-11-25 19,1.093,0,55,0,9,326,3
2020-11-25 20,1.238,0,55,0,9,337,2
2020-11-25 21,1.56,0,55,0,8,321,2
2020-11-25 22,1.056,0,55,0,8,319,2
2020-11-25 23,1.043,0,60,0,7,320,1
2020-11-26 00,1.09,0,55,0,8,333,2
2020-11-26 01,1.06,0,55,0,8,342,2
2020-11-26 02,0.974,0,60,0,8,357,2
2020-11-26 03,0.895,0,55,0,7,338,2
2020-11-26 04,0.805,0,55,0,8,326,1
2020-11-26 05,0.79,5,55,0.1,8,342,1
2020-11-26 06,0.748,0,55,0,8,345,1
2020-11-26 07,1.144,0,60,0,8,270,1
2020-11-26 08,1.375,0,55,0,9,340,1
2020-11-26 09,1.372,0,50,0,10,77,1
2020-11-26 10,2.715,0,45,0,11,89,1
2020-11-26 11,2.359,0,40,0,13,291,1
2020-11-26 12,3.46,0,35,0,14,282,0
2020-11-26 13,1.939,0,35,0,15,134,1
2020-11-26 14,1.392,0,35,0,15,181,1
2020-11-26 15,3.353,0,35,0,14,195,0
2020-11-26 16,3.682,0,40,0,13,184,1
2020-11-26 17,4.077,0,55,0,10,210,1
2020-11-26 18,2.31,0,60,0,9,251,1
2020-11-26 19,1.86,0,60,0,9,308,1
2020-11-26 20,2.442,0,65,0,9,304,1
2020-11-26 21,1.544,0,65,0,8,305,1
2020-11-26 22,1.569,0,60,0,9,337,2
2020-11-26 23,1.525,0,55,0,9,336,2
2020-11-27 00,1.147,0,55,0,9,329,2
2020-11-27 01,1.401,0,60,0,8,325,2
2020-11-27 02,1.401,0,65,0,8,317,1
2020-11-27 03,1.367,0,65,0,7,340,2
2020-11-27 04,1.383,0,60,0,8,337,3
2020-11-27 05,1.385,0,55,0,9,341,4
2020-11-27 06,1.33,0,55,0,9,336,3
2020-11-27 07,1.256,0,60,0,9,327,4
2020-11-27 08,0.952,0,60,0,9,341,5
2020-11-27 09,1.217,0,55,0,10,326,6
2020-11-27 10,2.304,0,50,0,12,339,5
2020-11-27 11,2.547,0,50,0,12,324,4
2020-11-27 12,2.334,0,50,0,11,339,5
2020-11-27 13,2.01,0,45,0,12,338,6
2020-11-27 14,2.55,0,50,0,11,331,6
2020-11-27 15,3.158,0,50,0,10,323,4
2020-11-27 16,3.274,0,50,0,9,327,5
2020-11-27 17,3.625,0,45,0,8,331,6
2020-11-27 18,3.559,0,50,0,7,328,7
2020-11-27 19,2.888,0,55,0,7,325,4
2020-11-27 20,2.416,0,50,0,7,323,4
2020-11-27 21,2.341,0,50,0,6,338,4
2020-11-27 22,1.84,0,50,0,6,331,5
2020-11-27 23,1.482,0,50,0,6,334,4
2020-11-28 00,1.375,0,55,0,5,332,3
2020-11-28 01,1.37,0,60,0,4,339,2
2020-11-28 02,1.353,0,60,0,5,340,3
2020-11-28 03,1.316,0,60,0,4,338,2
2020-11-28 04,1.258,0,60,0,4,334,2
2020-11-28 05,1.365,0,55,0,4,336,2
2020-11-28 06,1.261,0,55,0,5,342,3
2020-11-28 07,1.561,0,60,0,5,333,3
2020-11-28 08,1.645,0,55,0,5,339,3
2020-11-28 09,1.659,0,45,0,7,346,4
2020-11-28 10,2.264,0,40,0,7,331,3
2020-11-28 11,2.159,0,35,0,8,333,4
2020-11-28 12,2.245,0,30,0,8,332,4
2020-11-28 13,2.247,0,30,0,8,343,5
2020-11-28 14,2.19,0,30,0,8,336,4
2020-11-28 15,2.251,0,35,0,7,331,4
2020-11-28 16,2.29,0,40,0,6,331,4
2020-11-28 17,2.31,0,40,0,5,328,4
2020-11-28 18,2.305,0,40,0,5,321,4
2020-11-28 19,2.921,0,40,0,4,323,4
2020-11-28 20,2.947,0,50,0,4,326,5
2020-11-28 21,2.244,0,50,0,4,323,3
2020-11-28 22,1.798,0,55,0,4,325,3
2020-11-28 23,1.494,0,55,0,4,335,4
2020-11-29 00,1.576,0,55,0,4,317,3
2020-11-29 01,1.432,0,60,0,3,320,2
2020-11-29 02,1.394,0,60,0,3,296,2
2020-11-29 03,1.415,0,65,0,3,310,2
2020-11-29 04,1.318,0,65,0,3,292,3
2020-11-29 05,1.066,0,65,0,3,298,3
2020-11-29 06,1.339,0,65,0,2,291,2
2020-11-29 07,1.147,0,70,0,2,302,2
2020-11-29 08,0.926,0,60,0,5,304,2
2020-11-29 09,0.986,0,45,0,7,329,3
2020-11-29 10,1.033,0,40,0,9,327,4
2020-11-29 11,1.834,0,40,0,10,326,4
2020-11-29 12,1.688,0,40,0,10,311,5
2020-11-29 13,1.44,0,40,0,9,319,6
2020-11-29 14,1.161,0,40,0,9,322,6
2020-11-29 15,1.223,0,45,0,8,325,6
2020-11-29 16,1.044,0,50,0,7,338,4
2020-11-29 17,1.04,0,50,0,6,326,4
2020-11-29 18,1.021,0,55,0,6,335,3
2020-11-29 19,1.021,0,55,0,5,337,3
2020-11-29 20,1.335,0,60,0,4,315,1
2020-11-29 21,1.559,0,60,0,4,321,3
2020-11-29 22,1.534,0,60,0,4,314,3
2020-11-29 23,1.28,0,60,0,4,328,3
2020-11-30 00,1.311,0,60,0,4,326,3
2020-11-30 01,1.26,0,60,0,4,309,3
2020-11-30 02,1.083,0,60,0,3,312,2
2020-11-30 03,1.219,0,60,0,3,294,2
2020-11-30 04,1.369,0,60,0,3,309,2
2020-11-30 05,1.363,0,65,0,2,303,1
2020-11-30 06,1.258,0,65,0,2,307,1
2020-11-30 07,1.431,0,65,0,2,298,1
2020-11-30 08,1.479,0,55,0,5,315,2
2020-11-30 09,1.482,0,45,0,7,327,3
2020-11-30 10,2.485,0,40,0,9,334,3
2020-11-30 11,2.864,0,35,0,9,329,5
2020-11-30 12,3.027,0,35,0,10,335,5
2020-11-30 13,2.462,0,35,0,10,343,5
2020-11-30 14,3.11,0,35,0,10,340,4
2020-11-30 15,3.364,0,35,0,9,322,4
2020-11-30 16,3.413,0,40,0,8,335,4
2020-11-30 17,3.409,0,45,0,7,330,4
2020-11-30 18,3.659,0,50,0,6,324,3
2020-11-30 19,1.772,0,50,0,5,333,4
2020-11-30 20,1.159,0,50,0,5,329,3
2020-11-30 21,1.593,0,55,0,4,342,3
2020-11-30 22,1.522,0,55,0,3,334,3
2020-11-30 23,1.48,0,55,0,3,331,4
2020-12-01 00,1.367,0,60,0,3,328,3
2020-12-01 01,1.548,0,60,0,2,340,3
2020-12-01 02,1.304,0,65,0,1,330,2
2020-12-01 03,0.915,0,65,0,1,334,2
2020-12-01 04,0.907,0,65,0,0,342,2
2020-12-01 05,1.383,0,65,0,0,276,1
2020-12-01 06,1.334,0,65,0,0,321,2
2020-12-01 07,1.407,0,65,0,0,331,2
2020-12-01 08,1.523,0,55,0,2,296,1
2020-12-01 09,1.479,0,40,0,5,341,1
2020-12-01 10,2.747,0,30,0,7,286,1
2020-12-01 11,2.208,0,25,0,9,334,1
2020-12-01 12,2.519,0,20,0,11,301,1
2020-12-01 13,1.881,0,20,0,11,341,1
2020-12-01 14,2.727,0,15,0,12,133,0
2020-12-01 15,2.926,0,20,0,12,72,1
2020-12-01 16,2.943,0,25,0,10,132,1
2020-12-01 17,3.546,0,35,0,8,46,1
2020-12-01 18,2.655,0,30,0,7,29,1
2020-12-01 19,1.871,0,40,0,6,52,1
2020-12-01 20,1.49,0,40,0,5,360,1
2020-12-01 21,1.527,0,45,0,4,305,1
2020-12-01 22,1.578,0,50,0,3,317,1
2020-12-01 23,1.512,0,45,0,3,315,2
2020-12-02 00,1.495,0,50,0,2,299,2
2020-12-02 01,1.573,0,45,0,3,332,2
2020-12-02 02,1.151,0,50,0,2,311,1
2020-12-02 03,0.932,0,50,0,3,327,1
2020-12-02 04,0.916,0,55,0,2,319,1
2020-12-02 05,0.93,0,50,0,3,325,1
2020-12-02 06,1.189,0,45,0,3,314,2
2020-12-02 07,1.393,0,45,0,3,312,1
2020-12-02 08,1.376,0,45,0,5,327,1
2020-12-02 09,1.683,0,35,0,7,323,1
2020-12-02 10,2.948,0,30,0,8,302,1
2020-12-02 11,2.125,0,25,0,9,316,1
2020-12-02 12,2.392,0,25,0,10,333,2
2020-12-02 13,2.008,0,25,0,10,345,2
2020-12-02 14,3.01,0,25,0,12,348,2
2020-12-02 15,3.068,0,25,0,12,322,2
2020-12-02 16,3.176,0,25,0,10,319,2
2020-12-02 17,3.678,0,30,0,8,322,2
2020-12-02 18,3.691,0,35,0,8,337,2
2020-12-02 19,2.848,0,35,0,7,329,4
2020-12-02 20,1.062,0,40,0,7,333,3
2020-12-02 21,0.99,0,40,0,6,345,2
2020-12-02 22,1.427,0,40,0,6,320,2
2020-12-02 23,1.484,0,40,0,5,326,3
2020-12-03 00,1.455,0,35,0,6,330,3
2020-12-03 01,1.427,0,40,0,4,328,2
2020-12-03 02,1.066,0,40,0,3,342,3
2020-12-03 03,1.059,0,45,0,3,330,2
2020-12-03 04,1.37,0,50,0,3,309,1
2020-12-03 05,1.349,0,55,0,1,316,1
2020-12-03 06,1.323,0,55,0,2,323,2
2020-12-03 07,1.38,0,50,0,3,326,2
2020-12-03 08,1.392,0,45,0,5,352,3
2020-12-03 09,1.483,0,40,0,7,328,2
2020-12-03 10,2.947,0,40,0,9,328,2
2020-12-03 11,3.068,0,40,0,10,335,4
2020-12-03 12,2.706,0,35,0,10,342,5
2020-12-03 13,1.739,0,35,0,10,341,6
2020-12-03 14,3.073,0,35,0,10,342,6
2020-12-03 15,3.08,0,40,0,9,342,5
2020-12-03 16,3.324,0,40,0,7,342,5
2020-12-03 17,3.363,0,45,0,6,325,4
2020-12-03 18,3.694,0,50,0,5,338,3
2020-12-03 19,2.808,0,50,0,5,321,4
2020-12-03 20,1.311,0,50,0,4,333,4
2020-12-03 21,0.913,0,50,0,4,334,4
2020-12-03 22,1.013,0,50,0,3,322,3
2020-12-03 23,1.559,0,55,0,3,321,2
2020-12-04 00,1.546,0,55,0,3,333,4
2020-12-04 01,1.527,0,45,0,2,327,3
2020-12-04 02,1.442,0,50,0,1,335,3
2020-12-04 03,1.412,0,50,0,1,338,4
2020-12-04 04,1.393,0,50,0,1,337,3
2020-12-04 05,1.343,0,50,0,1,332,4
2020-12-04 06,1.298,0,50,0,1,315,2
2020-12-04 07,1.407,0,50,0,1,326,2
2020-12-04 08,1.425,0,40,0,3,354,3
2020-12-04 09,2.072,0,30,0,5,342,3
2020-12-04 10,2.661,0,20,0,7,339,4
2020-12-04 11,2.292,0,20,0,8,341,4
2020-12-04 12,2.75,0,25,0,8,311,4
2020-12-04 13,1.881,0,25,0,9,322,3
2020-12-04 14,3.074,0,25,0,9,333,5
2020-12-04 15,3.18,0,30,0,8,330,5
2020-12-04 16,3.783,0,35,0,7,332,5
2020-12-04 17,3.803,0,40,0,5,327,3
2020-12-04 18,3.509,0,40,0,5,328,3
2020-12-04 19,2.516,0,50,0,4,306,2
2020-12-04 20,2.594,0,55,0,4,303,2
2020-12-04 21,3.148,0,55,0,4,308,3
2020-12-04 22,1.822,0,55,0,4,306,3
2020-12-04 23,1.594,0,55,0,3,323,2
2020-12-05 00,1.565,0,50,0,4,325,3
2020-12-05 01,1.497,0,50,0,4,320,2
2020-12-05 02,1.506,0,55,0,3,289,1
2020-12-05 03,1.458,0,60,0,1,281,1
2020-12-05 04,1.457,0,65,0,1,310,1
2020-12-05 05,1.585,0,65,0,1,311,1
2020-12-05 06,1.133,0,65,0,1,299,1
2020-12-05 07,1.111,0,70,0,1,310,1
2020-12-05 08,1.106,0,60,0,4,172,0
2020-12-05 09,2.387,0,50,0,7,4,2
2020-12-05 10,2.395,0,40,0,9,342,2
2020-12-05 11,2.817,0,35,0,10,338,4
2020-12-05 12,3.183,0,35,0,10,339,4
2020-12-05 13,3.484,0,35,0,10,318,4
2020-12-05 14,3.709,0,35,0,11,324,3
2020-12-05 15,3.346,0,35,0,10,337,3
2020-12-05 16,3.191,0,40,0,9,328,2
2020-12-05 17,3.157,0,45,0,7,318,1
2020-12-05 18,3.116,0,50,0,6,310,2
2020-12-05 19,2.637,0,50,0,5,322,2
2020-12-05 20,0.995,0,50,0,6,332,3
2020-12-05 21,0.977,0,50,0,6,331,2
2020-12-05 22,0.986,0,50,0,5,336,2
2020-12-05 23,0.975,0,55,0,5,329,2
2020-12-06 00,0.943,0,60,0,4,311,2
2020-12-06 01,0.992,0,65,0,4,327,2
2020-12-06 02,0.996,0,65,0,3,320,2
2020-12-06 03,0.973,0,75,0,2,1,0
2020-12-06 04,0.991,0,80,0,1,359,0
2020-12-06 05,0.965,0,85,0,0,167,0
2020-12-06 06,0.908,0,85,0,0,307,1
2020-12-06 07,0.839,0,85,0,0,303,1
2020-12-06 08,0.86,0,80,0,3,297,1
2020-12-06 09,0.843,0,60,0,6,357,1
2020-12-06 10,0.85,0,45,0,9,344,1
2020-12-06 11,0.797,0,40,0,10,5,1
2020-12-06 12,0.967,0,40,0,11,10,2
2020-12-06 13,0.984,0,35,0,12,305,2
2020-12-06 14,0.937,0,35,0,12,325,3
2020-12-06 15,0.99,0,35,0,12,313,3
2020-12-06 16,1.009,0,40,0,10,323,2
2020-12-06 17,0.988,0,50,0,8,307,2
2020-12-06 18,0.945,0,50,0,7,309,2
2020-12-06 19,0.836,0,60,0,5,307,1
2020-12-06 20,0.854,0,60,0,5,296,1
2020-12-06 21,1.671,0,60,0,5,327,2
2020-12-06 22,1.636,0,60,0,5,332,3
2020-12-06 23,1.613,0,65,0,4,336,3
2020-12-07 00,1.566,0,65,0,4,334,2
2020-12-07 01,1.461,0,70,0,3,313,2
2020-12-07 02,1.46,0,70,0,3,323,2
2020-12-07 03,0.978,0,70,0,3,328,2
2020-12-07 04,0.975,0,75,0,2,246,0
2020-12-07 05,0.951,0,80,0,0,346,0
2020-12-07 06,1.272,0,75,0,1,330,1
2020-12-07 07,1.415,0,80,0,1,269,0
2020-12-07 08,1.347,6,70,0.1,3,293,1
2020-12-07 09,1.437,0,60,0,5,304,0
2020-12-07 10,2.642,0,55,0,7,4,0
2020-12-07 11,2.863,0,55,0,8,131,1
2020-12-07 12,3.234,0,50,0,10,262,0
2020-12-07 13,1.5,0,50,0,11,205,2
2020-12-07 14,1.9,0,45,0,12,302,3
2020-12-07 15,2.796,0,45,0,12,317,3
2020-12-07 16,3.3,0,50,0,11,322,3
2020-12-07 17,3.791,0,55,0,9,320,3
2020-12-07 18,3.389,0,60,0,8,322,2
2020-12-07 19,1.182,0,60,0,7,324,2
2020-12-07 20,1.135,0,60,0,7,318,2
2020-12-07 21,1.099,0,60,0,7,320,2
2020-12-07 22,1.51,0,60,0,6,344,2
2020-12-07 23,1.504,0,60,0,6,327,3
2020-12-08 00,1.503,0,60,0,5,314,2
2020-12-08 01,1.511,0,60,0,4,323,2
2020-12-08 02,1.534,0,60,0,3,307,2
2020-12-08 03,1.432,0,55,0,3,298,2
2020-12-08 04,1.422,0,60,0,2,310,2
2020-12-08 05,1.363,0,60,0,2,312,2
2020-12-08 06,1.301,0,60,0,2,327,2
2020-12-08 07,1.39,0,65,0,2,309,1
2020-12-08 08,1.489,0,55,0,5,269,2
2020-12-08 09,1.163,0,45,0,6,302,2
2020-12-08 10,2.623,0,45,0,7,342,4
2020-12-08 11,2.301,0,40,0,8,354,3
2020-12-08 12,2.114,0,40,0,8,335,3
2020-12-08 13,1.316,0,40,0,8,352,3
2020-12-08 14,3.063,0,40,0,8,358,4
2020-12-08 15,3.322,0,40,0,8,357,4
2020-12-08 16,3.618,0,40,0,7,343,3
2020-12-08 17,2.753,0,45,0,6,331,3
2020-12-08 18,2.494,0,50,0,5,332,3
2020-12-08 19,2.191,0,50,0,4,338,4
2020-12-08 20,1.331,0,55,0,3,329,3
2020-12-08 21,1.603,0,60,0,2,331,2
2020-12-08 22,1.617,0,60,0,2,325,3
2020-12-08 23,1.578,0,65,0,1,329,2
2020-12-09 00,1.56,0,65,0,0,315,2
2020-12-09 01,1.629,0,65,0,0,328,2
2020-12-09 02,1.692,0,70,0,0,326,2
2020-12-09 03,1.438,0,70,0,0,315,2
2020-12-09 04,1.442,0,75,0,-0.9,322,1
2020-12-09 05,1.44,0,75,0,-1.9,307,1
2020-12-09 06,1.384,0,75,0,-1.9,317,1
2020-12-09 07,1.446,0,70,0,-1.9,307,1
2020-12-09 08,1.442,0,65,0,1,349,1
2020-12-09 09,1.358,0,50,0,4,290,1
2020-12-09 10,1.182,0,40,0,6,347,0
2020-12-09 11,2.324,0,35,0,9,246,0
2020-12-09 12,2.387,0,25,0,10,66,1
2020-12-09 13,1.558,0,25,0,11,137,1
2020-12-09 14,2.337,0,20,0,11,311,0
2020-12-09 15,2.413,0,25,0,11,151,1
2020-12-09 16,3.024,0,35,0,9,196,1
2020-12-09 17,2.61,0,40,0,7,203,2
2020-12-09 18,1.632,0,45,0,5,271,1
2020-12-09 19,1.077,0,50,0,4,297,1
2020-12-09 20,1.217,0,55,0,1,195,1
2020-12-09 21,1.556,0,55,0,2,309,2
2020-12-09 22,1.538,0,55,0,1,243,0
2020-12-09 23,1.276,0,55,0,3,320,1
2020-12-10 00,1.028,0,55,0,2,178,1
2020-12-10 01,1.058,0,55,0,3,305,0
2020-12-10 02,0.973,0,60,0,3,157,0
2020-12-10 03,0.939,0,55,0,3,292,0
2020-12-10 04,0.939,0,55,0,3,340,0
2020-12-10 05,0.92,0,45,0,5,49,1
2020-12-10 06,0.968,0,45,0,5,160,0
2020-12-10 07,1.122,0,40,0,6,335,2
2020-12-10 08,1.413,0,45,0,6,302,1
2020-12-10 09,2.124,0,35,0,7,340,2
2020-12-10 10,3.126,0,40,0,7,274,0
2020-12-10 11,3.042,0,35,0,8,331,0
2020-12-10 12,2.7,0,30,0,9,170,0
2020-12-10 13,1.833,0,30,0,10,24,1
2020-12-10 14,3.091,0,35,0,12,23,1
2020-12-10 15,2.764,0,40,0,11,50,1
2020-12-10 16,2.402,0,45,0,10,144,0
2020-12-10 17,2.379,0,50,0,7,239,0
2020-12-10 18,2.376,0,60,0,6,194,1
2020-12-10 19,1.788,0,65,0,5,162,0
2020-12-10 20,1.37,0,75,0,5,323,1
2020-12-10 21,1.482,0,75,0,4,310,1
2020-12-10 22,1.473,0,80,0,3,328,0
2020-12-10 23,1.442,0,85,0,3,308,0
2020-12-11 00,1.413,0,85,0,3,256,0
2020-12-11 01,1.428,0,85,0,3,316,1
2020-12-11 02,1.43,0,85,0,3,292,1
2020-12-11 03,1.376,0,85,0,2,309,0
2020-12-11 04,1.357,0,85,0,3,298,1
2020-12-11 05,1.048,0,85,0,3,289,1
2020-12-11 06,0.886,0,85,0,3,109,0
2020-12-11 07,0.959,0,85,0,3,267,0
2020-12-11 08,1.365,0,80,0,5,284,1
2020-12-11 09,1.578,0,70,0,8,263,0
2020-12-11 10,2.657,0,55,0,11,292,1
2020-12-11 11,3.057,0,45,0,13,313,2
2020-12-11 12,2.454,0,45,0,13,279,2
2020-12-11 13,1.953,0,45,0,14,292,2
2020-12-11 14,2.464,0,45,0,13,296,2
2020-12-11 15,3.08,0,50,0,12,338,1
2020-12-11 16,3.145,0,55,0,11,320,2
2020-12-11 17,3.097,0,60,0,10,309,1
2020-12-11 18,3.796,0,65,0,9,296,1
2020-12-11 19,3.335,0,70,0,8,299,0
2020-12-11 20,3.34,0,70,0,7,271,1
2020-12-11 21,1.808,0,70,0,7,268,1
2020-12-11 22,1.293,0,75,0,6,303,0
2020-12-11 23,1.565,0,75,0,6,309,1
2020-12-12 00,1.097,0,75,0,6,315,1
2020-12-12 01,0.945,0,75,0,6,294,1
2020-12-12 02,0.924,0,75,0,5,281,1
2020-12-12 03,0.949,0,75,0,5,309,1
2020-12-12 04,0.948,0,65,0,7,287,2
2020-12-12 05,1.227,0,65,0,8,324,3
2020-12-12 06,1.101,0,60,0,8,340,3
2020-12-12 07,0.954,0,60,0,7,328,2
2020-12-12 08,1.18,0,45,0,7,313,4
2020-12-12 09,1.126,0,35,0,8,330,5
2020-12-12 10,1.898,0,30,0,9,339,5
2020-12-12 11,2.825,0,30,0,10,327,6
2020-12-12 12,3.167,0,30,0,11,339,4
2020-12-12 13,3.202,0,20,0,11,330,5
2020-12-12 14,3.078,0,20,0,11,327,4
2020-12-12 15,3.118,0,20,0,11,344,4
2020-12-12 16,3.261,0,25,0,9,327,3
2020-12-12 17,3.018,0,25,0,8,324,2
2020-12-12 18,3.078,0,30,0,7,320,3
2020-12-12 19,2.095,0,40,0,6,326,2
2020-12-12 20,1.368,0,40,0,5,321,2
2020-12-12 21,1.192,0,35,0,5,327,2
2020-12-12 22,1.188,0,40,0,3,296,1
2020-12-12 23,1.13,0,40,0,4,325,2
2020-12-13 00,1.572,0,45,0,3,296,1
2020-12-13 01,1.525,0,40,0,4,339,2
2020-12-13 02,1.445,0,40,0,4,346,2
2020-12-13 03,1.463,0,50,0,3,318,1
2020-12-13 04,1.428,0,45,0,3,4,1
2020-12-13 05,1.433,0,50,0,1,305,0
2020-12-13 06,1.392,0,55,0,1,343,1
2020-12-13 07,1.408,0,60,0,1,328,1
2020-12-13 08,1.421,0,50,0,2,295,1
2020-12-13 09,1.655,0,40,0,5,298,1
2020-12-13 10,2.176,0,30,0,7,316,1
2020-12-13 11,2.093,0,30,0,9,139,0
2020-12-13 12,2.463,0,30,0,10,278,2
2020-12-13 13,2.47,0,35,0,11,247,2
2020-12-13 14,2.363,0,45,0,11,242,3
2020-12-13 15,2.054,0,50,0,11,237,3
2020-12-13 16,2.458,1,75,0.3,8,325,5
2020-12-13 17,2.068,0,70,0,8,329,5
2020-12-13 18,1.286,0,60,0,5,332,7
2020-12-13 19,1.176,0,55,0,4,325,6
2020-12-13 20,1.599,0,60,0,3,336,6
2020-12-13 21,1.597,0,55,0,2,334,6
2020-12-13 22,1.585,0,50,0,2,339,4
2020-12-13 23,1.564,0,45,0,1,336,5
2020-12-14 00,1.528,0,40,0,1,329,4
2020-12-14 01,1.581,0,45,0,0,347,5
2020-12-14 02,1.434,0,45,0,0,347,4
2020-12-14 03,1.406,0,50,0,0,349,4
2020-12-14 04,1.415,0,50,0,-0.9,347,4
2020-12-14 05,1.413,0,45,0,-0.9,344,3
2020-12-14 06,1.38,0,40,0,-1.9,340,4
2020-12-14 07,1.438,0,40,0,-1.9,334,4
2020-12-14 08,1.456,0,40,0,-1.9,349,4
2020-12-14 09,1.74,0,40,0,-0.9,354,5
2020-12-14 10,3.141,0,35,0,0,357,5
2020-12-14 11,3.495,0,35,0,0,341,4
2020-12-14 12,3.585,0,30,0,1,346,4
2020-12-14 13,3.531,0,30,0,2,334,5
2020-12-14 14,2.031,0,30,0,1,354,5
2020-12-14 15,3.438,0,30,0,1,353,5
2020-12-14 16,3.535,0,35,0,0,340,6
2020-12-14 17,3.224,0,35,0,-0.9,336,4
2020-12-14 18,3.077,0,40,0,-0.9,343,3
2020-12-14 19,1.657,0,40,0,-1.9,337,3
2020-12-14 20,0.894,0,40,0,-1.9,334,3
2020-12-14 21,1.605,0,40,0,-2.9,328,3
2020-12-14 22,1.594,0,45,0,-2.9,330,3
2020-12-14 23,1.77,0,50,0,-3.9,318,3
2020-12-15 00,1.544,0,50,0,-3.9,325,3
2020-12-15 01,1.74,0,50,0,-3.9,322,3
2020-12-15 02,1.556,0,55,0,-3.9,322,2
2020-12-15 03,1.454,0,50,0,-3.9,335,3
2020-12-15 04,1.438,0,55,0,-3.9,319,2
2020-12-15 05,1.435,0,55,0,-3.9,323,2
2020-12-15 06,1.389,0,55,0,-3.9,321,3
2020-12-15 07,1.436,0,45,0,-3.9,328,4
2020-12-15 08,1.557,0,45,0,-2.9,326,3
2020-12-15 09,1.587,0,35,0,-1.9,329,4
2020-12-15 10,1.76,0,35,0,0,327,4
2020-12-15 11,2.321,0,35,0,0,330,6
2020-12-15 12,2.097,0,30,0,1,337,6
2020-12-15 13,2.139,0,30,0,1,340,5
2020-12-15 14,2.069,0,30,0,2,337,4
2020-12-15 15,2.009,0,30,0,2,341,3
2020-12-15 16,2.144,0,30,0,1,328,3
2020-12-15 17,2.357,0,35,0,-0.9,332,1
2020-12-15 18,2.373,0,40,0,-0.9,302,1
2020-12-15 19,2.405,0,45,0,-1.9,316,2
2020-12-15 20,2.058,0,45,0,-1.9,324,1
2020-12-15 21,2.269,0,45,0,-1.9,317,2
2020-12-15 22,2.052,0,50,0,-1.9,289,2
2020-12-15 23,1.734,0,55,0,-1.9,284,3
2020-12-16 00,1.717,0,55,0,-2.9,298,3
2020-12-16 01,1.68,0,55,0,-2.9,316,2
2020-12-16 02,1.587,0,55,0,-2.9,308,2
2020-12-16 03,1.597,0,60,0,-2.9,308,2
2020-12-16 04,1.602,0,60,0,-2.9,305,2
2020-12-16 05,1.591,0,60,0,-2.9,292,3
2020-12-16 06,1.583,0,60,0,-2.9,306,3
2020-12-16 07,1.607,0,60,0,-2.9,310,2
2020-12-16 08,1.647,0,55,0,-1.9,323,3
2020-12-16 09,1.762,0,50,0,0,331,4
2020-12-16 10,2.653,0,45,0,0,332,6
2020-12-16 11,3.124,0,40,0,1,334,5
2020-12-16 12,2.684,0,35,0,2,348,5
2020-12-16 13,2.333,0,35,0,2,342,5
2020-12-16 14,2.082,0,35,0,2,345,5
2020-12-16 15,2.732,0,35,0,2,345,6
2020-12-16 16,2.752,0,40,0,0,349,3
2020-12-16 17,2.857,0,45,0,-0.9,341,2
2020-12-16 18,2.1,0,50,0,-1.9,343,3
2020-12-16 19,1.825,0,50,0,-1.9,322,3
2020-12-16 20,1.745,0,55,0,-1.9,319,3
2020-12-16 21,1.691,0,55,0,-1.9,327,3
2020-12-16 22,1.914,0,55,0,-2.9,308,2
2020-12-16 23,1.391,0,60,0,-2.9,308,2
2020-12-17 00,1.692,0,60,0,-2.9,301,2
2020-12-17 01,2.167,0,55,0,-2.9,308,2
2020-12-17 02,1.598,0,60,0,-2.9,324,2
2020-12-17 03,1.583,0,60,0,-2.9,318,2
2020-12-17 04,1.585,0,55,0,-2.9,309,2
2020-12-17 05,1.577,0,55,0,-2.9,310,3
2020-12-17 06,1.592,0,60,0,-2.9,311,3
2020-12-17 07,1.692,0,60,0,-2.9,302,3
2020-12-17 08,1.749,0,55,0,-0.9,328,4
2020-12-17 09,1.614,0,45,0,1,337,4
2020-12-17 10,2.18,0,45,0,3,324,4
2020-12-17 11,3.051,0,40,0,4,333,5
2020-12-17 12,3.208,0,40,0,4,332,4
2020-12-17 13,2.849,0,35,0,5,352,4
2020-12-17 14,1.253,0,35,0,6,349,4
2020-12-17 15,2.645,0,40,0,5,342,4
2020-12-17 16,2.647,0,45,0,4,344,3
2020-12-17 17,2.562,0,45,0,3,347,2
2020-12-17 18,2.897,0,45,0,2,326,2
2020-12-17 19,2.34,0,50,0,1,280,2
2020-12-17 20,1.501,0,50,0,1,300,2
2020-12-17 21,1.497,0,50,0,0,331,2
2020-12-17 22,1.511,0,55,0,0,316,1
2020-12-17 23,1.466,0,50,0,0,307,2
2020-12-18 00,1.465,0,55,0,-0.9,299,2
2020-12-18 01,1.512,0,55,0,-0.9,307,2
2020-12-18 02,1.553,0,60,0,-1.9,318,1
2020-12-18 03,1.384,0,65,0,-1.9,354,1
2020-12-18 04,1.348,0,70,0,-2.9,94,0
2020-12-18 05,0.946,0,70,0,-2.9,79,0
2020-12-18 06,0.861,0,70,0,-2.9,145,0
2020-12-18 07,1.083,0,75,0,-2.9,205,0
2020-12-18 08,1.334,0,70,0,-0.9,348,0
2020-12-18 09,1.588,0,55,0,2,227,1
2020-12-18 10,2.255,0,50,0,5,256,1
2020-12-18 11,2.562,0,45,0,7,216,2
2020-12-18 12,2.67,0,40,0,8,301,4
2020-12-18 13,2.69,0,35,0,9,305,5
2020-12-18 14,1.171,0,40,0,8,332,5
2020-12-18 15,2.331,0,50,0,7,319,4
2020-12-18 16,3.597,0,60,0,5,350,4
2020-12-18 17,3.002,0,60,0,5,339,3
2020-12-18 18,2.792,0,50,0,4,323,4
2020-12-18 19,2.873,0,50,0,3,330,4
2020-12-18 20,3.123,0,45,0,2,335,4
2020-12-18 21,1.836,0,45,0,2,331,4
2020-12-18 22,1.729,0,50,0,1,335,4
2020-12-18 23,0.889,0,50,0,1,339,3
2020-12-19 00,1.74,0,55,0,1,337,4
2020-12-19 01,1.775,0,55,0,1,339,4
2020-12-19 02,1.645,0,50,0,1,335,5
2020-12-19 03,1.634,0,50,0,0,336,5
2020-12-19 04,1.651,0,50,0,0,336,4
2020-12-19 05,1.64,0,50,0,-0.9,334,6
2020-12-19 06,1.647,0,40,0,-1.9,324,6
2020-12-19 07,1.72,0,40,0,-1.9,336,4
2020-12-19 08,1.876,0,35,0,-1.9,335,5
2020-12-19 09,1.901,0,30,0,0,338,4
2020-12-19 10,2.029,0,20,0,2,333,5
2020-12-19 11,3.048,0,10,0,3,323,4
2020-12-19 12,3.072,0,10,0,4,329,5
2020-12-19 13,3.057,0,10,0,4,326,5
2020-12-19 14,3.056,0,5,0,4,324,5
2020-12-19 15,3.045,0,10,0,4,316,5
2020-12-19 16,3.031,0,10,0,2,326,5
2020-12-19 17,2.773,0,15,0,1,334,5
2020-12-19 18,2.981,0,15,0,0,336,3
2020-12-19 19,2.713,0,15,0,0,325,3
2020-12-19 20,1.739,0,20,0,-0.9,315,2
2020-12-19 21,1.7,0,35,0,-0.9,330,3
2020-12-19 22,1.693,0,45,0,-0.9,322,3
2020-12-19 23,1.713,0,45,0,-1.9,301,1
2020-12-20 00,1.718,0,50,0,-1.9,336,2
2020-12-20 01,1.776,0,55,0,-1.9,311,1
2020-12-20 02,1.679,0,55,0,-1.9,306,1
2020-12-20 03,1.648,0,60,0,-0.9,312,2
2020-12-20 04,1.639,0,60,0,-0.9,313,2
2020-12-20 05,1.643,0,55,0,0,327,3
2020-12-20 06,1.702,0,55,0,0,333,3
2020-12-20 07,1.751,0,55,0,0,305,3
2020-12-20 08,1.715,0,45,0,1,323,2
2020-12-20 09,1.703,0,35,0,3,339,3
2020-12-20 10,1.714,0,30,0,5,317,3
2020-12-20 11,2.123,0,30,0,6,325,4
2020-12-20 12,1.806,0,35,0,6,332,5
2020-12-20 13,1.083,0,35,0,6,331,5
2020-12-20 14,1.225,0,35,0,7,328,4
2020-12-20 15,1.274,0,35,0,6,327,5
2020-12-20 16,1.208,0,45,0,4,332,4
2020-12-20 17,1.049,0,45,0,4,330,4
2020-12-20 18,0.694,0,50,0,2,318,2
2020-12-20 19,0.729,0,55,0,1,301,1
2020-12-20 20,0.837,0,55,0,1,291,1
2020-12-20 21,1.097,0,50,0,0,298,2
2020-12-20 22,1.098,0,50,0,-0.9,311,2
2020-12-20 23,1.76,0,55,0,-0.9,323,2
2020-12-21 00,1.938,0,55,0,-1.9,312,1
2020-12-21 01,1.827,0,60,0,-1.9,322,1
2020-12-21 02,1.776,0,60,0,-1.9,299,1
2020-12-21 03,1.683,0,65,0,-2.9,310,1
2020-12-21 04,1.676,0,65,0,-2.9,314,1
2020-12-21 05,1.676,0,65,0,-2.9,312,1
2020-12-21 06,1.671,0,70,0,-2.9,327,1
2020-12-21 07,1.7,0,75,0,-3.9,196,1
2020-12-21 08,1.802,0,65,0,-0.9,37,0
2020-12-21 09,1.765,0,55,0,1,200,1
2020-12-21 10,3.062,0,50,0,4,241,1
2020-12-21 11,2.641,0,45,0,6,225,1
2020-12-21 12,2.301,0,40,0,7,305,2
2020-12-21 13,2.326,0,40,0,8,323,4
2020-12-21 14,3.286,0,35,0,8,317,4
2020-12-21 15,2.984,0,40,0,7,324,4
2020-12-21 16,2.525,0,40,0,6,320,3
2020-12-21 17,2.339,0,45,0,5,331,1
2020-12-21 18,2.33,0,55,0,3,285,1
2020-12-21 19,2.216,0,55,0,2,287,1
2020-12-21 20,1.472,0,60,0,1,337,0
2020-12-21 21,1.546,0,70,0,0,169,0
2020-12-21 22,1.549,0,75,0,-0.9,356,0
2020-12-21 23,1.542,0,75,0,-1.9,344,0
2020-12-22 00,1.515,0,80,0,-1.9,293,0
2020-12-22 01,1.407,0,85,0,-2.9,161,0
2020-12-22 02,1.373,0,80,0,-2.9,292,1
2020-12-22 03,1.375,0,85,0,-2.9,197,0
2020-12-22 04,1.368,0,85,0,-3.9,357,0
2020-12-22 05,1.341,0,85,0,-2.9,310,0
2020-12-22 06,1.37,0,85,0,-1.9,324,1
2020-12-22 07,1.42,0,85,0,-1.9,315,1
2020-12-22 08,1.423,0,80,0,-0.9,321,1
2020-12-22 09,1.662,0,70,0,2,293,1
2020-12-22 10,2.841,0,55,0,6,159,1
2020-12-22 11,2.376,0,45,0,8,232,1
2020-12-22 12,1.853,0,50,0,7,235,2
2020-12-22 13,1.329,0,45,0,8,260,2
2020-12-22 14,2.312,0,50,0,9,324,2
2020-12-22 15,2.402,0,50,0,8,338,3
2020-12-22 16,2.647,0,55,0,7,324,2
2020-12-22 17,2.413,0,60,0,5,317,1
2020-12-22 18,1.383,0,70,0,3,272,0
2020-12-22 19,1.286,0,70,0,2,295,1
2020-12-22 20,1.341,0,80,0,0,39,0
2020-12-22 21,1.79,0,85,0,0,328,0
2020-12-22 22,1.855,0,85,0,0,191,0
2020-12-22 23,1.871,0,85,0,-0.9,338,0
2020-12-23 00,1.829,0,90,0,-1.9,344,1
2020-12-23 01,1.853,0,90,0,-0.9,292,1
2020-12-23 02,1.53,0,90,0,-1.9,316,1
2020-12-23 03,1.696,0,90,0,-1.9,281,1
2020-12-23 04,1.71,0,95,0,-2.9,313,1
2020-12-23 05,1.689,0,95,0,-2.9,193,0
2020-12-23 06,1.681,0,95,0,-1.9,301,0
2020-12-23 07,1.707,0,95,0,-2.9,324,0
2020-12-23 08,1.693,0,90,0,-0.9,41,0
2020-12-23 09,1.657,0,80,0,2,241,0
2020-12-23 10,2.947,0,75,0,4,264,0
2020-12-23 11,3.053,0,60,0,6,155,1
2020-12-23 12,2.647,0,60,0,8,55,0
2020-12-23 13,2.602,0,50,0,9,205,1
2020-12-23 14,2.907,0,45,0,10,199,0
2020-12-23 15,2.953,0,50,0,10,235,1
2020-12-23 16,3.016,0,55,0,8,196,0
2020-12-23 17,3.628,0,65,0,6,6,0
2020-12-23 18,2.403,0,65,0,6,82,0
2020-12-23 19,2.054,0,70,0,5,324,1
2020-12-23 20,1.848,0,75,0,5,328,1
2020-12-23 21,1.786,0,75,0,4,301,1
2020-12-23 22,2.151,0,80,0,3,331,1
2020-12-23 23,2.005,0,85,0,3,318,1
2020-12-24 00,1.979,0,85,0,3,212,0
2020-12-24 01,1.856,0,85,0,2,317,1
2020-12-24 02,1.733,0,85,0,3,189,1
2020-12-24 03,1.637,0,85,0,2,350,0
2020-12-24 04,1.637,0,85,0,3,147,0
2020-12-24 05,1.641,0,80,0,4,325,2
2020-12-24 06,1.638,0,80,0,5,325,1
2020-12-24 07,1.82,0,70,0,8,303,2
2020-12-24 08,2.741,0,65,0,8,282,2
2020-12-24 09,2.023,0,60,0,9,297,3
2020-12-24 10,3.208,0,50,0,10,325,3
2020-12-24 11,3.446,0,40,0,11,332,3
2020-12-24 12,2.938,0,40,0,11,346,3
2020-12-24 13,2.728,0,30,0,12,313,5
2020-12-24 14,2.922,0,25,0,12,338,5
2020-12-24 15,2.872,0,25,0,10,339,7
2020-12-24 16,2.968,0,25,0,8,336,5
2020-12-24 17,2.909,0,30,0,7,329,5
2020-12-24 18,2.944,0,35,0,5,317,3
2020-12-24 19,2.547,0,40,0,5,321,4
2020-12-24 20,2.077,0,45,0,4,318,4
2020-12-24 21,2.13,0,50,0,4,322,3
2020-12-24 22,2.26,0,45,0,4,314,3
2020-12-24 23,2.203,0,50,0,3,324,3
2020-12-25 00,2.153,0,55,0,3,322,3
2020-12-25 01,2.175,0,60,0,2,316,3
2020-12-25 02,2.1,0,60,0,2,310,2
2020-12-25 03,2.008,0,60,0,2,302,2
2020-12-25 04,2.002,0,65,0,2,334,2
2020-12-25 05,2.031,0,65,0,2,326,2
2020-12-25 06,1.99,0,75,0,2,331,1
2020-12-25 07,2.017,0,75,0,2,323,2
2020-12-25 08,2.048,0,70,0,2,326,3
2020-12-25 09,2.144,0,60,0,3,333,4
2020-12-25 10,3.317,0,50,0,4,352,4
2020-12-25 11,3.466,0,45,0,5,336,5
2020-12-25 12,3.175,0,40,0,6,332,6
2020-12-25 13,2.588,0,35,0,7,333,4
2020-12-25 14,2.942,0,35,0,7,324,4
2020-12-25 15,2.928,0,40,0,6,348,5
2020-12-25 16,2.982,0,40,0,6,337,4
2020-12-25 17,3.005,0,50,0,4,360,3
2020-12-25 18,2.995,0,55,0,3,334,2
2020-12-25 19,2.163,0,60,0,1,303,1
2020-12-25 20,2.105,0,65,0,0,311,2
2020-12-25 21,2.195,0,65,0,0,305,2
2020-12-25 22,2.278,0,65,0,0,336,1
2020-12-25 23,2.171,0,70,0,-0.9,202,0
2020-12-26 00,2.166,0,75,0,-1.9,5,1
2020-12-26 01,2.004,0,75,0,-1.9,305,1
2020-12-26 02,2.024,0,75,0,-1.9,305,0
2020-12-26 03,2.028,0,75,0,-1.9,303,0
2020-12-26 04,2.035,0,75,0,-1.9,145,0
2020-12-26 05,2.011,0,80,0,-1.9,322,1
2020-12-26 06,2.044,0,80,0,-2.9,232,0
2020-12-26 07,2.154,0,80,0,-2.9,266,0
2020-12-26 08,2.099,0,75,0,0,219,0
2020-12-26 09,2.084,0,60,0,3,350,1
2020-12-26 10,3.123,0,45,0,7,103,0
2020-12-26 11,3.418,0,40,0,9,284,1
2020-12-26 12,3.875,0,40,0,10,296,1
2020-12-26 13,2.714,0,35,0,10,263,1
2020-12-26 14,2.95,0,35,0,10,245,2
2020-12-26 15,2.841,0,40,0,10,232,2
2020-12-26 16,2.442,0,45,0,8,217,1
2020-12-26 17,1.718,0,55,0,6,248,0
2020-12-26 18,1.025,0,60,0,4,218,1
2020-12-26 19,1.057,0,65,0,3,212,1
2020-12-26 20,1.653,0,70,0,3,15,0
2020-12-26 21,1.877,0,65,0,4,330,1
2020-12-26 22,1.539,0,65,0,3,268,1
2020-12-26 23,1.49,0,70,0,3,316,1
2020-12-27 00,1.422,0,70,0,3,305,1
2020-12-27 01,1.458,0,70,0,3,306,1
2020-12-27 02,1.168,0,70,0,3,316,1
2020-12-27 03,0.906,0,70,0,3,328,1
2020-12-27 04,0.845,0,70,0,3,328,0
2020-12-27 05,0.863,0,75,0,3,326,1
2020-12-27 06,0.79,0,75,0,3,306,1
2020-12-27 07,1.292,0,70,0,4,310,0
2020-12-27 08,1.417,0,65,0,5,291,0
2020-12-27 09,1.818,0,60,0,7,7,0
2020-12-27 10,2.177,0,55,0,8,97,0
2020-12-27 11,1.439,5,55,0.2,8,128,1
2020-12-27 12,1.566,1,65,0.3,8,276,0
2020-12-27 13,1.849,1,80,0.8,7,17,0
2020-12-27 14,1.728,1,90,0.4,7,123,0
2020-12-27 15,1.728,1,90,0.5,6,102,1
2020-12-27 16,1.83,1,90,0.4,6,90,0
2020-12-27 17,1.832,1,90,1.8,6,73,1
2020-12-27 18,1.795,1,90,1.8,5,71,1
2020-12-27 19,1.7,1,95,1.8,5,125,1
2020-12-27 20,1.712,5,95,0.2,5,251,0
2020-12-27 21,1.722,0,95,0,5,223,1
2020-12-27 22,1.737,0,95,0,4,298,1
2020-12-27 23,2.143,0,95,0,4,329,1
2020-12-28 00,2.168,0,95,0,3,330,1
2020-12-28 01,1.626,0,100,0,2,310,1
2020-12-28 02,2.32,0,100,0,2,318,1
2020-12-28 03,2.128,0,100,0,1,324,1
2020-12-28 04,1.681,0,100,0,0,193,1
2020-12-28 05,1.646,0,95,0,1,46,0
2020-12-28 06,1.573,0,95,0,2,290,1
2020-12-28 07,1.577,0,95,0,2,302,1
2020-12-28 08,1.613,0,95,0,2,276,0
2020-12-28 09,1.714,0,95,0,4,308,0
2020-12-28 10,2.079,0,95,0,5,106,0
2020-12-28 11,2.473,0,85,0,8,117,1
2020-12-28 12,2.568,0,65,0,10,120,1
2020-12-28 13,1.521,0,55,0,12,150,2
2020-12-28 14,2.572,0,50,0,13,143,1
2020-12-28 15,2.489,0,50,0,13,116,1
2020-12-28 16,2.163,0,60,0,11,189,1
2020-12-28 17,1.774,0,75,0,8,193,1
2020-12-28 18,1.198,0,85,0,6,60,0
2020-12-28 19,0.489,0,90,0,5,304,1
2020-12-28 20,0.228,0,90,0,4,306,1
2020-12-28 21,1.372,0,95,0,4,286,0
2020-12-28 22,1.331,0,95,0,3,74,0
2020-12-28 23,1.011,0,95,0,3,326,1
2020-12-29 00,1.125,0,95,0,2,194,0
2020-12-29 01,1.324,0,100,0,2,324,1
2020-12-29 02,1.349,0,95,0,2,304,2
2020-12-29 03,1.264,0,95,0,2,328,1
2020-12-29 04,1.278,0,95,0,2,304,1
2020-12-29 05,1.239,0,95,0,2,326,1
2020-12-29 06,1.235,0,95,0,1,167,1
2020-12-29 07,1.091,0,95,0,2,157,0
2020-12-29 08,0.816,0,95,0,4,301,1
2020-12-29 09,0.808,0,80,0,7,4,0
2020-12-29 10,2.092,0,70,0,9,252,0
2020-12-29 11,2.894,0,50,0,13,141,0
2020-12-29 12,2.515,0,45,0,14,122,1
2020-12-29 13,1.124,0,55,0,12,184,1
2020-12-29 14,1.502,0,60,0,12,0,0
2020-12-29 15,2.281,0,50,0,12,331,3
2020-12-29 16,2.298,0,55,0,10,348,5
2020-12-29 17,2.7,5,55,0.1,8,333,7
2020-12-29 18,2.591,1,80,1.1,5,334,7
2020-12-29 19,1.831,1,85,1.4,3,331,6
2020-12-29 20,1.974,1,85,0.6,3,335,6
2020-12-29 21,2.026,1,85,0.5,2,327,5
2020-12-29 22,2.632,2,85,0.5,1,316,4
2020-12-29 23,2.141,2,80,0.5,1,327,4
2020-12-30 00,2.857,3,75,0.4,1,330,5
2020-12-30 01,2.295,0,70,0,0,329,5
2020-12-30 02,2.156,0,65,0,0,337,5
2020-12-30 03,2.005,0,60,0,-0.9,341,6
2020-12-30 04,1.988,0,65,0,-1.9,336,3
2020-12-30 05,1.983,7,65,0.1,-1.9,324,6
2020-12-30 06,1.985,0,60,0,-2.9,323,7
2020-12-30 07,2.028,0,55,0,-2.9,322,6
2020-12-30 08,1.992,0,70,0,-2.9,330,6
2020-12-30 09,2.03,0,65,0,-2.9,345,5
2020-12-30 10,3.106,0,60,0,-2.9,332,5
2020-12-30 11,3.494,0,55,0,-2.9,330,6
2020-12-30 12,3.331,0,60,0,-2.9,328,5
2020-12-30 13,2.866,0,50,0,-2.9,316,7
2020-12-30 14,3.473,0,55,0,-2.9,331,5
2020-12-30 15,3.47,0,50,0,-2.9,313,7
2020-12-30 16,3.51,0,60,0,-3.9,327,5
2020-12-30 17,2.575,0,60,0,-4.9,327,5
2020-12-30 18,2.389,0,60,0,-4.9,327,6
2020-12-30 19,2.345,0,60,0,-5.9,330,5
2020-12-30 20,2.37,0,60,0,-5.9,336,5
2020-12-30 21,2.339,0,60,0,-5.9,338,4
2020-12-30 22,2.663,0,60,0,-5.9,331,4
2020-12-30 23,3.041,0,60,0,-6.9,333,4
2020-12-31 00,2.616,0,60,0,-6.9,327,4
2020-12-31 01,2.644,0,55,0,-6.9,337,4
2020-12-31 02,2.638,0,55,0,-5.9,339,3
2020-12-31 03,2.624,0,55,0,-5.9,330,3
2020-12-31 04,2.563,0,55,0,-5.9,335,3
2020-12-31 05,2.486,0,55,0,-5.9,337,3
2020-12-31 06,2.471,0,60,0,-5.9,324,3
2020-12-31 07,2.477,0,60,0,-5.9,317,3
2020-12-31 08,2.59,0,55,0,-4.9,314,3
2020-12-31 09,2.585,0,50,0,-2.9,291,3
2020-12-31 10,2.611,0,45,0,-0.9,301,2
2020-12-31 11,2.897,0,45,0,0,330,3
2020-12-31 12,2.37,0,45,0,1,316,3
2020-12-31 13,1.387,0,45,0,2,331,5
2020-12-31 14,2.814,0,45,0,3,331,4
2020-12-31 15,2.263,0,50,0,2,313,5
2020-12-31 16,2.569,0,60,0,1,307,4
2020-12-31 17,2.693,0,60,0,0,308,3
2020-12-31 18,2.698,0,65,0,0,305,3
2020-12-31 19,2.968,0,65,0,0,312,3
2020-12-31 20,2.564,0,65,0,0,296,1
2020-12-31 21,2.635,0,65,0,0,296,2
2020-12-31 22,2.62,0,65,0,0,262,3
2020-12-31 23,2.776,0,65,0,0,314,3
2021-01-01 00,1.633,0,65,0,-0.9,327,4
2021-01-01 01,1.593,0,60,0,-1.9,332,1
2021-01-01 02,1.476,0,65,0,-2.9,316,2
2021-01-01 03,1.392,0,65,0,-1.9,312,2
2021-01-01 04,1.431,0,70,0,-2.9,303,2
2021-01-01 05,1.416,0,70,0,-2.9,295,2
2021-01-01 06,1.424,0,70,0,-2.9,284,2
2021-01-01 07,1.425,0,75,0,-3.9,281,1
2021-01-01 08,1.373,0,70,0,-1.9,287,1
2021-01-01 09,1.432,0,60,0,0,225,2
2021-01-01 10,0.976,0,60,0,1,264,1
2021-01-01 11,0.808,0,55,0,3,261,2
2021-01-01 12,0.753,0,50,0,4,289,3
2021-01-01 13,0.796,0,45,0,5,292,3
2021-01-01 14,0.807,0,45,0,4,311,4
2021-01-01 15,0.792,0,45,0,4,313,4
2021-01-01 16,0.806,0,45,0,3,317,3
2021-01-01 17,0.754,0,55,0,2,298,2
2021-01-01 18,0.819,0,60,0,2,270,1
2021-01-01 19,1.039,0,65,0,1,294,1
2021-01-01 20,1.449,0,70,0,0,273,2
2021-01-01 21,1.578,0,75,0,0,255,1
2021-01-01 22,1.716,0,80,0,-0.9,324,1
2021-01-01 23,1.558,0,85,0,-1.9,331,1
2021-01-02 00,1.524,0,85,0,-1.9,306,0
2021-01-02 01,1.486,7,85,0.1,-0.9,293,1
2021-01-02 02,1.304,0,85,0,0,344,1
2021-01-02 03,1.322,0,90,0,-0.9,187,0
2021-01-02 04,1.28,7,90,0.1,0,347,1
2021-01-02 05,1.317,0,90,0,-0.9,291,1
2021-01-02 06,1.181,0,90,0,-1.9,279,0
2021-01-02 07,0.91,0,90,0,-0.9,318,1
2021-01-02 08,0.89,0,85,0,0,318,1
2021-01-02 09,0.653,0,60,0,3,326,2
2021-01-02 10,0.881,0,50,0,4,312,3
2021-01-02 11,1.327,0,45,0,4,334,3
2021-01-02 12,1.594,0,45,0,4,330,4
2021-01-02 13,0.788,0,40,0,4,344,5
2021-01-02 14,0.778,0,35,0,4,341,6
2021-01-02 15,1.028,0,35,0,3,342,4
2021-01-02 16,1.333,0,25,0,2,336,4
2021-01-02 17,1.379,0,35,0,1,322,3
2021-01-02 18,1.402,0,40,0,0,333,3
2021-01-02 19,1.375,0,45,0,-0.9,303,3
2021-01-02 20,1.437,0,45,0,-0.9,324,3
2021-01-02 21,1.428,0,45,0,-0.9,322,3
2021-01-02 22,1.474,0,45,0,-0.9,331,3
2021-01-02 23,1.387,0,45,0,-1.9,330,2
2021-01-03 00,1.773,0,40,0,-1.9,308,3
2021-01-03 01,1.311,0,40,0,-0.9,307,4
2021-01-03 02,1.224,0,45,0,-0.9,313,3
2021-01-03 03,1.22,0,45,0,-0.9,316,3
2021-01-03 04,1.222,0,50,0,-0.9,309,4
2021-01-03 05,0.918,0,50,0,-0.9,316,5
2021-01-03 06,0.46,0,45,0,-0.9,311,4
2021-01-03 07,0.823,0,45,0,-0.9,317,3
2021-01-03 08,0.75,0,45,0,-0.9,322,2
2021-01-03 09,0.585,0,40,0,2,354,2
2021-01-03 10,0.569,0,35,0,3,5,2
2021-01-03 11,0.714,0,30,0,4,320,5
2021-01-03 12,0.67,0,30,0,4,319,6
2021-01-03 13,0.745,0,30,0,4,328,5
2021-01-03 14,0.748,0,30,0,4,323,5
2021-01-03 15,0.774,0,35,0,4,321,4
2021-01-03 16,0.766,0,35,0,3,319,3
2021-01-03 17,0.763,0,40,0,3,327,3
2021-01-03 18,0.75,0,40,0,2,322,2
2021-01-03 19,0.738,0,40,0,2,334,2
2021-01-03 20,0.714,0,45,0,1,339,1
2021-01-03 21,0.746,0,45,0,0,308,1
2021-01-03 22,0.727,0,50,0,0,312,1
2021-01-03 23,0.716,0,50,0,0,306,1
2021-01-04 00,0.784,0,50,0,0,330,3
2021-01-04 01,1.579,0,50,0,0,332,2
2021-01-04 02,1.38,0,50,0,0,336,2
2021-01-04 03,1.278,0,55,0,-0.9,314,2
2021-01-04 04,1.29,0,55,0,-0.9,304,1
2021-01-04 05,1.293,0,60,0,-1.9,13,1
2021-01-04 06,1.248,0,60,0,-2.9,316,1
2021-01-04 07,1.287,0,60,0,-2.9,292,1
2021-01-04 08,1.296,0,60,0,-0.9,354,0
2021-01-04 09,1.266,0,40,0,2,329,0
2021-01-04 10,1.239,0,35,0,4,88,0
2021-01-04 11,0.743,0,35,0,5,103,1
2021-01-04 12,0.864,0,30,0,6,150,1
2021-01-04 13,0.779,0,30,0,8,189,1
2021-01-04 14,0.773,0,35,0,8,157,1
2021-01-04 15,0.747,0,35,0,8,235,1
2021-01-04 16,0.79,0,40,0,7,156,0
2021-01-04 17,0.766,0,50,0,4,235,1
2021-01-04 18,0.984,0,55,0,3,225,1
2021-01-04 19,1.011,0,60,0,2,72,0
2021-01-04 20,1.023,0,65,0,1,341,0
2021-01-04 21,1.242,0,70,0,1,309,0
2021-01-04 22,1.603,0,70,0,1,314,1
2021-01-04 23,1.526,0,75,0,0,316,1
2021-01-05 00,1.51,0,75,0,0,301,0
2021-01-05 01,1.476,0,80,0,0,209,0
2021-01-05 02,1.244,0,80,0,0,306,1
2021-01-05 03,1.295,0,85,0,0,203,0
2021-01-05 04,1.229,0,85,0,0,303,0
2021-01-05 05,1.292,0,85,0,-0.9,332,0
2021-01-05 06,1.243,0,85,0,-0.9,286,1
2021-01-05 07,1.258,0,75,0,3,336,4
2021-01-05 08,1.26,0,60,0,3,323,3
2021-01-05 09,1.281,0,50,0,4,331,4
2021-01-05 10,0.919,0,45,0,4,335,5
2021-01-05 11,0.766,0,40,0,4,336,5
2021-01-05 12,0.805,0,35,0,4,341,5
2021-01-05 13,0.828,0,40,0,3,333,5
2021-01-05 14,0.802,0,35,0,3,343,4
2021-01-05 15,0.736,0,30,0,2,329,4
2021-01-05 16,0.814,0,35,0,1,318,4
2021-01-05 17,0.767,0,40,0,1,315,4
2021-01-05 18,0.783,0,40,0,0,323,4
2021-01-05 19,1.101,0,40,0,0,336,3
2021-01-05 20,1.591,0,40,0,-0.9,330,4
2021-01-05 21,1.567,0,50,0,-1.9,325,4
2021-01-05 22,1.572,0,50,0,-2.9,333,4
2021-01-05 23,1.457,0,50,0,-2.9,336,4
2021-01-06 00,1.454,0,50,0,-3.9,328,5
2021-01-06 01,1.467,0,55,0,-3.9,326,5
2021-01-06 02,1.283,0,55,0,-3.9,331,5
2021-01-06 03,1.228,0,55,0,-4.9,311,3
2021-01-06 04,1.256,0,55,0,-4.9,299,2
2021-01-06 05,1.228,0,55,0,-4.9,305,2
2021-01-06 06,1.252,0,55,0,-4.9,313,2
2021-01-06 07,1.225,0,55,0,-4.9,284,2
2021-01-06 08,1.259,0,50,0,-3.9,281,2
2021-01-06 09,1.305,0,50,0,-1.9,297,2
2021-01-06 10,1.368,0,45,0,0,315,3
2021-01-06 11,1.022,0,40,0,1,320,3
2021-01-06 12,0.84,0,40,0,1,303,3
2021-01-06 13,0.849,0,40,0,2,336,2
2021-01-06 14,0.779,0,40,0,2,327,3
2021-01-06 15,0.862,0,40,0,1,303,3
2021-01-06 16,0.815,0,45,0,1,285,2
2021-01-06 17,1.238,0,50,0,0,250,1
2021-01-06 18,0.787,0,50,0,0,267,2
2021-01-06 19,0.783,0,55,0,-0.9,296,3
2021-01-06 20,0.782,0,60,0,-0.9,254,2
2021-01-06 21,0.771,0,65,0,-0.9,237,2
2021-01-06 22,0.766,7,70,0.1,-0.9,233,2
2021-01-06 23,0.821,7,90,0.1,-1.9,275,2
2021-01-07 00,1.801,7,80,0.1,-0.9,305,4
2021-01-07 01,1.433,7,75,0.1,-1.9,318,7
2021-01-07 02,1.349,0,55,0,-2.9,308,6
2021-01-07 03,1.292,0,70,0,-3.9,293,5
2021-01-07 04,1.316,7,75,0.2,-3.9,320,5
2021-01-07 05,1.317,7,60,0.1,-4.9,322,7
2021-01-07 06,1.306,0,65,0,-5.9,327,4
2021-01-07 07,1.302,0,60,0,-5.9,319,5
2021-01-07 08,0.997,0,70,0,-6.9,331,4
2021-01-07 09,1.275,0,55,0,-6.9,344,5
2021-01-07 10,1.199,0,55,0,-6.9,334,6
2021-01-07 11,1.327,0,50,0,-5.9,344,6
2021-01-07 12,1.5,0,50,0,-5.9,342,7
2021-01-07 13,1.356,0,45,0,-5.9,335,6
2021-01-07 14,0.953,0,40,0,-4.9,349,5
2021-01-07 15,0.794,0,40,0,-5.9,337,5
2021-01-07 16,0.859,0,40,0,-6.9,342,4
2021-01-07 17,0.755,0,40,0,-7.9,331,4
2021-01-07 18,0.791,0,40,0,-7.9,328,2
2021-01-07 19,1.2,0,40,0,-8.9,337,2
2021-01-07 20,1.349,0,40,0,-9.9,335,2
2021-01-07 21,1.521,0,40,0,-9.9,277,1
2021-01-07 22,1.407,0,40,0,-9.9,266,1
2021-01-07 23,1.488,0,40,0,-9.9,278,1
2021-01-08 00,1.434,0,45,0,-9.9,327,1
2021-01-08 01,1.398,0,50,0,-10.9,300,1
2021-01-08 02,1.386,0,45,0,-10.9,279,1
2021-01-08 03,1.283,0,50,0,-10.9,340,2
2021-01-08 04,1.308,0,50,0,-10.9,318,1
2021-01-08 05,1.299,0,55,0,-10.9,316,3
2021-01-08 06,1.284,0,50,0,-10.9,322,3
2021-01-08 07,1.297,0,50,0,-10.9,317,2
2021-01-08 08,1.284,0,50,0,-9.9,345,2
2021-01-08 09,1.383,0,40,0,-7.9,330,3
2021-01-08 10,1.447,0,35,0,-5.9,322,3
2021-01-08 11,1.746,0,35,0,-4.9,306,4
2021-01-08 12,0.694,0,40,0,-3.9,340,3
2021-01-08 13,0.56,0,35,0,-3.9,340,3
2021-01-08 14,0.597,0,40,0,-3.9,323,3
2021-01-08 15,0.492,0,40,0,-3.9,337,4
2021-01-08 16,0.864,0,40,0,-5.9,19,3
2021-01-08 17,1.263,0,45,0,-5.9,338,4
2021-01-08 18,0.982,0,45,0,-6.9,341,2
2021-01-08 19,0.992,0,45,0,-7.9,315,3
2021-01-08 20,1.384,0,45,0,-7.9,306,3
2021-01-08 21,1.6,0,45,0,-7.9,316,3
2021-01-08 22,1.704,0,45,0,-8.9,300,3
2021-01-08 23,1.677,0,50,0,-8.9,290,2
2021-01-09 00,1.633,0,50,0,-9.9,302,2
2021-01-09 01,1.639,0,55,0,-9.9,304,2
2021-01-09 02,1.6,0,55,0,-9.9,307,2
2021-01-09 03,1.542,0,55,0,-9.9,303,3
2021-01-09 04,1.623,0,55,0,-9.9,324,2
2021-01-09 05,1.606,0,60,0,-8.9,333,3
2021-01-09 06,1.506,0,60,0,-8.9,325,2
2021-01-09 07,1.164,0,60,0,-8.9,335,2
2021-01-09 08,1.663,0,55,0,-7.9,346,2
2021-01-09 09,1.093,0,45,0,-4.9,328,3
2021-01-09 10,1.074,0,40,0,-2.9,314,3
2021-01-09 11,1.107,0,35,0,-1.9,330,4
2021-01-09 12,1.042,0,35,0,-0.9,337,4
2021-01-09 13,1.075,0,35,0,-0.9,324,4
2021-01-09 14,0.975,0,30,0,0,306,3
2021-01-09 15,0.981,0,40,0,0,303,4
2021-01-09 16,1.006,0,45,0,-0.9,319,5
2021-01-09 17,1,0,50,0,-1.9,313,5
2021-01-09 18,1.051,0,50,0,-2.9,319,2
2021-01-09 19,1.518,0,50,0,-3.9,353,3
2021-01-09 20,1.543,0,50,0,-4.9,322,4
2021-01-09 21,2.449,0,50,0,-5.9,343,3
2021-01-09 22,1.681,0,55,0,-5.9,334,3
2021-01-09 23,1.709,0,60,0,-6.9,298,3
2021-01-10 00,1.599,0,60,0,-6.9,282,2
2021-01-10 01,1.597,0,60,0,-6.9,289,3
2021-01-10 02,1.427,0,60,0,-5.9,283,3
2021-01-10 03,1.483,0,65,0,-6.9,298,2
2021-01-10 04,1.411,0,65,0,-7.9,295,2
2021-01-10 05,1.422,0,70,0,-7.9,308,1
2021-01-10 06,1.419,0,70,0,-7.9,292,1
2021-01-10 07,1.083,0,75,0,-7.9,246,0
2021-01-10 08,1.097,0,70,0,-5.9,306,1
2021-01-10 09,1.409,0,55,0,-2.9,278,1
2021-01-10 10,1.319,0,50,0,0,316,2
2021-01-10 11,0.944,0,45,0,2,319,2
2021-01-10 12,0.943,0,45,0,2,316,3
2021-01-10 13,0.951,0,45,0,3,287,3
2021-01-10 14,0.924,0,45,0,3,296,3
2021-01-10 15,0.964,0,50,0,2,322,4
2021-01-10 16,0.913,0,55,0,1,309,3
2021-01-10 17,0.978,0,65,0,0,349,2
2021-01-10 18,1.05,0,70,0,-1.9,326,0
2021-01-10 19,0.881,0,75,0,-2.9,303,0
2021-01-10 20,0.938,0,80,0,-3.9,205,0
2021-01-10 21,0.888,0,80,0,-4.9,262,0
2021-01-10 22,0.968,0,85,0,-4.9,77,0
2021-01-10 23,1.492,0,80,0,-4.9,309,1
2021-01-11 00,1.48,0,80,0,-4.9,345,1
2021-01-11 01,1.688,0,80,0,-4.9,274,1
2021-01-11 02,1.464,0,80,0,-3.9,269,0
2021-01-11 03,1.408,0,80,0,-3.9,316,0
2021-01-11 04,1.398,0,85,0,-3.9,295,1
2021-01-11 05,1.376,0,80,0,-3.9,328,1
2021-01-11 06,1.357,0,80,0,-3.9,304,1
2021-01-11 07,1.34,0,80,0,-3.9,46,0
2021-01-11 08,1.001,0,75,0,-1.9,29,1
2021-01-11 09,1.441,0,65,0,-0.9,5,1
2021-01-11 10,1.672,0,60,0,0,337,1
2021-01-11 11,1.21,0,55,0,1,38,0
2021-01-11 12,1.032,0,55,0,3,299,1
2021-01-11 13,0.984,0,50,0,3,83,1
2021-01-11 14,1.707,0,50,0,3,180,0
2021-01-11 15,1.2,0,55,0,3,248,1
2021-01-11 16,1.234,0,55,0,2,308,2
2021-01-11 17,1.198,0,60,0,1,329,2
2021-01-11 18,1.217,0,55,0,1,331,1
2021-01-11 19,1.308,0,55,0,1,313,1
2021-01-11 20,1.698,0,55,0,0,324,1
2021-01-11 21,1.549,0,60,0,-0.9,312,1
2021-01-11 22,1.566,0,60,0,-0.9,321,1
2021-01-11 23,1.538,0,65,0,-1.9,316,1
2021-01-12 00,1.641,0,70,0,-3.9,291,1
2021-01-12 01,1.664,0,70,0,-2.9,306,1
2021-01-12 02,1.493,0,70,0,-2.9,292,1
2021-01-12 03,1.513,0,70,0,-2.9,296,1
2021-01-12 04,1.465,0,75,0,-3.9,304,1
2021-01-12 05,1.113,0,80,0,-4.9,311,1
2021-01-12 06,1.474,0,80,0,-4.9,269,1
2021-01-12 07,1.099,0,85,0,-4.9,142,1
2021-01-12 08,1.591,0,75,0,-2.9,138,1
2021-01-12 09,1.393,0,65,0,1,303,1
2021-01-12 10,1.519,0,60,0,2,321,2
2021-01-12 11,1.514,0,50,0,4,339,3
2021-01-12 12,1.06,0,40,0,4,333,2
2021-01-12 13,0.959,0,35,0,5,328,3
2021-01-12 14,0.919,0,35,0,5,296,3
2021-01-12 15,1.082,0,40,0,5,295,2
2021-01-12 16,1.494,0,40,0,4,273,1
2021-01-12 17,0.941,0,45,0,4,270,2
2021-01-12 18,0.93,0,50,0,3,263,2
2021-01-12 19,0.978,0,60,0,2,261,2
2021-01-12 20,1.355,0,65,0,2,242,2
2021-01-12 21,1.383,0,70,0,1,234,1
2021-01-12 22,1.78,0,75,0,0,234,2
2021-01-12 23,2.014,0,80,0,-0.9,184,0
2021-01-13 00,1.636,0,80,0,-1.9,125,0
2021-01-13 01,1.571,0,85,0,-1.9,322,1
2021-01-13 02,1.438,0,85,0,-2.9,314,1
2021-01-13 03,1.448,0,90,0,-2.9,329,0
2021-01-13 04,1.439,0,90,0,-2.9,300,0
2021-01-13 05,1.408,0,90,0,-2.9,304,1
2021-01-13 06,1.06,0,85,0,-2.9,252,0
2021-01-13 07,1.43,0,90,0,-2.9,317,1
2021-01-13 08,1.464,0,85,0,-0.9,308,1
2021-01-13 09,1.491,0,70,0,3,301,0
2021-01-13 10,1.588,0,55,0,5,314,1
2021-01-13 11,1.532,0,45,0,8,229,0
2021-01-13 12,1.306,0,40,0,11,241,2
2021-01-13 13,1.069,0,40,0,12,256,3
2021-01-13 14,0.948,0,40,0,13,257,2
2021-01-13 15,1.014,0,40,0,12,260,1
2021-01-13 16,1.447,0,45,0,11,244,2
2021-01-13 17,1.238,0,50,0,10,240,3
2021-01-13 18,1.433,0,55,0,8,273,2
2021-01-13 19,1.015,0,60,0,7,277,3
2021-01-13 20,0.997,0,65,0,6,287,2
2021-01-13 21,0.923,0,65,0,5,283,1
2021-01-13 22,1.331,0,75,0,3,124,0
2021-01-13 23,1.579,0,80,0,2,1,0
2021-01-14 00,1.523,0,80,0,2,282,1
2021-01-14 01,1.736,0,85,0,1,258,0
2021-01-14 02,1.615,0,90,0,0,278,0
2021-01-14 03,1.488,0,90,0,1,225,1
2021-01-14 04,1.452,0,90,0,1,267,0
2021-01-14 05,1.438,0,95,0,0,79,0
2021-01-14 06,1.443,0,90,0,0,344,1
2021-01-14 07,1.413,0,95,0,-0.9,42,0
2021-01-14 08,1.422,0,95,0,1,331,1
2021-01-14 09,1.42,0,75,0,5,341,0
2021-01-14 10,1.564,0,60,0,9,47,0
2021-01-14 11,1.181,0,45,0,11,149,1
2021-01-14 12,0.968,0,35,0,12,124,1
2021-01-14 13,1.036,0,30,0,13,114,1
2021-01-14 14,0.933,0,30,0,13,104,2
2021-01-14 15,1.446,0,30,0,13,54,1
2021-01-14 16,1.582,0,35,0,12,179,0
2021-01-14 17,1.444,0,50,0,8,184,1
2021-01-14 18,1.178,0,55,0,7,224,1
2021-01-14 19,1.145,0,60,0,6,313,1
2021-01-14 20,1.506,0,65,0,5,308,1
2021-01-14 21,1.601,0,65,0,5,318,0
2021-01-14 22,1.622,0,65,0,5,303,0
2021-01-14 23,1.762,0,75,0,4,310,0
2021-01-15 00,1.74,0,80,0,3,321,1
2021-01-15 01,1.718,0,80,0,3,317,1
2021-01-15 02,1.573,0,80,0,3,318,0
2021-01-15 03,1.508,0,80,0,3,313,0
2021-01-15 04,1.534,0,85,0,2,326,1
2021-01-15 05,1.502,0,90,0,2,303,0
2021-01-15 06,1.474,0,95,0,1,327,0
2021-01-15 07,1.493,0,95,0,2,321,1
2021-01-15 08,1.439,0,90,0,3,261,0
2021-01-15 09,1.563,0,75,0,8,316,1
2021-01-15 10,1.562,0,60,0,11,355,0
2021-01-15 11,1.268,0,55,0,14,238,1
2021-01-15 12,0.941,0,60,0,15,216,3
2021-01-15 13,0.971,0,55,0,16,211,3
2021-01-15 14,0.975,0,55,0,16,239,4
2021-01-15 15,0.966,0,55,0,15,247,3
2021-01-15 16,1.012,0,60,0,15,222,2
2021-01-15 17,0.998,0,65,0,14,240,2
2021-01-15 18,1.234,0,65,0,13,230,2
2021-01-15 19,1.602,0,70,0,12,277,2
2021-01-15 20,1.564,0,70,0,12,302,2
2021-01-15 21,1.51,0,70,0,11,310,3
2021-01-15 22,1.579,0,70,0,9,339,4
2021-01-15 23,1.511,0,65,0,7,322,3
2021-01-16 00,1.575,0,65,0,6,312,4
2021-01-16 01,1.512,0,55,0,5,304,4
2021-01-16 02,1.465,0,55,0,4,325,5
2021-01-16 03,1.489,0,55,0,3,325,4
2021-01-16 04,1.425,0,55,0,3,324,6
2021-01-16 05,1.435,0,60,0,2,326,4
2021-01-16 06,1.222,0,60,0,1,331,5
2021-01-16 07,0.988,0,60,0,1,337,4
2021-01-16 08,1.012,0,60,0,1,323,3
2021-01-16 09,1.03,0,50,0,3,330,5
2021-01-16 10,0.941,0,50,0,4,324,4
2021-01-16 11,1.066,0,40,0,4,336,5
2021-01-16 12,1.716,0,40,0,5,341,5
2021-01-16 13,1.198,0,35,0,5,332,7
2021-01-16 14,0.92,0,35,0,4,327,7
2021-01-16 15,1.074,0,40,0,3,326,5
2021-01-16 16,1.008,0,40,0,2,334,5
2021-01-16 17,0.996,0,45,0,0,337,4
2021-01-16 18,1.39,0,50,0,0,325,5
2021-01-16 19,1.533,0,50,0,-0.9,322,5
2021-01-16 20,1.743,0,50,0,-1.9,320,5
2021-01-16 21,1.63,0,55,0,-1.9,321,5
2021-01-16 22,1.787,0,55,0,-1.9,316,4
2021-01-16 23,1.898,0,55,0,-1.9,330,4
2021-01-17 00,1.792,0,55,0,-1.9,333,4
2021-01-17 01,1.433,0,55,0,-1.9,325,5
2021-01-17 02,1.452,0,55,0,-1.9,335,4
2021-01-17 03,1.417,0,55,0,-2.9,338,3
2021-01-17 04,1.443,0,55,0,-2.9,333,2
2021-01-17 05,1.415,0,60,0,-2.9,328,3
2021-01-17 06,1.155,0,55,0,-2.9,325,3
2021-01-17 07,1.371,0,55,0,-2.9,315,3
2021-01-17 08,1.439,0,50,0,-1.9,333,5
2021-01-17 09,1.464,0,45,0,-0.9,333,5
2021-01-17 10,0.901,0,40,0,0,344,5
2021-01-17 11,0.935,0,40,0,1,340,6
2021-01-17 12,0.948,0,35,0,2,343,5
2021-01-17 13,0.921,0,30,0,2,351,5
2021-01-17 14,0.957,0,25,0,3,1,4
2021-01-17 15,1.023,0,25,0,3,348,3
2021-01-17 16,0.941,0,30,0,2,334,5
2021-01-17 17,0.97,0,35,0,0,323,3
2021-01-17 18,0.887,0,40,0,0,311,2
2021-01-17 19,0.919,0,45,0,-0.9,281,1
2021-01-17 20,0.966,0,55,0,-2.9,253,1
2021-01-17 21,0.876,0,60,0,-2.9,249,1
2021-01-17 22,0.942,0,65,0,-3.9,106,0
2021-01-17 23,1.005,0,65,0,-3.9,313,0
2021-01-18 00,1.829,0,70,0,-3.9,219,0
2021-01-18 01,1.534,0,70,0,-4.9,321,1
2021-01-18 02,1.467,7,70,0.1,-3.9,316,1
2021-01-18 03,1.424,7,75,0.1,-2.9,295,1
2021-01-18 04,1.442,7,80,0.1,-2.9,285,1
2021-01-18 05,1.4,0,90,0,-3.9,304,1
2021-01-18 06,1.409,0,90,0,-3.9,291,1
2021-01-18 07,1.378,0,90,0,-3.9,103,0
2021-01-18 08,1.402,7,90,0.2,-2.9,265,0
2021-01-18 09,1.38,7,85,0.1,-0.9,340,1
2021-01-18 10,1.68,0,75,0,2,261,2
2021-01-18 11,1.657,7,65,0.1,3,267,2
2021-01-18 12,1.091,7,60,0.1,4,286,3
2021-01-18 13,1.086,6,55,0.1,5,319,5
2021-01-18 14,1.119,0,50,0,6,311,6
2021-01-18 15,1.022,5,40,0.1,6,311,7
2021-01-18 16,1.183,6,40,0.1,6,305,5
2021-01-18 17,1.217,0,35,0,5,305,6
2021-01-18 18,1.022,0,40,0,4,316,7
2021-01-18 19,1.519,0,50,0,3,325,6
2021-01-18 20,1.498,0,50,0,2,327,7
2021-01-18 21,1.468,0,50,0,1,335,4
2021-01-18 22,1.647,0,55,0,0,347,4
2021-01-18 23,0.847,0,55,0,-0.9,331,5
2021-01-19 00,1.401,0,55,0,-0.9,330,4
2021-01-19 01,1.637,0,50,0,-1.9,333,3
2021-01-19 02,1.403,0,50,0,-1.9,339,3
2021-01-19 03,1.359,0,55,0,-2.9,318,3
2021-01-19 04,1.375,0,55,0,-2.9,320,2
2021-01-19 05,1.381,0,55,0,-3.9,317,2
2021-01-19 06,1.336,0,60,0,-3.9,324,2
2021-01-19 07,1.416,0,60,0,-4.9,314,2
2021-01-19 08,1.361,0,55,0,-2.9,336,2
2021-01-19 09,1.567,0,45,0,-0.9,341,2
2021-01-19 10,1.531,0,40,0,0,351,2
2021-01-19 11,1.208,0,30,0,2,360,1
2021-01-19 12,0.877,0,25,0,4,13,2
2021-01-19 13,0.837,0,25,0,5,33,2
2021-01-19 14,0.876,0,20,0,6,73,1
2021-01-19 15,1.016,0,20,0,6,16,1
2021-01-19 16,1.187,0,25,0,5,42,1
2021-01-19 17,0.917,0,30,0,3,224,0
2021-01-19 18,1.092,0,45,0,1,293,1
2021-01-19 19,1.383,0,50,0,-0.9,311,1
2021-01-19 20,1.466,0,55,0,-1.9,323,1
2021-01-19 21,1.282,0,55,0,-1.9,316,1
2021-01-19 22,1.522,0,60,0,-2.9,309,1
2021-01-19 23,1.52,0,60,0,-2.9,300,1
2021-01-20 00,1.476,0,60,0,-3.9,327,1
2021-01-20 01,1.715,0,55,0,-3.9,320,1
2021-01-20 02,1.476,0,60,0,-3.9,313,1
2021-01-20 03,1.457,0,60,0,-4.9,327,1
2021-01-20 04,1.383,0,60,0,-4.9,328,1
2021-01-20 05,1.467,0,70,0,-5.9,320,1
2021-01-20 06,1.365,0,60,0,-4.9,338,0
2021-01-20 07,1.407,0,65,0,-4.9,308,1
2021-01-20 08,1.082,0,60,0,-2.9,320,1
2021-01-20 09,1.381,0,45,0,2,309,0
2021-01-20 10,1.038,0,35,0,5,144,1
2021-01-20 11,0.852,0,30,0,7,118,0
2021-01-20 12,0.897,0,35,0,10,151,1
2021-01-20 13,0.858,0,40,0,10,16,0
2021-01-20 14,0.843,0,40,0,11,120,1
2021-01-20 15,0.861,0,45,0,10,12,1
2021-01-20 16,0.899,0,50,0,10,351,0
2021-01-20 17,0.817,0,55,0,8,206,0
2021-01-20 18,0.754,0,65,0,6,314,0
2021-01-20 19,0.8,0,70,0,4,306,1
2021-01-20 20,0.76,0,75,0,3,312,1
2021-01-20 21,0.767,0,80,0,2,327,1
2021-01-20 22,1.2,0,80,0,2,331,1
2021-01-20 23,1.362,0,80,0,1,328,1
2021-01-21 00,1.42,0,85,0,1,319,1
2021-01-21 01,1.607,0,80,0,1,322,1
2021-01-21 02,1.397,0,85,0,1,338,1
2021-01-21 03,1.367,0,85,0,2,332,1
2021-01-21 04,1.347,0,85,0,3,28,0
2021-01-21 05,1.357,0,80,0,3,289,0
2021-01-21 06,1.356,0,80,0,3,333,1
2021-01-21 07,1.318,0,85,0,3,350,0
2021-01-21 08,1.343,0,85,0,4,325,1
2021-01-21 09,1.415,0,65,0,8,103,0
2021-01-21 10,1.448,0,55,0,10,88,0
2021-01-21 11,0.958,0,55,0,11,51,1
2021-01-21 12,0.841,0,55,0,11,21,1
2021-01-21 13,0.821,0,55,0,12,108,1
2021-01-21 14,0.936,0,55,0,13,84,1
2021-01-21 15,0.881,0,60,0,12,216,1
2021-01-21 16,0.842,5,65,0.1,11,197,1
2021-01-21 17,0.918,1,85,1.1,9,158,0
2021-01-21 18,0.774,1,95,0.5,9,319,1
2021-01-21 19,0.805,1,95,0.4,8,305,1
2021-01-21 20,1.205,1,95,0.9,8,314,1
2021-01-21 21,1.536,1,95,1.2,8,297,1
2021-01-21 22,1.385,1,95,1.2,8,1,0
2021-01-21 23,1.418,1,95,0.4,8,45,0
2021-01-22 00,1.295,1,100,0.5,8,290,0
2021-01-22 01,1.571,5,100,0.1,8,222,0
2021-01-22 02,1.478,5,100,0.2,8,197,0
2021-01-22 03,1.347,5,95,0.1,8,320,0
2021-01-22 04,1.319,0,95,0,8,306,1
2021-01-22 05,1.368,5,100,0.2,8,320,0
2021-01-22 06,1.291,5,100,0.1,8,48,0
2021-01-22 07,1.357,0,100,0,8,209,0
2021-01-22 08,1.35,0,100,0,8,290,0
2021-01-22 09,1.533,0,95,0,9,27,1
2021-01-22 10,1.244,0,95,0,10,89,0
2021-01-22 11,0.789,0,90,0,11,70,0
2021-01-22 12,0.746,0,90,0,11,19,0
2021-01-22 13,0.782,5,90,0.2,11,121,1
2021-01-22 14,0.796,5,90,0.1,12,146,1
2021-01-22 15,0.877,0,90,0,11,157,0
2021-01-22 16,0.896,0,90,0,11,150,0
2021-01-22 17,0.938,0,90,0,10,351,0
2021-01-22 18,0.754,5,95,0.1,10,1,0
2021-01-22 19,0.816,5,95,0.1,10,82,0
2021-01-22 20,0.825,1,95,0.4,10,331,1
2021-01-22 21,1.48,5,95,0.1,10,113,0
2021-01-22 22,1.561,5,95,0.1,10,191,0
2021-01-22 23,1.445,5,95,0.1,10,222,0
2021-01-23 00,1.495,0,95,0,10,327,1
2021-01-23 01,1.471,0,95,0,10,244,0
2021-01-23 02,1.317,0,90,0,10,181,0
2021-01-23 03,1.357,0,90,0,10,179,0
2021-01-23 04,1.328,0,95,0,9,311,0
2021-01-23 05,1.301,0,90,0,10,40,1
2021-01-23 06,1.21,0,85,0,10,356,0
2021-01-23 07,0.863,5,85,0.2,10,78,1
2021-01-23 08,0.888,1,90,0.8,10,85,1
2021-01-23 09,0.952,1,90,1.9,11,62,1
2021-01-23 10,0.67,1,85,0.7,11,51,2
2021-01-23 11,0.894,1,80,0.5,12,77,2
2021-01-23 12,0.946,5,75,0.1,13,91,3
2021-01-23 13,0.928,0,70,0,12,88,3
2021-01-23 14,0.956,0,70,0,12,87,3
2021-01-23 15,0.899,5,70,0.1,12,75,3
2021-01-23 16,1.335,5,70,0.1,12,70,2
2021-01-23 17,0.748,1,70,0.4,12,74,3
2021-01-23 18,0.833,5,65,0.1,11,76,2
2021-01-23 19,0.741,5,65,0.1,11,72,3
2021-01-23 20,0.739,0,60,0,11,67,3
2021-01-23 21,1.154,0,65,0,11,73,2
2021-01-23 22,1.542,5,65,0.2,10,75,2
2021-01-23 23,1.588,5,65,0.2,10,68,2
2021-01-24 00,1.506,0,60,0,10,46,2
2021-01-24 01,1.32,0,60,0,10,79,2
2021-01-24 02,1.298,0,65,0,9,77,1
2021-01-24 03,1.276,0,65,0,9,59,2
2021-01-24 04,1.285,0,70,0,8,35,1
2021-01-24 05,1.253,0,75,0,7,14,1
2021-01-24 06,1.312,0,80,0,6,34,1
2021-01-24 07,1.26,0,80,0,5,352,1
2021-01-24 08,1.09,0,80,0,7,359,1
2021-01-24 09,0.591,0,55,0,10,48,2
2021-01-24 10,0.891,0,50,0,12,82,3
2021-01-24 11,0.851,0,50,0,13,79,2
2021-01-24 12,0.8,0,50,0,12,103,3
2021-01-24 13,0.788,0,45,0,13,84,3
2021-01-24 14,0.746,0,45,0,13,100,4
2021-01-24 15,0.739,0,50,0,12,107,3
2021-01-24 16,0.811,0,50,0,11,101,3
2021-01-24 17,0.817,0,60,0,10,112,2
2021-01-24 18,0.771,0,60,0,9,102,2
2021-01-24 19,0.716,0,60,0,9,93,2
2021-01-24 20,0.741,0,60,0,9,96,2
2021-01-24 21,0.728,0,60,0,9,92,2
2021-01-24 22,0.831,0,60,0,9,163,1
2021-01-24 23,0.914,0,65,0,7,336,0
2021-01-25 00,1.018,0,70,0,6,321,1
2021-01-25 01,1.915,0,75,0,6,342,1
2021-01-25 02,1.558,0,75,0,6,13,1
2021-01-25 03,1.333,0,75,0,5,334,1
2021-01-25 04,1.284,0,75,0,5,17,1
2021-01-25 05,0.967,0,75,0,5,24,1
2021-01-25 06,1.341,0,75,0,5,55,1
2021-01-25 07,1.263,0,80,0,4,8,0
2021-01-25 08,1.349,0,75,0,5,134,0
2021-01-25 09,1.319,0,60,0,9,58,1
2021-01-25 10,1.484,0,50,0,11,114,3
2021-01-25 11,0.933,0,50,0,12,101,4
2021-01-25 12,0.759,0,45,0,13,99,3
2021-01-25 13,0.882,0,45,0,14,113,3
2021-01-25 14,0.783,0,45,0,14,127,2
2021-01-25 15,0.752,0,45,0,14,117,3
2021-01-25 16,0.804,0,45,0,13,113,2
2021-01-25 17,0.801,0,55,0,11,110,1
2021-01-25 18,0.806,0,60,0,10,97,1
2021-01-25 19,1.427,0,65,0,9,67,1
2021-01-25 20,1.346,0,65,0,9,72,2
2021-01-25 21,1.393,0,65,0,9,96,2
2021-01-25 22,1.631,0,65,0,8,96,1
2021-01-25 23,1.411,0,65,0,8,110,1
2021-01-26 00,1.634,0,65,0,8,47,1
2021-01-26 01,1.62,0,65,0,8,75,0
2021-01-26 02,1.462,0,70,0,8,30,1
2021-01-26 03,1.351,0,70,0,7,255,0
2021-01-26 04,1.351,1,80,0.5,7,301,0
2021-01-26 05,1.332,1,90,1.6,6,280,1
2021-01-26 06,1.001,1,90,1.3,6,327,0
2021-01-26 07,1.28,1,95,2.3,6,357,1
2021-01-26 08,1.31,1,95,2.2,6,355,0
2021-01-26 09,1.32,1,90,1.7,7,358,2
2021-01-26 10,1.392,1,90,2.2,7,339,2
2021-01-26 11,0.779,1,90,1.1,8,346,3
2021-01-26 12,0.813,1,85,0.4,8,326,2
2021-01-26 13,0.82,1,85,0.7,8,341,2
2021-01-26 14,0.767,1,85,0.3,8,331,2
2021-01-26 15,0.854,1,80,0.3,8,340,3
2021-01-26 16,0.811,0,75,0,8,329,4
2021-01-26 17,0.821,0,70,0,8,333,3
2021-01-26 18,1.17,0,70,0,9,326,3
2021-01-26 19,1.397,0,70,0,9,337,3
2021-01-26 20,1.458,0,70,0,8,325,4
2021-01-26 21,1.487,0,70,0,8,317,3
2021-01-26 22,1.482,0,70,0,7,339,2
2021-01-26 23,1.642,0,75,0,6,333,3
2021-01-27 00,1.716,0,75,0,6,330,3
2021-01-27 01,1.522,0,70,0,5,323,3
2021-01-27 02,1.331,0,70,0,5,324,3
2021-01-27 03,1.352,0,70,0,4,331,3
2021-01-27 04,1.329,0,60,0,4,340,2
2021-01-27 05,1.292,0,60,0,3,356,2
2021-01-27 06,1.334,0,60,0,3,342,1
2021-01-27 07,1.294,0,60,0,3,332,1
2021-01-27 08,1.355,0,60,0,4,324,0
2021-01-27 09,1.293,0,45,0,6,0,2
2021-01-27 10,0.997,0,30,0,9,50,1
2021-01-27 11,0.83,0,25,0,9,11,1
2021-01-27 12,0.801,0,30,0,10,79,1
2021-01-27 13,0.897,0,25,0,11,120,1
2021-01-27 14,0.863,0,30,0,11,148,2
2021-01-27 15,0.911,0,30,0,10,18,0
2021-01-27 16,0.855,0,35,0,10,172,0
2021-01-27 17,0.78,0,40,0,9,17,1
2021-01-27 18,0.862,0,45,0,7,257,1
2021-01-27 19,0.823,0,50,0,5,313,1
2021-01-27 20,0.843,0,50,0,5,303,1
2021-01-27 21,0.913,0,55,0,3,326,0
2021-01-27 22,1.425,0,60,0,2,311,1
2021-01-27 23,1.597,0,60,0,2,319,1
2021-01-28 00,1.519,0,65,0,1,315,1
2021-01-28 01,1.642,0,65,0,1,304,1
2021-01-28 02,1.539,0,65,0,1,304,2
2021-01-28 03,1.392,0,65,0,1,316,1
2021-01-28 04,1.43,0,65,0,1,313,1
2021-01-28 05,1.348,0,70,0,0,320,1
2021-01-28 06,1.403,0,70,0,1,247,1
2021-01-28 07,1.383,0,70,0,1,300,1
2021-01-28 08,1.408,0,70,0,2,179,1
2021-01-28 09,1.471,0,45,0,7,260,1
2021-01-28 10,1.194,0,30,0,9,284,4
2021-01-28 11,0.799,0,35,0,10,304,5
2021-01-28 12,0.806,0,45,0,9,304,5
2021-01-28 13,0.748,0,60,0,7,314,6
2021-01-28 14,1.467,0,60,0,6,330,7
2021-01-28 15,1.169,0,50,0,4,321,9
2021-01-28 16,0.783,7,65,0.1,2,321,7
2021-01-28 17,0.922,7,65,0.2,0,319,5
2021-01-28 18,0.801,0,65,0,-0.9,316,5
2021-01-28 19,0.814,7,65,0.1,-0.9,321,5
2021-01-28 20,0.802,0,65,0,-1.9,326,6
2021-01-28 21,1.442,7,65,0.1,-1.9,326,5
2021-01-28 22,1.465,0,60,0,-2.9,327,7
2021-01-28 23,1.605,0,65,0,-2.9,319,6
2021-01-29 00,1.642,0,65,0,-3.9,320,5
2021-01-29 01,1.509,0,65,0,-3.9,331,7
2021-01-29 02,1.369,0,60,0,-3.9,331,6
2021-01-29 03,1.381,0,60,0,-4.9,335,5
2021-01-29 04,1.361,0,65,0,-4.9,338,6
2021-01-29 05,1.379,0,60,0,-4.9,337,5
2021-01-29 06,1.358,0,60,0,-5.9,338,3
2021-01-29 07,1.006,0,55,0,-5.9,326,3
2021-01-29 08,0.667,0,55,0,-4.9,339,3
2021-01-29 09,1.376,0,50,0,-3.9,327,4
2021-01-29 10,1.141,0,50,0,-1.9,350,5
2021-01-29 11,0.819,0,40,0,-0.9,355,5
2021-01-29 12,0.782,0,35,0,0,337,5
2021-01-29 13,0.792,0,35,0,2,337,5
2021-01-29 14,0.775,0,25,0,2,335,6
2021-01-29 15,0.795,0,30,0,1,330,6
2021-01-29 16,0.784,0,30,0,1,326,5
2021-01-29 17,0.759,0,35,0,-0.9,331,4
2021-01-29 18,0.778,0,35,0,-0.9,335,3
2021-01-29 19,1.024,0,35,0,-1.9,293,2
2021-01-29 20,1.418,0,40,0,-1.9,312,3
2021-01-29 21,0.514,0,45,0,-1.9,322,2
2021-01-29 22,0.343,0,50,0,-2.9,332,2
2021-01-29 23,0.32,0,50,0,-3.9,305,1
2021-01-30 00,0.322,0,60,0,-3.9,302,2
2021-01-30 01,0.314,0,60,0,-3.9,311,1
2021-01-30 02,0.36,0,65,0,-4.9,295,1
2021-01-30 03,0.292,0,75,0,-5.9,215,1
2021-01-30 04,0.302,0,75,0,-5.9,285,0
2021-01-30 05,0.326,0,75,0,-4.9,284,1
2021-01-30 06,0.291,0,75,0,-4.9,294,1
2021-01-30 07,0.341,0,75,0,-3.9,292,1
2021-01-30 08,0.296,0,70,0,-2.9,232,1
2021-01-30 09,0.372,0,60,0,0,341,0
2021-01-30 10,0.304,0,50,0,4,154,0
2021-01-30 11,0.374,0,50,0,6,256,1
2021-01-30 12,0.317,0,50,0,7,235,3
2021-01-30 13,0.444,0,45,0,9,270,2
2021-01-30 14,0.375,0,45,0,10,291,4
2021-01-30 15,0.393,0,45,0,10,297,4
2021-01-30 16,0.401,0,50,0,9,323,3
2021-01-30 17,0.333,0,55,0,8,306,2
2021-01-30 18,0.393,0,65,0,6,300,1
2021-01-30 19,0.351,0,70,0,6,341,1
2021-01-30 20,0.363,0,75,0,4,308,1
2021-01-30 21,0.349,0,80,0,2,216,0
2021-01-30 22,0.371,0,85,0,1,310,1
2021-01-30 23,0.401,0,90,0,1,314,1
2021-01-31 00,0.364,0,95,0,0,330,1
2021-01-31 01,0.392,0,90,0,0,321,1
2021-01-31 02,0.376,0,95,0,-0.9,324,1
2021-01-31 03,0.369,0,90,0,-0.9,253,0
2021-01-31 04,0.357,0,90,0,-1.9,327,1
2021-01-31 05,0.354,0,85,0,-1.9,328,1
2021-01-31 06,0.372,0,85,0,-1.9,339,0
2021-01-31 07,0.305,0,85,0,-1.9,329,1
2021-01-31 08,0.38,0,80,0,0,322,1
2021-01-31 09,0.356,0,60,0,4,288,0
2021-01-31 10,0.335,0,50,0,7,142,1
2021-01-31 11,0.404,0,45,0,9,36,0
2021-01-31 12,0.319,0,40,0,11,84,1
2021-01-31 13,0.369,0,45,0,11,136,1
2021-01-31 14,0.361,0,50,0,13,192,2
2021-01-31 15,0.342,0,55,0,12,174,2
2021-01-31 16,0.372,0,60,0,11,167,2
2021-01-31 17,0.37,0,60,0,10,148,1
2021-01-31 18,0.349,0,65,0,9,179,0
2021-01-31 19,0.351,0,70,0,9,311,1
2021-01-31 20,0.366,0,65,0,8,303,1
2021-01-31 21,0.319,5,70,0.1,9,312,1
2021-01-31 22,0.344,1,95,0.9,8,261,1
2021-01-31 23,0.379,1,95,2.8,7,307,1
2021-02-01 00,0.299,1,95,1.1,7,296,1
2021-02-01 01,0.355,1,95,1.2,8,256,1
2021-02-01 02,0.353,1,95,2.4,8,320,1
2021-02-01 03,1.149,1,100,1.3,8,321,1
2021-02-01 04,1.453,1,100,2.1,8,336,2
2021-02-01 05,1.337,1,100,2.2,8,292,1
2021-02-01 06,1.3,1,95,1.8,8,103,1
2021-02-01 07,1.33,5,100,0.2,8,286,0
2021-02-01 08,1.276,0,95,0,9,358,0
2021-02-01 09,1.309,0,85,0,10,258,2
2021-02-01 10,1.28,0,80,0,11,240,1
2021-02-01 11,1.423,5,80,0.1,10,253,3
2021-02-01 12,1.377,5,80,0.2,10,225,3
2021-02-01 13,1.445,5,80,0.1,10,215,2
2021-02-01 14,1.645,0,80,0,10,244,2
2021-02-01 15,1.454,0,80,0,9,227,2
2021-02-01 16,1.558,0,85,0,9,221,3
2021-02-01 17,1.328,0,85,0,9,242,2
2021-02-01 18,1.197,0,75,0,9,250,2
2021-02-01 19,1.09,0,75,0,9,262,2
2021-02-01 20,1.515,0,75,0,9,282,2
2021-02-01 21,1.549,0,65,0,9,302,3
2021-02-01 22,1.427,0,60,0,9,324,4
2021-02-01 23,1.431,0,45,0,7,337,5
2021-02-02 00,1.392,0,50,0,5,331,4
2021-02-02 01,1.448,0,50,0,4,349,2
2021-02-02 02,1.552,0,50,0,3,321,2
2021-02-02 03,1.507,0,35,0,2,327,5
2021-02-02 04,1.397,0,40,0,1,334,4
2021-02-02 05,1.364,0,40,0,0,325,4
2021-02-02 06,1.381,0,30,0,0,330,4
2021-02-02 07,1.356,0,30,0,-0.9,335,5
2021-02-02 08,1.384,0,30,0,0,338,5
2021-02-02 09,1.31,0,25,0,1,340,6
2021-02-02 10,1.401,0,20,0,1,328,6
2021-02-02 11,1.439,0,20,0,2,346,6
2021-02-02 12,1.528,0,25,0,3,348,6
2021-02-02 13,0.967,0,25,0,3,335,5
2021-02-02 14,1,0,25,0,3,315,4
2021-02-02 15,0.44,0,25,0,2,335,5
2021-02-02 16,0.433,0,25,0,1,332,5
2021-02-02 17,0.422,0,30,0,0,328,4
2021-02-02 18,0.395,0,35,0,-0.9,316,4
2021-02-02 19,0.409,0,40,0,-1.9,313,3
2021-02-02 20,0.386,0,45,0,-1.9,310,3
2021-02-02 21,0.38,0,50,0,-1.9,287,3
2021-02-02 22,0.758,0,55,0,-1.9,279,2
2021-02-02 23,1.599,0,60,0,-1.9,277,2
2021-02-03 00,1.553,0,60,0,-1.9,259,1
2021-02-03 01,1.514,0,65,0,-0.9,268,2
2021-02-03 02,1.482,0,65,0,-0.9,338,3
2021-02-03 03,1.462,0,60,0,-1.9,325,3
2021-02-03 04,1.3,0,55,0,-1.9,316,3
2021-02-03 05,1.373,0,55,0,-2.9,323,3
2021-02-03 06,1.297,0,50,0,-2.9,318,2
2021-02-03 07,1.369,0,45,0,-2.9,311,3
2021-02-03 08,1.332,0,35,0,-1.9,314,3
2021-02-03 09,1.308,0,30,0,0,338,3
2021-02-03 10,1.45,0,20,0,2,3,3
2021-02-03 11,1.407,0,15,0,3,356,2
2021-02-03 12,1.237,0,15,0,5,341,2
2021-02-03 13,0.954,0,15,0,6,284,3
2021-02-03 14,1.105,0,20,0,6,266,3
2021-02-03 15,0.628,0,20,0,6,292,3
2021-02-03 16,1.22,0,20,0,5,278,2
2021-02-03 17,1.274,0,30,0,4,262,2
2021-02-03 18,1.16,0,35,0,3,276,2
2021-02-03 19,1.091,0,40,0,2,263,1
2021-02-03 20,1.204,0,40,0,1,295,1
2021-02-03 21,1.697,0,50,0,0,203,0
2021-02-03 22,1.551,0,50,0,1,293,0
2021-02-03 23,1.522,0,55,0,-0.9,226,1
2021-02-04 00,1.444,0,60,0,0,181,0
2021-02-04 01,1.266,0,60,0,0,227,0
2021-02-04 02,1.08,3,65,0.3,1,346,1
2021-02-04 03,1.079,7,90,0.1,0,335,1
2021-02-04 04,1.064,0,85,0,1,304,2
2021-02-04 05,1.287,0,75,0,4,326,4
2021-02-04 06,1.404,0,55,0,3,333,3
2021-02-04 07,1.391,0,55,0,2,323,3
2021-02-04 08,1.374,0,45,0,3,331,4
2021-02-04 09,1.377,0,35,0,4,327,4
2021-02-04 10,1.556,0,25,0,4,319,6
2021-02-04 11,1.557,0,25,0,5,311,4
2021-02-04 12,1.16,0,20,0,6,312,6
2021-02-04 13,0.89,0,20,0,7,318,4
2021-02-04 14,0.891,0,20,0,8,305,4
2021-02-04 15,0.834,0,25,0,7,322,4
2021-02-04 16,1.002,0,25,0,6,328,5
2021-02-04 17,0.945,0,30,0,5,304,3
2021-02-04 18,0.808,0,30,0,4,322,3
2021-02-04 19,0.789,0,35,0,3,335,4
2021-02-04 20,1.079,0,35,0,2,297,2
2021-02-04 21,1.445,0,40,0,0,322,2
2021-02-04 22,1.413,0,45,0,0,334,1
2021-02-04 23,1.407,0,50,0,-0.9,335,0
2021-02-05 00,1.395,0,45,0,0,348,2
2021-02-05 01,1.395,0,50,0,0,342,3
2021-02-05 02,1.498,0,45,0,0,338,3
2021-02-05 03,1.454,0,45,0,-0.9,325,3
2021-02-05 04,1.431,0,50,0,-0.9,353,2
2021-02-05 05,1.371,0,50,0,-0.9,350,2
2021-02-05 06,1.402,0,55,0,-1.9,321,1
2021-02-05 07,1.395,0,55,0,-1.9,315,1
2021-02-05 08,1.399,0,50,0,0,322,1
2021-02-05 09,1.397,0,40,0,3,337,1
2021-02-05 10,1.482,0,30,0,5,56,1
2021-02-05 11,1.381,0,25,0,7,231,1
2021-02-05 12,0.883,0,25,0,7,180,0
2021-02-05 13,0.81,7,30,0.1,8,203,2
2021-02-05 14,0.874,7,25,0.1,7,218,2
2021-02-05 15,0.779,7,25,0.1,7,212,2
2021-02-05 16,0.74,7,30,0.1,7,215,2
2021-02-05 17,1.021,0,30,0,6,210,2
2021-02-05 18,1.379,0,40,0,5,146,1
2021-02-05 19,1.282,0,45,0,5,227,0
2021-02-05 20,1.282,0,45,0,4,249,1
2021-02-05 21,1.328,0,55,0,4,318,1
2021-02-05 22,1.365,0,60,0,2,325,1
2021-02-05 23,1.462,0,60,0,2,321,1
2021-02-06 00,1.678,0,65,0,0,199,1
2021-02-06 01,1.423,0,65,0,0,171,0
2021-02-06 02,1.294,0,75,0,-0.9,5,0
2021-02-06 03,1.295,0,80,0,-0.9,152,0
2021-02-06 04,1.295,0,80,0,-1.9,248,0
2021-02-06 05,1.303,0,85,0,-1.9,306,0
2021-02-06 06,1.307,0,90,0,-1.9,166,0
2021-02-06 07,1.375,0,90,0,-0.9,334,0
2021-02-06 08,1.296,0,75,0,2,228,0
2021-02-06 09,1.281,0,65,0,5,140,0
2021-02-06 10,1.279,0,55,0,10,190,1
2021-02-06 11,0.502,0,50,0,12,223,2
2021-02-06 12,0.301,0,50,0,13,225,2
2021-02-06 13,0.309,0,45,0,14,269,3
2021-02-06 14,1.165,0,50,0,14,290,4
2021-02-06 15,1.284,0,50,0,13,292,3
2021-02-06 16,0.934,0,55,0,12,323,3
2021-02-06 17,1.312,0,60,0,11,311,2
2021-02-06 18,1.349,0,70,0,9,279,1
2021-02-06 19,1.327,0,80,0,7,219,0
2021-02-06 20,1.339,0,85,0,5,286,1
2021-02-06 21,1.383,0,85,0,6,230,1
2021-02-06 22,1.266,0,85,0,6,309,1
2021-02-06 23,1.401,0,85,0,6,266,1
2021-02-07 00,1.381,0,85,0,6,303,1
2021-02-07 01,1.37,0,85,0,6,301,1
2021-02-07 02,1.306,0,80,0,6,292,2
2021-02-07 03,1.256,0,85,0,5,302,1
2021-02-07 04,1.21,0,85,0,5,305,1
2021-02-07 05,1.208,0,85,0,5,310,2
2021-02-07 06,1.222,0,80,0,5,313,2
2021-02-07 07,1.207,0,80,0,5,315,2
2021-02-07 08,1.202,0,75,0,7,319,2
2021-02-07 09,1.2,0,60,0,9,314,2
2021-02-07 10,0.915,0,50,0,11,353,2
2021-02-07 11,0.664,0,40,0,14,346,2
2021-02-07 12,0.679,0,35,0,15,264,2
2021-02-07 13,0.699,0,30,0,16,286,3
2021-02-07 14,0.7,0,20,0,16,310,3
2021-02-07 15,0.701,0,30,0,15,308,2
2021-02-07 16,0.664,0,30,0,14,323,4
2021-02-07 17,0.701,0,35,0,12,350,4
2021-02-07 18,0.652,0,35,0,10,339,3
2021-02-07 19,0.652,0,35,0,9,340,3
2021-02-07 20,0.761,0,45,0,8,319,3
2021-02-07 21,0.649,0,40,0,7,327,3
2021-02-07 22,0.664,0,35,0,6,323,4
2021-02-07 23,0.768,0,35,0,5,321,6
2021-02-08 00,0.927,0,30,0,4,318,4
2021-02-08 01,1.602,0,35,0,3,335,4
2021-02-08 02,1.357,0,45,0,2,322,3
2021-02-08 03,1.234,0,45,0,1,320,3
2021-02-08 04,1.206,0,55,0,0,328,4
2021-02-08 05,1.195,0,55,0,0,314,4
2021-02-08 06,1.196,0,50,0,-0.9,308,4
2021-02-08 07,1.202,0,45,0,-0.9,304,5
2021-02-08 08,1.252,0,35,0,0,316,5
2021-02-08 09,1.264,0,25,0,2,328,6
2021-02-08 10,1.267,0,25,0,3,332,4
2021-02-08 11,0.779,0,25,0,4,340,6
2021-02-08 12,0.741,0,20,0,5,349,5
2021-02-08 13,0.697,0,20,0,6,337,7
2021-02-08 14,0.761,0,25,0,6,340,6
2021-02-08 15,0.846,0,25,0,5,341,5
2021-02-08 16,0.773,0,25,0,4,340,5
2021-02-08 17,0.764,0,30,0,2,337,4
2021-02-08 18,0.805,0,35,0,1,334,4
2021-02-08 19,1.363,0,35,0,0,330,4
2021-02-08 20,1.506,0,40,0,0,317,3
2021-02-08 21,1.46,0,40,0,-0.9,320,3
2021-02-08 22,1.475,0,40,0,-0.9,316,3
2021-02-08 23,1.591,0,40,0,-1.9,324,4
2021-02-09 00,1.362,0,45,0,-0.9,318,4
2021-02-09 01,1.339,0,50,0,-1.9,321,3
2021-02-09 02,1.373,0,50,0,-1.9,318,4
2021-02-09 03,1.273,0,50,0,-1.9,331,5
2021-02-09 04,1.264,0,40,0,-1.9,328,4
2021-02-09 05,1.248,0,40,0,-1.9,318,3
2021-02-09 06,1.258,0,40,0,-0.9,337,3
2021-02-09 07,1.232,0,45,0,-1.9,338,2
2021-02-09 08,1.268,0,40,0,0,340,2
2021-02-09 09,1.26,0,35,0,3,346,2
2021-02-09 10,1.32,0,30,0,4,334,3
2021-02-09 11,1.317,0,25,0,6,350,3
2021-02-09 12,1.014,0,20,0,8,310,2
2021-02-09 13,0.808,0,20,0,9,337,2
2021-02-09 14,0.513,0,20,0,9,334,4
2021-02-09 15,0.744,0,20,0,9,323,4
2021-02-09 16,0.721,0,20,0,9,314,4
2021-02-09 17,1.084,0,25,0,7,309,2
2021-02-09 18,1.301,0,25,0,5,312,2
2021-02-09 19,1.282,0,35,0,4,323,2
2021-02-09 20,1.341,0,35,0,3,317,2
2021-02-09 21,1.058,0,40,0,2,325,3
2021-02-09 22,1.222,0,45,0,2,333,2
2021-02-09 23,1.587,0,50,0,1,330,3
2021-02-10 00,1.487,0,45,0,1,316,2
2021-02-10 01,1.354,0,50,0,0,309,2
2021-02-10 02,1.443,0,50,0,1,333,1
2021-02-10 03,1.273,0,45,0,0,351,1
2021-02-10 04,1.271,0,50,0,0,336,1
2021-02-10 05,1.254,0,55,0,-0.9,309,1
2021-02-10 06,1.245,0,60,0,-1.9,303,1
2021-02-10 07,1.25,0,55,0,-1.9,307,1
2021-02-10 08,1.252,0,50,0,1,303,1
2021-02-10 09,1.249,0,35,0,5,337,1
2021-02-10 10,1.267,0,25,0,8,28,1
2021-02-10 11,1.359,0,20,0,10,339,2
2021-02-10 12,1.065,0,20,0,12,278,2
2021-02-10 13,0.742,0,20,0,13,248,2
2021-02-10 14,0.705,0,20,0,13,294,2
2021-02-10 15,0.705,0,20,0,13,309,2
2021-02-10 16,1.147,0,25,0,13,322,3
2021-02-10 17,0.716,0,35,0,11,289,1
2021-02-10 18,0.684,0,40,0,8,307,1
2021-02-10 19,0.7,0,45,0,8,308,1
2021-02-10 20,0.679,0,55,0,7,328,3
2021-02-10 21,1.26,0,55,0,7,316,3
2021-02-10 22,1.318,0,60,0,5,323,2
2021-02-10 23,1.298,0,65,0,4,336,2
2021-02-11 00,1.353,0,70,0,3,160,1
2021-02-11 01,1.433,0,65,0,4,316,2
2021-02-11 02,1.252,0,65,0,3,311,1
2021-02-11 03,1.215,0,70,0,3,328,2
2021-02-11 04,1.209,0,75,0,3,336,2
2021-02-11 05,1.204,0,70,0,2,319,1
2021-02-11 06,0.902,0,75,0,2,310,1
2021-02-11 07,1.195,0,75,0,2,316,1
2021-02-11 08,1.21,0,65,0,4,271,0
2021-02-11 09,1.202,0,55,0,7,280,0
2021-02-11 10,1.496,0,45,0,9,105,1
2021-02-11 11,1.136,0,40,0,10,161,1
2021-02-11 12,0.83,0,40,0,10,131,0
2021-02-11 13,0.743,0,40,0,11,148,1
2021-02-11 14,0.758,0,35,0,11,294,0
2021-02-11 15,0.716,0,40,0,11,196,1
2021-02-11 16,1.026,0,40,0,10,189,2
2021-02-11 17,0.721,0,50,0,9,34,0
2021-02-11 18,0.726,0,55,0,8,279,1
2021-02-11 19,0.777,0,60,0,7,330,1
2021-02-11 20,1.301,0,60,0,6,332,1
2021-02-11 21,1.364,0,60,0,6,315,1
2021-02-11 22,1.357,0,65,0,5,330,1
2021-02-11 23,1.366,0,60,0,5,309,1
2021-02-12 00,1.366,0,65,0,5,326,1
2021-02-12 01,1.688,0,65,0,5,297,1
2021-02-12 02,1.426,0,70,0,4,328,1
2021-02-12 03,1.26,0,75,0,4,346,1
2021-02-12 04,1.268,0,75,0,3,329,0
2021-02-12 05,0.927,0,80,0,3,342,1
2021-02-12 06,1.231,0,75,0,3,333,1
2021-02-12 07,1.242,0,75,0,3,316,0
2021-02-12 08,1.212,0,70,0,5,320,1
2021-02-12 09,1.229,0,55,0,8,336,1
2021-02-12 10,1.411,0,45,0,11,8,1
2021-02-12 11,1.069,0,45,0,12,25,0
2021-02-12 12,0.751,0,30,0,14,272,0
2021-02-12 13,0.781,0,25,0,15,90,1
2021-02-12 14,0.747,0,25,0,17,182,0
2021-02-12 15,0.872,0,25,0,16,181,1
2021-02-12 16,0.772,0,30,0,15,183,3
2021-02-12 17,0.808,0,40,0,12,186,2
2021-02-12 18,0.915,0,40,0,9,205,1
2021-02-12 19,1.224,0,50,0,7,196,1
2021-02-12 20,1.516,0,55,0,6,319,1
2021-02-12 21,1.35,0,60,0,6,330,1
2021-02-12 22,1.306,0,65,0,5,219,0
2021-02-12 23,1.362,0,65,0,4,330,1
2021-02-13 00,1.404,0,70,0,4,305,0
2021-02-13 01,1.39,0,75,0,3,280,0
2021-02-13 02,1.181,0,75,0,2,319,1
2021-02-13 03,1.163,0,70,0,2,299,1
2021-02-13 04,1.144,0,75,0,1,322,0
2021-02-13 05,1.164,0,75,0,1,329,1
2021-02-13 06,1.175,0,75,0,1,328,0
2021-02-13 07,1.194,0,75,0,1,346,0
2021-02-13 08,1.389,0,70,0,4,337,1
2021-02-13 09,1.258,0,50,0,8,340,1
2021-02-13 10,0.96,0,35,0,13,30,0
2021-02-13 11,0.972,0,25,0,16,124,0
2021-02-13 12,0.832,0,25,0,18,141,1
2021-02-13 13,0.84,0,20,0,19,171,1
2021-02-13 14,0.843,0,20,0,19,169,1
2021-02-13 15,0.837,0,20,0,19,186,2
2021-02-13 16,0.924,0,25,0,17,183,3
2021-02-13 17,1.317,0,35,0,14,178,3
2021-02-13 18,1.341,0,40,0,11,178,2
2021-02-13 19,1.274,0,45,0,10,338,0
2021-02-13 20,1.521,0,50,0,8,340,0
2021-02-13 21,1.635,0,55,0,7,311,1
2021-02-13 22,1.506,0,50,0,7,311,1
2021-02-13 23,1.498,0,55,0,6,272,1
2021-02-14 00,1.663,0,55,0,6,254,0
2021-02-14 01,1.414,0,60,0,7,251,0
2021-02-14 02,1.211,0,60,0,6,315,1
2021-02-14 03,1.183,0,60,0,6,327,0
2021-02-14 04,1.187,0,60,0,7,340,1
2021-02-14 05,1.182,0,60,0,7,189,1
2021-02-14 06,1.144,0,65,0,8,321,0
2021-02-14 07,1.13,0,65,0,8,164,0
2021-02-14 08,1.141,5,65,0.2,9,344,1
2021-02-14 09,1.152,5,55,0.1,11,307,0
2021-02-14 10,0.67,0,45,0,13,101,1
2021-02-14 11,0.708,0,45,0,15,137,1
2021-02-14 12,0.663,0,45,0,16,165,1
2021-02-14 13,0.704,0,50,0,16,115,1
2021-02-14 14,0.741,5,55,0.1,16,146,1
2021-02-14 15,0.703,0,60,0,16,304,0
2021-02-14 16,0.706,1,60,0.3,14,259,0
2021-02-14 17,0.685,1,85,3.3,13,255,1
2021-02-14 18,0.676,1,95,3.2,11,272,1
2021-02-14 19,0.659,1,95,3.8,11,55,0
2021-02-14 20,0.669,5,95,0.1,11,347,1
2021-02-14 21,0.656,5,95,0.1,11,286,1
2021-02-14 22,0.777,0,95,0,10,270,1
2021-02-14 23,1.152,0,95,0,10,316,1
2021-02-15 00,1.501,0,95,0,10,301,1
2021-02-15 01,1.333,0,95,0,10,155,0
2021-02-15 02,1.427,0,95,0,10,333,1
2021-02-15 03,1.254,0,90,0,9,288,1
2021-02-15 04,1.258,0,85,0,10,317,3
2021-02-15 05,1.232,0,80,0,9,319,2
2021-02-15 06,1.236,0,70,0,9,330,3
2021-02-15 07,1.232,0,70,0,8,321,3
2021-02-15 08,1.253,0,70,0,9,317,4
2021-02-15 09,0.946,0,70,0,9,309,5
2021-02-15 10,1.262,0,70,0,9,322,5
2021-02-15 11,1.236,0,70,0,7,324,7
2021-02-15 12,0.668,0,55,0,8,319,7
2021-02-15 13,0.678,0,50,0,7,328,7
2021-02-15 14,0.675,0,45,0,6,326,8
2021-02-15 15,0.689,0,40,0,6,315,7
2021-02-15 16,1.433,0,40,0,5,320,7
2021-02-15 17,1.091,0,45,0,2,323,9
2021-02-15 18,1.218,0,45,0,1,327,8
2021-02-15 19,1.537,0,50,0,1,327,8
2021-02-15 20,1.441,0,50,0,0,323,6
2021-02-15 21,1.53,0,55,0,0,331,4
2021-02-15 22,1.491,0,50,0,0,318,4
2021-02-15 23,1.117,0,50,0,0,323,4
2021-02-16 00,1.304,0,55,0,0,321,5
2021-02-16 01,1.334,0,55,0,0,326,5
2021-02-16 02,1.433,0,50,0,0,332,4
2021-02-16 03,1.279,0,55,0,0,328,3
2021-02-16 04,1.266,0,60,0,-0.9,323,2
2021-02-16 05,1.238,0,55,0,-0.9,313,2
2021-02-16 06,1.251,0,55,0,-1.9,324,2
2021-02-16 07,1.231,0,55,0,-1.9,311,1
2021-02-16 08,1.246,0,45,0,0,333,2
2021-02-16 09,1.215,0,40,0,2,332,2
2021-02-16 10,1.227,0,30,0,4,236,1
2021-02-16 11,1.24,0,30,0,5,222,3
2021-02-16 12,1.29,0,25,0,7,242,3
2021-02-16 13,1.26,0,25,0,7,276,4
2021-02-16 14,1.228,0,30,0,8,278,5
2021-02-16 15,1.348,0,40,0,7,280,4
2021-02-16 16,1.285,5,50,0.2,6,277,4
2021-02-16 17,1.329,1,80,0.4,3,301,4
2021-02-16 18,0.534,0,60,0,3,315,4
2021-02-16 19,0.678,0,50,0,2,320,6
2021-02-16 20,0.683,0,55,0,0,319,5
2021-02-16 21,0.714,0,55,0,-0.9,334,5
2021-02-16 22,0.676,0,55,0,-1.9,313,5
2021-02-16 23,0.692,0,70,0,-1.9,307,3
2021-02-17 00,0.671,0,70,0,-1.9,316,3
2021-02-17 01,0.691,0,75,0,-2.9,316,3
2021-02-17 02,0.677,0,60,0,-2.9,328,6
2021-02-17 03,1.301,7,70,0.1,-2.9,326,4
2021-02-17 04,1.216,0,65,0,-3.9,346,4
2021-02-17 05,1.21,0,70,0,-4.9,347,2
2021-02-17 06,1.194,0,70,0,-4.9,320,3
2021-02-17 07,1.246,0,65,0,-4.9,295,3
2021-02-17 08,1.251,0,70,0,-3.9,315,3
2021-02-17 09,1.21,0,65,0,-1.9,319,5
2021-02-17 10,0.598,0,60,0,-1.9,321,6
2021-02-17 11,1.251,0,60,0,-0.9,325,5
2021-02-17 12,1.147,0,55,0,-0.9,325,7
2021-02-17 13,1.034,7,55,0.1,-0.9,336,8
2021-02-17 14,0.98,7,60,0.1,-2.9,336,4
2021-02-17 15,0.915,0,50,0,-1.9,322,6
2021-02-17 16,0.813,0,50,0,-2.9,314,6
2021-02-17 17,0.866,0,50,0,-3.9,323,6
2021-02-17 18,1.309,0,50,0,-4.9,325,6
2021-02-17 19,1.304,0,55,0,-4.9,344,5
2021-02-17 20,1.36,0,65,0,-4.9,299,3
2021-02-17 21,1.329,0,65,0,-4.9,316,4
2021-02-17 22,1.375,0,65,0,-4.9,313,3
2021-02-17 23,1.39,0,70,0,-3.9,313,3
2021-02-18 00,1.264,0,70,0,-3.9,308,4
2021-02-18 01,1.351,0,75,0,-4.9,322,4
2021-02-18 02,1.331,0,70,0,-4.9,331,2
2021-02-18 03,1.249,0,65,0,-4.9,338,3
2021-02-18 04,1.212,0,65,0,-4.9,305,4
2021-02-18 05,1.189,0,65,0,-4.9,340,3
2021-02-18 06,0.895,0,65,0,-4.9,333,4
2021-02-18 07,1.214,0,60,0,-4.9,328,4
2021-02-18 08,1.224,0,55,0,-2.9,335,4
2021-02-18 09,1.187,0,55,0,-1.9,330,6
2021-02-18 10,1.042,0,45,0,-0.9,340,6
2021-02-18 11,0.74,0,40,0,0,327,5
2021-02-18 12,0.728,0,40,0,1,331,5
2021-02-18 13,0.76,0,40,0,1,340,6
2021-02-18 14,0.904,0,40,0,1,325,7
2021-02-18 15,0.758,0,45,0,1,314,6
2021-02-18 16,0.701,0,50,0,1,353,5
2021-02-18 17,0.752,0,50,0,-0.9,347,6
2021-02-18 18,0.989,0,55,0,-0.9,343,5
2021-02-18 19,1.303,0,55,0,-0.9,337,5
2021-02-18 20,1.303,0,60,0,-0.9,339,3
2021-02-18 21,1.288,0,60,0,-1.9,328,3
2021-02-18 22,1.323,0,65,0,-1.9,320,2
2021-02-18 23,1.225,0,65,0,-1.9,311,4
2021-02-19 00,1.224,0,65,0,-1.9,326,4
2021-02-19 01,1.379,0,65,0,-1.9,327,4
2021-02-19 02,1.603,0,65,0,-0.9,335,4
2021-02-19 03,1.157,0,65,0,-1.9,312,4
2021-02-19 04,1.123,0,65,0,-1.9,330,3
2021-02-19 05,1.114,0,65,0,-0.9,318,3
2021-02-19 06,1.103,0,65,0,-0.9,321,3
2021-02-19 07,1.127,0,65,0,0,305,3
2021-02-19 08,1.183,0,55,0,1,321,3
2021-02-19 09,1.224,0,50,0,4,318,3
2021-02-19 10,1.147,0,40,0,6,312,3
2021-02-19 11,0.731,0,35,0,8,274,3
2021-02-19 12,0.661,0,30,0,11,318,3
2021-02-19 13,0.659,0,30,0,12,283,3
2021-02-19 14,0.754,0,25,0,13,273,4
2021-02-19 15,0.736,0,30,0,12,284,3
2021-02-19 16,0.638,0,30,0,12,293,3
2021-02-19 17,0.687,0,40,0,10,277,3
2021-02-19 18,0.831,0,45,0,8,279,2
2021-02-19 19,1.034,0,55,0,6,282,1
2021-02-19 20,1.426,0,60,0,5,232,1
2021-02-19 21,1.321,0,65,0,4,6,0
2021-02-19 22,1.286,0,70,0,4,294,1
2021-02-19 23,1.275,0,75,0,2,331,1
2021-02-20 00,1.273,0,75,0,2,305,1
2021-02-20 01,1.147,0,85,0,1,352,1
2021-02-20 02,1.13,0,80,0,1,347,1
2021-02-20 03,0.852,0,85,0,0,0,1
2021-02-20 04,1.118,0,85,0,0,328,1
2021-02-20 05,1.149,0,90,0,1,334,1
2021-02-20 06,0.805,0,90,0,1,295,1
2021-02-20 07,1.145,0,90,0,1,329,1
2021-02-20 08,1.304,0,85,0,4,19,0
2021-02-20 09,0.762,0,65,0,10,272,1
2021-02-20 10,0.346,0,50,0,15,247,2
2021-02-20 11,0.383,0,45,0,17,277,4
2021-02-20 12,0.764,0,40,0,18,273,3
2021-02-20 13,0.718,0,35,0,19,275,3
2021-02-20 14,0.644,0,30,0,20,265,3
2021-02-20 15,0.637,0,30,0,19,248,3
2021-02-20 16,0.662,0,35,0,19,260,3
2021-02-20 17,0.833,0,35,0,17,260,3
2021-02-20 18,1.919,0,55,0,14,212,3
2021-02-20 19,1.52,0,65,0,12,194,2
2021-02-20 20,1.119,0,70,0,11,210,1
2021-02-20 21,1.083,0,75,0,9,260,1
2021-02-20 22,1.5,0,80,0,8,235,1
2021-02-20 23,1.486,0,80,0,7,69,1
2021-02-21 00,1.341,0,85,0,5,211,0
2021-02-21 01,1.371,0,90,0,4,23,0
2021-02-21 02,1.318,0,90,0,4,293,0
2021-02-21 03,1.31,0,90,0,5,360,1
2021-02-21 04,1.317,0,90,0,4,3,0
2021-02-21 05,1.288,0,95,0,3,327,0
2021-02-21 06,1.297,0,95,0,4,311,1
2021-02-21 07,1.331,0,90,0,5,275,1
2021-02-21 08,1.002,0,75,0,10,283,2
2021-02-21 09,0.699,0,55,0,13,274,2
2021-02-21 10,0.829,0,45,0,18,240,2
2021-02-21 11,0.568,0,35,0,20,239,3
2021-02-21 12,1.167,0,30,0,22,216,3
2021-02-21 13,1.456,0,30,0,23,232,4
2021-02-21 14,0.642,0,25,0,23,238,4
2021-02-21 15,1.234,0,25,0,22,231,5
2021-02-21 16,0.993,0,30,0,21,234,4
2021-02-21 17,0.829,0,35,0,18,222,3
2021-02-21 18,0.808,0,40,0,17,213,3
2021-02-21 19,0.786,0,55,0,14,182,2
2021-02-21 20,0.817,0,65,0,12,196,2
2021-02-21 21,0.81,0,70,0,11,206,1
2021-02-21 22,0.818,0,75,0,10,277,0
2021-02-21 23,0.811,0,80,0,8,68,1
2021-02-22 00,1.123,0,85,0,8,301,1
2021-02-22 01,1.55,0,85,0,7,327,1
2021-02-22 02,1.54,0,90,0,7,311,1
2021-02-22 03,1.431,0,90,0,6,327,1
2021-02-22 04,1.25,0,90,0,6,298,1
2021-02-22 05,1.252,0,95,0,6,299,1
2021-02-22 06,1.236,0,95,0,6,310,1
2021-02-22 07,1.216,0,90,0,7,311,1
2021-02-22 08,1.307,0,85,0,9,298,1
2021-02-22 09,1.304,0,85,0,12,35,0
2021-02-22 10,1.376,0,75,0,15,114,0
2021-02-22 11,1.239,0,55,0,18,223,2
2021-02-22 12,1.081,0,55,0,19,220,3
2021-02-22 13,1.007,0,45,0,21,222,3
2021-02-22 14,0.944,0,40,0,22,302,4
2021-02-22 15,0.749,0,40,0,21,312,4
2021-02-22 16,0.77,0,25,0,19,328,6
2021-02-22 17,0.793,0,30,0,18,328,5
2021-02-22 18,0.895,0,30,0,15,339,3
2021-02-22 19,1.203,0,25,0,14,331,4
2021-02-22 20,1.422,0,35,0,12,334,5
2021-02-22 21,1.377,0,45,0,10,323,4
2021-02-22 22,1.292,0,40,0,8,317,4
2021-02-22 23,1.302,0,40,0,7,326,4
2021-02-23 00,1.276,0,40,0,5,308,4
2021-02-23 01,1.685,0,45,0,4,316,4
2021-02-23 02,1.431,0,45,0,4,343,4
2021-02-23 03,1.288,0,35,0,3,347,4
2021-02-23 04,1.256,0,30,0,3,338,5
2021-02-23 05,1.259,0,30,0,3,334,4
2021-02-23 06,1.219,0,30,0,2,342,3
2021-02-23 07,1.244,0,30,0,3,334,3
2021-02-23 08,0.954,0,25,0,4,326,2
2021-02-23 09,1.26,0,20,0,6,337,3
2021-02-23 10,0.81,0,15,0,8,344,4
2021-02-23 11,0.308,0,10,0,10,326,3
2021-02-23 12,0.36,0,15,0,11,357,4
2021-02-23 13,0.344,0,10,0,12,336,3
2021-02-23 14,0.329,0,10,0,13,315,4
2021-02-23 15,0.374,0,10,0,12,328,5
2021-02-23 16,0.36,0,10,0,12,314,4
2021-02-23 17,0.366,0,15,0,10,326,3
2021-02-23 18,0.376,0,20,0,9,328,3
2021-02-23 19,0.31,0,20,0,8,322,4
2021-02-23 20,0.77,0,25,0,7,332,4
2021-02-23 21,1.426,0,25,0,6,333,3
2021-02-23 22,1.41,0,30,0,5,340,2
2021-02-23 23,1.4,0,35,0,4,325,2
2021-02-24 00,1.355,0,35,0,4,325,2
2021-02-24 01,1.401,0,40,0,3,333,2
2021-02-24 02,1.32,0,45,0,2,326,2
2021-02-24 03,1.277,0,45,0,2,337,2
2021-02-24 04,1.239,0,45,0,1,341,2
2021-02-24 05,1.257,0,45,0,1,322,1
2021-02-24 06,1.208,0,45,0,0,306,1
2021-02-24 07,1.26,0,45,0,2,329,1
2021-02-24 08,1.379,0,35,0,4,314,1
2021-02-24 09,1.306,0,30,0,7,157,0
2021-02-24 10,0.218,0,20,0,9,72,1
2021-02-24 11,0.851,0,20,0,9,74,1
2021-02-24 12,1.002,0,15,0,10,94,1
2021-02-24 13,1.125,5,15,0.1,10,105,1
2021-02-24 14,1.427,5,15,0.1,11,125,1
2021-02-24 15,1.023,0,20,0,11,129,1
2021-02-24 16,1.474,0,25,0,11,201,1
2021-02-24 17,0.923,0,25,0,10,89,0
2021-02-24 18,0.856,0,25,0,8,192,1
2021-02-24 19,0.766,0,35,0,7,182,0
2021-02-24 20,0.778,0,40,0,5,308,1
2021-02-24 21,0.747,0,45,0,4,331,1
2021-02-24 22,0.751,0,50,0,3,322,1
2021-02-24 23,0.766,0,50,0,3,325,1
2021-02-25 00,0.713,0,55,0,3,314,1
2021-02-25 01,1.218,0,60,0,3,309,1
2021-02-25 02,1.377,0,65,0,3,322,1
2021-02-25 03,1.268,0,65,0,3,318,1
2021-02-25 04,1.278,0,65,0,2,321,1
2021-02-25 05,1.256,0,70,0,3,188,0
2021-02-25 06,1.204,6,70,0.1,4,244,0
2021-02-25 07,1.321,5,75,0.1,5,300,0
2021-02-25 08,1.502,5,70,0.1,6,162,0
2021-02-25 09,1.282,5,65,0.1,7,36,0
2021-02-25 10,0.76,5,65,0.1,8,353,1
2021-02-25 11,0.73,0,60,0,9,126,1
2021-02-25 12,0.832,0,60,0,10,42,0
2021-02-25 13,0.845,0,60,0,10,333,1
2021-02-25 14,1.047,1,65,0.3,9,327,2
2021-02-25 15,0.821,1,80,1.4,7,347,2
2021-02-25 16,0.968,1,85,2.2,7,23,1
2021-02-25 17,0.873,1,90,0.4,7,360,2
2021-02-25 18,0.784,1,85,1.2,7,24,2
2021-02-25 19,0.74,1,90,0.7,7,326,0
2021-02-25 20,1.103,1,90,0.3,6,38,1
2021-02-25 21,1.419,1,90,1.9,7,65,2
2021-02-25 22,1.41,1,95,4.7,6,55,2
2021-02-25 23,1.368,1,95,1.5,7,37,2
2021-02-26 00,1.342,1,90,0.9,7,54,1
2021-02-26 01,1.395,1,90,0.8,7,48,2
2021-02-26 02,1.331,1,85,0.7,7,57,2
2021-02-26 03,1.308,1,85,0.3,7,73,2
2021-02-26 04,1.319,1,85,0.3,7,68,2
2021-02-26 05,1.31,1,85,0.3,7,55,2
2021-02-26 06,1.278,5,80,0.2,8,55,3
2021-02-26 07,1.345,0,80,0,8,61,2
2021-02-26 08,1.208,0,65,0,10,84,3
2021-02-26 09,0.587,0,60,0,11,83,4
2021-02-26 10,0.817,0,60,0,11,78,4
2021-02-26 11,0.742,0,55,0,12,88,4
2021-02-26 12,0.943,0,55,0,12,98,4
2021-02-26 13,0.917,0,50,0,13,89,3
2021-02-26 14,1.001,0,45,0,14,93,3
2021-02-26 15,0.812,0,40,0,14,92,4
2021-02-26 16,0.795,0,40,0,13,93,3
2021-02-26 17,0.814,0,40,0,12,86,3
2021-02-26 18,0.801,0,40,0,11,92,4
2021-02-26 19,0.956,0,40,0,11,82,3
2021-02-26 20,0.837,0,40,0,10,82,3
2021-02-26 21,0.758,0,45,0,10,82,3
2021-02-26 22,0.732,0,45,0,9,73,2
2021-02-26 23,1.336,0,45,0,9,74,3
2021-02-27 00,1.521,0,45,0,9,86,3
2021-02-27 01,1.484,0,50,0,9,80,4
2021-02-27 02,1.415,0,55,0,8,79,3
2021-02-27 03,1.391,0,55,0,8,81,3
2021-02-27 04,1.393,0,55,0,8,84,3
2021-02-27 05,1.295,0,55,0,8,82,3
2021-02-27 06,1.271,0,55,0,8,83,3
2021-02-27 07,1.296,0,50,0,8,87,3
2021-02-27 08,1.111,0,50,0,9,94,4
2021-02-27 09,1.609,0,50,0,9,102,5
2021-02-27 10,0.937,0,45,0,10,91,4
2021-02-27 11,0.741,0,45,0,11,103,5
2021-02-27 12,0.839,0,45,0,12,100,5
2021-02-27 13,0.958,0,40,0,12,102,6
2021-02-27 14,1.004,0,40,0,12,107,4
2021-02-27 15,0.751,0,40,0,12,112,4
2021-02-27 16,0.977,0,40,0,11,112,4
2021-02-27 17,0.909,0,45,0,10,107,3
2021-02-27 18,0.923,0,50,0,9,109,2
2021-02-27 19,0.873,0,50,0,9,102,4
2021-02-27 20,1.159,0,50,0,8,98,3
2021-02-27 21,1.688,0,50,0,8,103,3
2021-02-27 22,0.846,0,50,0,8,103,3
2021-02-27 23,1.291,0,50,0,7,90,2
2021-02-28 00,1.522,0,55,0,7,89,2
2021-02-28 01,1.256,0,55,0,7,115,1
2021-02-28 02,0.953,0,50,0,7,76,3
2021-02-28 03,0.828,0,55,0,7,76,2
2021-02-28 04,0.838,0,55,0,8,106,2
2021-02-28 05,0.82,0,60,0,7,114,2
2021-02-28 06,0.816,0,60,0,8,111,2
2021-02-28 07,1.026,0,60,0,8,126,2
2021-02-28 08,1.26,0,60,0,9,119,1
2021-02-28 09,1.337,0,55,0,10,125,2
2021-02-28 10,0.817,0,50,0,11,119,3
2021-02-28 11,0.685,0,50,0,12,115,2
2021-02-28 12,0.764,0,55,0,12,109,2
2021-02-28 13,0.786,0,60,0,12,109,1
2021-02-28 14,1.103,0,55,0,12,116,1
2021-02-28 15,0.784,5,65,0.1,12,106,1
2021-02-28 16,1.225,5,80,0.2,11,134,1
2021-02-28 17,0.837,0,80,0,10,106,1
2021-02-28 18,0.83,0,80,0,10,170,1
2021-02-28 19,0.711,0,85,0,10,105,1
2021-02-28 20,0.76,0,85,0,10,324,0
2021-02-28 21,0.776,5,85,0.1,10,216,0
2021-02-28 22,0.78,5,90,0.1,10,275,0
2021-02-28 23,0.928,0,90,0,10,200,0
2021-03-01 00,1.135,0,90,0,10,141,1
2021-03-01 01,1.473,0,90,0,9,158,0
2021-03-01 02,1.482,0,90,0,9,226,0
2021-03-01 03,1.415,0,90,0,10,126,0
2021-03-01 04,1.266,0,90,0,10,68,0
2021-03-01 05,1.274,0,90,0,10,14,1
2021-03-01 06,1.227,0,90,0,10,300,0
2021-03-01 07,1.253,1,95,0.3,10,304,0
2021-03-01 08,1.257,5,95,0.1,10,59,0
2021-03-01 09,1.105,1,95,0.4,11,148,0
2021-03-01 10,0.481,1,95,1,13,172,1
2021-03-01 11,0.47,1,95,0.8,13,162,2
2021-03-01 12,0.399,1,95,0.9,15,194,5
2021-03-01 13,0.843,1,95,2,16,196,5
2021-03-01 14,0.847,1,95,2.1,16,201,5
2021-03-01 15,0.58,1,95,2.1,16,198,4
2021-03-01 16,0.9,1,95,4.1,16,204,5
2021-03-01 17,0.483,1,95,1.7,15,231,5
2021-03-01 18,0.481,1,95,0.6,15,257,3
2021-03-01 19,0.527,1,85,0.5,13,269,4
2021-03-01 20,0.542,1,90,0.7,12,261,3
2021-03-01 21,1.458,1,90,1,11,292,3
2021-03-01 22,1.623,1,90,0.5,10,309,4
2021-03-01 23,1.47,5,85,0.2,9,321,4
2021-03-02 00,1.31,5,85,0.2,8,324,3
2021-03-02 01,1.354,5,80,0.1,8,322,5
2021-03-02 02,1.347,5,80,0.1,7,329,4
2021-03-02 03,1.346,5,80,0.2,7,327,5
2021-03-02 04,1.002,0,80,0,6,329,5
2021-03-02 05,1.271,0,75,0,6,343,4
2021-03-02 06,0.613,0,75,0,5,332,3
2021-03-02 07,1.238,0,70,0,5,337,4
2021-03-02 08,1.323,0,65,0,6,338,3
2021-03-02 09,1.34,0,60,0,7,337,4
2021-03-02 10,1.011,0,55,0,8,338,5
2021-03-02 11,0.712,0,50,0,8,335,5
2021-03-02 12,0.753,0,50,0,9,326,5
2021-03-02 13,0.799,0,45,0,10,338,5
2021-03-02 14,1.362,0,40,0,11,335,4
2021-03-02 15,0.968,0,40,0,11,326,4
2021-03-02 16,0.974,0,40,0,10,336,5
2021-03-02 17,0.856,0,40,0,9,344,4
2021-03-02 18,0.78,0,50,0,7,342,3
2021-03-02 19,0.374,0,50,0,7,339,3
2021-03-02 20,0.001,0,60,0,6,37,1
2021-03-02 21,0.001,0,60,0,5,20,1
2021-03-02 22,0.001,0,65,0,4,59,1
2021-03-02 23,0.001,0,70,0,3,51,1
2021-03-03 00,0.001,0,75,0,2,5,1
2021-03-03 01,0.001,0,75,0,2,336,1
2021-03-03 02,0.001,0,80,0,1,310,1
2021-03-03 03,0.001,0,85,0,1,317,1
2021-03-03 04,0.001,0,85,0,1,314,1
2021-03-03 05,0.001,0,85,0,0,328,0
2021-03-03 06,0.001,0,85,0,0,269,0
2021-03-03 07,0.001,0,85,0,1,334,1
2021-03-03 08,0.001,0,70,0,4,357,1
2021-03-03 09,0.266,0,50,0,7,124,1
2021-03-03 10,0.97,0,45,0,8,99,2
2021-03-03 11,0.885,0,45,0,9,133,1
2021-03-03 12,0.946,0,40,0,10,103,2
2021-03-03 13,0.986,0,40,0,10,145,1
2021-03-03 14,1.22,0,40,0,11,170,1
2021-03-03 15,1.571,0,40,0,10,187,1
2021-03-03 16,1.196,0,45,0,9,197,2
2021-03-03 17,1.038,0,50,0,8,201,2
2021-03-03 18,1.023,0,55,0,8,229,1
2021-03-03 19,0.651,0,55,0,7,251,1
2021-03-03 20,1.351,0,65,0,7,225,1
2021-03-03 21,1.056,0,65,0,6,318,1
2021-03-03 22,1.21,0,70,0,6,315,1
2021-03-03 23,1.112,0,70,0,5,333,0
2021-03-04 00,1.001,0,75,0,4,319,1
2021-03-04 01,1.438,0,75,0,4,331,1
2021-03-04 02,1.329,0,75,0,4,313,1
2021-03-04 03,1.304,0,75,0,4,323,1
2021-03-04 04,1.322,0,75,0,4,319,1
2021-03-04 05,0.981,0,75,0,4,298,1
2021-03-04 06,1.284,0,75,0,5,260,0
2021-03-04 07,1.273,0,70,0,6,105,1
2021-03-04 08,1.365,0,70,0,7,85,0
2021-03-04 09,1.168,0,65,0,8,122,1
2021-03-04 10,0.928,5,65,0.1,9,50,0
2021-03-04 11,0.913,5,65,0.1,10,129,0
2021-03-04 12,0.976,1,90,1.4,8,245,0
2021-03-04 13,0.999,1,90,1.4,8,285,1
2021-03-04 14,1.199,1,95,1.7,8,23,0
2021-03-04 15,1.014,1,95,3.6,8,75,0
2021-03-04 16,0.943,1,95,2.2,8,115,0
2021-03-04 17,0.915,1,95,1.2,8,352,0
2021-03-04 18,0.847,1,95,1.4,8,124,1
2021-03-04 19,0.901,1,95,0.9,8,153,0
2021-03-04 20,0.992,1,95,0.3,8,63,0
2021-03-04 21,1.522,1,95,0.5,8,74,0
2021-03-04 22,1.558,1,95,0.9,8,86,0
2021-03-04 23,1.567,1,95,0.6,8,113,1
2021-03-05 00,1.517,1,95,0.3,8,9,1
2021-03-05 01,1.55,5,95,0.2,8,108,1
2021-03-05 02,1.461,0,90,0,7,11,0
2021-03-05 03,1.301,0,95,0,7,256,1
2021-03-05 04,1.257,0,95,0,6,321,1
2021-03-05 05,1.28,0,95,0,5,297,2
2021-03-05 06,1.23,0,95,0,5,295,1
2021-03-05 07,1.386,0,95,0,6,332,1
2021-03-05 08,2.038,0,95,0,8,303,0
2021-03-05 09,2.325,0,75,0,11,354,1
2021-03-05 10,1.707,0,70,0,14,340,1
2021-03-05 11,0.885,0,60,0,16,51,1
2021-03-05 12,0.939,0,55,0,17,207,1
2021-03-05 13,1.155,0,50,0,18,136,1
2021-03-05 14,1.015,0,50,0,18,137,1
2021-03-05 15,1.006,0,55,0,18,174,2
2021-03-05 16,1.465,0,60,0,16,231,3
2021-03-05 17,0.5,0,65,0,15,190,2
2021-03-05 18,0.575,0,65,0,14,328,0
2021-03-05 19,0.766,0,75,0,12,35,1
2021-03-05 20,1.427,0,75,0,12,313,1
2021-03-05 21,1.012,0,85,0,11,292,1
2021-03-05 22,0.946,0,75,0,11,344,1
2021-03-05 23,0.907,0,70,0,11,339,3
2021-03-06 00,1.523,0,70,0,11,335,2
2021-03-06 01,1.329,0,70,0,10,292,2
2021-03-06 02,1.317,0,75,0,9,342,2
2021-03-06 03,1.311,0,70,0,9,329,2
2021-03-06 04,1.294,0,85,0,7,296,1
2021-03-06 05,1.305,0,80,0,7,319,1
2021-03-06 06,1.29,0,80,0,6,321,1
2021-03-06 07,2.575,0,80,0,7,304,1
2021-03-06 08,2.579,0,65,0,10,336,1
2021-03-06 09,2.157,0,50,0,13,274,0
2021-03-06 10,1.229,0,45,0,15,122,3
2021-03-06 11,0.874,0,45,0,16,106,3
2021-03-06 12,0.959,0,50,0,16,118,2
2021-03-06 13,0.997,0,50,0,15,96,3
2021-03-06 14,0.932,0,60,0,14,116,3
2021-03-06 15,0.948,0,65,0,12,111,4
2021-03-06 16,0.992,0,60,0,11,105,3
2021-03-06 17,0.948,0,60,0,10,115,4
2021-03-06 18,1.05,0,65,0,9,102,4
2021-03-06 19,0.983,0,65,0,9,101,4
2021-03-06 20,0.795,0,65,0,8,98,4
2021-03-06 21,0.778,0,65,0,7,93,3
2021-03-06 22,0.791,0,65,0,7,77,3
2021-03-06 23,0.748,0,65,0,7,76,3
2021-03-07 00,0.71,0,65,0,6,85,3
2021-03-07 01,0.769,0,65,0,6,73,2
2021-03-07 02,0.731,0,65,0,6,69,3
2021-03-07 03,0.762,0,70,0,6,71,2
2021-03-07 04,0.748,0,70,0,6,73,2
2021-03-07 05,0.743,0,70,0,6,73,2
2021-03-07 06,0.721,0,70,0,6,78,2
2021-03-07 07,0.758,0,70,0,6,83,2
2021-03-07 08,0.737,0,65,0,7,78,2
2021-03-07 09,0.758,0,60,0,8,103,2
2021-03-07 10,0.755,0,55,0,9,111,2
2021-03-07 11,0.706,0,55,0,9,115,2
2021-03-07 12,0.755,0,55,0,10,114,2
2021-03-07 13,0.757,0,55,0,10,146,2
2021-03-07 14,0.988,0,55,0,11,163,1
2021-03-07 15,0.775,0,55,0,11,160,2
2021-03-07 16,0.777,0,60,0,11,183,2
2021-03-07 17,0.797,0,65,0,10,181,2
2021-03-07 18,0.768,0,70,0,8,198,1
2021-03-07 19,0.726,0,70,0,8,219,1
2021-03-07 20,0.757,0,75,0,8,202,1
2021-03-07 21,0.755,0,75,0,7,227,1
2021-03-07 22,0.764,0,80,0,6,322,1
2021-03-07 23,0.761,0,80,0,6,306,0
2021-03-08 00,1.518,0,90,0,4,303,0
2021-03-08 01,1.601,0,90,0,4,311,0
2021-03-08 02,1.3,0,95,0,3,293,0
2021-03-08 03,1.288,0,95,0,3,300,1
2021-03-08 04,1.29,0,95,0,3,296,1
2021-03-08 05,1.28,0,100,0,3,322,1
2021-03-08 06,1.222,0,95,0,3,332,1
2021-03-08 07,0.939,0,95,0,4,321,1
2021-03-08 08,1.257,0,80,0,7,358,1
2021-03-08 09,0.98,0,70,0,9,336,1
2021-03-08 10,1.244,0,60,0,11,22,1
2021-03-08 11,1.345,0,50,0,12,286,0
2021-03-08 12,0.945,0,45,0,13,169,1
2021-03-08 13,1.065,0,40,0,14,182,2
2021-03-08 14,1.004,0,50,0,14,182,3
2021-03-08 15,0.99,0,45,0,14,190,3
2021-03-08 16,0.989,0,45,0,13,195,3
2021-03-08 17,1.018,0,55,0,11,222,3
2021-03-08 18,1.071,0,65,0,10,207,2
2021-03-08 19,1.423,0,70,0,9,204,2
2021-03-08 20,0.906,0,75,0,8,200,2
2021-03-08 21,0.819,0,75,0,8,194,1
2021-03-08 22,0.893,0,75,0,8,217,1
2021-03-08 23,0.871,0,80,0,8,323,1
2021-03-09 00,1.216,0,80,0,8,307,1
2021-03-09 01,1.397,0,80,0,7,319,1
2021-03-09 02,1.307,0,85,0,7,302,1
2021-03-09 03,1.272,0,85,0,6,315,1
2021-03-09 04,1.248,0,85,0,6,306,1
2021-03-09 05,1.264,0,90,0,6,300,1
2021-03-09 06,1.222,0,85,0,7,308,1
2021-03-09 07,1.244,0,85,0,7,325,1
2021-03-09 08,1.22,0,80,0,9,303,0
2021-03-09 09,1.29,0,65,0,11,333,1
2021-03-09 10,1.438,0,50,0,13,20,1
2021-03-09 11,0.658,0,45,0,13,237,1
2021-03-09 12,1.157,0,40,0,14,187,1
2021-03-09 13,0.918,0,35,0,15,237,2
2021-03-09 14,0.783,0,30,0,15,233,2
2021-03-09 15,0.785,0,35,0,14,198,4
2021-03-09 16,0.781,0,45,0,13,191,3
2021-03-09 17,0.388,0,50,0,12,197,3
2021-03-09 18,0.783,0,50,0,11,261,1
2021-03-09 19,1.169,0,60,0,10,339,1
2021-03-09 20,1.018,0,50,0,11,332,4
2021-03-09 21,0.985,0,50,0,10,335,3
2021-03-09 22,1.673,0,50,0,10,333,4
2021-03-09 23,1.351,0,50,0,9,340,2
2021-03-10 00,1.406,0,55,0,9,336,3
2021-03-10 01,1.488,0,55,0,8,331,3
2021-03-10 02,1.253,0,55,0,7,347,3
2021-03-10 03,1.256,0,60,0,7,347,3
2021-03-10 04,1.276,0,60,0,7,299,2
2021-03-10 05,1.26,0,60,0,6,324,2
2021-03-10 06,1.564,0,65,0,6,46,1
2021-03-10 07,2.595,0,60,0,7,195,0
2021-03-10 08,2.585,0,55,0,9,344,1
2021-03-10 09,2.564,0,40,0,12,41,1
2021-03-10 10,2.228,0,35,0,15,139,1
2021-03-10 11,1.736,0,30,0,15,115,3
2021-03-10 12,0.978,0,30,0,16,115,2
2021-03-10 13,1.346,0,30,0,17,144,2
2021-03-10 14,1.086,0,30,0,17,177,2
2021-03-10 15,0.486,0,35,0,17,181,2
2021-03-10 16,0.412,0,45,0,15,208,4
2021-03-10 17,0.37,0,55,0,13,208,3
2021-03-10 18,0.367,0,65,0,11,205,2
2021-03-10 19,0.319,0,65,0,10,237,1
2021-03-10 20,1.292,0,70,0,9,318,1
2021-03-10 21,1.97,0,75,0,8,329,1
2021-03-10 22,1.562,0,75,0,7,305,1
2021-03-10 23,1.525,0,85,0,6,309,1
2021-03-11 00,1.452,0,80,0,6,294,1
2021-03-11 01,1.358,0,85,0,5,324,1
2021-03-11 02,1.28,0,85,0,5,307,1
2021-03-11 03,1.262,0,90,0,4,327,1
2021-03-11 04,1.252,0,85,0,5,311,1
2021-03-11 05,1.254,0,90,0,4,312,2
2021-03-11 06,1.54,0,85,0,5,322,2
2021-03-11 07,2.557,0,85,0,6,330,1
2021-03-11 08,2.577,0,75,0,9,301,1
2021-03-11 09,2.583,0,55,0,11,121,1
2021-03-11 10,2.214,0,50,0,13,132,1
2021-03-11 11,0.91,0,45,0,14,127,1
2021-03-11 12,0.925,0,35,0,15,116,1
2021-03-11 13,0.989,0,35,0,16,110,2
2021-03-11 14,1.115,0,45,0,16,194,2
2021-03-11 15,0.953,0,45,0,16,184,1
2021-03-11 16,0.952,0,55,0,15,184,2
2021-03-11 17,0.935,0,60,0,14,196,1
2021-03-11 18,0.931,0,65,0,13,185,1
2021-03-11 19,1.07,0,65,0,13,200,1
2021-03-11 20,1.539,0,70,0,12,208,1
2021-03-11 21,1.42,5,75,0.2,12,289,0
2021-03-11 22,1.396,5,85,0.2,11,322,1
2021-03-11 23,1.151,1,95,0.8,11,356,1
2021-03-12 00,1.005,1,95,0.9,10,343,1
2021-03-12 01,1.392,1,95,1.1,10,10,0
2021-03-12 02,1.343,1,95,0.8,10,66,1
2021-03-12 03,1.313,1,95,1.6,10,63,1
2021-03-12 04,1.317,1,95,1.5,9,60,1
2021-03-12 05,1.279,1,95,1.1,9,56,2
2021-03-12 06,1.255,1,95,0.3,9,68,1
2021-03-12 07,1.408,1,95,0.4,10,57,1
2021-03-12 08,1.413,1,95,0.3,10,44,1
2021-03-12 09,1.448,1,95,0.4,10,41,2
2021-03-12 10,1.58,1,90,0.4,10,1,1
2021-03-12 11,1.24,5,90,0.1,10,15,1
2021-03-12 12,0.892,1,90,0.3,10,314,3
2021-03-12 13,0.749,1,95,0.4,10,327,2
2021-03-12 14,0.619,5,95,0.1,11,42,1
2021-03-12 15,0.786,5,90,0.1,11,7,1
2021-03-12 16,0.916,0,90,0,11,347,1
2021-03-12 17,1.246,5,90,0.2,11,342,2
2021-03-12 18,0.971,5,90,0.1,10,348,1
2021-03-12 19,0.891,0,90,0,10,287,1
2021-03-12 20,0.914,5,90,0.1,10,48,0
2021-03-12 21,0.87,0,90,0,10,313,1
2021-03-12 22,1.385,0,85,0,10,57,1
2021-03-12 23,1.335,0,85,0,9,33,1
2021-03-13 00,1.31,0,90,0,8,297,1
2021-03-13 01,1.252,0,90,0,7,320,2
2021-03-13 02,1.254,0,95,0,7,305,1
2021-03-13 03,1.24,0,95,0,6,322,1
2021-03-13 04,1.228,0,95,0,5,324,1
2021-03-13 05,1.356,0,95,0,4,315,1
2021-03-13 06,1.008,0,95,0,5,317,1
2021-03-13 07,0.841,0,95,0,6,335,1
2021-03-13 08,0.838,0,85,0,9,324,1
2021-03-13 09,0.849,0,60,0,12,177,0
2021-03-13 10,1.242,0,50,0,14,199,1
2021-03-13 11,1.022,0,40,0,15,193,1
2021-03-13 12,0.909,0,45,0,15,210,1
2021-03-13 13,0.956,0,40,0,16,228,2
2021-03-13 14,0.878,0,40,0,16,211,3
2021-03-13 15,0.941,0,45,0,15,208,4
2021-03-13 16,0.936,0,50,0,14,216,3
2021-03-13 17,0.936,0,55,0,13,196,3
2021-03-13 18,1.111,0,65,0,11,200,2
2021-03-13 19,1.056,0,75,0,10,170,1
2021-03-13 20,0.783,0,80,0,9,112,0
2021-03-13 21,0.909,0,85,0,8,307,1
2021-03-13 22,1.429,0,75,0,9,335,2
2021-03-13 23,1.378,0,75,0,9,322,2
2021-03-14 00,1.453,0,80,0,8,303,1
2021-03-14 01,1.379,0,80,0,7,323,1
2021-03-14 02,1.365,0,85,0,6,293,0
2021-03-14 03,1.272,0,90,0,6,307,1
2021-03-14 04,1.297,0,90,0,5,211,0
2021-03-14 05,1.28,0,95,0,5,224,0
2021-03-14 06,1.168,0,95,0,5,272,0
2021-03-14 07,1.074,0,80,0,7,319,1
2021-03-14 08,1.151,0,65,0,10,307,2
2021-03-14 09,0.82,0,50,0,13,338,2
2021-03-14 10,1.255,0,45,0,15,333,2
2021-03-14 11,0.721,0,40,0,16,319,4
2021-03-14 12,0.725,0,40,0,17,328,4
2021-03-14 13,0.757,0,40,0,17,344,3
2021-03-14 14,0.804,0,35,0,17,350,4
2021-03-14 15,0.797,0,35,0,17,351,3
2021-03-14 16,0.756,0,40,0,16,347,4
2021-03-14 17,0.762,0,40,0,15,322,3
2021-03-14 18,0.777,0,50,0,13,324,2
2021-03-14 19,0.712,0,55,0,12,315,1
2021-03-14 20,0.743,0,55,0,11,315,2
2021-03-14 21,0.737,0,60,0,11,315,2
2021-03-14 22,0.73,0,65,0,9,287,1
2021-03-14 23,0.734,0,75,0,8,338,1
2021-03-15 00,0.973,0,75,0,8,305,2
2021-03-15 01,1.524,0,80,0,7,305,1
2021-03-15 02,1.344,0,85,0,6,327,1
2021-03-15 03,1.329,0,85,0,5,318,1
2021-03-15 04,1.309,0,90,0,5,323,1
2021-03-15 05,1.314,0,90,0,4,179,0
2021-03-15 06,1.259,0,95,0,4,143,0
2021-03-15 07,1.196,0,85,0,6,288,0
2021-03-15 08,1.292,0,75,0,9,326,1
2021-03-15 09,1.288,0,60,0,13,286,0
2021-03-15 10,1,0,55,0,14,273,0
2021-03-15 11,0.992,0,50,0,16,201,3
2021-03-15 12,0.93,0,55,0,16,207,3
2021-03-15 13,1.006,0,55,0,16,203,3
2021-03-15 14,1.064,0,60,0,17,202,3
2021-03-15 15,0.369,0,60,0,16,186,3
2021-03-15 16,0.362,0,60,0,16,186,3
2021-03-15 17,0.365,0,65,0,15,186,2
2021-03-15 18,0.358,0,75,0,15,200,1
2021-03-15 19,0.877,0,75,0,14,211,0
2021-03-15 20,1.057,0,75,0,14,203,0
2021-03-15 21,0.851,0,75,0,14,279,1
2021-03-15 22,0.79,0,80,0,13,274,1
2021-03-15 23,1.019,5,90,0.1,13,320,1
2021-03-16 00,1.279,5,95,0.2,12,310,2
2021-03-16 01,1.514,1,95,0.3,12,310,1
2021-03-16 02,1.34,5,100,0.2,12,311,1
2021-03-16 03,1.292,0,95,0,12,339,1
2021-03-16 04,1.312,0,100,0,12,219,0
2021-03-16 05,1.283,0,100,0,13,305,1
2021-03-16 06,1.232,0,95,0,13,281,2
2021-03-16 07,1.119,0,85,0,14,327,3
2021-03-16 08,1.226,0,75,0,15,332,4
2021-03-16 09,0.899,0,65,0,16,330,4
2021-03-16 10,0.777,0,55,0,16,342,4
2021-03-16 11,0.759,0,45,0,18,334,4
2021-03-16 12,0.809,0,30,0,19,335,4
2021-03-16 13,1.163,0,25,0,20,320,5
2021-03-16 14,1.43,0,20,0,20,325,4
2021-03-16 15,1.496,0,20,0,20,318,4
2021-03-16 16,1.29,0,20,0,20,316,4
2021-03-16 17,1.319,0,20,0,18,319,4
2021-03-16 18,0.781,0,30,0,15,321,4
2021-03-16 19,0.74,0,40,0,13,338,3
2021-03-16 20,0.77,0,45,0,12,324,4
2021-03-16 21,0.971,0,45,0,11,334,3
2021-03-16 22,1.63,0,50,0,10,322,3
2021-03-16 23,1.597,0,50,0,9,324,2
2021-03-17 00,1.37,0,50,0,8,317,2
2021-03-17 01,0.9,0,50,0,8,337,2
2021-03-17 02,1.324,0,55,0,7,339,2
2021-03-17 03,1.292,0,65,0,6,338,1
2021-03-17 04,1.301,0,60,0,5,300,1
2021-03-17 05,1.296,0,60,0,5,356,1
2021-03-17 06,1.281,0,65,0,5,316,1
2021-03-17 07,2.404,0,55,0,7,319,1
2021-03-17 08,2.673,0,45,0,10,346,1
2021-03-17 09,2.258,0,35,0,13,145,0
2021-03-17 10,1.532,0,25,0,14,128,1
2021-03-17 11,1.084,0,25,0,15,285,1
2021-03-17 12,1.615,0,20,0,17,122,1
2021-03-17 13,1.003,0,25,0,17,153,1
2021-03-17 14,1.199,0,25,0,17,156,1
2021-03-17 15,0.97,0,30,0,17,181,3
2021-03-17 16,0.919,0,40,0,16,193,3
2021-03-17 17,0.788,0,50,0,14,198,3
2021-03-17 18,0.837,0,65,0,13,206,2
2021-03-17 19,0.809,0,70,0,12,205,1
2021-03-17 20,0.764,0,70,0,11,242,1
2021-03-17 21,0.821,0,75,0,10,248,1
2021-03-17 22,1.171,0,80,0,9,318,1
2021-03-17 23,1.109,0,85,0,8,311,1
2021-03-18 00,1.03,0,85,0,8,309,1
2021-03-18 01,1.302,0,90,0,7,312,1
2021-03-18 02,1.282,0,90,0,7,329,2
2021-03-18 03,1.271,0,90,0,6,314,2
2021-03-18 04,1.258,0,90,0,6,314,1
2021-03-18 05,1.233,0,95,0,6,319,1
2021-03-18 06,1.268,0,90,0,6,305,1
2021-03-18 07,1.103,0,90,0,7,335,1
2021-03-18 08,1.004,0,70,0,11,57,1
2021-03-18 09,0.993,0,60,0,14,126,2
2021-03-18 10,0.903,0,55,0,15,121,2
2021-03-18 11,0.842,0,50,0,16,113,3
2021-03-18 12,0.947,0,45,0,17,121,2
2021-03-18 13,1.069,0,40,0,18,144,1
2021-03-18 14,1.343,0,40,0,19,142,1
2021-03-18 15,1.024,0,45,0,18,145,1
2021-03-18 16,0.778,0,50,0,18,211,2
2021-03-18 17,0.762,0,60,0,15,202,3
2021-03-18 18,0.779,0,65,0,14,208,2
2021-03-18 19,0.732,0,70,0,13,200,2
2021-03-18 20,0.782,0,75,0,11,214,1
2021-03-18 21,1.282,0,80,0,11,117,0
2021-03-18 22,1.292,0,85,0,10,307,1
2021-03-18 23,1.303,0,85,0,10,332,1
2021-03-19 00,1.268,0,80,0,10,48,1
2021-03-19 01,1.433,0,80,0,10,80,1
2021-03-19 02,1.243,0,85,0,9,60,1
2021-03-19 03,1.26,0,75,0,10,97,2
2021-03-19 04,1.234,0,75,0,10,87,3
2021-03-19 05,1.227,0,70,0,10,78,2
2021-03-19 06,1.433,0,75,0,10,33,1
2021-03-19 07,2.418,0,70,0,10,68,1
2021-03-19 08,2.637,0,60,0,12,80,2
2021-03-19 09,2.643,0,50,0,14,112,3
2021-03-19 10,2.544,0,45,0,15,115,3
2021-03-19 11,2.049,0,45,0,16,113,3
2021-03-19 12,1.263,0,45,0,17,122,3
2021-03-19 13,0.999,0,40,0,18,129,3
2021-03-19 14,0.934,0,40,0,19,130,3
2021-03-19 15,1.153,0,45,0,18,137,2
2021-03-19 16,1.442,0,50,0,17,178,3
2021-03-19 17,0.779,0,60,0,15,168,2
2021-03-19 18,0.771,0,60,0,14,156,2
2021-03-19 19,0.915,0,60,0,14,165,2
2021-03-19 20,0.81,0,65,0,13,93,3
2021-03-19 21,1.282,0,60,0,13,101,2
2021-03-19 22,1.301,0,60,0,13,99,2
2021-03-19 23,1.434,0,60,0,13,115,2
2021-03-20 00,1.387,5,60,0.1,13,101,2
2021-03-20 01,1.291,1,70,0.6,12,110,3
2021-03-20 02,1.268,1,75,0.8,10,99,2
2021-03-20 03,1.28,1,85,0.5,9,107,2
2021-03-20 04,1.242,1,85,0.5,9,84,2
2021-03-20 05,1.252,5,85,0.1,9,70,2
2021-03-20 06,1.622,1,95,1.7,9,78,2
2021-03-20 07,2.082,1,95,1.8,8,106,1
2021-03-20 08,2.093,1,95,0.4,9,88,1
2021-03-20 09,2.111,1,95,0.3,9,74,1
2021-03-20 10,0.922,0,95,0,10,139,0
2021-03-20 11,0.713,5,95,0.2,10,304,0
2021-03-20 12,0.484,5,95,0.1,11,126,0
2021-03-20 13,0.958,0,95,0,11,12,1
2021-03-20 14,0.912,0,95,0,12,347,2
2021-03-20 15,0.731,0,90,0,12,337,3
2021-03-20 16,0.995,0,80,0,13,333,3
2021-03-20 17,1.124,0,80,0,13,340,2
2021-03-20 18,1.499,0,90,0,12,15,1
2021-03-20 19,1.469,0,85,0,12,342,2
2021-03-20 20,1.52,0,85,0,12,327,2
2021-03-20 21,1.513,0,80,0,12,317,2
2021-03-20 22,1.319,0,80,0,11,320,3
2021-03-20 23,1.502,0,80,0,11,320,3
2021-03-21 00,1.407,0,80,0,10,309,4
2021-03-21 01,1.392,0,80,0,9,315,4
2021-03-21 02,1.275,0,80,0,9,316,4
2021-03-21 03,1.266,0,80,0,8,325,5
2021-03-21 04,1.256,0,75,0,7,323,4
2021-03-21 05,2.253,0,75,0,7,322,6
2021-03-21 06,2.564,0,70,0,7,329,4
2021-03-21 07,2.364,0,65,0,7,317,4
2021-03-21 08,1.405,0,60,0,8,309,5
2021-03-21 09,1.426,0,55,0,10,321,4
2021-03-21 10,1.434,0,50,0,11,323,5
2021-03-21 11,1.014,0,45,0,12,324,7
2021-03-21 12,0.892,0,45,0,12,340,5
2021-03-21 13,0.789,0,40,0,12,330,7
2021-03-21 14,0.983,0,35,0,11,333,7
2021-03-21 15,0.807,0,35,0,11,335,7
2021-03-21 16,0.778,0,35,0,10,335,8
2021-03-21 17,0.774,0,40,0,8,334,7
2021-03-21 18,0.767,0,50,0,7,329,5
2021-03-21 19,0.805,0,55,0,6,334,4
2021-03-21 20,0.809,0,55,0,6,326,3
2021-03-21 21,1.01,0,50,0,6,322,3
2021-03-21 22,1.739,0,55,0,6,321,3
2021-03-21 23,1.465,0,55,0,5,316,5
2021-03-22 00,1.373,0,55,0,5,320,4
2021-03-22 01,1.404,0,55,0,5,330,4
2021-03-22 02,1.276,0,50,0,5,340,4
2021-03-22 03,1.287,0,55,0,5,332,4
2021-03-22 04,1.253,0,50,0,4,332,3
2021-03-22 05,1.24,0,55,0,4,335,4
2021-03-22 06,1.222,0,55,0,4,311,2
2021-03-22 07,1.276,0,50,0,6,333,3
2021-03-22 08,1.341,0,40,0,7,349,4
2021-03-22 09,1.262,0,30,0,9,348,5
2021-03-22 10,1.281,0,30,0,10,359,4
2021-03-22 11,1.289,0,25,0,12,334,5
2021-03-22 12,1.307,0,25,0,12,332,5
2021-03-22 13,1.347,0,25,0,13,321,6
2021-03-22 14,1.039,0,30,0,13,327,5
2021-03-22 15,0.378,0,25,0,13,317,6
2021-03-22 16,0.504,0,25,0,13,329,7
2021-03-22 17,0.321,0,25,0,12,315,5
2021-03-22 18,0.951,0,35,0,10,308,4
2021-03-22 19,0.525,0,40,0,9,288,3
2021-03-22 20,0.395,0,40,0,8,287,3
2021-03-22 21,0.398,0,50,0,8,295,3
2021-03-22 22,0.381,0,60,0,7,314,2
2021-03-22 23,0.358,0,65,0,7,287,2
2021-03-23 00,0.754,0,70,0,6,309,2
2021-03-23 01,1.557,0,70,0,6,240,2
2021-03-23 02,1.363,0,75,0,5,301,1
2021-03-23 03,1.32,0,75,0,5,273,1
2021-03-23 04,1.318,0,80,0,4,10,0
2021-03-23 05,1.295,0,85,0,3,167,0
2021-03-23 06,1.292,0,80,0,4,197,1
2021-03-23 07,1.332,0,70,0,7,113,0
2021-03-23 08,1.295,0,60,0,9,267,1
2021-03-23 09,1.401,0,50,0,13,220,1
2021-03-23 10,1.276,0,40,0,15,284,2
2021-03-23 11,1.267,0,35,0,17,275,3
2021-03-23 12,1.557,0,30,0,17,282,3
2021-03-23 13,1.206,0,25,0,18,265,3
2021-03-23 14,0.998,0,30,0,18,269,3
2021-03-23 15,0.991,0,30,0,18,274,3
2021-03-23 16,1.232,0,30,0,17,269,4
2021-03-23 17,1.424,0,30,0,16,282,3
2021-03-23 18,1.01,0,35,0,14,274,2
2021-03-23 19,0.583,0,40,0,13,278,2
2021-03-23 20,0.299,0,45,0,11,255,2
2021-03-23 21,0.332,0,50,0,10,261,1
2021-03-23 22,1.144,0,60,0,9,275,2
2021-03-23 23,1.121,0,65,0,8,246,2
2021-03-24 00,1.087,0,70,0,7,250,2
2021-03-24 01,1.121,0,70,0,7,253,2
2021-03-24 02,1.11,0,75,0,5,5,1
2021-03-24 03,1.21,0,80,0,4,14,0
2021-03-24 04,1.323,0,80,0,4,306,0
2021-03-24 05,1.246,0,85,0,4,323,1
2021-03-24 06,1.366,0,80,0,4,305,1
2021-03-24 07,1.197,0,75,0,7,309,0
2021-03-24 08,1.206,0,50,0,9,313,1
2021-03-24 09,0.857,0,40,0,12,355,0
2021-03-24 10,0.532,0,40,0,14,86,0
2021-03-24 11,1.038,0,45,0,15,63,0
2021-03-24 12,1.9,0,45,0,15,202,2
2021-03-24 13,1.877,0,45,0,17,176,1
2021-03-24 14,1.568,0,45,0,16,225,3
2021-03-24 15,1.085,0,45,0,16,252,2
2021-03-24 16,0.674,0,45,0,16,218,1
2021-03-24 17,0.71,0,55,0,15,220,2
2021-03-24 18,0.678,0,65,0,14,202,1
2021-03-24 19,0.763,0,70,0,12,231,1
2021-03-24 20,0.897,0,75,0,12,355,1
2021-03-24 21,0.726,0,75,0,11,334,1
2021-03-24 22,0.774,0,80,0,10,331,0
2021-03-24 23,0.887,0,85,0,9,285,0
2021-03-25 00,1.373,0,90,0,8,322,1
2021-03-25 01,1.046,0,95,0,8,349,1
2021-03-25 02,0.769,0,95,0,7,178,0
2021-03-25 03,0.76,0,95,0,7,286,0
2021-03-25 04,0.763,0,95,0,6,331,1
2021-03-25 05,0.761,0,90,0,6,329,1
2021-03-25 06,0.727,0,90,0,7,354,1
2021-03-25 07,0.852,0,75,0,10,280,1
2021-03-25 08,0.863,0,60,0,12,354,1
2021-03-25 09,0.957,0,50,0,16,17,1
2021-03-25 10,0.868,0,35,0,18,52,1
2021-03-25 11,0.899,0,35,0,19,171,0
2021-03-25 12,0.853,0,35,0,20,157,2
2021-03-25 13,0.914,0,30,0,21,199,2
2021-03-25 14,0.755,0,30,0,22,239,4
2021-03-25 15,0.933,0,30,0,21,229,3
2021-03-25 16,0.973,0,40,0,19,190,5
2021-03-25 17,0.831,0,50,0,17,184,4
2021-03-25 18,0.844,0,55,0,15,174,3
2021-03-25 19,0.68,0,60,0,14,203,1
2021-03-25 20,0.694,0,65,0,13,325,1
2021-03-25 21,0.924,0,70,0,11,230,0
2021-03-25 22,1.232,0,75,0,10,129,0
2021-03-25 23,0.952,0,65,0,11,301,1
2021-03-26 00,1.108,0,70,0,9,62,0
2021-03-26 01,1.285,0,65,0,8,167,0
2021-03-26 02,1.222,0,65,0,8,211,0
2021-03-26 03,1.206,0,75,0,7,313,1
2021-03-26 04,1.188,0,70,0,6,254,0
2021-03-26 05,1.194,0,75,0,6,281,1
2021-03-26 06,1.26,0,75,0,6,302,0
2021-03-26 07,0.708,0,65,0,10,309,0
2021-03-26 08,1.148,0,50,0,12,6,1
2021-03-26 09,0.958,0,45,0,17,160,1
2021-03-26 10,0.961,0,40,0,19,319,0
2021-03-26 11,1.074,0,35,0,21,203,0
2021-03-26 12,0.426,0,30,0,22,123,0
2021-03-26 13,0.439,0,25,0,23,186,2
2021-03-26 14,0.448,0,20,0,23,175,2
2021-03-26 15,0.559,0,20,0,22,189,3
2021-03-26 16,1.273,0,25,0,20,173,4
2021-03-26 17,1.243,0,25,0,19,166,3
2021-03-26 18,0.912,0,35,0,16,172,3
2021-03-26 19,0.859,0,50,0,15,195,1
2021-03-26 20,0.812,0,55,0,13,196,1
2021-03-26 21,0.841,0,60,0,12,234,0
2021-03-26 22,1.067,0,60,0,12,328,1
2021-03-26 23,1.726,0,65,0,11,357,0
2021-03-27 00,0.925,0,70,0,10,267,1
2021-03-27 01,1.227,0,75,0,9,313,0
2021-03-27 02,1.167,0,75,0,9,280,1
2021-03-27 03,1.112,0,80,0,8,216,0
2021-03-27 04,1.124,0,80,0,8,258,0
2021-03-27 05,1.153,0,80,0,8,291,1
2021-03-27 06,0.771,0,75,0,10,212,0
2021-03-27 07,0.357,0,75,0,11,179,0
2021-03-27 08,0.387,0,65,0,14,126,1
2021-03-27 09,0.396,0,65,0,14,93,1
2021-03-27 10,0.412,0,65,0,15,163,1
2021-03-27 11,1.141,0,70,0,15,111,1
2021-03-27 12,0.786,1,95,0.7,15,153,2
2021-03-27 13,0.814,1,95,1.5,15,162,2
2021-03-27 14,0.792,1,95,1.1,16,143,3
2021-03-27 15,0.794,1,95,0.7,16,143,3
2021-03-27 16,0.805,1,100,2.2,15,154,3
2021-03-27 17,0.831,1,100,3.5,16,171,4
2021-03-27 18,0.655,1,95,5,16,204,3
2021-03-27 19,0.626,1,100,4.2,16,185,3
2021-03-27 20,0.712,1,95,0.6,16,222,3
2021-03-27 21,0.651,1,95,0.5,16,211,1
2021-03-27 22,1.095,1,95,1.2,16,216,1
2021-03-27 23,1.246,1,95,0.4,16,234,2
2021-03-28 00,1.373,0,95,0,16,228,2
2021-03-28 01,1.257,5,95,0.2,15,259,2
2021-03-28 02,1.218,0,95,0,15,217,2
2021-03-28 03,1.142,0,95,0,15,258,3
2021-03-28 04,1.163,0,80,0,14,301,4
2021-03-28 05,1.141,0,75,0,13,306,4
2021-03-28 06,1.174,0,75,0,12,298,3
2021-03-28 07,0.943,0,75,0,13,280,3
2021-03-28 08,0.885,0,70,0,13,294,3
2021-03-28 09,0.915,0,65,0,14,308,4
2021-03-28 10,0.897,0,65,0,16,301,3
2021-03-28 11,1.063,0,65,0,15,302,4
2021-03-28 12,1.474,0,65,0,16,329,4
2021-03-28 13,1.457,0,60,0,17,334,4
2021-03-28 14,1.467,0,55,0,18,340,4
2021-03-28 15,0.823,0,55,0,18,336,4
2021-03-28 16,1.026,0,50,0,19,321,3
2021-03-28 17,0.757,0,50,0,18,310,2
2021-03-28 18,0.219,0,60,0,16,288,2
2021-03-28 19,0.224,0,70,0,14,254,1
2021-03-28 20,0.461,0,75,0,13,285,1
2021-03-28 21,1.208,0,80,0,12,278,1
2021-03-28 22,1.259,0,85,0,12,269,1
2021-03-28 23,1.488,0,85,0,11,259,1
2021-03-29 00,1.307,0,85,0,11,233,2
2021-03-29 01,1.29,0,85,0,12,232,3
2021-03-29 02,1.228,0,80,0,14,279,3
2021-03-29 03,1.153,0,80,0,13,292,3
2021-03-29 04,1.168,0,75,0,13,292,3
2021-03-29 05,1.143,0,70,0,13,271,2
2021-03-29 06,1.139,0,55,0,12,267,2
2021-03-29 07,0.854,0,55,0,13,295,2
2021-03-29 08,1.152,0,45,0,14,315,3
2021-03-29 09,0.713,0,40,0,15,325,2
2021-03-29 10,0.665,0,35,0,16,310,3
2021-03-29 11,0.7,0,30,0,18,320,4
2021-03-29 12,0.688,0,25,0,19,326,4
2021-03-29 13,0.853,0,30,0,20,345,4
2021-03-29 14,0.87,0,30,0,20,339,3
2021-03-29 15,1.008,0,25,0,20,336,3
2021-03-29 16,1.619,0,25,0,19,311,3
2021-03-29 17,1.725,0,30,0,18,327,4
2021-03-29 18,1.235,0,35,0,16,360,2
2021-03-29 19,0.823,0,35,0,15,336,1
2021-03-29 20,1.309,0,40,0,14,295,1
2021-03-29 21,1.377,0,35,0,13,316,2
2021-03-29 22,1.115,0,35,0,13,318,2
2021-03-29 23,1.222,0,35,0,13,315,3
2021-03-30 00,1.337,0,35,0,13,320,2
2021-03-30 01,1.268,0,30,0,13,331,3
2021-03-30 02,1.206,0,35,0,12,336,2
2021-03-30 03,1.159,0,45,0,10,332,2
2021-03-30 04,1.105,0,45,0,10,310,1
2021-03-30 05,1.097,0,40,0,10,308,1
2021-03-30 06,1.08,0,45,0,10,327,2
2021-03-30 07,1.003,0,40,0,12,317,1
2021-03-30 08,1.133,0,35,0,13,25,1
2021-03-30 09,1.115,0,30,0,16,151,0
2021-03-30 10,0.823,5,25,0.1,16,118,2
2021-03-30 11,0.223,0,25,0,17,155,1
2021-03-30 12,0.222,0,20,0,19,42,1
2021-03-30 13,0.276,0,20,0,20,149,1
2021-03-30 14,0.218,0,25,0,20,163,2
2021-03-30 15,1.048,0,25,0,20,181,3
2021-03-30 16,0.71,0,30,0,19,186,3
2021-03-30 17,0.639,0,35,0,18,179,4
2021-03-30 18,0.672,0,35,0,15,196,2
2021-03-30 19,0.766,0,45,0,14,279,1
2021-03-30 20,1.047,0,55,0,11,266,0
2021-03-30 21,0.891,0,55,0,11,317,1
2021-03-30 22,0.988,0,60,0,9,332,0
2021-03-30 23,1.295,0,65,0,9,232,1
2021-03-31 00,1.323,0,70,0,8,279,0
2021-03-31 01,1.327,0,70,0,8,324,1
2021-03-31 02,1.182,0,70,0,7,243,1
2021-03-31 03,1.154,0,75,0,7,322,1
2021-03-31 04,1.179,0,80,0,6,282,1
2021-03-31 05,1.153,0,80,0,6,318,1
2021-03-31 06,1.24,0,75,0,7,308,1
2021-03-31 07,1.923,0,65,0,10,349,1
2021-03-31 08,2.215,0,55,0,13,18,0
2021-03-31 09,2.135,0,50,0,15,47,0
2021-03-31 10,1.219,0,40,0,18,143,0
2021-03-31 11,0.984,0,35,0,20,172,1
2021-03-31 12,0.96,0,30,0,20,154,1
2021-03-31 13,1.543,0,30,0,21,168,1
2021-03-31 14,1.523,0,30,0,21,186,3
2021-03-31 15,1.146,0,35,0,20,191,3
2021-03-31 16,0.746,0,35,0,19,202,3
2021-03-31 17,1.179,0,40,0,17,203,3
2021-03-31 18,1.034,0,50,0,16,207,3
2021-03-31 19,0.924,0,60,0,15,195,2
2021-03-31 20,1.558,0,60,0,14,272,1
2021-03-31 21,1.76,0,65,0,13,312,1
2021-03-31 22,1.285,0,70,0,12,354,1
2021-03-31 23,1.406,0,70,0,12,58,1
2021-04-01 00,1.315,0,70,0,12,47,1
2021-04-01 01,1.361,0,75,0,11,107,1
2021-04-01 02,1.293,0,70,0,11,46,1
2021-04-01 03,1.234,0,75,0,10,73,1
2021-04-01 04,1.202,0,75,0,10,66,1
2021-04-01 05,1.216,0,75,0,10,112,0
2021-04-01 06,1.48,0,70,0,11,85,1
2021-04-01 07,2.385,0,55,0,14,112,2
2021-04-01 08,2.554,0,40,0,16,119,3
2021-04-01 09,2.109,0,40,0,17,108,4
2021-04-01 10,1.732,0,35,0,18,106,4
2021-04-01 11,1.517,0,35,0,19,103,4
2021-04-01 12,1.06,0,35,0,20,103,4
2021-04-01 13,1.558,0,30,0,20,105,5
2021-04-01 14,1.129,0,30,0,20,114,3
2021-04-01 15,1.277,0,30,0,19,112,4
2021-04-01 16,1.179,0,30,0,19,103,4
2021-04-01 17,0.995,0,30,0,18,113,3
2021-04-01 18,0.923,0,35,0,17,101,3
2021-04-01 19,0.767,5,30,0.1,17,107,3
2021-04-01 20,1.176,5,30,0.1,17,96,4
2021-04-01 21,1.526,0,35,0,16,105,4
2021-04-01 22,1.196,0,35,0,15,86,3
2021-04-01 23,1.281,0,40,0,15,97,4
2021-04-02 00,1.68,0,40,0,15,90,3
2021-04-02 01,1.549,0,45,0,15,89,4
2021-04-02 02,1.249,0,45,0,15,91,4
2021-04-02 03,1.26,0,45,0,14,79,3
2021-04-02 04,1.254,0,45,0,14,96,3
2021-04-02 05,1.232,0,50,0,14,90,3
2021-04-02 06,1.236,0,50,0,15,90,2
2021-04-02 07,1.107,0,50,0,15,97,3
2021-04-02 08,1.091,0,55,0,16,104,3
2021-04-02 09,1.419,0,50,0,17,97,2
2021-04-02 10,1.144,0,50,0,19,108,4
2021-04-02 11,1.092,0,45,0,20,97,4
2021-04-02 12,1.668,0,45,0,21,99,3
2021-04-02 13,1.527,0,50,0,21,102,2
2021-04-02 14,0.954,0,50,0,21,101,3
2021-04-02 15,1.845,0,50,0,21,104,2
2021-04-02 16,1.254,0,55,0,20,103,2
2021-04-02 17,1.888,0,55,0,20,112,2
2021-04-02 18,1.318,0,60,0,19,109,2
2021-04-02 19,0.935,0,60,0,18,90,2
2021-04-02 20,1.023,0,60,0,18,110,2
2021-04-02 21,0.989,0,60,0,18,108,1
2021-04-02 22,1.476,0,60,0,18,111,2
2021-04-02 23,1.477,0,60,0,18,113,3
2021-04-03 00,1.431,0,60,0,18,104,2
2021-04-03 01,1.365,0,65,0,17,102,2
2021-04-03 02,1.329,0,65,0,17,102,2
2021-04-03 03,1.341,0,70,0,17,112,2
2021-04-03 04,1.332,0,70,0,17,117,2
2021-04-03 05,1.395,0,70,0,17,110,2
2021-04-03 06,0.894,5,75,0.1,17,129,1
2021-04-03 07,1.737,5,80,0.2,16,234,1
2021-04-03 08,1.758,5,95,0.2,15,124,1
2021-04-03 09,1.057,5,100,0.1,15,127,1
2021-04-03 10,0.746,5,100,0.2,15,118,1
2021-04-03 11,0.509,5,100,0.1,15,131,1
2021-04-03 12,0.574,1,100,1.2,15,89,1
2021-04-03 13,0.638,1,100,0.9,15,106,1
2021-04-03 14,0.548,1,100,1.9,15,79,1
2021-04-03 15,0.614,1,95,0.8,16,68,1
2021-04-03 16,0.599,1,100,0.7,16,75,0
2021-04-03 17,0.402,5,100,0.2,16,103,1
2021-04-03 18,0.904,5,95,0.1,16,69,0
2021-04-03 19,1.51,0,95,0,16,307,0
2021-04-03 20,1.423,5,95,0.2,16,35,0
2021-04-03 21,0.81,0,100,0,16,314,1
2021-04-03 22,0.791,0,100,0,16,235,0
2021-04-03 23,0.798,0,100,0,16,286,1
2021-04-04 00,0.761,0,100,0,16,212,1
2021-04-04 01,0.8,0,100,0,15,230,2
2021-04-04 02,0.981,0,100,0,15,236,2
2021-04-04 03,1.359,0,95,0,15,262,2
2021-04-04 04,1.331,5,95,0.2,15,258,1
2021-04-04 05,1.325,5,95,0.1,14,257,1
2021-04-04 06,1.304,5,90,0.2,14,268,2
2021-04-04 07,2.221,0,90,0,14,289,3
2021-04-04 08,1.824,0,85,0,16,327,1
2021-04-04 09,1.819,5,95,0.1,15,95,1
2021-04-04 10,1.221,0,90,0,14,132,3
2021-04-04 11,0.936,0,100,0,13,157,2
2021-04-04 12,1.529,0,95,0,13,203,1
2021-04-04 13,1.631,0,95,0,13,159,1
2021-04-04 14,0.948,0,95,0,13,162,1
2021-04-04 15,1.676,0,95,0,13,118,2
2021-04-04 16,1.325,0,95,0,12,119,1
2021-04-04 17,1.143,0,95,0,12,93,2
2021-04-04 18,1.183,0,95,0,11,113,2
2021-04-04 19,0.618,0,95,0,11,110,1
2021-04-04 20,0.379,0,95,0,10,111,2
2021-04-04 21,0.387,0,95,0,10,57,1
2021-04-04 22,0.417,0,95,0,9,86,1
2021-04-04 23,0.401,0,95,0,9,93,1
2021-04-05 00,1.357,0,90,0,9,185,0
2021-04-05 01,1.63,0,90,0,9,348,0
2021-04-05 02,1.288,0,90,0,9,22,1
2021-04-05 03,1.151,0,90,0,9,41,1
2021-04-05 04,0.841,0,85,0,9,89,2
2021-04-05 05,0.817,0,85,0,8,72,1
2021-04-05 06,0.808,0,80,0,8,61,1
2021-04-05 07,0.807,0,70,0,10,91,1
2021-04-05 08,0.827,0,50,0,11,87,2
2021-04-05 09,0.792,0,35,0,13,89,3
2021-04-05 10,1.209,0,30,0,14,92,3
2021-04-05 11,0.838,0,30,0,15,97,3
2021-04-05 12,1.274,0,35,0,16,126,2
2021-04-05 13,1.316,0,35,0,17,137,2
2021-04-05 14,1.336,0,35,0,18,140,2
2021-04-05 15,1.08,0,35,0,17,169,2
2021-04-05 16,1.226,0,35,0,17,163,1
2021-04-05 17,1.287,0,45,0,16,185,2
2021-04-05 18,1.1,0,55,0,13,189,3
2021-04-05 19,0.942,0,60,0,12,224,1
2021-04-05 20,0.87,0,65,0,11,344,0
2021-04-05 21,0.847,0,70,0,10,285,0
2021-04-05 22,0.826,0,75,0,8,234,1
2021-04-05 23,1.06,0,75,0,8,314,1
2021-04-06 00,1.442,0,80,0,7,307,1
2021-04-06 01,1.598,0,85,0,7,320,1
2021-04-06 02,1.457,0,90,0,6,311,1
2021-04-06 03,1.39,0,90,0,6,312,1
2021-04-06 04,1.391,0,90,0,6,310,1
2021-04-06 05,1.362,0,80,0,7,313,1
2021-04-06 06,1.33,0,75,0,7,314,1
2021-04-06 07,1.131,0,70,0,9,294,0
2021-04-06 08,1.211,0,60,0,10,256,1
2021-04-06 09,1.116,0,55,0,12,80,0
2021-04-06 10,1.113,0,50,0,14,0,0
2021-04-06 11,1.145,0,40,0,17,137,1
2021-04-06 12,1.75,0,35,0,19,40,1
2021-04-06 13,1.348,0,30,0,20,14,1
2021-04-06 14,1.208,0,25,0,21,329,3
2021-04-06 15,1.103,0,25,0,21,315,4
2021-04-06 16,1.051,0,20,0,21,322,5
2021-04-06 17,0.933,0,30,0,19,330,4
2021-04-06 18,0.947,0,30,0,18,329,4
2021-04-06 19,0.998,0,30,0,16,328,5
2021-04-06 20,1.546,0,30,0,15,321,4
2021-04-06 21,1.506,0,35,0,15,328,3
2021-04-06 22,1.523,0,40,0,14,336,3
2021-04-06 23,1.273,0,40,0,14,344,3
2021-04-07 00,1.032,0,40,0,14,345,3
2021-04-07 01,1.73,0,40,0,13,335,3
2021-04-07 02,1.5,0,40,0,13,341,4
2021-04-07 03,1.402,0,40,0,13,338,3
2021-04-07 04,1.365,0,45,0,12,326,2
2021-04-07 05,1.385,0,50,0,11,326,2
2021-04-07 06,1.351,0,50,0,11,331,2
2021-04-07 07,1.288,0,40,0,14,334,1
2021-04-07 08,1.694,0,40,0,16,347,2
2021-04-07 09,1.649,0,30,0,19,65,0
2021-04-07 10,2.522,0,30,0,20,103,1
2021-04-07 11,2.947,0,25,0,21,153,2
2021-04-07 12,2.139,0,25,0,22,166,1
2021-04-07 13,2.849,0,25,0,23,186,3
2021-04-07 14,2.32,0,30,0,22,178,4
2021-04-07 15,2.303,0,35,0,21,173,3
2021-04-07 16,1.743,0,35,0,19,188,4
2021-04-07 17,1.62,0,35,0,18,210,3
2021-04-07 18,0.95,0,40,0,16,185,2
2021-04-07 19,0.864,0,45,0,15,223,1
2021-04-07 20,1.024,0,50,0,14,113,0
2021-04-07 21,0.755,0,55,0,12,253,1
2021-04-07 22,1.45,0,60,0,12,287,0
2021-04-07 23,1.481,0,55,0,13,312,1
2021-04-08 00,1.438,0,55,0,12,300,1
2021-04-08 01,1.555,0,55,0,12,316,2
2021-04-08 02,1.466,0,50,0,12,310,2
2021-04-08 03,1.394,0,45,0,12,309,2
2021-04-08 04,1.39,0,50,0,11,306,2
2021-04-08 05,1.357,0,50,0,10,316,1
2021-04-08 06,1.333,0,50,0,11,315,2
2021-04-08 07,2.513,0,40,0,14,339,3
2021-04-08 08,2.894,0,35,0,16,352,3
2021-04-08 09,2.83,0,25,0,18,9,2
2021-04-08 10,2.407,0,20,0,20,4,1
2021-04-08 11,1.239,0,20,0,20,319,3
2021-04-08 12,2.043,0,20,0,21,349,3
2021-04-08 13,1.073,0,20,0,21,327,4
2021-04-08 14,0.979,0,20,0,22,327,4
2021-04-08 15,1.055,0,15,0,22,314,3
2021-04-08 16,0.863,0,20,0,21,323,4
2021-04-08 17,1.296,0,20,0,19,331,4
2021-04-08 18,1.403,0,20,0,17,321,4
2021-04-08 19,1.221,0,25,0,15,332,4
2021-04-08 20,1.304,0,30,0,14,332,3
2021-04-08 21,1.291,0,35,0,13,347,3
2021-04-08 22,1.585,0,40,0,13,339,2
2021-04-08 23,1.856,0,45,0,11,329,2
2021-04-09 00,1.664,0,45,0,11,335,2
2021-04-09 01,1.668,0,50,0,10,323,2
2021-04-09 02,1.444,0,55,0,9,297,2
2021-04-09 03,1.383,0,55,0,8,291,1
2021-04-09 04,1.376,0,60,0,7,316,1
2021-04-09 05,1.349,0,60,0,7,313,1
2021-04-09 06,1.368,0,60,0,8,327,1
2021-04-09 07,2.452,0,50,0,11,338,1
2021-04-09 08,2.683,0,40,0,13,343,0
2021-04-09 09,2.016,0,35,0,17,123,1
2021-04-09 10,1.121,0,30,0,17,107,4
2021-04-09 11,1.55,0,35,0,18,125,2
2021-04-09 12,1.984,0,35,0,19,134,2
2021-04-09 13,1.56,0,35,0,19,142,2
2021-04-09 14,1.99,0,45,0,19,192,4
2021-04-09 15,2.488,0,50,0,17,190,3
2021-04-09 16,1.02,1,55,0.3,16,157,2
2021-04-09 17,1.681,5,60,0.2,15,98,2
2021-04-09 18,1.211,0,60,0,13,105,4
2021-04-09 19,1.216,0,60,0,13,104,4
2021-04-09 20,1.05,0,60,0,12,99,3
2021-04-09 21,1.002,0,55,0,12,102,3
2021-04-09 22,1.047,0,60,0,12,105,3
2021-04-09 23,1.558,0,60,0,11,107,3
2021-04-10 00,1.442,0,60,0,11,99,3
2021-04-10 01,1.482,0,60,0,9,98,2
2021-04-10 02,1.365,0,60,0,9,68,2
2021-04-10 03,1.38,0,60,0,9,47,1
2021-04-10 04,1.36,0,70,0,8,18,1
2021-04-10 05,1.488,0,75,0,7,26,1
2021-04-10 06,2.202,0,70,0,8,26,1
2021-04-10 07,1.74,0,60,0,10,26,1
2021-04-10 08,1.821,0,45,0,12,103,2
2021-04-10 09,1.747,0,45,0,13,107,3
2021-04-10 10,0.928,0,40,0,15,114,3
2021-04-10 11,0.917,0,40,0,15,110,2
2021-04-10 12,1.401,0,40,0,16,91,1
2021-04-10 13,1.518,0,35,0,17,99,2
2021-04-10 14,1.063,0,40,0,17,162,1
2021-04-10 15,1.43,0,45,0,17,187,3
2021-04-10 16,1.439,0,50,0,16,196,4
2021-04-10 17,1.339,0,55,0,15,212,3
2021-04-10 18,1.541,0,65,0,13,195,2
2021-04-10 19,2.083,0,65,0,12,229,1
2021-04-10 20,1.008,0,70,0,11,296,1
2021-04-10 21,0.904,0,75,0,10,314,1
2021-04-10 22,0.84,0,80,0,9,317,2
2021-04-10 23,1.082,0,80,0,9,325,2
2021-04-11 00,1.767,0,90,0,8,310,1
2021-04-11 01,1.426,0,90,0,7,309,1
2021-04-11 02,1.306,0,90,0,7,320,1
2021-04-11 03,1.337,0,90,0,6,317,1
2021-04-11 04,1.325,0,95,0,6,324,1
2021-04-11 05,1.361,0,95,0,6,317,1
2021-04-11 06,1.233,0,90,0,7,313,1
2021-04-11 07,1.769,0,70,0,10,314,1
2021-04-11 08,1.082,0,60,0,12,354,1
2021-04-11 09,1.268,0,45,0,16,114,2
2021-04-11 10,1.618,0,25,0,18,99,3
2021-04-11 11,1.506,0,20,0,19,105,2
2021-04-11 12,0.929,0,20,0,20,107,2
2021-04-11 13,0.943,0,20,0,20,100,2
2021-04-11 14,1.301,0,20,0,21,112,3
2021-04-11 15,1.594,0,25,0,21,115,2
2021-04-11 16,1.375,0,25,0,20,144,2
2021-04-11 17,1.409,0,30,0,19,155,2
2021-04-11 18,1.326,0,35,0,16,181,2
2021-04-11 19,1.32,0,45,0,15,220,1
2021-04-11 20,0.366,0,50,0,13,205,1
2021-04-11 21,0.752,0,60,0,12,198,1
2021-04-11 22,0.633,0,55,0,12,276,1
2021-04-11 23,1.389,0,60,0,12,323,0
2021-04-12 00,1.355,0,60,0,12,297,1
2021-04-12 01,1.422,0,55,0,12,75,1
2021-04-12 02,1.315,0,55,0,12,55,1
2021-04-12 03,1.307,0,55,0,12,81,1
2021-04-12 04,1.276,0,55,0,12,82,1
2021-04-12 05,1.29,1,60,0.4,12,75,1
2021-04-12 06,1.236,1,60,0.3,13,70,0
2021-04-12 07,1.427,1,80,0.6,12,86,1
2021-04-12 08,1.677,5,75,0.2,14,66,1
2021-04-12 09,1.323,1,75,0.6,14,86,2
2021-04-12 10,1.047,1,80,0.3,14,74,2
2021-04-12 11,0.89,1,85,0.6,14,99,3
2021-04-12 12,1.216,1,95,1.2,13,99,3
2021-04-12 13,1.244,1,95,0.9,13,99,2
2021-04-12 14,1.198,1,95,0.7,13,91,2
2021-04-12 15,1.284,1,100,1.1,13,109,1
2021-04-12 16,0.89,1,100,1,13,152,1
2021-04-12 17,1.065,1,100,0.7,13,73,1
2021-04-12 18,0.811,1,95,1.3,13,99,0
2021-04-12 19,0.819,1,100,1.8,14,202,3
2021-04-12 20,0.598,1,95,1,14,197,2
2021-04-12 21,1.631,1,100,0.7,15,191,3
2021-04-12 22,1.665,1,100,0.5,15,189,3
2021-04-12 23,1.593,1,100,0.3,15,190,2
2021-04-13 00,1.427,0,95,0,15,221,1
2021-04-13 01,1.463,0,95,0,15,246,1
2021-04-13 02,1.349,0,95,0,15,234,1
2021-04-13 03,1.245,0,95,0,15,302,3
2021-04-13 04,1.246,0,85,0,13,311,3
2021-04-13 05,1.394,0,85,0,13,289,3
2021-04-13 06,1.607,0,80,0,13,313,3
2021-04-13 07,1.972,0,80,0,14,297,3
2021-04-13 08,1.764,0,75,0,14,310,4
2021-04-13 09,1.21,0,70,0,16,301,3
2021-04-13 10,1.909,0,65,0,17,317,4
2021-04-13 11,1.456,0,60,0,17,308,4
2021-04-13 12,2.119,0,55,0,17,329,5
2021-04-13 13,1.703,0,50,0,18,337,5
2021-04-13 14,1.62,0,45,0,18,339,5
2021-04-13 15,1.498,0,45,0,18,313,6
2021-04-13 16,1.355,0,45,0,16,334,6
2021-04-13 17,1.443,0,45,0,15,330,4
2021-04-13 18,0.949,0,50,0,12,312,5
2021-04-13 19,1.134,0,50,0,10,319,4
2021-04-13 20,1.039,0,50,0,9,323,4
2021-04-13 21,1.395,0,55,0,7,325,4
2021-04-13 22,1.246,0,65,0,6,326,4
2021-04-13 23,1.085,0,60,0,6,325,4
2021-04-14 00,1.264,0,65,0,6,334,3
2021-04-14 01,1.585,0,60,0,6,337,3
2021-04-14 02,0.695,0,60,0,6,325,4
2021-04-14 03,0.761,0,60,0,6,329,4
2021-04-14 04,1.442,0,60,0,6,320,3
2021-04-14 05,1.43,0,60,0,6,324,5
2021-04-14 06,1.551,0,60,0,6,334,4
2021-04-14 07,2.506,0,55,0,7,338,4
2021-04-14 08,2.385,0,50,0,8,343,3
2021-04-14 09,1.56,0,40,0,10,343,4
2021-04-14 10,1.786,0,35,0,12,344,3
2021-04-14 11,1.523,0,30,0,14,350,2
2021-04-14 12,2.053,0,30,0,16,6,1
2021-04-14 13,1.909,0,25,0,17,348,4
2021-04-14 14,1.919,0,25,0,18,335,5
2021-04-14 15,1.558,0,25,0,17,320,5
2021-04-14 16,1.448,0,25,0,17,349,4
2021-04-14 17,1.483,0,25,0,16,340,5
2021-04-14 18,1.218,0,35,0,14,347,4
2021-04-14 19,1.218,0,40,0,13,347,4
2021-04-14 20,1.036,0,40,0,12,332,3
2021-04-14 21,0.834,0,45,0,11,343,3
2021-04-14 22,0.613,0,45,0,10,334,3
2021-04-14 23,0.472,0,50,0,9,324,3
2021-04-15 00,0.747,0,50,0,8,326,3
2021-04-15 01,1.653,0,55,0,7,290,1
2021-04-15 02,1.472,0,65,0,6,206,1
2021-04-15 03,1.444,0,65,0,5,12,1
2021-04-15 04,1.438,0,65,0,4,313,1
2021-04-15 05,1.457,0,70,0,4,275,1
2021-04-15 06,1.589,0,65,0,5,315,1
2021-04-15 07,1.302,0,50,0,8,326,1
2021-04-15 08,1.2,0,45,0,11,357,1
2021-04-15 09,1.321,0,35,0,14,128,1
2021-04-15 10,1.165,0,35,0,16,144,1
2021-04-15 11,0.789,0,25,0,17,182,0
2021-04-15 12,1.096,0,25,0,18,243,1
2021-04-15 13,0.972,0,20,0,18,244,0
2021-04-15 14,1.362,0,20,0,18,166,1
2021-04-15 15,1.821,0,25,0,18,178,3
2021-04-15 16,2.166,0,35,0,16,183,3
2021-04-15 17,1.044,0,35,0,16,181,3
2021-04-15 18,0.829,0,40,0,13,191,2
2021-04-15 19,0.452,0,55,0,11,204,1
2021-04-15 20,0.772,0,60,0,9,302,1
2021-04-15 21,1.123,0,70,0,8,318,1
2021-04-15 22,1.54,0,70,0,8,302,1
2021-04-15 23,1.486,0,70,0,7,314,2
2021-04-16 00,1.44,0,75,0,6,308,1
2021-04-16 01,1.518,0,80,0,6,318,1
2021-04-16 02,1.465,0,80,0,6,307,2
2021-04-16 03,1.516,0,80,0,6,302,1
2021-04-16 04,1.489,0,85,0,5,317,1
2021-04-16 05,1.214,0,85,0,6,299,1
2021-04-16 06,1.358,0,80,0,8,254,0
2021-04-16 07,2.44,0,75,0,10,323,1
2021-04-16 08,2.467,0,70,0,12,339,1
2021-04-16 09,1.993,0,60,0,14,308,0
2021-04-16 10,1.421,0,60,0,16,337,1
2021-04-16 11,1.456,0,55,0,18,213,1
2021-04-16 12,2.285,0,55,0,19,232,2
2021-04-16 13,2.774,0,50,0,20,197,3
2021-04-16 14,1.633,0,50,0,20,223,3
2021-04-16 15,2.022,0,55,0,20,221,3
2021-04-16 16,2.143,0,55,0,19,206,3
2021-04-16 17,1.472,0,65,0,17,177,4
2021-04-16 18,1.337,0,70,0,16,185,3
2021-04-16 19,1.328,0,75,0,16,180,2
2021-04-16 20,0.704,0,80,0,15,219,1
2021-04-16 21,0.698,0,80,0,15,232,1
2021-04-16 22,1.86,0,80,0,15,292,0
2021-04-16 23,1.363,0,80,0,14,211,0
2021-04-17 00,1.071,0,70,0,15,342,2
2021-04-17 01,0.979,0,70,0,14,327,1
2021-04-17 02,0.998,0,75,0,14,321,2
2021-04-17 03,0.92,0,75,0,13,318,2
2021-04-17 04,0.935,0,85,0,12,225,0
2021-04-17 05,1.05,0,90,0,10,307,0
2021-04-17 06,0.928,0,90,0,11,312,1
2021-04-17 07,0.661,0,75,0,14,330,1
2021-04-17 08,0.61,0,65,0,16,196,0
2021-04-17 09,0.578,0,60,0,18,253,1
2021-04-17 10,1.047,0,45,0,17,307,6
2021-04-17 11,1.314,0,35,0,18,329,5
2021-04-17 12,1.823,0,30,0,17,329,7
2021-04-17 13,1.666,0,25,0,17,327,7
2021-04-17 14,1.665,0,20,0,18,327,7
2021-04-17 15,1.496,0,25,0,17,301,6
2021-04-17 16,1.795,0,25,0,16,323,7
2021-04-17 17,1.4,0,25,0,14,326,5
2021-04-17 18,1.635,0,30,0,12,312,6
2021-04-17 19,1.653,0,30,0,11,317,6
2021-04-17 20,0.855,0,35,0,10,320,4
2021-04-17 21,0.693,0,35,0,9,317,4
2021-04-17 22,1.532,0,45,0,9,308,4
2021-04-17 23,1.017,0,45,0,9,310,4
2021-04-18 00,1.372,0,45,0,9,298,4
2021-04-18 01,1.274,0,50,0,9,315,4
2021-04-18 02,1.121,0,55,0,9,309,5
2021-04-18 03,1.341,0,55,0,9,314,5
2021-04-18 04,1.048,0,55,0,9,323,6
2021-04-18 05,0.987,0,55,0,9,329,3
2021-04-18 06,1.315,0,55,0,9,325,5
2021-04-18 07,1.151,0,50,0,10,324,6
2021-04-18 08,1.575,0,45,0,12,325,6
2021-04-18 09,1.046,0,40,0,13,338,6
2021-04-18 10,0.937,0,35,0,14,354,6
2021-04-18 11,1.335,0,35,0,15,350,4
2021-04-18 12,1.35,0,30,0,16,345,4
2021-04-18 13,1.678,0,30,0,18,334,5
2021-04-18 14,0.747,0,25,0,18,329,5
2021-04-18 15,2,0,25,0,18,338,5
2021-04-18 16,1.498,0,20,0,18,322,5
2021-04-18 17,1.188,0,25,0,17,323,5
2021-04-18 18,1.352,0,30,0,14,319,3
2021-04-18 19,1.355,0,30,0,13,319,4
2021-04-18 20,1.343,0,35,0,12,320,3
2021-04-18 21,1.156,0,40,0,10,304,1
2021-04-18 22,0.504,0,45,0,10,343,2
2021-04-18 23,0.986,0,45,0,9,293,2
2021-04-19 00,2.057,0,50,0,8,272,2
2021-04-19 01,1.656,0,55,0,8,290,2
2021-04-19 02,1.185,0,55,0,8,308,3
2021-04-19 03,0.932,0,60,0,7,297,2
2021-04-19 04,0.926,0,65,0,6,287,2
2021-04-19 05,0.931,0,65,0,6,304,2
2021-04-19 06,0.946,0,55,0,8,303,2
2021-04-19 07,1.18,0,45,0,11,307,2
2021-04-19 08,1.246,0,30,0,15,290,3
2021-04-19 09,2.784,0,25,0,17,300,4
2021-04-19 10,3.22,0,20,0,19,323,4
2021-04-19 11,1.971,0,20,0,20,345,5
2021-04-19 12,2.995,0,20,0,21,332,4
2021-04-19 13,3.357,0,25,0,22,336,4
2021-04-19 14,2.597,0,20,0,23,321,4
2021-04-19 15,3.22,0,20,0,23,331,4
2021-04-19 16,3.149,0,25,0,22,341,4
2021-04-19 17,3.102,0,25,0,22,329,4
2021-04-19 18,3.04,0,30,0,19,340,3
2021-04-19 19,2.443,0,35,0,17,313,1
2021-04-19 20,2.957,0,35,0,16,305,3
2021-04-19 21,2.999,0,40,0,14,276,2
2021-04-19 22,1.796,0,40,0,14,305,3
2021-04-19 23,1.628,0,40,0,13,300,3
2021-04-20 00,1.603,0,40,0,12,288,1
2021-04-20 01,1.142,0,45,0,12,305,2
2021-04-20 02,1.075,0,45,0,12,306,2
2021-04-20 03,1.03,0,40,0,12,329,2
2021-04-20 04,0.958,0,45,0,11,351,2
2021-04-20 05,1.032,0,60,0,9,217,1
2021-04-20 06,0.981,0,55,0,10,235,0
2021-04-20 07,1.678,0,45,0,14,193,0
2021-04-20 08,2.715,0,25,0,17,32,1
2021-04-20 09,2.107,0,25,0,20,13,1
2021-04-20 10,1.919,0,25,0,21,159,0
2021-04-20 11,1.402,0,20,0,23,146,0
2021-04-20 12,2.993,0,25,0,24,163,1
2021-04-20 13,1.865,0,20,0,24,179,3
2021-04-20 14,1.614,0,20,0,25,182,2
2021-04-20 15,1.276,0,20,0,24,178,3
2021-04-20 16,1.663,0,25,0,23,178,4
2021-04-20 17,1.528,0,30,0,21,191,3
2021-04-20 18,1.152,0,30,0,19,184,2
2021-04-20 19,1.41,0,45,0,16,241,1
2021-04-20 20,0.757,0,50,0,16,340,0
2021-04-20 21,1.198,0,50,0,14,278,1
2021-04-20 22,1.538,0,55,0,14,277,0
2021-04-20 23,0.765,0,55,0,13,322,1
2021-04-21 00,1.149,0,60,0,13,282,0
2021-04-21 01,0.676,0,60,0,12,315,1
2021-04-21 02,1.304,0,60,0,12,333,1
2021-04-21 03,1.23,0,65,0,11,228,0
2021-04-21 04,1.128,0,65,0,11,329,0
2021-04-21 05,1.388,0,70,0,11,330,1
2021-04-21 06,1.145,0,65,0,12,331,1
2021-04-21 07,1.483,0,50,0,15,8,0
2021-04-21 08,1.643,0,45,0,18,76,0
2021-04-21 09,1.698,0,40,0,20,268,1
2021-04-21 10,1.79,0,30,0,23,181,1
2021-04-21 11,1.985,0,30,0,24,168,1
2021-04-21 12,2.447,0,30,0,25,175,2
2021-04-21 13,3.211,0,30,0,25,187,3
2021-04-21 14,2.474,0,35,0,24,194,2
2021-04-21 15,3.24,0,35,0,23,190,2
2021-04-21 16,3.298,0,35,0,23,189,2
2021-04-21 17,3.083,0,40,0,21,185,2
2021-04-21 18,2.79,0,45,0,19,175,2
2021-04-21 19,2.083,0,55,0,17,204,1
2021-04-21 20,2.737,0,50,0,17,158,0
2021-04-21 21,0.837,0,60,0,16,318,1
2021-04-21 22,0.794,0,55,0,16,329,1
2021-04-21 23,0.685,0,55,0,15,220,1
2021-04-22 00,1.423,0,60,0,16,55,0
2021-04-22 01,1.47,0,65,0,15,314,1
2021-04-22 02,1.409,0,60,0,15,319,1
2021-04-22 03,1.018,0,65,0,14,315,1
2021-04-22 04,1.048,0,65,0,14,311,1
2021-04-22 05,1.575,0,65,0,14,1,1
2021-04-22 06,1.052,0,65,0,15,320,0
2021-04-22 07,1.359,0,55,0,17,184,0
2021-04-22 08,1.111,0,45,0,20,115,1
2021-04-22 09,1.038,0,40,0,21,105,1
2021-04-22 10,1.506,0,35,0,23,143,1
2021-04-22 11,2.204,5,30,0.1,23,93,1
2021-04-22 12,0.995,5,30,0.1,23,146,1
2021-04-22 13,0.987,5,40,0.1,22,134,1
2021-04-22 14,1.012,0,45,0,22,170,1
2021-04-22 15,0.796,0,40,0,22,102,1
2021-04-22 16,0.527,5,40,0.1,21,50,1
2021-04-22 17,0.496,5,50,0.1,20,326,0
2021-04-22 18,0.536,0,50,0,20,55,0
2021-04-22 19,0.502,0,50,0,18,331,1
2021-04-22 20,0.631,0,50,0,18,16,1
2021-04-22 21,1.423,0,50,0,18,32,0
2021-04-22 22,1.624,0,55,0,17,318,1
2021-04-22 23,1.391,0,55,0,16,213,0
2021-04-23 00,1.06,0,50,0,17,37,1
2021-04-23 01,1.105,0,50,0,17,81,2
2021-04-23 02,1.082,0,50,0,17,93,0
2021-04-23 03,0.94,0,45,0,18,139,1
2021-04-23 04,1.127,0,45,0,17,345,0
2021-04-23 05,1.959,5,45,0.1,17,7,1
2021-04-23 06,1.264,0,45,0,17,31,1
2021-04-23 07,2.203,0,40,0,19,67,2
2021-04-23 08,1.522,0,35,0,20,103,2
2021-04-23 09,1.589,0,35,0,21,105,3
2021-04-23 10,2.5,0,35,0,22,106,5
2021-04-23 11,2.205,0,35,0,23,91,4
2021-04-23 12,1.43,0,30,0,23,95,4
2021-04-23 13,0.638,0,30,0,25,89,3
2021-04-23 14,0.42,0,30,0,24,108,3
2021-04-23 15,1.052,0,30,0,24,106,3
2021-04-23 16,0.623,0,30,0,24,123,2
2021-04-23 17,1.84,0,35,0,22,149,2
2021-04-23 18,1.093,0,40,0,21,93,2
2021-04-23 19,0.944,0,40,0,20,102,3
2021-04-23 20,0.886,0,40,0,19,80,3
2021-04-23 21,0.928,0,40,0,18,81,2
2021-04-23 22,1.321,0,35,0,18,74,2
2021-04-23 23,1.71,0,35,0,17,89,2
2021-04-24 00,1.16,0,35,0,17,82,3
2021-04-24 01,1.392,0,35,0,17,95,2
2021-04-24 02,1.452,0,40,0,16,112,2
2021-04-24 03,1.424,0,40,0,16,118,1
2021-04-24 04,1.423,0,40,0,15,126,1
2021-04-24 05,1.463,0,50,0,13,124,0
2021-04-24 06,0.712,0,50,0,14,97,0
2021-04-24 07,1.33,0,50,0,16,54,0
2021-04-24 08,1.678,0,40,0,19,106,1
2021-04-24 09,1.339,0,35,0,21,107,3
2021-04-24 10,0.525,0,35,0,21,118,2
2021-04-24 11,0.623,0,40,0,22,126,1
2021-04-24 12,1.649,0,40,0,23,196,1
2021-04-24 13,1.117,0,40,0,23,174,2
2021-04-24 14,1.181,0,45,0,22,195,4
2021-04-24 15,2.104,0,50,0,21,196,4
2021-04-24 16,1.663,0,55,0,21,186,3
2021-04-24 17,1.066,0,60,0,19,214,3
2021-04-24 18,1.796,0,60,0,17,210,2
2021-04-24 19,1.89,0,65,0,16,210,1
2021-04-24 20,1.445,0,70,0,15,254,1
2021-04-24 21,1.218,0,65,0,16,253,1
2021-04-24 22,1.149,0,70,0,15,213,1
2021-04-24 23,1.101,0,75,0,14,256,0
2021-04-25 00,1.153,0,80,0,14,303,1
2021-04-25 01,1.817,0,80,0,13,244,0
2021-04-25 02,1.838,0,80,0,14,305,1
2021-04-25 03,2.003,0,85,0,14,320,1
2021-04-25 04,1.796,0,85,0,13,252,1
2021-04-25 05,1.499,0,90,0,12,213,1
2021-04-25 06,1.331,0,85,0,14,328,1
2021-04-25 07,2.48,0,65,0,17,296,0
2021-04-25 08,1.471,0,60,0,19,166,1
2021-04-25 09,1.25,0,50,0,20,121,3
2021-04-25 10,1.055,0,45,0,22,106,3
2021-04-25 11,1.157,0,45,0,22,164,3
2021-04-25 12,1.364,0,55,0,21,202,3
2021-04-25 13,2.334,0,50,0,21,195,4
2021-04-25 14,1.264,0,55,0,21,200,4
2021-04-25 15,0.919,0,55,0,20,182,3
2021-04-25 16,1.363,0,55,0,19,197,3
2021-04-25 17,1.546,0,60,0,18,215,2
2021-04-25 18,1.899,0,65,0,16,218,3
2021-04-25 19,1.237,5,70,0.1,15,198,2
2021-04-25 20,1.249,5,75,0.1,14,237,1
2021-04-25 21,1.287,0,75,0,14,179,0
2021-04-25 22,1.251,0,75,0,14,315,2
2021-04-25 23,2.216,0,75,0,14,304,1
2021-04-26 00,1.862,0,75,0,14,105,2
2021-04-26 01,1.972,0,60,0,14,104,2
2021-04-26 02,2.321,0,55,0,13,94,3
2021-04-26 03,2.513,0,55,0,13,96,2
2021-04-26 04,2.413,0,55,0,12,117,2
2021-04-26 05,2.043,0,55,0,12,107,3
2021-04-26 06,2.042,0,55,0,13,115,2
2021-04-26 07,1.283,0,45,0,15,102,2
2021-04-26 08,1.407,0,35,0,16,95,3
2021-04-26 09,0.799,0,40,0,17,92,3
2021-04-26 10,1.065,0,40,0,17,95,2
2021-04-26 11,0.612,0,40,0,18,122,3
2021-04-26 12,1.502,0,40,0,19,110,2
2021-04-26 13,0.965,0,40,0,20,118,3
2021-04-26 14,1.772,0,35,0,20,110,2
2021-04-26 15,1.606,0,40,0,19,158,3
2021-04-26 16,1.414,0,40,0,19,171,3
2021-04-26 17,1.333,0,40,0,18,177,3
2021-04-26 18,1.361,0,50,0,16,188,1
2021-04-26 19,1.24,0,55,0,14,240,1
2021-04-26 20,0.974,0,65,0,13,303,0
2021-04-26 21,0.978,0,65,0,13,313,1
2021-04-26 22,0.911,0,70,0,13,314,1
2021-04-26 23,0.988,0,75,0,11,273,0
2021-04-27 00,1.718,0,75,0,11,299,1
2021-04-27 01,2.106,0,80,0,10,323,1
2021-04-27 02,0.996,0,80,0,10,327,1
2021-04-27 03,1.013,0,80,0,10,322,1
2021-04-27 04,1.03,0,80,0,10,310,1
2021-04-27 05,0.912,0,80,0,10,310,2
2021-04-27 06,0.959,0,75,0,11,310,1
2021-04-27 07,1.763,0,70,0,13,331,0
2021-04-27 08,1.953,0,60,0,14,310,0
2021-04-27 09,1.578,0,60,0,15,252,0
2021-04-27 10,1.415,0,55,0,16,49,0
2021-04-27 11,1.254,0,55,0,17,96,0
2021-04-27 12,2.454,0,50,0,17,144,0
2021-04-27 13,3.486,0,50,0,19,161,1
2021-04-27 14,2.806,0,50,0,19,183,2
2021-04-27 15,2.067,0,50,0,19,184,2
2021-04-27 16,0.817,0,60,0,18,189,2
2021-04-27 17,0.001,0,65,0,17,197,2
2021-04-27 18,0.001,0,70,0,17,225,1
2021-04-27 19,0.001,0,75,0,16,244,1
2021-04-27 20,0.001,0,80,0,15,214,1
2021-04-27 21,0.001,0,80,0,15,255,1
2021-04-27 22,0.001,0,85,0,14,316,1
2021-04-27 23,0.001,0,85,0,14,299,1
2021-04-28 00,1.446,0,85,0,14,300,1
2021-04-28 01,1.365,0,90,0,13,273,0
2021-04-28 02,1.008,0,90,0,13,76,0
2021-04-28 03,1.497,0,90,0,13,251,1
2021-04-28 04,1.533,0,95,0,12,214,0
2021-04-28 05,1.567,0,95,0,11,224,1
2021-04-28 06,1.528,0,90,0,13,350,0
2021-04-28 07,1.546,0,75,0,16,254,0
2021-04-28 08,1.789,0,60,0,19,303,2
2021-04-28 09,2.107,0,55,0,21,313,2
2021-04-28 10,2.488,0,45,0,22,293,1
2021-04-28 11,1.495,0,45,0,22,206,2
2021-04-28 12,2.155,0,50,0,23,179,3
2021-04-28 13,2.136,0,45,0,23,186,3
2021-04-28 14,2.58,0,50,0,23,185,4
2021-04-28 15,2.165,0,50,0,23,185,3
2021-04-28 16,1.668,0,50,0,22,195,3
2021-04-28 17,1.192,0,60,0,20,191,4
2021-04-28 18,1.091,0,65,0,19,187,2
2021-04-28 19,1.05,0,65,0,18,194,2
2021-04-28 20,1.337,0,65,0,18,190,1
2021-04-28 21,1.567,0,65,0,17,191,1
2021-04-28 22,1.45,0,65,0,16,218,1
2021-04-28 23,1.352,0,65,0,16,323,1
2021-04-29 00,0.643,0,70,0,15,330,1
2021-04-29 01,1.442,0,75,0,15,276,1
2021-04-29 02,1.074,0,75,0,15,294,1
2021-04-29 03,0.974,0,75,0,15,326,2
2021-04-29 04,1.005,0,80,0,14,183,1
2021-04-29 05,0.96,0,75,0,14,308,1
2021-04-29 06,0.97,0,70,0,15,336,0
2021-04-29 07,1.196,0,65,0,16,274,1
2021-04-29 08,1.243,0,45,0,20,239,2
2021-04-29 09,2.022,0,50,0,20,252,2
2021-04-29 10,1.851,0,40,0,22,257,2
2021-04-29 11,1.515,0,25,0,23,296,4
2021-04-29 12,2.256,0,20,0,24,307,4
2021-04-29 13,2.468,0,20,0,25,304,3
2021-04-29 14,1.706,0,20,0,25,329,4
2021-04-29 15,1.717,0,20,0,24,292,3
2021-04-29 16,1.725,0,25,0,24,286,4
2021-04-29 17,1.763,0,30,0,22,293,2
2021-04-29 18,1.154,0,45,0,20,221,3
2021-04-29 19,1.096,0,55,0,19,238,4
2021-04-29 20,0.681,0,45,0,18,249,3
2021-04-29 21,1.643,0,50,0,17,198,2
2021-04-29 22,0.632,1,60,0.3,16,297,5
2021-04-29 23,0.602,1,65,0.6,15,292,4
2021-04-30 00,0.784,5,75,0.1,14,202,4
2021-04-30 01,1.478,0,80,0,14,225,3
2021-04-30 02,1.505,0,80,0,14,206,2
2021-04-30 03,1.4,0,80,0,14,258,2
2021-04-30 04,1.372,0,75,0,15,271,2
2021-04-30 05,0.986,0,75,0,14,269,3
2021-04-30 06,0.55,0,70,0,15,274,3
2021-04-30 07,1.206,0,60,0,16,280,4
2021-04-30 08,1.317,0,55,0,17,292,5
2021-04-30 09,1.7,0,45,0,18,296,6
2021-04-30 10,3.245,0,30,0,19,297,7
2021-04-30 11,2.484,0,25,0,20,299,6
2021-04-30 12,2.389,0,25,0,20,300,6
2021-04-30 13,2.569,0,25,0,21,302,6
2021-04-30 14,2.422,0,25,0,22,289,5
2021-04-30 15,2.817,0,25,0,21,292,4
2021-04-30 16,2.841,0,25,0,21,301,4
2021-04-30 17,1.777,0,20,0,20,307,2
2021-04-30 18,1.241,0,25,0,18,299,2
2021-04-30 19,1.368,0,30,0,17,326,1
2021-04-30 20,1.09,5,40,0.1,17,293,1
2021-04-30 21,0.663,1,70,1.9,13,294,1
2021-04-30 22,0.982,1,80,4.4,10,210,1
2021-04-30 23,1.372,1,85,2.2,10,194,1
2021-05-01 00,1.097,1,95,1.1,10,27,1
2021-05-01 01,0.966,1,100,5.6,9,156,1
2021-05-01 02,0.965,1,95,1.3,9,324,1
2021-05-01 03,0.947,1,95,1.8,10,348,1
2021-05-01 04,0.986,5,95,0.1,10,311,4
2021-05-01 05,1.063,0,95,0,10,311,1
2021-05-01 06,1.08,0,90,0,11,345,1
2021-05-01 07,1.179,0,85,0,11,313,3
2021-05-01 08,1.109,0,80,0,12,305,3
2021-05-01 09,1.012,0,70,0,12,328,4
2021-05-01 10,1.617,0,60,0,14,320,4
2021-05-01 11,1.561,0,60,0,13,316,4
2021-05-01 12,2.438,0,60,0,14,321,5
2021-05-01 13,2.905,0,50,0,15,313,5
2021-05-01 14,2.071,0,50,0,15,332,7
2021-05-01 15,2.723,0,45,0,14,331,7
2021-05-01 16,2.36,0,50,0,14,313,6
2021-05-01 17,2.228,0,50,0,13,313,5
2021-05-01 18,1.753,0,50,0,12,323,5
2021-05-01 19,1.538,0,55,0,12,309,5
2021-05-01 20,1.171,0,60,0,11,315,5
2021-05-01 21,0.452,0,60,0,11,311,4
2021-05-01 22,0.503,0,65,0,10,314,3
2021-05-01 23,0.836,0,65,0,11,306,4
2021-05-02 00,0.404,0,65,0,10,301,3
2021-05-02 01,0.567,0,70,0,10,272,1
2021-05-02 02,0.498,0,70,0,10,283,2
2021-05-02 03,1.537,0,75,0,9,293,2
2021-05-02 04,1.393,0,70,0,10,300,3
2021-05-02 05,1.385,0,70,0,9,301,3
2021-05-02 06,1.34,0,65,0,11,297,3
2021-05-02 07,1.597,0,65,0,11,298,3
2021-05-02 08,1.578,0,60,0,13,329,3
2021-05-02 09,1.764,0,55,0,14,334,6
2021-05-02 10,2.417,0,50,0,14,322,5
2021-05-02 11,1.376,0,45,0,16,340,5
2021-05-02 12,2.385,0,45,0,17,334,4
2021-05-02 13,1.956,0,40,0,18,321,3
2021-05-02 14,2.619,0,40,0,19,295,3
2021-05-02 15,2.036,0,40,0,19,314,4
2021-05-02 16,1.369,0,40,0,19,310,3
2021-05-02 17,1.796,0,40,0,18,314,3
2021-05-02 18,1.169,0,45,0,17,315,2
2021-05-02 19,1.388,0,50,0,15,311,1
2021-05-02 20,0.964,0,60,0,14,290,2
2021-05-02 21,0.641,0,65,0,12,322,2
2021-05-02 22,1.054,0,75,0,11,247,0
2021-05-02 23,0.68,0,75,0,10,256,0
2021-05-03 00,1.706,0,85,0,10,136,0
2021-05-03 01,1.599,0,85,0,9,297,1
2021-05-03 02,1.142,0,90,0,8,205,1
2021-05-03 03,0.576,0,90,0,9,37,1
2021-05-03 04,0.626,0,90,0,8,338,1
2021-05-03 05,0.6,0,90,0,8,314,1
2021-05-03 06,0.647,0,85,0,10,321,1
2021-05-03 07,1.256,0,70,0,13,312,1
2021-05-03 08,1.842,0,60,0,16,34,0
2021-05-03 09,1.158,0,50,0,18,173,1
2021-05-03 10,1.137,0,45,0,19,201,3
2021-05-03 11,0.936,0,40,0,20,197,2
2021-05-03 12,1.68,0,45,0,20,216,3
2021-05-03 13,1.168,0,45,0,20,196,3
2021-05-03 14,1.627,0,50,0,20,191,4
2021-05-03 15,1.754,0,50,0,20,201,4
2021-05-03 16,1.057,0,50,0,19,213,4
2021-05-03 17,0.959,0,60,0,18,203,3
2021-05-03 18,1.224,0,65,0,16,182,2
2021-05-03 19,0.94,0,70,0,16,180,1
2021-05-03 20,0.824,0,75,0,15,224,1
2021-05-03 21,1.575,0,80,0,14,155,0
2021-05-03 22,1.286,0,80,0,14,322,1
2021-05-03 23,1.263,0,85,0,14,276,1
2021-05-04 00,1.167,0,85,0,14,282,1
2021-05-04 01,1.08,0,85,0,13,336,1
2021-05-04 02,0.983,0,85,0,13,304,1
2021-05-04 03,0.946,0,90,0,13,304,1
2021-05-04 04,0.951,0,90,0,13,324,1
2021-05-04 05,0.957,0,85,0,14,250,0
2021-05-04 06,0.96,0,85,0,15,335,1
2021-05-04 07,1.091,0,80,0,16,319,0
2021-05-04 08,1.16,0,80,0,17,293,1
2021-05-04 09,1.586,0,75,0,18,176,0
2021-05-04 10,1.315,5,85,0.1,18,207,1
2021-05-04 11,1.177,0,75,0,20,174,4
2021-05-04 12,2.252,0,75,0,20,189,4
2021-05-04 13,1.909,1,90,0.4,19,169,3
2021-05-04 14,1.72,1,85,0.5,19,168,4
2021-05-04 15,1.77,1,90,0.8,19,147,3
2021-05-04 16,1.098,1,95,0.8,19,169,3
2021-05-04 17,1.471,1,100,4.2,18,167,3
2021-05-04 18,1.092,1,100,5.9,17,150,3
2021-05-04 19,1.046,1,95,5.8,17,164,2
2021-05-04 20,0.552,1,95,5,18,195,4
2021-05-04 21,1.034,1,95,1,19,204,4
2021-05-04 22,1.911,1,95,0.3,19,242,4
2021-05-04 23,1.464,0,95,0,18,241,4
2021-05-05 00,1.422,0,95,0,18,222,2
2021-05-05 01,1.446,0,85,0,18,287,3
2021-05-05 02,1.352,0,80,0,17,325,4
2021-05-05 03,1.091,0,70,0,16,325,5
2021-05-05 04,1.03,0,70,0,15,330,3
2021-05-05 05,1.016,0,75,0,14,292,2
2021-05-05 06,1.117,0,70,0,14,315,1
2021-05-05 07,1.199,0,55,0,16,317,2
2021-05-05 08,1.574,0,45,0,18,306,2
2021-05-05 09,1.7,0,35,0,20,331,3
2021-05-05 10,1.911,0,30,0,22,308,4
2021-05-05 11,1.422,0,20,0,23,299,5
2021-05-05 12,1.904,0,25,0,23,306,5
2021-05-05 13,1.926,0,20,0,23,301,6
2021-05-05 14,1.595,0,25,0,22,322,5
2021-05-05 15,1.423,0,25,0,22,326,5
2021-05-05 16,1.509,0,25,0,21,310,3
2021-05-05 17,2.06,0,25,0,20,312,3
2021-05-05 18,1.216,0,30,0,18,308,3
2021-05-05 19,1.153,0,35,0,16,318,2
2021-05-05 20,0.476,0,35,0,15,316,2
2021-05-05 21,0.951,0,45,0,13,314,2
2021-05-05 22,1.228,0,45,0,12,305,1
2021-05-05 23,1.138,0,50,0,10,327,1
2021-05-06 00,1.307,0,55,0,10,309,1
2021-05-06 01,1.113,0,60,0,9,329,1
2021-05-06 02,1.062,0,65,0,8,311,1
2021-05-06 03,1.034,0,65,0,7,265,1
2021-05-06 04,1.009,0,70,0,6,285,1
2021-05-06 05,1.033,0,75,0,6,271,1
2021-05-06 06,1.139,0,70,0,10,358,1
2021-05-06 07,1.242,0,50,0,13,331,1
2021-05-06 08,1.781,0,35,0,16,267,0
2021-05-06 09,1.799,0,35,0,18,345,0
2021-05-06 10,1.763,0,30,0,20,248,0
2021-05-06 11,1.546,0,30,0,21,233,1
2021-05-06 12,2.037,0,30,0,21,217,3
2021-05-06 13,1.797,0,25,0,21,218,3
2021-05-06 14,1.874,0,35,0,20,217,3
2021-05-06 15,1.679,0,35,0,20,214,2
2021-05-06 16,2.546,0,35,0,20,208,1
2021-05-06 17,1.539,0,35,0,19,185,1
2021-05-06 18,1.437,0,40,0,18,217,1
2021-05-06 19,1.016,0,50,0,17,306,1
2021-05-06 20,0.742,0,55,0,16,307,1
2021-05-06 21,0.524,0,60,0,14,308,1
2021-05-06 22,1.369,0,60,0,14,324,1
2021-05-06 23,0.73,0,65,0,13,295,1
2021-05-07 00,0.692,0,70,0,12,242,0
2021-05-07 01,0.673,0,75,0,13,332,1
2021-05-07 02,0.965,0,65,0,13,319,1
2021-05-07 03,1.364,0,65,0,13,315,1
2021-05-07 04,1.363,0,70,0,13,314,1
2021-05-07 05,1.358,0,65,0,13,275,1
2021-05-07 06,1.351,0,65,0,15,245,0
2021-05-07 07,1.147,0,60,0,16,309,1
2021-05-07 08,1.28,0,60,0,19,315,1
2021-05-07 09,2.14,0,60,0,20,228,3
2021-05-07 10,1.452,0,60,0,22,223,3
2021-05-07 11,1.421,0,60,0,23,215,3
2021-05-07 12,2.916,0,60,0,23,252,3
2021-05-07 13,2.386,0,60,0,24,280,4
2021-05-07 14,1.853,0,55,0,24,276,3
2021-05-07 15,2.586,0,65,0,21,304,4
2021-05-07 16,2.224,0,60,0,21,311,3
2021-05-07 17,1.854,0,50,0,19,328,4
2021-05-07 18,1.331,0,35,0,17,313,4
2021-05-07 19,1.389,0,35,0,16,331,4
2021-05-07 20,0.995,0,40,0,15,320,2
2021-05-07 21,0.798,0,40,0,14,306,1
2021-05-07 22,1.631,0,50,0,13,333,2
2021-05-07 23,1.909,0,40,0,13,284,2
2021-05-08 00,1.325,0,45,0,13,255,0
2021-05-08 01,1.161,0,55,0,11,248,1
2021-05-08 02,1.132,0,50,0,11,276,1
2021-05-08 03,1.09,0,60,0,9,222,0
2021-05-08 04,1.119,0,70,0,8,259,0
2021-05-08 05,1.047,0,65,0,9,318,2
2021-05-08 06,0.588,0,55,0,11,316,2
2021-05-08 07,0.609,0,50,0,13,168,1
2021-05-08 08,0.999,0,50,0,15,236,0
2021-05-08 09,1.394,0,45,0,18,232,1
2021-05-08 10,1.685,0,40,0,19,228,2
2021-05-08 11,1.534,0,35,0,21,228,3
2021-05-08 12,2.472,0,35,0,22,224,3
2021-05-08 13,2.835,0,40,0,22,209,4
2021-05-08 14,1.769,0,40,0,23,222,4
2021-05-08 15,2.762,0,35,0,23,224,4
2021-05-08 16,1.939,0,35,0,22,233,4
2021-05-08 17,2.01,0,40,0,21,255,3
2021-05-08 18,1.875,0,40,0,20,239,4
2021-05-08 19,1.663,0,50,0,19,255,4
2021-05-08 20,1.317,0,60,0,19,255,3
2021-05-08 21,1.234,0,70,0,18,257,4
2021-05-08 22,0.98,0,70,0,18,306,3
2021-05-08 23,0.604,0,70,0,18,315,3
2021-05-09 00,0.536,0,65,0,17,317,3
2021-05-09 01,1.542,0,65,0,15,286,2
2021-05-09 02,1.46,0,65,0,15,311,1
2021-05-09 03,1.451,0,55,0,14,322,2
2021-05-09 04,0.802,0,60,0,13,296,1
2021-05-09 05,0.588,0,65,0,12,323,2
2021-05-09 06,0.624,0,55,0,14,323,2
2021-05-09 07,0.794,0,45,0,17,347,2
2021-05-09 08,1.296,0,40,0,18,354,1
2021-05-09 09,1.208,0,35,0,21,28,1
2021-05-09 10,1.577,0,25,0,23,324,1
2021-05-09 11,1.425,0,20,0,24,323,4
2021-05-09 12,3.005,0,25,0,24,338,4
2021-05-09 13,2.847,0,20,0,25,329,4
2021-05-09 14,2.096,0,20,0,26,310,5
2021-05-09 15,3.268,0,20,0,25,323,4
2021-05-09 16,3.189,0,20,0,25,322,4
2021-05-09 17,2.228,0,25,0,24,353,3
2021-05-09 18,2.162,0,25,0,22,323,1
2021-05-09 19,1.288,0,35,0,19,315,2
2021-05-09 20,0.989,0,40,0,18,317,2
2021-05-09 21,0.904,0,45,0,16,308,1
2021-05-09 22,0.89,0,45,0,16,314,2
2021-05-09 23,1.06,0,55,0,15,332,2
2021-05-10 00,1.049,0,55,0,14,242,1
2021-05-10 01,0.716,0,60,0,14,329,1
2021-05-10 02,1.202,0,55,0,14,319,2
2021-05-10 03,0.914,0,60,0,14,278,1
2021-05-10 04,1.458,0,60,0,14,297,1
2021-05-10 05,1.527,0,55,0,15,314,1
2021-05-10 06,1.277,5,55,0.2,15,269,1
2021-05-10 07,0.724,1,65,0.5,15,309,0
2021-05-10 08,1.448,5,55,0.1,18,161,0
2021-05-10 09,1.268,0,35,0,20,79,2
2021-05-10 10,1.264,0,35,0,21,69,3
2021-05-10 11,1.152,0,30,0,22,110,4
2021-05-10 12,1.749,0,35,0,22,94,4
2021-05-10 13,1.804,0,35,0,21,94,4
2021-05-10 14,1.593,0,40,0,21,81,3
2021-05-10 15,1.45,0,35,0,21,98,3
2021-05-10 16,1.462,0,40,0,21,115,2
2021-05-10 17,0.961,0,40,0,20,109,2
2021-05-10 18,1.262,0,45,0,19,150,2
2021-05-10 19,0.781,0,50,0,19,150,2
2021-05-10 20,0.839,0,50,0,18,170,1
2021-05-10 21,1.188,0,50,0,18,103,1
2021-05-10 22,1.294,0,50,0,18,102,2
2021-05-10 23,0.99,0,50,0,17,48,1
2021-05-11 00,0.649,0,55,0,17,84,1
2021-05-11 01,0.806,0,55,0,17,53,1
2021-05-11 02,1.588,0,55,0,17,71,1
2021-05-11 03,1.179,0,55,0,17,114,1
2021-05-11 04,0.906,0,55,0,17,115,2
2021-05-11 05,0.893,0,55,0,17,122,2
2021-05-11 06,1.028,0,55,0,17,97,2
2021-05-11 07,1.52,0,55,0,18,106,2
2021-05-11 08,1.446,0,55,0,18,108,3
2021-05-11 09,2.042,0,55,0,18,123,3
2021-05-11 10,1.97,0,55,0,19,99,3
2021-05-11 11,1.518,0,55,0,19,114,2
2021-05-11 12,2.364,0,55,0,20,109,3
2021-05-11 13,2.296,0,55,0,20,102,4
2021-05-11 14,2.011,0,55,0,20,95,4
2021-05-11 15,2.376,0,60,0,20,93,4
2021-05-11 16,1.573,0,55,0,20,107,3
2021-05-11 17,1.597,0,55,0,19,107,3
2021-05-11 18,1.7,0,50,0,19,99,2
2021-05-11 19,1.382,0,50,0,19,91,1
2021-05-11 20,1.087,0,50,0,19,78,2
2021-05-11 21,1.019,0,45,0,18,98,1
2021-05-11 22,0.647,0,45,0,18,78,1
2021-05-11 23,0.919,0,40,0,18,84,2
2021-05-12 00,0.915,0,35,0,18,54,2
2021-05-12 01,0.861,0,35,0,18,88,2
2021-05-12 02,1.095,0,35,0,18,90,2
2021-05-12 03,1.244,0,35,0,18,89,2
2021-05-12 04,1.03,0,45,0,17,104,1
2021-05-12 05,1.111,0,45,0,17,92,1
2021-05-12 06,1.289,0,45,0,18,74,2
2021-05-12 07,1.74,0,40,0,20,78,3
2021-05-12 08,1.63,0,45,0,21,87,3
2021-05-12 09,1.225,0,45,0,22,79,3
2021-05-12 10,1.449,0,45,0,23,97,3
2021-05-12 11,1.277,0,45,0,24,101,3
2021-05-12 12,2.812,0,45,0,25,114,3
2021-05-12 13,2.833,0,45,0,26,105,4
2021-05-12 14,2.326,0,45,0,26,104,3
2021-05-12 15,2.97,0,45,0,25,109,3
2021-05-12 16,2.223,0,50,0,25,107,3
2021-05-12 17,3.436,0,50,0,25,117,3
2021-05-12 18,2.969,0,55,0,23,132,2
2021-05-12 19,1.963,0,55,0,22,116,2
2021-05-12 20,1.222,0,65,0,20,73,1
2021-05-12 21,1.188,0,65,0,20,70,0
2021-05-12 22,0.957,0,70,0,19,7,1
2021-05-12 23,1.026,0,70,0,19,312,2
2021-05-13 00,0.973,0,70,0,19,312,1
2021-05-13 01,1.211,0,80,0,17,308,1
2021-05-13 02,1.286,0,75,0,17,345,1
2021-05-13 03,0.839,0,85,0,16,312,1
2021-05-13 04,1.24,0,85,0,16,316,1
2021-05-13 05,0.929,0,90,0,15,319,1
2021-05-13 06,1.325,0,80,0,18,329,1
2021-05-13 07,1.555,0,65,0,21,154,1
2021-05-13 08,1.545,0,55,0,22,330,1
2021-05-13 09,2.078,0,50,0,24,88,1
2021-05-13 10,2.219,0,45,0,25,170,0
2021-05-13 11,1.916,0,45,0,27,177,1
2021-05-13 12,3.117,0,45,0,27,167,1
2021-05-13 13,3.4,0,50,0,27,186,3
2021-05-13 14,2.915,0,50,0,27,176,3
2021-05-13 15,2.709,0,55,0,26,181,4
2021-05-13 16,1.884,0,60,0,25,189,4
2021-05-13 17,2.287,0,65,0,23,203,3
2021-05-13 18,2.512,0,70,0,22,214,2
2021-05-13 19,2.058,0,75,0,21,203,2
2021-05-13 20,1.649,0,80,0,20,212,1
2021-05-13 21,1.515,0,85,0,19,284,1
2021-05-13 22,1.201,0,85,0,19,342,1
2021-05-13 23,1.094,0,90,0,18,212,1
2021-05-14 00,1.124,0,90,0,17,284,0
2021-05-14 01,0.74,0,90,0,17,317,1
2021-05-14 02,1.128,0,95,0,17,299,0
2021-05-14 03,1.04,0,95,0,17,320,1
2021-05-14 04,0.761,0,95,0,16,318,1
2021-05-14 05,1.086,0,95,0,16,315,1
2021-05-14 06,0.908,0,90,0,18,334,1
2021-05-14 07,1.222,0,80,0,21,198,0
2021-05-14 08,1.321,0,70,0,23,165,0
2021-05-14 09,2.019,0,65,0,24,132,1
2021-05-14 10,2.352,0,60,0,26,131,2
2021-05-14 11,1.884,0,55,0,26,143,2
2021-05-14 12,2.509,0,55,0,27,154,1
2021-05-14 13,1.878,0,45,0,28,118,3
2021-05-14 14,1.997,0,55,0,26,174,3
2021-05-14 15,2.225,0,55,0,25,204,2
2021-05-14 16,2.541,0,60,0,23,191,3
2021-05-14 17,2.603,0,60,0,23,207,3
2021-05-14 18,1.829,0,65,0,23,191,2
2021-05-14 19,1.438,0,70,0,22,180,1
2021-05-14 20,1.257,0,70,0,21,135,1
2021-05-14 21,1.351,0,75,0,21,94,1
2021-05-14 22,1.577,0,75,0,21,95,1
2021-05-14 23,1.567,0,85,0,21,251,0
2021-05-15 00,1.06,1,85,0.3,20,353,0
2021-05-15 01,1.071,0,90,0,20,179,0
2021-05-15 02,0.993,0,85,0,20,7,0
2021-05-15 03,1.039,1,85,0.3,20,111,0
2021-05-15 04,0.994,1,95,0.4,19,97,1
2021-05-15 05,1.075,0,95,0,19,85,1
2021-05-15 06,0.981,1,95,2.3,19,100,1
2021-05-15 07,0.882,1,95,10.2,19,102,2
2021-05-15 08,1.298,1,100,1,19,123,1
2021-05-15 09,1.782,1,100,1.1,20,51,0
2021-05-15 10,1.882,1,95,0.4,21,71,1
2021-05-15 11,1.089,0,95,0,21,125,1
2021-05-15 12,2.01,0,90,0,22,146,0
2021-05-15 13,1.674,0,90,0,21,152,1
2021-05-15 14,1.836,0,95,0,22,153,0
2021-05-15 15,1.732,0,90,0,22,12,1
2021-05-15 16,1.8,0,90,0,22,260,0
2021-05-15 17,1.736,0,90,0,22,211,0
2021-05-15 18,1.813,0,95,0,22,172,1
2021-05-15 19,1.541,0,95,0,22,198,1
2021-05-15 20,1.401,0,95,0,22,182,2
2021-05-15 21,0.876,0,95,0,21,160,2
2021-05-15 22,1.141,0,100,0,21,175,1
2021-05-15 23,0.986,0,95,0,21,166,1
2021-05-16 00,1.035,1,100,0.5,21,135,0
2021-05-16 01,1.167,5,95,0.1,21,49,0
2021-05-16 02,0.871,1,95,0.4,21,158,1
2021-05-16 03,0.807,1,95,0.3,20,164,1
2021-05-16 04,1.091,5,100,0.1,21,210,1
2021-05-16 05,0.805,1,95,1,21,189,1
2021-05-16 06,0.922,5,95,0.1,20,169,2
2021-05-16 07,1.075,0,100,0,21,202,3
2021-05-16 08,1.399,0,95,0,21,223,2
2021-05-16 09,2.071,0,95,0,21,160,1
2021-05-16 10,1.322,1,95,9,21,212,1
2021-05-16 11,0.996,1,100,1.4,21,75,1
2021-05-16 12,0.967,1,95,0.6,22,190,3
2021-05-16 13,1.419,5,95,0.2,22,164,1
2021-05-16 14,1.081,1,95,0.7,22,218,1
2021-05-16 15,1.28,1,95,1.5,22,216,2
2021-05-16 16,1.31,1,100,0.4,21,196,2
2021-05-16 17,1.246,0,95,0,22,217,2
2021-05-16 18,1.237,1,95,1.2,21,232,2
2021-05-16 19,1.186,5,95,0.1,21,223,2
2021-05-16 20,0.987,1,95,0.3,21,229,3
2021-05-16 21,1.167,0,95,0,21,226,2
2021-05-16 22,1.317,0,95,0,21,224,2
2021-05-16 23,1.026,0,95,0,20,223,3
2021-05-17 00,1.161,0,95,0,20,230,3
2021-05-17 01,1.161,0,95,0,20,207,2
2021-05-17 02,1.256,0,100,0,20,247,2
2021-05-17 03,1.037,0,95,0,19,238,2
2021-05-17 04,1.2,0,95,0,19,244,2
2021-05-17 05,0.935,0,95,0,19,276,2
2021-05-17 06,0.934,0,90,0,20,272,2
2021-05-17 07,0.969,0,90,0,20,287,2
2021-05-17 08,1.233,0,80,0,20,281,3
2021-05-17 09,1.088,0,80,0,20,279,3
2021-05-17 10,1.131,0,75,0,22,293,2
2021-05-17 11,1.145,0,75,0,22,275,2
2021-05-17 12,1.281,0,75,0,22,287,2
2021-05-17 13,1.575,5,75,0.2,21,289,2
2021-05-17 14,1.553,1,80,0.3,21,273,3
2021-05-17 15,2.088,0,75,0,21,284,2
2021-05-17 16,1.404,0,75,0,21,297,3
2021-05-17 17,1.042,0,80,0,19,287,3
2021-05-17 18,1.05,0,80,0,19,286,2
2021-05-17 19,1.31,0,80,0,19,289,2
2021-05-17 20,0.525,0,80,0,18,305,3
2021-05-17 21,0.86,0,80,0,18,311,2
2021-05-17 22,1.019,0,80,0,17,280,1
2021-05-17 23,1.25,0,85,0,17,308,2
2021-05-18 00,0.825,0,80,0,17,314,2
2021-05-18 01,0.718,0,80,0,17,333,1
2021-05-18 02,1.442,0,85,0,16,320,0
2021-05-18 03,1.385,0,80,0,16,339,1
2021-05-18 04,1.376,0,80,0,16,327,2
2021-05-18 05,1.331,0,80,0,16,296,1
2021-05-18 06,1.022,0,80,0,17,316,1
2021-05-18 07,1.109,0,75,0,17,325,2
2021-05-18 08,1.022,0,75,0,18,337,2
2021-05-18 09,1.327,0,70,0,19,349,2
2021-05-18 10,1.647,0,65,0,21,13,2
2021-05-18 11,1.675,0,70,0,22,136,2
2021-05-18 12,1.486,0,65,0,22,154,2
2021-05-18 13,1.909,0,65,0,22,165,2
2021-05-18 14,2.052,0,65,0,23,162,2
2021-05-18 15,2.066,0,65,0,23,155,2
2021-05-18 16,1.811,0,65,0,22,215,2
2021-05-18 17,1.59,0,75,0,21,195,4
2021-05-18 18,1.446,0,80,0,20,177,3
2021-05-18 19,1.183,0,85,0,18,189,1
2021-05-18 20,0.95,0,85,0,18,197,2
2021-05-18 21,0.896,0,90,0,17,231,1
2021-05-18 22,0.923,0,90,0,17,235,1
2021-05-18 23,1.71,0,90,0,17,293,1
2021-05-19 00,0.658,0,95,0,16,260,0
2021-05-19 01,1.065,0,95,0,16,5,1
2021-05-19 02,1.101,0,95,0,16,305,1
2021-05-19 03,1.318,0,95,0,15,309,0
2021-05-19 04,1.078,0,95,0,15,307,1
2021-05-19 05,1.087,0,95,0,16,298,2
2021-05-19 06,1.078,0,85,0,18,302,1
2021-05-19 07,1.303,0,75,0,20,111,0
2021-05-19 08,1.353,0,70,0,22,115,1
2021-05-19 09,1.639,0,55,0,23,129,1
2021-05-19 10,1.845,0,55,0,24,49,0
2021-05-19 11,1.9,0,45,0,26,167,1
2021-05-19 12,2.282,0,40,0,27,182,1
2021-05-19 13,3.267,0,40,0,27,173,1
2021-05-19 14,2.829,0,35,0,27,226,2
2021-05-19 15,2.945,0,40,0,27,193,1
2021-05-19 16,3.381,0,45,0,26,199,2
2021-05-19 17,3.449,0,55,0,24,186,3
2021-05-19 18,2.833,0,60,0,23,182,3
2021-05-19 19,2.108,0,65,0,21,177,3
2021-05-19 20,2.545,0,70,0,21,206,1
2021-05-19 21,0.699,0,70,0,19,181,1
2021-05-19 22,0.689,0,75,0,19,12,1
2021-05-19 23,0.668,0,80,0,18,322,1
2021-05-20 00,0.602,0,80,0,18,300,1
2021-05-20 01,0.67,0,85,0,18,323,0
2021-05-20 02,0.546,0,85,0,18,74,1
2021-05-20 03,0.637,1,85,0.6,18,19,1
2021-05-20 04,0.613,1,90,0.8,18,116,1
2021-05-20 05,0.599,1,90,1.5,18,242,0
2021-05-20 06,1.089,1,85,2.8,17,95,2
2021-05-20 07,0.911,1,95,0.6,17,85,2
2021-05-20 08,1.621,1,85,1.3,17,102,3
2021-05-20 09,1.783,1,95,1.2,16,78,1
2021-05-20 10,1.771,1,95,1.2,16,105,1
2021-05-20 11,1.786,5,95,0.1,17,105,1
2021-05-20 12,2.303,0,90,0,18,92,2
2021-05-20 13,2.464,0,85,0,18,94,2
2021-05-20 14,2.576,0,85,0,19,116,1
2021-05-20 15,2.532,0,90,0,18,106,2
2021-05-20 16,2.459,0,90,0,18,113,2
2021-05-20 17,2.344,0,95,0,17,133,0
2021-05-20 18,2.016,0,100,0,17,189,1
2021-05-20 19,1.844,0,95,0,17,360,0
2021-05-20 20,1.13,0,100,0,17,316,0
2021-05-20 21,0.901,0,95,0,17,252,1
2021-05-20 22,0.875,0,95,0,17,276,2
2021-05-20 23,1.026,0,90,0,16,275,2
2021-05-21 00,0.742,0,80,0,16,288,3
2021-05-21 01,1.089,0,80,0,16,257,3
2021-05-21 02,0.735,0,80,0,16,254,3
2021-05-21 03,0.947,0,80,0,16,260,3
2021-05-21 04,0.756,0,80,0,16,250,2
2021-05-21 05,0.708,0,80,0,16,268,2
2021-05-21 06,1.065,0,75,0,17,293,4
2021-05-21 07,1.526,0,70,0,17,292,3
2021-05-21 08,1.579,0,65,0,18,296,4
2021-05-21 09,1.907,0,65,0,18,310,4
2021-05-21 10,1.911,0,60,0,19,318,4
2021-05-21 11,2.494,0,55,0,21,316,6
2021-05-21 12,2.579,0,50,0,22,320,6
2021-05-21 13,3.813,0,50,0,21,316,5
2021-05-21 14,3.069,0,45,0,22,316,5
2021-05-21 15,3.285,0,45,0,22,316,6
2021-05-21 16,3.769,0,45,0,22,319,5
2021-05-21 17,3.716,0,50,0,21,313,4
2021-05-21 18,3.832,0,55,0,19,308,5
2021-05-21 19,2.948,0,55,0,18,306,3
2021-05-21 20,2.257,0,65,0,17,296,2
2021-05-21 21,1.792,0,65,0,17,292,2
2021-05-21 22,2.078,0,70,0,16,318,1
2021-05-21 23,1.479,0,75,0,16,312,2
2021-05-22 00,1.048,0,75,0,16,319,3
2021-05-22 01,1.12,0,75,0,15,315,3
2021-05-22 02,0.95,0,75,0,15,311,2
2021-05-22 03,0.548,0,80,0,15,307,2
2021-05-22 04,0.961,0,85,0,14,332,2
2021-05-22 05,1.232,0,85,0,14,337,2
2021-05-22 06,0.999,0,75,0,16,329,2
2021-05-22 07,1.094,0,65,0,18,332,3
2021-05-22 08,1.492,0,60,0,20,337,2
2021-05-22 09,1.75,0,55,0,22,355,1
2021-05-22 10,2.162,0,50,0,23,146,1
2021-05-22 11,1.69,0,45,0,25,83,1
2021-05-22 12,2.072,0,45,0,26,44,1
2021-05-22 13,2.229,0,40,0,27,9,0
2021-05-22 14,2.047,0,40,0,27,293,2
2021-05-22 15,2.349,0,40,0,27,288,2
2021-05-22 16,2.117,0,40,0,28,301,2
2021-05-22 17,2.026,0,45,0,27,298,3
2021-05-22 18,2.583,0,50,0,25,328,3
2021-05-22 19,1.637,0,55,0,23,308,2
2021-05-22 20,1.377,0,60,0,22,321,2
2021-05-22 21,1.112,0,65,0,21,330,2
2021-05-22 22,1.324,0,70,0,20,326,2
2021-05-22 23,1.01,0,70,0,19,334,1
2021-05-23 00,0.868,0,80,0,18,325,1
2021-05-23 01,0.975,0,85,0,17,274,1
2021-05-23 02,0.692,0,85,0,17,266,1
2021-05-23 03,0.897,0,85,0,16,277,0
2021-05-23 04,0.865,0,90,0,15,309,1
2021-05-23 05,0.897,0,90,0,15,325,1
2021-05-23 06,0.63,0,80,0,18,332,1
2021-05-23 07,1.071,0,65,0,21,316,1
2021-05-23 08,2.019,0,60,0,23,63,0
2021-05-23 09,3.245,0,55,0,24,144,0
2021-05-23 10,3.411,0,55,0,26,150,1
2021-05-23 11,2.74,0,50,0,27,156,1
2021-05-23 12,2.199,0,50,0,28,181,2
2021-05-23 13,3.179,0,50,0,28,187,3
2021-05-23 14,2.864,0,50,0,28,195,3
2021-05-23 15,2.9,0,50,0,27,192,4
2021-05-23 16,3.213,0,55,0,26,187,3
2021-05-23 17,2.984,0,60,0,24,196,3
2021-05-23 18,2.849,0,65,0,23,203,2
2021-05-23 19,2.183,0,70,0,22,191,2
2021-05-23 20,2.797,0,70,0,22,249,1
2021-05-23 21,2.748,0,70,0,22,256,1
2021-05-23 22,2.685,0,75,0,21,211,1
2021-05-23 23,2.694,1,75,0.6,21,259,1
2021-05-24 00,1.613,5,80,0.1,20,207,1
2021-05-24 01,0.69,1,85,0.8,20,200,1
2021-05-24 02,0.65,1,85,0.4,20,138,0
2021-05-24 03,0.636,0,85,0,19,184,1
2021-05-24 04,1.061,5,90,0.1,19,335,0
2021-05-24 05,1.127,0,90,0,19,168,0
2021-05-24 06,1.284,0,95,0,19,187,1
2021-05-24 07,1.488,5,90,0.2,19,333,0
2021-05-24 08,1.393,0,85,0,20,192,0
2021-05-24 09,0.945,0,70,0,22,271,1
2021-05-24 10,1.665,0,55,0,24,327,2
2021-05-24 11,1.7,0,50,0,25,281,3
2021-05-24 12,1.653,0,45,0,26,317,3
2021-05-24 13,1.569,0,40,0,27,309,2
2021-05-24 14,1.281,0,40,0,27,290,3
2021-05-24 15,1.742,0,40,0,27,324,3
2021-05-24 16,1.377,0,45,0,26,334,5
2021-05-24 17,2.393,0,45,0,25,319,4
2021-05-24 18,0.949,0,45,0,24,313,3
2021-05-24 19,0.864,0,50,0,23,312,2
2021-05-24 20,0.658,0,55,0,21,314,2
2021-05-24 21,1.13,0,55,0,20,306,2
2021-05-24 22,1.196,0,50,0,19,324,2
2021-05-24 23,1.057,0,50,0,18,315,2
2021-05-25 00,1.876,0,50,0,17,307,2
2021-05-25 01,0.808,0,55,0,15,223,1
2021-05-25 02,1.103,0,60,0,14,349,1
2021-05-25 03,0.651,0,65,0,14,318,1
2021-05-25 04,0.591,0,70,0,13,297,1
2021-05-25 05,0.689,0,75,0,13,317,1
2021-05-25 06,1.026,0,60,0,15,320,1
2021-05-25 07,1.52,0,55,0,17,211,1
2021-05-25 08,1.638,0,50,0,18,330,1
2021-05-25 09,1.3,0,45,0,20,242,1
2021-05-25 10,2.488,0,50,0,22,281,1
2021-05-25 11,2.84,0,50,0,24,308,4
2021-05-25 12,2.013,0,30,0,25,320,6
2021-05-25 13,2.277,0,25,0,25,333,7
2021-05-25 14,1.333,0,20,0,24,324,8
2021-05-25 15,1.874,0,25,0,24,335,6
2021-05-25 16,1.677,0,25,0,23,327,5
2021-05-25 17,2.768,0,25,0,23,331,4
2021-05-25 18,1.967,0,25,0,21,319,5
2021-05-25 19,1.837,0,30,0,20,318,3
2021-05-25 20,1.393,0,35,0,19,332,2
2021-05-25 21,1.049,0,40,0,17,286,1
2021-05-25 22,1.087,0,50,0,16,304,1
2021-05-25 23,1.304,0,55,0,16,311,1
2021-05-26 00,1.205,0,60,0,15,304,1
2021-05-26 01,0.779,0,60,0,15,312,2
2021-05-26 02,0.933,0,70,0,14,344,1
2021-05-26 03,0.581,0,65,0,15,256,1
2021-05-26 04,0.754,0,65,0,14,321,0
2021-05-26 05,1.782,0,75,0,14,13,0
2021-05-26 06,1.424,0,65,0,15,335,1
2021-05-26 07,1.383,0,65,0,15,301,1
2021-05-26 08,1.574,0,55,0,17,354,1
2021-05-26 09,1.541,0,40,0,21,201,0
2021-05-26 10,2.333,0,35,0,21,102,1
2021-05-26 11,2.174,0,30,0,22,178,1
2021-05-26 12,2.583,0,40,0,22,191,2
2021-05-26 13,3.309,0,40,0,22,192,1
2021-05-26 14,2.054,0,35,0,22,157,1
2021-05-26 15,2.151,0,35,0,22,198,3
2021-05-26 16,1.557,0,45,0,20,184,3
2021-05-26 17,1.784,1,45,0.4,20,153,1
2021-05-26 18,1.527,1,60,0.5,19,133,1
2021-05-26 19,1.238,5,70,0.1,18,184,1
2021-05-26 20,0.903,5,70,0.2,18,201,3
2021-05-26 21,1.075,0,65,0,17,175,4
2021-05-26 22,0.776,5,80,0.1,15,179,2
2021-05-26 23,0.765,1,95,0.4,14,93,1
2021-05-27 00,0.902,1,95,0.4,14,71,1
2021-05-27 01,0.653,1,95,0.4,14,38,1
2021-05-27 02,0.672,1,100,0.3,14,35,1
2021-05-27 03,0.97,0,100,0,14,33,1
2021-05-27 04,0.587,0,100,0,14,319,1
2021-05-27 05,0.623,0,95,0,14,323,1
2021-05-27 06,0.8,0,95,0,15,311,1
2021-05-27 07,1.247,0,90,0,15,308,2
2021-05-27 08,1.808,0,90,0,16,310,1
2021-05-27 09,1.944,0,90,0,16,310,1
2021-05-27 10,2.414,0,85,0,17,261,3
2021-05-27 11,2.377,0,90,0,17,264,2
2021-05-27 12,2.296,0,80,0,19,244,2
2021-05-27 13,1.843,0,75,0,21,241,3
2021-05-27 14,1.769,0,60,0,23,287,3
2021-05-27 15,2.679,0,50,0,24,305,4
2021-05-27 16,2.365,0,45,0,24,315,4
2021-05-27 17,2.093,0,50,0,23,299,3
2021-05-27 18,1.849,0,50,0,22,311,2
2021-05-27 19,1.154,0,65,0,19,297,2
2021-05-27 20,1.292,0,75,0,17,296,1
2021-05-27 21,1.115,0,75,0,16,279,1
2021-05-27 22,1.077,0,85,0,15,329,1
2021-05-27 23,1.098,0,90,0,14,352,1
2021-05-28 00,0.802,0,90,0,14,246,1
2021-05-28 01,0.892,0,90,0,13,344,1
2021-05-28 02,1.093,0,90,0,12,308,1
2021-05-28 03,1.047,0,95,0,12,316,1
2021-05-28 04,0.62,0,95,0,11,51,0
2021-05-28 05,0.987,0,95,0,11,319,1
2021-05-28 06,1.229,0,80,0,14,332,1
2021-05-28 07,0.857,0,70,0,17,330,1
2021-05-28 08,2.158,0,60,0,19,3,1
2021-05-28 09,2.421,0,60,0,21,182,0
2021-05-28 10,2.107,0,65,0,23,194,3
2021-05-28 11,1.566,0,65,0,23,242,4
2021-05-28 12,2.267,0,65,0,24,209,3
2021-05-28 13,1.542,0,70,0,23,213,4
2021-05-28 14,1.575,1,85,1.8,21,240,4
2021-05-28 15,2.618,1,75,2.1,22,275,3
2021-05-28 16,1.893,0,60,0,23,308,4
2021-05-28 17,2.84,0,50,0,23,316,4
2021-05-28 18,1.946,0,45,0,22,301,4
2021-05-28 19,1.569,0,55,0,20,293,4
2021-05-28 20,0.896,0,60,0,19,300,3
2021-05-28 21,1.157,0,65,0,18,305,4
2021-05-28 22,0.856,0,65,0,18,314,5
2021-05-28 23,0.919,0,65,0,17,315,5
2021-05-29 00,1.086,0,65,0,17,312,4
2021-05-29 01,0.927,0,65,0,17,300,3
2021-05-29 02,0.738,0,65,0,16,297,3
2021-05-29 03,1.046,0,70,0,15,304,2
2021-05-29 04,0.693,0,80,0,14,309,1
2021-05-29 05,0.718,0,80,0,14,253,0
2021-05-29 06,1.044,0,70,0,17,268,1
2021-05-29 07,1.207,0,60,0,18,260,1
2021-05-29 08,1.294,0,60,0,20,241,3
2021-05-29 09,1.458,0,55,0,21,236,3
2021-05-29 10,2.12,0,55,0,22,225,3
2021-05-29 11,1.903,0,50,0,23,241,3
2021-05-29 12,2.262,0,50,0,25,206,3
2021-05-29 13,1.95,0,45,0,26,230,3
2021-05-29 14,2.945,0,40,0,26,252,2
2021-05-29 15,1.746,0,40,0,26,281,2
2021-05-29 16,2.23,0,40,0,26,264,2
2021-05-29 17,1.949,0,40,0,25,275,2
2021-05-29 18,2.163,0,45,0,24,244,2
2021-05-29 19,1.385,0,55,0,22,259,2
2021-05-29 20,1.258,0,60,0,20,246,2
2021-05-29 21,1,0,65,0,20,265,2
2021-05-29 22,1.069,0,65,0,18,330,0
2021-05-29 23,1.028,0,75,0,17,328,1
2021-05-30 00,1.254,0,80,0,16,298,1
2021-05-30 01,1.235,0,85,0,15,256,1
2021-05-30 02,1.084,0,80,0,15,325,1
2021-05-30 03,1.535,0,90,0,14,329,1
2021-05-30 04,1.191,0,90,0,14,346,1
2021-05-30 05,1.488,0,90,0,14,306,1
2021-05-30 06,1.33,0,75,0,16,325,1
2021-05-30 07,1.246,0,60,0,19,325,1
2021-05-30 08,1.506,0,55,0,22,160,1
2021-05-30 09,1.668,0,50,0,23,101,1
2021-05-30 10,2.364,0,40,0,25,152,1
2021-05-30 11,2.099,0,35,0,26,159,1
2021-05-30 12,2.605,0,35,0,26,182,3
2021-05-30 13,3.01,0,35,0,26,181,3
2021-05-30 14,1.795,0,40,0,26,186,3
2021-05-30 15,2.02,0,40,0,26,187,3
2021-05-30 16,1.556,0,45,0,25,196,3
2021-05-30 17,1.714,0,50,0,24,185,3
2021-05-30 18,1.768,0,45,0,23,212,2
2021-05-30 19,1.512,0,55,0,21,240,1
2021-05-30 20,1.329,0,60,0,19,270,0
2021-05-30 21,1.139,0,65,0,18,224,1
2021-05-30 22,1.059,0,65,0,17,307,1
2021-05-30 23,1.16,0,70,0,17,334,1
2021-05-31 00,0.832,0,70,0,16,319,1
2021-05-31 01,0.946,0,70,0,16,296,1
2021-05-31 02,0.942,0,75,0,15,294,1
2021-05-31 03,0.54,0,80,0,15,300,0
2021-05-31 04,0.628,0,75,0,15,324,1
2021-05-31 05,0.78,0,70,0,16,291,1
2021-05-31 06,0.645,0,65,0,18,303,1
2021-05-31 07,1.228,0,55,0,19,293,0
2021-05-31 08,1.567,0,55,0,21,17,1
2021-05-31 09,1.869,0,50,0,23,300,1
2021-05-31 10,2.365,0,45,0,25,218,1
2021-05-31 11,2.676,0,30,0,26,215,3
2021-05-31 12,2.482,0,35,0,27,216,2
2021-05-31 13,2.218,0,35,0,28,199,2
2021-05-31 14,2.175,0,40,0,28,222,3
2021-05-31 15,3.132,0,40,0,27,184,3
2021-05-31 16,3.049,0,40,0,27,187,3
2021-05-31 17,3.622,0,45,0,25,192,3
2021-05-31 18,2.473,0,50,0,24,181,2
2021-05-31 19,1.623,0,60,0,22,179,1
2021-05-31 20,1.448,0,60,0,21,206,1
2021-05-31 21,1.153,0,65,0,20,335,0
2021-05-31 22,1.366,0,65,0,19,251,1
2021-05-31 23,1.041,0,70,0,18,240,1
2021-06-01 00,1.133,0,75,0,17,325,1
2021-06-01 01,0.792,0,80,0,17,320,1
2021-06-01 02,0.937,0,85,0,16,275,0
2021-06-01 03,0.841,0,85,0,15,328,1
2021-06-01 04,0.827,0,85,0,15,312,1
2021-06-01 05,0.607,0,90,0,15,316,1
2021-06-01 06,1.078,0,75,0,18,331,1
2021-06-01 07,1.061,0,65,0,20,346,1
2021-06-01 08,1.614,0,50,0,22,133,1
2021-06-01 09,2.131,0,45,0,24,111,1
2021-06-01 10,2.027,0,40,0,26,157,1
2021-06-01 11,2.377,0,40,0,27,182,1
2021-06-01 12,2.532,0,40,0,27,173,3
2021-06-01 13,3.288,0,35,0,28,186,1
2021-06-01 14,2.296,0,30,0,28,206,2
2021-06-01 15,2.901,0,30,0,28,227,3
2021-06-01 16,2.433,0,35,0,27,218,2
2021-06-01 17,2.087,0,40,0,26,181,3
2021-06-01 18,1.796,0,50,0,24,200,2
2021-06-01 19,1.549,0,55,0,22,201,1
2021-06-01 20,1.46,0,60,0,21,188,1
2021-06-01 21,1.205,0,60,0,21,321,1
2021-06-01 22,1.284,0,65,0,20,271,0
2021-06-01 23,0.966,0,65,0,20,319,1
2021-06-02 00,0.824,0,70,0,19,294,1
2021-06-02 01,1.04,0,70,0,19,308,1
2021-06-02 02,0.891,0,70,0,19,288,1
2021-06-02 03,0.875,0,80,0,18,234,1
2021-06-02 04,0.96,0,80,0,18,306,1
2021-06-02 05,0.952,0,80,0,18,12,1
2021-06-02 06,0.955,0,75,0,19,323,2
2021-06-02 07,1.254,0,65,0,21,302,1
2021-06-02 08,1.732,0,55,0,23,131,0
2021-06-02 09,1.317,0,55,0,24,123,0
2021-06-02 10,1.958,0,45,0,27,83,1
2021-06-02 11,2.453,0,45,0,28,172,1
2021-06-02 12,2.389,0,50,0,28,189,3
2021-06-02 13,3.267,0,50,0,27,213,3
2021-06-02 14,3.079,0,55,0,26,200,3
2021-06-02 15,3.067,0,55,0,26,208,3
2021-06-02 16,3.507,0,55,0,25,186,2
2021-06-02 17,3.455,0,50,0,25,187,3
2021-06-02 18,2.245,0,60,0,24,207,3
2021-06-02 19,1.529,0,65,0,23,185,2
2021-06-02 20,1.859,0,70,0,22,178,1
2021-06-02 21,1.417,0,80,0,20,293,0
2021-06-02 22,1.389,0,85,0,20,344,1
2021-06-02 23,1.078,0,85,0,19,303,1
2021-06-03 00,1.078,0,85,0,19,308,1
2021-06-03 01,1.258,0,90,0,18,316,1
2021-06-03 02,0.893,0,90,0,19,317,1
2021-06-03 03,0.904,0,85,0,20,55,0
2021-06-03 04,0.917,0,85,0,20,299,0
2021-06-03 05,1.107,5,80,0.2,20,199,1
2021-06-03 06,1.159,1,95,3.6,19,172,1
2021-06-03 07,1.271,1,95,3.6,19,131,1
2021-06-03 08,1.861,1,100,1.7,19,84,2
2021-06-03 09,1.859,1,100,0.7,19,91,2
2021-06-03 10,2.375,5,95,0.2,19,90,2
2021-06-03 11,1.56,0,95,0,19,101,3
2021-06-03 12,1.977,5,95,0.1,20,90,2
2021-06-03 13,2.138,5,95,0.1,20,89,2
2021-06-03 14,1.867,0,95,0,20,95,1
2021-06-03 15,2.17,0,95,0,20,60,2
2021-06-03 16,1.84,0,100,0,20,73,1
2021-06-03 17,1.638,0,95,0,20,42,1
2021-06-03 18,1.826,0,95,0,20,330,1
2021-06-03 19,1.197,0,100,0,20,295,1
2021-06-03 20,1.645,0,95,0,20,307,2
2021-06-03 21,1.916,1,95,0.9,20,277,1
2021-06-03 22,1.634,1,90,0.5,20,321,2
2021-06-03 23,1.845,5,90,0.1,20,327,2
2021-06-04 00,1.69,5,85,0.1,19,323,3
2021-06-04 01,1.576,1,90,0.5,19,307,1
2021-06-04 02,1.533,1,95,0.6,18,302,1
2021-06-04 03,1.382,1,95,0.9,18,293,1
2021-06-04 04,1.647,1,95,1,18,294,2
2021-06-04 05,1.345,0,90,0,18,302,2
2021-06-04 06,1.51,0,80,0,19,317,3
2021-06-04 07,1.176,0,70,0,19,315,3
2021-06-04 08,1.388,0,65,0,20,313,3
2021-06-04 09,1.119,0,50,0,22,319,3
2021-06-04 10,1.859,0,40,0,23,326,3
2021-06-04 11,1.181,0,40,0,25,293,3
2021-06-04 12,1.419,0,35,0,26,306,2
2021-06-04 13,1.509,0,40,0,26,279,2
2021-06-04 14,2.138,0,35,0,26,260,2
2021-06-04 15,1.692,0,30,0,27,301,2
2021-06-04 16,1.661,0,35,0,26,287,3
2021-06-04 17,1.694,0,35,0,26,293,3
2021-06-04 18,1.567,0,40,0,24,287,3
2021-06-04 19,1.461,0,40,0,22,286,2
2021-06-04 20,1.166,0,45,0,20,307,1
2021-06-04 21,1.275,0,55,0,19,266,2
2021-06-04 22,0.845,0,55,0,19,292,2
2021-06-04 23,0.926,0,65,0,17,266,1
2021-06-05 00,1.13,0,65,0,16,275,1
2021-06-05 01,0.951,0,75,0,15,301,1
2021-06-05 02,0.774,0,75,0,15,358,1
2021-06-05 03,0.638,0,85,0,14,318,1
2021-06-05 04,0.834,0,85,0,13,323,1
2021-06-05 05,0.799,0,85,0,13,328,1
2021-06-05 06,1.071,0,75,0,15,355,1
2021-06-05 07,0.974,0,65,0,18,184,1
2021-06-05 08,1.354,0,60,0,20,285,1
2021-06-05 09,2.011,0,65,0,21,214,1
2021-06-05 10,2.285,0,65,0,23,199,1
2021-06-05 11,2.474,0,65,0,24,222,2
2021-06-05 12,2.155,0,65,0,26,196,3
2021-06-05 13,2.262,0,65,0,26,195,4
2021-06-05 14,2.735,0,65,0,26,186,4
2021-06-05 15,2.886,0,65,0,26,194,4
2021-06-05 16,3.093,0,70,0,25,187,4
2021-06-05 17,1.661,0,75,0,24,188,3
2021-06-05 18,1.861,0,75,0,23,177,3
2021-06-05 19,1.48,0,85,0,22,172,2
2021-06-05 20,1.385,0,85,0,21,168,2
2021-06-05 21,1.032,0,90,0,20,171,2
2021-06-05 22,1.452,0,90,0,19,192,1
2021-06-05 23,0.997,0,95,0,19,231,0
2021-06-06 00,0.766,0,95,0,18,240,1
2021-06-06 01,1.208,0,95,0,18,219,0
2021-06-06 02,0.946,0,95,0,18,242,0
2021-06-06 03,0.916,0,95,0,17,216,1
2021-06-06 04,0.907,0,95,0,17,331,1
2021-06-06 05,0.945,0,95,0,17,323,1
2021-06-06 06,0.923,0,90,0,19,319,1
2021-06-06 07,1.22,0,80,0,20,313,1
2021-06-06 08,1.63,0,75,0,22,154,1
2021-06-06 09,2.011,0,70,0,24,166,1
2021-06-06 10,2.394,0,60,0,25,188,2
2021-06-06 11,1.98,0,60,0,25,162,2
2021-06-06 12,2.369,0,55,0,27,197,3
2021-06-06 13,2.309,0,55,0,27,194,3
2021-06-06 14,2.551,0,60,0,26,191,4
2021-06-06 15,1.597,0,60,0,26,184,4
2021-06-06 16,1.433,0,65,0,25,192,2
2021-06-06 17,1.316,0,65,0,24,183,2
2021-06-06 18,1.345,0,70,0,23,180,3
2021-06-06 19,1.13,0,80,0,22,176,3
2021-06-06 20,0.895,0,80,0,21,209,1
2021-06-06 21,1.139,0,85,0,20,308,0
2021-06-06 22,0.795,0,85,0,19,298,1
2021-06-06 23,0.736,0,85,0,19,313,1
2021-06-07 00,0.916,0,90,0,18,237,1
2021-06-07 01,1.166,0,90,0,18,306,1
2021-06-07 02,1.067,0,95,0,17,311,1
2021-06-07 03,0.932,0,95,0,17,258,1
2021-06-07 04,0.874,0,95,0,16,320,1
2021-06-07 05,0.935,0,95,0,16,212,1
2021-06-07 06,0.871,0,85,0,19,329,1
2021-06-07 07,0.924,0,70,0,21,143,0
2021-06-07 08,1.142,0,70,0,23,336,0
2021-06-07 09,1.453,0,65,0,25,204,1
2021-06-07 10,1.563,0,60,0,26,188,1
2021-06-07 11,1.548,0,50,0,27,223,3
2021-06-07 12,1.621,0,50,0,27,206,3
2021-06-07 13,1.601,0,65,0,26,186,3
2021-06-07 14,1.565,0,60,0,27,186,3
2021-06-07 15,1.769,0,60,0,27,199,3
2021-06-07 16,1.428,0,60,0,27,192,3
2021-06-07 17,1.353,0,60,0,26,185,3
2021-06-07 18,1.398,0,70,0,24,194,2
2021-06-07 19,1.181,0,75,0,23,182,2
2021-06-07 20,1.206,0,80,0,22,185,2
2021-06-07 21,1.275,0,85,0,21,193,1
2021-06-07 22,0.867,0,90,0,21,198,1
2021-06-07 23,0.811,0,85,0,20,248,0
2021-06-08 00,1.428,0,90,0,20,320,1
2021-06-08 01,1.115,0,90,0,19,301,1
2021-06-08 02,0.866,0,90,0,19,205,1
2021-06-08 03,0.845,0,90,0,19,282,1
2021-06-08 04,0.784,0,90,0,18,283,1
2021-06-08 05,0.865,0,90,0,18,314,1
2021-06-08 06,0.882,0,85,0,20,330,1
2021-06-08 07,1.032,0,75,0,22,339,0
2021-06-08 08,1.572,0,70,0,24,129,0
2021-06-08 09,1.696,0,65,0,25,65,0
2021-06-08 10,1.81,0,60,0,27,120,0
2021-06-08 11,2.034,0,60,0,28,166,1
2021-06-08 12,2.283,0,60,0,28,188,3
2021-06-08 13,2.84,0,60,0,29,188,3
2021-06-08 14,2.546,0,60,0,29,190,3
2021-06-08 15,2.03,0,55,0,29,184,3
2021-06-08 16,1.757,0,65,0,27,176,3
2021-06-08 17,1.341,0,75,0,26,199,2
2021-06-08 18,1.492,0,75,0,25,182,1
2021-06-08 19,1.285,0,85,0,24,171,2
2021-06-08 20,1.075,0,85,0,23,180,3
2021-06-08 21,0.974,0,90,0,22,202,2
2021-06-08 22,0.892,0,90,0,21,183,1
2021-06-08 23,0.901,0,95,0,21,196,1
2021-06-09 00,0.758,0,95,0,21,223,1
2021-06-09 01,0.812,0,95,0,20,310,1
2021-06-09 02,0.984,0,95,0,20,326,1
2021-06-09 03,0.818,0,95,0,19,216,0
2021-06-09 04,0.843,0,100,0,19,334,0
2021-06-09 05,0.863,0,95,0,19,301,1
2021-06-09 06,0.928,0,90,0,21,320,1
2021-06-09 07,1.038,0,65,0,23,74,0
2021-06-09 08,1.746,0,55,0,26,127,1
2021-06-09 09,1.702,0,45,0,28,108,1
2021-06-09 10,2.252,0,45,0,29,109,2
2021-06-09 11,2.406,0,40,0,29,125,2
2021-06-09 12,2.293,0,40,0,30,108,2
2021-06-09 13,2.473,0,45,0,30,171,2
2021-06-09 14,2.188,0,40,0,30,184,3
2021-06-09 15,2.303,0,40,0,29,202,3
2021-06-09 16,2.57,0,40,0,29,183,3
2021-06-09 17,2.127,0,45,0,28,191,2
2021-06-09 18,1.579,0,50,0,27,225,2
2021-06-09 19,1.66,0,55,0,25,234,1
2021-06-09 20,1.213,0,60,0,24,283,1
2021-06-09 21,1.276,0,60,0,23,311,1
2021-06-09 22,1.232,0,65,0,22,300,1
2021-06-09 23,1.13,0,75,0,21,311,1
2021-06-10 00,0.925,0,65,0,22,303,0
2021-06-10 01,1.012,0,75,0,21,317,1
2021-06-10 02,0.95,0,80,0,20,251,0
2021-06-10 03,0.897,0,80,0,20,289,0
2021-06-10 04,0.91,0,80,0,20,307,1
2021-06-10 05,0.602,0,80,0,20,45,0
2021-06-10 06,1.062,0,70,0,21,323,1
2021-06-10 07,1.121,0,55,0,24,130,1
2021-06-10 08,1.735,0,45,0,26,117,2
2021-06-10 09,1.986,0,45,0,26,112,2
2021-06-10 10,2.115,0,50,0,26,169,2
2021-06-10 11,2.826,0,60,0,26,161,3
2021-06-10 12,2.297,0,65,0,25,174,3
2021-06-10 13,2.72,0,70,0,25,176,2
2021-06-10 14,2.549,0,70,0,25,202,2
2021-06-10 15,2.596,0,75,0,25,186,3
2021-06-10 16,2.49,5,80,0.1,24,167,2
2021-06-10 17,2.943,1,85,0.4,24,169,3
2021-06-10 18,2.157,1,80,0.3,24,152,2
2021-06-10 19,1.447,1,80,0.3,24,160,2
2021-06-10 20,1.49,5,80,0.1,24,164,3
2021-06-10 21,1.282,5,85,0.2,23,152,2
2021-06-10 22,1.432,5,80,0.2,24,165,3
2021-06-10 23,0.968,5,80,0.2,24,166,3
2021-06-11 00,1.095,1,85,0.6,23,171,3
2021-06-11 01,1.234,1,95,2.4,22,170,3
2021-06-11 02,1.006,1,95,6.7,21,144,2
2021-06-11 03,1.295,1,95,19.799999,20,132,0
2021-06-11 04,1.454,1,95,12.2,20,115,2
2021-06-11 05,1.393,5,95,0.2,21,84,1
2021-06-11 06,1.316,0,95,0,21,334,1
2021-06-11 07,1.405,0,95,0,21,316,1
2021-06-11 08,1.908,0,95,0,21,325,1
2021-06-11 09,1.79,0,95,0,22,303,1
2021-06-11 10,1.523,0,95,0,22,26,1
2021-06-11 11,1.933,0,90,0,23,2,0
2021-06-11 12,1.671,0,90,0,24,27,0
2021-06-11 13,2.023,0,85,0,25,108,1
2021-06-11 14,3.196,1,80,0.3,26,119,2
2021-06-11 15,2.562,5,80,0.2,26,133,2
2021-06-11 16,2.056,0,80,0,25,168,2
2021-06-11 17,1.808,0,85,0,24,140,2
2021-06-11 18,1.562,0,85,0,24,114,1
2021-06-11 19,1.749,0,90,0,23,166,2
2021-06-11 20,1.556,0,95,0,23,132,0
2021-06-11 21,1.36,0,95,0,22,5,0
2021-06-11 22,1.143,0,95,0,22,3,1
2021-06-11 23,1.306,0,95,0,22,355,0
2021-06-12 00,1.101,0,95,0,22,35,0
2021-06-12 01,1.002,0,95,0,22,53,1
2021-06-12 02,0.843,0,95,0,22,63,0
2021-06-12 03,0.83,0,95,0,22,100,1
2021-06-12 04,1.114,0,95,0,21,164,0
2021-06-12 05,0.863,0,95,0,22,74,0
2021-06-12 06,1.148,0,90,0,23,8,1
2021-06-12 07,1.073,0,75,0,25,56,1
2021-06-12 08,1.822,0,70,0,26,59,2
2021-06-12 09,1.472,0,70,0,27,89,2
2021-06-12 10,1.695,0,65,0,28,113,2
2021-06-12 11,1.952,0,65,0,28,118,3
2021-06-12 12,2.214,0,65,0,28,111,2
2021-06-12 13,2.147,0,65,0,28,113,3
2021-06-12 14,1.92,0,65,0,29,127,3
2021-06-12 15,2.488,0,70,0,28,114,2
2021-06-12 16,2.301,0,70,0,28,123,2
2021-06-12 17,2.309,0,75,0,27,106,2
2021-06-12 18,2.527,0,80,0,26,138,1
2021-06-12 19,1.609,0,85,0,25,195,1
2021-06-12 20,1.065,0,90,0,24,184,2
2021-06-12 21,1.21,0,90,0,24,240,1
2021-06-12 22,1.067,0,90,0,24,199,1
2021-06-12 23,0.758,0,90,0,23,192,1
2021-06-13 00,0.966,0,90,0,23,235,1
2021-06-13 01,1.087,0,95,0,23,260,1
2021-06-13 02,0.93,0,95,0,23,95,0
2021-06-13 03,0.894,0,95,0,23,281,0
2021-06-13 04,0.91,0,95,0,23,278,1
2021-06-13 05,0.804,0,95,0,23,333,1
2021-06-13 06,0.905,0,90,0,24,66,0
2021-06-13 07,1.618,0,80,0,25,5,1
2021-06-13 08,1.846,0,70,0,27,79,0
2021-06-13 09,2.082,0,65,0,28,154,1
2021-06-13 10,2.133,0,65,0,28,138,2
2021-06-13 11,2.325,0,65,0,28,146,1
2021-06-13 12,2.015,0,65,0,29,196,2
2021-06-13 13,1.772,0,65,0,29,190,2
2021-06-13 14,1.426,0,65,0,29,179,3
2021-06-13 15,2.22,0,65,0,29,190,3
2021-06-13 16,1.763,0,65,0,28,191,3
2021-06-13 17,1.666,0,75,0,26,181,3
2021-06-13 18,1.426,0,80,0,25,193,3
2021-06-13 19,1.189,0,80,0,25,175,2
2021-06-13 20,1.238,0,75,0,25,184,1
2021-06-13 21,1.173,0,75,0,24,167,1
2021-06-13 22,0.778,0,80,0,23,201,1
2021-06-13 23,1.044,0,85,0,23,184,1
2021-06-14 00,0.884,0,85,0,22,179,1
2021-06-14 01,1.121,0,90,0,22,158,0
2021-06-14 02,1.099,0,90,0,22,225,1
2021-06-14 03,0.95,0,95,0,22,289,1
2021-06-14 04,1.002,0,95,0,22,193,1
2021-06-14 05,1.192,0,90,0,22,180,1
2021-06-14 06,0.966,0,90,0,22,169,2
2021-06-14 07,0.908,0,90,0,23,184,1
2021-06-14 08,1.466,0,90,0,23,150,1
2021-06-14 09,1.787,0,80,0,24,134,1
2021-06-14 10,2.254,0,80,0,24,159,2
2021-06-14 11,1.611,0,85,0,24,163,2
2021-06-14 12,2.078,0,75,0,25,172,2
2021-06-14 13,3.024,0,60,0,27,103,1
2021-06-14 14,2.018,0,60,0,27,177,1
2021-06-14 15,2.442,0,65,0,27,210,1
2021-06-14 16,2.617,0,65,0,26,192,2
2021-06-14 17,1.968,0,75,0,24,188,3
2021-06-14 18,1.573,0,75,0,24,214,2
2021-06-14 19,1.282,0,80,0,23,189,2
2021-06-14 20,1.37,0,80,0,23,186,2
2021-06-14 21,1.462,0,85,0,23,175,2
2021-06-14 22,1.365,0,85,0,23,172,1
2021-06-14 23,1.101,0,80,0,23,95,0
2021-06-15 00,1.093,0,85,0,22,176,1
2021-06-15 01,1.102,0,85,0,22,145,0
2021-06-15 02,0.983,0,80,0,22,101,1
2021-06-15 03,0.935,0,80,0,22,94,2
2021-06-15 04,0.977,0,80,0,22,105,2
2021-06-15 05,0.969,0,80,0,22,100,2
2021-06-15 06,0.506,0,80,0,22,89,2
2021-06-15 07,0.587,5,80,0.1,23,91,2
2021-06-15 08,0.809,5,80,0.1,23,93,2
2021-06-15 09,0.89,1,80,0.3,23,73,2
2021-06-15 10,0.88,1,85,0.7,23,88,2
2021-06-15 11,0.904,1,90,1.4,22,94,2
2021-06-15 12,1.498,1,90,1.1,22,83,2
2021-06-15 13,1.296,1,95,1.7,22,101,2
2021-06-15 14,1.173,1,95,1.3,22,101,4
2021-06-15 15,1.325,1,95,0.7,22,106,3
2021-06-15 16,0.846,1,95,0.6,22,98,3
2021-06-15 17,1.075,1,95,1.6,21,93,3
2021-06-15 18,1.014,1,95,0.9,21,102,4
2021-06-15 19,0.898,1,95,0.5,22,100,3
2021-06-15 20,0.673,5,95,0.1,21,94,3
2021-06-15 21,0.843,5,95,0.1,21,72,2
2021-06-15 22,0.531,5,95,0.1,21,81,2
2021-06-15 23,0.91,0,90,0,21,83,3
2021-06-16 00,0.66,5,90,0.2,21,87,3
2021-06-16 01,0.736,5,85,0.2,21,81,3
2021-06-16 02,0.552,5,85,0.2,21,83,2
2021-06-16 03,0.858,5,80,0.1,21,79,3
2021-06-16 04,0.572,0,75,0,22,70,3
2021-06-16 05,0.864,0,75,0,22,82,3
2021-06-16 06,0.564,0,70,0,22,84,3
2021-06-16 07,1.486,0,70,0,23,78,3
2021-06-16 08,1.254,0,70,0,23,78,4
2021-06-16 09,1.147,0,65,0,24,85,3
2021-06-16 10,1.19,0,65,0,24,86,4
2021-06-16 11,1.365,0,60,0,25,76,3
2021-06-16 12,1.266,0,60,0,25,84,3
2021-06-16 13,2.397,0,65,0,25,85,3
2021-06-16 14,1.255,0,60,0,26,83,3
2021-06-16 15,1.575,0,60,0,26,78,2
2021-06-16 16,1.655,0,60,0,25,78,3
2021-06-16 17,1.269,0,60,0,25,62,3
2021-06-16 18,1.238,0,60,0,24,56,2
2021-06-16 19,0.926,0,65,0,23,77,2
2021-06-16 20,0.969,0,70,0,23,95,1
2021-06-16 21,0.853,0,70,0,22,65,2
2021-06-16 22,0.728,0,70,0,22,60,2
2021-06-16 23,0.893,0,75,0,21,67,1
2021-06-17 00,0.678,0,80,0,20,21,1
2021-06-17 01,0.873,0,75,0,21,36,1
2021-06-17 02,0.608,0,80,0,20,54,0
2021-06-17 03,0.987,0,85,0,19,91,1
2021-06-17 04,0.593,0,80,0,20,57,1
2021-06-17 05,0.931,0,85,0,19,30,1
2021-06-17 06,0.62,0,80,0,21,50,1
2021-06-17 07,0.673,0,70,0,22,48,2
2021-06-17 08,1.589,0,65,0,23,84,2
2021-06-17 09,1.099,0,60,0,24,83,2
2021-06-17 10,1.529,0,55,0,26,105,2
2021-06-17 11,1.371,0,60,0,26,117,1
2021-06-17 12,1.079,0,55,0,26,121,2
2021-06-17 13,1.994,0,65,0,25,152,2
2021-06-17 14,1.323,0,65,0,25,189,1
2021-06-17 15,1.598,0,65,0,25,189,2
2021-06-17 16,2.675,0,70,0,24,191,2
2021-06-17 17,1.439,0,75,0,23,196,2
2021-06-17 18,1.38,0,80,0,23,206,2
2021-06-17 19,1.322,1,90,0.3,22,215,2
2021-06-17 20,0.932,0,90,0,21,210,1
2021-06-17 21,1.163,5,85,0.1,21,196,2
2021-06-17 22,0.6,1,95,1,20,194,2
2021-06-17 23,0.958,0,95,0,20,213,1
2021-06-18 00,0.594,5,95,0.1,20,227,1
2021-06-18 01,0.733,0,95,0,20,208,1
2021-06-18 02,0.552,5,95,0.1,20,298,1
2021-06-18 03,0.569,1,100,0.6,20,289,1
2021-06-18 04,0.921,1,95,0.6,20,312,1
2021-06-18 05,0.596,5,95,0.1,20,269,0
2021-06-18 06,1.159,0,95,0,20,314,1
2021-06-18 07,0.775,0,95,0,21,324,1
2021-06-18 08,1.009,0,90,0,21,328,1
2021-06-18 09,0.757,0,85,0,22,312,1
2021-06-18 10,1.256,5,80,0.1,23,290,0
2021-06-18 11,0.84,0,80,0,24,209,1
2021-06-18 12,1.459,0,70,0,25,264,1
2021-06-18 13,2.851,0,70,0,25,280,2
2021-06-18 14,1.642,0,70,0,25,247,2
2021-06-18 15,2.003,0,75,0,24,253,2
2021-06-18 16,2.843,0,75,0,25,272,1
2021-06-18 17,3.094,1,80,0.3,24,267,2
2021-06-18 18,3.473,5,80,0.2,24,205,1
2021-06-18 19,1.242,0,85,0,23,231,2
2021-06-18 20,1.671,0,90,0,22,230,0
2021-06-18 21,1.425,0,90,0,22,253,2
2021-06-18 22,1.087,0,90,0,22,308,1
2021-06-18 23,1.008,0,90,0,21,302,1
2021-06-19 00,0.883,0,90,0,21,304,1
2021-06-19 01,0.791,0,90,0,20,294,1
2021-06-19 02,0.866,0,95,0,19,315,1
2021-06-19 03,0.875,0,90,0,20,324,2
2021-06-19 04,0.882,0,90,0,19,325,1
2021-06-19 05,0.99,0,90,0,19,318,2
2021-06-19 06,0.969,0,80,0,21,326,2
2021-06-19 07,0.962,0,75,0,23,327,1
2021-06-19 08,1.63,0,60,0,25,0,2
2021-06-19 09,1.971,0,55,0,27,354,3
2021-06-19 10,2.215,0,50,0,28,353,2
2021-06-19 11,2.337,0,45,0,29,314,1
2021-06-19 12,2.062,0,45,0,30,232,2
2021-06-19 13,3.333,0,45,0,30,218,3
2021-06-19 14,2.97,0,50,0,30,239,3
2021-06-19 15,2.985,0,50,0,30,244,3
2021-06-19 16,3.363,0,55,0,29,214,3
2021-06-19 17,2.11,0,65,0,27,183,4
2021-06-19 18,1.571,0,65,0,26,182,3
2021-06-19 19,1.873,0,70,0,25,173,2
2021-06-19 20,1.845,0,70,0,24,10,0
2021-06-19 21,1.64,0,80,0,23,227,1
2021-06-19 22,1.147,0,80,0,22,319,1
2021-06-19 23,1.171,0,85,0,21,321,1
2021-06-20 00,1.145,0,90,0,21,257,0
2021-06-20 01,1.67,0,90,0,20,289,0
2021-06-20 02,0.94,0,95,0,20,286,0
2021-06-20 03,1.039,0,95,0,19,278,0
2021-06-20 04,0.913,0,95,0,19,316,1
2021-06-20 05,0.647,0,95,0,19,311,1
2021-06-20 06,0.88,0,85,0,21,210,1
2021-06-20 07,1.167,0,75,0,23,327,1
2021-06-20 08,1.832,0,65,0,25,305,1
2021-06-20 09,2.067,0,60,0,27,154,0
2021-06-20 10,2.215,0,60,0,28,298,1
2021-06-20 11,2.215,0,50,0,29,245,2
2021-06-20 12,2.299,0,50,0,29,211,2
2021-06-20 13,2.637,0,45,0,30,227,3
2021-06-20 14,2.236,0,45,0,30,219,3
2021-06-20 15,2.151,0,45,0,30,236,3
2021-06-20 16,1.908,0,45,0,29,236,3
2021-06-20 17,1.817,0,50,0,29,233,3
2021-06-20 18,1.685,0,50,0,27,236,3
2021-06-20 19,1.313,0,50,0,26,238,3
2021-06-20 20,0.988,0,65,0,25,236,2
2021-06-20 21,1.237,0,65,0,24,338,1
2021-06-20 22,0.805,0,70,0,22,321,0
2021-06-20 23,1.141,0,75,0,21,321,1
2021-06-21 00,0.825,0,80,0,20,342,0
2021-06-21 01,1.239,0,80,0,19,280,0
2021-06-21 02,0.935,0,80,0,18,314,0
2021-06-21 03,0.891,0,85,0,18,181,1
2021-06-21 04,1.152,0,85,0,18,184,0
2021-06-21 05,0.962,0,90,0,18,153,0
2021-06-21 06,0.964,0,75,0,21,90,1
2021-06-21 07,1.067,0,65,0,24,93,0
2021-06-21 08,1.77,0,45,0,27,353,2
2021-06-21 09,1.972,0,40,0,29,322,2
2021-06-21 10,2.169,0,35,0,30,343,2
2021-06-21 11,2.78,0,35,0,31,340,3
2021-06-21 12,2.503,0,35,0,31,335,3
2021-06-21 13,3.55,0,35,0,31,328,4
2021-06-21 14,3.312,0,35,0,32,317,4
2021-06-21 15,3.032,0,30,0,32,330,4
2021-06-21 16,2.433,0,30,0,31,337,4
2021-06-21 17,2.327,0,35,0,31,337,3
2021-06-21 18,1.928,0,35,0,30,331,2
2021-06-21 19,1.7,0,45,0,27,345,2
2021-06-21 20,1.447,0,55,0,26,177,1
2021-06-21 21,1.282,0,70,0,24,160,3
2021-06-21 22,1.374,0,80,0,22,172,3
2021-06-21 23,1.323,0,80,0,21,196,2
2021-06-22 00,0.994,0,80,0,21,206,1
2021-06-22 01,1.129,0,80,0,21,299,1
2021-06-22 02,1.066,0,85,0,20,319,1
2021-06-22 03,1.002,0,90,0,19,324,1
2021-06-22 04,1.071,0,90,0,19,316,1
2021-06-22 05,0.812,0,90,0,20,308,1
2021-06-22 06,1.605,0,80,0,21,56,0
2021-06-22 07,1.156,0,75,0,22,95,2
2021-06-22 08,1.891,0,70,0,23,96,1
2021-06-22 09,2.2,0,65,0,25,124,1
2021-06-22 10,2.789,0,65,0,25,118,1
2021-06-22 11,3.211,0,60,0,26,170,2
2021-06-22 12,2.359,0,60,0,27,179,2
2021-06-22 13,3.644,0,60,0,27,229,3
2021-06-22 14,3.332,0,55,0,27,239,2
2021-06-22 15,3.562,0,55,0,27,215,2
2021-06-22 16,3.702,0,60,0,27,176,2
2021-06-22 17,3.589,0,65,0,25,186,3
2021-06-22 18,2.522,0,70,0,24,183,2
2021-06-22 19,1.78,0,70,0,23,174,1
2021-06-22 20,2.325,0,75,0,22,175,1
2021-06-22 21,1.104,0,80,0,22,164,1
2021-06-22 22,1.652,0,75,0,22,264,1
2021-06-22 23,1.265,0,80,0,21,194,1
2021-06-23 00,1.309,0,85,0,21,223,1
2021-06-23 01,1.42,0,80,0,21,240,1
2021-06-23 02,0.99,0,80,0,21,204,1
2021-06-23 03,0.893,0,85,0,21,217,1
2021-06-23 04,0.96,0,85,0,21,275,1
2021-06-23 05,1.029,0,85,0,21,262,0
2021-06-23 06,1.321,0,80,0,22,144,1
2021-06-23 07,2.201,0,80,0,22,170,1
2021-06-23 08,2.429,0,75,0,23,185,0
2021-06-23 09,2.193,0,70,0,24,180,2
2021-06-23 10,2.684,0,70,0,24,215,2
2021-06-23 11,2.028,0,65,0,25,186,3
2021-06-23 12,2.413,0,60,0,26,183,3
2021-06-23 13,1.976,0,65,0,26,183,4
2021-06-23 14,2.154,0,65,0,26,181,3
2021-06-23 15,2.253,0,65,0,25,188,3
2021-06-23 16,2.851,0,65,0,25,176,2
2021-06-23 17,2.398,0,65,0,24,183,3
2021-06-23 18,1.974,0,65,0,24,188,3
2021-06-23 19,1.429,0,70,0,23,187,2
2021-06-23 20,1.623,0,75,0,22,176,2
2021-06-23 21,1.543,0,80,0,22,190,2
2021-06-23 22,1.732,0,80,0,22,166,2
2021-06-23 23,1.663,0,80,0,22,182,2
2021-06-24 00,1.163,0,80,0,22,184,1
2021-06-24 01,1.431,0,80,0,21,193,2
2021-06-24 02,1.781,0,80,0,21,205,1
2021-06-24 03,0.948,0,80,0,21,189,1
2021-06-24 04,1.271,0,85,0,21,202,1
2021-06-24 05,1.24,0,80,0,21,191,1
2021-06-24 06,1.051,0,80,0,21,159,1
2021-06-24 07,1.901,0,70,0,23,164,0
2021-06-24 08,1.889,0,70,0,23,119,1
2021-06-24 09,1.775,0,60,0,25,194,1
2021-06-24 10,1.704,0,55,0,26,174,1
2021-06-24 11,2.524,0,60,0,26,191,2
2021-06-24 12,2.212,0,60,0,26,186,3
2021-06-24 13,2.49,0,55,0,26,194,3
2021-06-24 14,2.353,1,60,0.3,26,194,3
2021-06-24 15,2.877,0,60,0,26,193,3
2021-06-24 16,2.443,0,60,0,25,205,3
2021-06-24 17,1.942,0,65,0,24,203,2
2021-06-24 18,1.875,0,70,0,24,226,2
2021-06-24 19,1.503,0,75,0,23,207,2
2021-06-24 20,1.438,0,75,0,22,222,1
2021-06-24 21,1.564,0,80,0,21,317,1
2021-06-24 22,1.544,0,80,0,21,308,1
2021-06-24 23,1.567,0,85,0,20,308,0
2021-06-25 00,1.22,0,90,0,20,322,1
2021-06-25 01,1.521,0,95,0,19,312,1
2021-06-25 02,1.364,0,95,0,19,310,1
2021-06-25 03,1.288,0,95,0,19,328,1
2021-06-25 04,1.19,0,95,0,19,300,1
2021-06-25 05,1.053,0,95,0,19,317,1
2021-06-25 06,1.385,0,90,0,20,313,1
2021-06-25 07,1.484,0,80,0,22,308,1
2021-06-25 08,1.317,0,75,0,23,230,1
2021-06-25 09,1.647,0,65,0,25,157,0
2021-06-25 10,2.069,0,60,0,27,337,0
2021-06-25 11,1.461,0,60,0,27,281,0
2021-06-25 12,1.583,0,55,0,28,217,2
2021-06-25 13,2.759,0,50,0,28,191,3
2021-06-25 14,3.071,0,50,0,28,191,2
2021-06-25 15,3.058,0,50,0,29,178,2
2021-06-25 16,3.45,0,55,0,28,178,3
2021-06-25 17,1.719,0,60,0,26,186,3
2021-06-25 18,2.091,0,65,0,24,214,3
2021-06-25 19,1.763,0,65,0,23,197,2
2021-06-25 20,1.263,0,70,0,23,268,1
2021-06-25 21,1.439,0,75,0,23,232,1
2021-06-25 22,1.718,0,75,0,22,226,1
2021-06-25 23,1.336,0,80,0,22,215,1
2021-06-26 00,1.25,0,85,0,22,324,1
2021-06-26 01,1.154,0,85,0,22,297,1
2021-06-26 02,0.891,5,85,0.1,21,317,0
2021-06-26 03,1.142,5,85,0.1,21,302,1
2021-06-26 04,0.828,5,90,0.1,21,294,1
2021-06-26 05,1.24,5,85,0.2,21,341,1
2021-06-26 06,0.997,1,90,0.3,21,310,1
2021-06-26 07,1.705,5,80,0.2,22,23,1
2021-06-26 08,1.388,5,75,0.1,23,105,1
2021-06-26 09,1.276,0,70,0,24,93,1
2021-06-26 10,1.533,0,60,0,25,93,1
2021-06-26 11,1.627,0,50,0,27,102,2
2021-06-26 12,1.716,0,50,0,28,111,1
2021-06-26 13,2.655,0,50,0,29,172,2
2021-06-26 14,2.851,0,50,0,29,248,2
2021-06-26 15,2.537,0,45,0,29,205,2
2021-06-26 16,2.892,0,55,0,28,201,3
2021-06-26 17,3.103,0,60,0,26,194,3
2021-06-26 18,1.781,0,65,0,25,189,2
2021-06-26 19,1.788,0,70,0,24,179,1
2021-06-26 20,2.311,0,70,0,24,291,1
2021-06-26 21,1.388,0,70,0,22,272,1
2021-06-26 22,1.833,0,75,0,22,341,1
2021-06-26 23,1.361,0,80,0,22,319,1
2021-06-27 00,1.28,0,85,0,21,306,1
2021-06-27 01,1.385,0,80,0,21,323,1
2021-06-27 02,1.054,0,85,0,20,315,1
2021-06-27 03,1.016,0,85,0,20,326,1
2021-06-27 04,1.199,0,90,0,19,312,1
2021-06-27 05,1.323,0,90,0,19,316,2
2021-06-27 06,1.037,0,75,0,21,298,1
2021-06-27 07,1.162,0,65,0,24,63,1
2021-06-27 08,1.62,0,55,0,26,97,1
2021-06-27 09,2.11,0,50,0,27,114,2
2021-06-27 10,2.046,0,45,0,28,102,3
2021-06-27 11,1.653,0,40,0,29,107,2
2021-06-27 12,2.104,0,40,0,30,111,2
2021-06-27 13,1.661,0,45,0,30,119,1
2021-06-27 14,2.191,0,50,0,29,153,2
2021-06-27 15,2.018,0,55,0,28,178,1
2021-06-27 16,2.329,0,55,0,28,214,2
2021-06-27 17,2.465,0,60,0,28,238,2
2021-06-27 18,2.012,0,60,0,27,215,2
2021-06-27 19,1.338,0,70,0,25,208,2
2021-06-27 20,1.2,0,75,0,24,220,2
2021-06-27 21,1.115,0,80,0,23,219,1
2021-06-27 22,1.046,0,80,0,23,271,0
2021-06-27 23,0.891,0,80,0,23,292,0
2021-06-28 00,0.837,0,80,0,23,238,1
2021-06-28 01,1.306,0,75,0,23,42,1
2021-06-28 02,0.838,0,80,0,23,34,1
2021-06-28 03,0.792,0,80,0,23,48,1
2021-06-28 04,1.194,0,80,0,23,32,0
2021-06-28 05,0.73,0,85,0,23,25,1
2021-06-28 06,0.796,0,75,0,23,48,1
2021-06-28 07,0.938,0,70,0,25,58,1
2021-06-28 08,1.241,0,60,0,27,102,2
2021-06-28 09,1.204,0,55,0,28,112,3
2021-06-28 10,2.308,0,50,0,28,113,3
2021-06-28 11,2.264,0,50,0,29,121,3
2021-06-28 12,1.818,0,45,0,30,126,3
2021-06-28 13,2.163,0,50,0,29,107,2
2021-06-28 14,2.221,0,55,0,28,167,1
2021-06-28 15,2.221,1,80,1.1,26,241,2
2021-06-28 16,2.425,1,80,0.9,24,269,1
2021-06-28 17,2.273,0,75,0,25,283,2
2021-06-28 18,2.059,0,80,0,24,222,2
2021-06-28 19,1.382,0,85,0,24,227,1
2021-06-28 20,1.682,0,85,0,24,299,1
2021-06-28 21,1.22,0,85,0,23,322,1
2021-06-28 22,1.228,0,85,0,23,270,0
2021-06-28 23,1.119,0,90,0,23,321,0
2021-06-29 00,1.069,0,90,0,23,276,1
2021-06-29 01,1.273,0,90,0,22,326,1
2021-06-29 02,1.188,0,90,0,22,317,1
2021-06-29 03,0.828,0,95,0,22,309,1
2021-06-29 04,1.136,0,95,0,22,208,0
2021-06-29 05,1.122,0,95,0,22,234,0
2021-06-29 06,0.833,0,85,0,23,358,0
2021-06-29 07,0.946,0,75,0,24,116,1
2021-06-29 08,1.394,0,65,0,25,116,1
2021-06-29 09,1.513,0,65,0,27,149,1
2021-06-29 10,1.913,0,65,0,26,198,2
2021-06-29 11,2.929,0,60,0,28,194,3
2021-06-29 12,2.027,0,55,0,29,172,2
2021-06-29 13,3.269,0,55,0,28,188,3
2021-06-29 14,2.967,0,55,0,28,184,3
2021-06-29 15,2.856,0,60,0,28,199,3
2021-06-29 16,2.762,0,60,0,27,199,3
2021-06-29 17,3.441,0,65,0,26,194,2
2021-06-29 18,3.52,0,65,0,25,177,3
2021-06-29 19,1.784,0,70,0,25,209,2
2021-06-29 20,2.201,0,70,0,24,210,2
2021-06-29 21,0.787,0,70,0,24,314,1
2021-06-29 22,1.358,0,75,0,24,350,1
2021-06-29 23,1.345,0,80,0,23,305,1
2021-06-30 00,1.478,0,85,0,22,302,1
2021-06-30 01,1.011,0,85,0,22,316,1
2021-06-30 02,1.304,0,85,0,22,313,1
2021-06-30 03,1.159,0,85,0,21,310,2
2021-06-30 04,1.13,0,85,0,21,314,1
2021-06-30 05,1.153,0,90,0,21,318,1
2021-06-30 06,1.014,0,80,0,22,335,1
2021-06-30 07,1.048,0,75,0,23,320,1
2021-06-30 08,1.343,0,65,0,25,101,1
2021-06-30 09,2.175,0,65,0,26,107,1
2021-06-30 10,1.443,0,60,0,27,90,2
2021-06-30 11,2.333,0,55,0,28,107,2
2021-06-30 12,2.08,0,55,0,28,114,2
2021-06-30 13,3.303,0,55,0,29,92,2
2021-06-30 14,2.354,0,50,0,30,142,1
2021-06-30 15,2.999,0,55,0,29,163,2
2021-06-30 16,3.476,0,55,0,29,187,2
2021-06-30 17,3.538,0,60,0,28,206,3
2021-06-30 18,3.372,0,65,0,26,202,3
2021-06-30 19,2.269,0,70,0,25,227,2
2021-06-30 20,2.903,0,75,0,24,219,1
2021-06-30 21,2.669,0,75,0,23,257,0
2021-06-30 22,2.901,0,80,0,22,332,1
2021-06-30 23,2.876,0,85,0,22,313,1
2021-07-01 00,2.174,0,85,0,21,308,1
2021-07-01 01,2.877,0,85,0,21,322,1
2021-07-01 02,2.668,0,90,0,21,315,2
2021-07-01 03,1.535,0,90,0,20,306,1
2021-07-01 04,0.387,0,90,0,19,317,2
2021-07-01 05,0.457,0,90,0,19,320,1
2021-07-01 06,0.441,0,75,0,22,333,1
2021-07-01 07,0.564,0,65,0,24,354,1
2021-07-01 08,1.225,0,60,0,26,29,0
2021-07-01 09,2.304,0,55,0,28,60,2
2021-07-01 10,3.371,0,50,0,29,117,2
2021-07-01 11,3.05,0,45,0,30,119,3
2021-07-01 12,2.196,0,45,0,31,119,2
2021-07-01 13,3.452,0,45,0,32,126,2
2021-07-01 14,3.075,0,50,0,32,160,1
2021-07-01 15,2.948,0,55,0,31,193,3
2021-07-01 16,3.657,0,55,0,30,197,3
2021-07-01 17,3.828,0,60,0,30,201,3
2021-07-01 18,3.58,0,65,0,28,216,3
2021-07-01 19,2.8,0,70,0,27,233,2
2021-07-01 20,2.939,0,75,0,26,206,1
2021-07-01 21,2.844,0,80,0,25,323,1
2021-07-01 22,2.937,0,80,0,24,288,1
2021-07-01 23,2.96,0,80,0,24,338,1
2021-07-02 00,2.292,0,85,0,24,332,0
2021-07-02 01,2.899,0,90,0,23,202,1
2021-07-02 02,2.952,0,90,0,23,349,1
2021-07-02 03,1.256,0,90,0,23,302,1
2021-07-02 04,0.647,0,90,0,23,315,1
2021-07-02 05,0.581,0,90,0,23,312,1
2021-07-02 06,0.605,0,85,0,24,321,1
2021-07-02 07,0.871,0,80,0,25,5,1
2021-07-02 08,1.631,0,70,0,26,91,1
2021-07-02 09,3.098,0,65,0,27,129,2
2021-07-02 10,3.066,0,60,0,28,123,2
2021-07-02 11,2.924,0,50,0,30,98,3
2021-07-02 12,2.14,0,50,0,30,107,2
2021-07-02 13,3.57,0,50,0,30,118,2
2021-07-02 14,3.341,0,55,0,30,114,1
2021-07-02 15,3.705,0,55,0,30,189,2
2021-07-02 16,4.272,0,55,0,30,191,3
2021-07-02 17,4.106,0,60,0,28,213,2
2021-07-02 18,3.756,0,65,0,27,206,3
2021-07-02 19,2.41,0,75,0,25,206,2
2021-07-02 20,2.865,0,80,0,25,207,1
2021-07-02 21,1.833,0,80,0,25,303,1
2021-07-02 22,1.722,0,80,0,25,324,1
2021-07-02 23,1.755,0,80,0,25,344,1
2021-07-03 00,1.369,0,75,0,25,105,2
2021-07-03 01,1.494,0,75,0,25,110,3
2021-07-03 02,1.414,0,75,0,24,93,3
2021-07-03 03,1.441,0,75,0,24,94,3
2021-07-03 04,1.423,0,75,0,24,102,3
2021-07-03 05,0.973,0,70,0,24,97,3
2021-07-03 06,1.401,0,70,0,25,105,3
2021-07-03 07,1.123,0,70,0,25,98,3
2021-07-03 08,2.452,0,70,0,25,95,4
2021-07-03 09,2.042,1,90,0.7,24,101,3
2021-07-03 10,3.244,1,95,1.2,23,98,4
2021-07-03 11,2.942,1,95,2.5,23,96,4
2021-07-03 12,2.242,1,95,3.5,22,93,3
2021-07-03 13,3.514,1,95,7.7,22,99,2
2021-07-03 14,3.315,1,95,3.8,22,104,2
2021-07-03 15,3.137,1,95,0.5,23,108,1
2021-07-03 16,4.196,1,95,0.3,23,79,0
2021-07-03 17,4.103,0,95,0,23,122,1
2021-07-03 18,3.43,5,95,0.2,24,124,2
2021-07-03 19,2.558,1,95,5.5,23,207,0
2021-07-03 20,2.487,1,95,1.4,25,179,3
2021-07-03 21,2.084,1,100,2.7,25,172,3
2021-07-03 22,1.926,1,95,3.8,25,196,5
2021-07-03 23,1.805,1,95,0.6,26,196,4
2021-07-04 00,1.405,1,95,1.1,26,206,4
2021-07-04 01,1.681,1,95,4.8,25,208,4
2021-07-04 02,0.933,1,95,1.2,25,223,3
2021-07-04 03,1.214,0,95,0,26,235,3
2021-07-04 04,0.945,0,90,0,25,234,2
2021-07-04 05,0.984,0,90,0,25,242,2
2021-07-04 06,1.078,0,85,0,25,253,3
2021-07-04 07,0.953,0,80,0,26,282,3
2021-07-04 08,1.59,0,70,0,27,279,3
2021-07-04 09,1.614,0,70,0,27,282,3
2021-07-04 10,1.446,0,65,0,28,274,2
2021-07-04 11,1.511,0,60,0,29,268,3
2021-07-04 12,1.27,0,60,0,29,254,3
2021-07-04 13,1.671,0,65,0,28,265,3
2021-07-04 14,1.617,0,70,0,27,250,2
2021-07-04 15,1.543,0,65,0,27,287,2
2021-07-04 16,1.689,0,70,0,27,273,2
2021-07-04 17,1.571,1,75,0.7,25,250,2
2021-07-04 18,1.312,1,85,0.8,24,213,2
2021-07-04 19,1.162,5,90,0.1,24,204,2
2021-07-04 20,1.071,0,90,0,23,218,1
2021-07-04 21,1.062,0,90,0,23,222,1
2021-07-04 22,1.035,0,95,0,23,217,2
2021-07-04 23,0.739,0,95,0,23,211,1
2021-07-05 00,1.183,0,95,0,23,184,1
2021-07-05 01,1.262,1,95,0.9,22,124,0
2021-07-05 02,0.912,1,100,2.1,22,302,1
2021-07-05 03,0.898,1,100,2.5,21,210,0
2021-07-05 04,0.958,5,95,0.1,21,305,1
2021-07-05 05,1.049,0,95,0,21,155,0
2021-07-05 06,0.99,0,95,0,22,345,0
2021-07-05 07,1.046,1,95,1.4,22,326,1
2021-07-05 08,1.274,1,100,6.3,22,293,1
2021-07-05 09,1.176,1,100,7.5,22,13,1
2021-07-05 10,1.867,1,95,5.7,21,264,1
2021-07-05 11,1.753,1,95,3.6,22,193,0
2021-07-05 12,1.935,1,100,4.6,21,254,1
2021-07-05 13,2.085,1,100,2.4,21,282,1
2021-07-05 14,3.064,1,95,1.7,22,357,1
2021-07-05 15,2.762,1,95,1.1,22,324,1
2021-07-05 16,1.911,1,95,1,22,106,1
2021-07-05 17,1.776,1,95,0.8,22,215,0
2021-07-05 18,1.746,1,95,0.8,22,227,0
2021-07-05 19,1.45,1,100,1.9,22,119,0
2021-07-05 20,1.634,1,100,7.5,22,289,1
2021-07-05 21,1.454,1,100,9.1,22,265,1
2021-07-05 22,1.24,1,100,7.6,22,255,1
2021-07-05 23,1.434,1,100,1.8,23,199,1
2021-07-06 00,0.858,1,100,4,23,192,2
2021-07-06 01,0.942,1,100,10.9,25,213,2
2021-07-06 02,0.811,1,95,8.8,25,211,5
2021-07-06 03,0.763,1,95,10.7,24,224,4
2021-07-06 04,0.807,1,95,7,25,216,4
2021-07-06 05,0.798,1,95,10.4,25,239,4
2021-07-06 06,0.629,1,95,9.3,23,262,2
2021-07-06 07,1.038,1,95,4.2,23,325,1
2021-07-06 08,1.263,1,95,10.2,22,229,0
2021-07-06 09,1.802,1,95,17.700001,22,303,1
2021-07-06 10,2.105,1,95,13.7,22,313,1
2021-07-06 11,2.022,1,95,2.5,22,44,0
2021-07-06 12,1.135,1,95,2.9,22,128,1
2021-07-06 13,3.442,1,95,12.7,22,204,1
2021-07-06 14,3.5,1,95,13.2,22,173,1
2021-07-06 15,2.876,1,95,1.5,23,312,0
2021-07-06 16,3.303,1,100,10.7,23,308,1
2021-07-06 17,3.45,1,95,7.9,23,44,1
2021-07-06 18,3.265,1,95,2.5,23,193,1
2021-07-06 19,2.975,0,100,0,23,25,0
2021-07-06 20,2.644,0,95,0,23,314,1
2021-07-06 21,3.197,0,95,0,23,334,1
2021-07-06 22,3.111,0,95,0,23,314,0
2021-07-06 23,3.148,0,95,0,23,301,1
2021-07-07 00,2.945,0,95,0,24,161,0
2021-07-07 01,2.452,0,95,0,24,291,0
2021-07-07 02,2.946,0,95,0,24,46,1
2021-07-07 03,2.772,5,95,0.1,25,240,1
2021-07-07 04,2.756,1,95,0.3,25,279,1
2021-07-07 05,2.78,5,95,0.1,25,265,1
2021-07-07 06,2.747,0,95,0,26,239,2
2021-07-07 07,2.176,1,95,0.3,26,221,1
2021-07-07 08,2.731,0,95,0,27,219,2
2021-07-07 09,2.831,0,90,0,29,242,2
2021-07-07 10,3.001,0,85,0,29,227,3
2021-07-07 11,2.937,1,90,0.8,28,225,1
2021-07-07 12,1.6,1,95,3.4,26,196,2
2021-07-07 13,3.129,1,95,6.8,27,210,2
2021-07-07 14,2.992,1,95,1.3,27,213,2
2021-07-07 15,2.397,5,95,0.2,27,186,2
2021-07-07 16,3.008,1,100,1.1,26,171,2
2021-07-07 17,2.979,1,95,2,25,161,2
2021-07-07 18,2.842,1,95,0.3,25,116,1
2021-07-07 19,2.549,0,100,0,25,88,2
2021-07-07 20,2.254,5,95,0.1,24,103,2
2021-07-07 21,2.891,5,95,0.1,24,82,2
2021-07-07 22,2.748,0,95,0,24,73,1
2021-07-07 23,2.759,0,95,0,24,21,1
2021-07-08 00,2.659,0,100,0,24,256,1
2021-07-08 01,2.115,0,95,0,24,272,0
2021-07-08 02,2.728,0,95,0,24,342,1
2021-07-08 03,2.786,0,95,0,24,311,1
2021-07-08 04,2.65,0,95,0,24,155,1
2021-07-08 05,2.671,0,100,0,24,45,0
2021-07-08 06,2.68,5,100,0.1,25,214,0
2021-07-08 07,1.988,0,95,0,26,200,1
2021-07-08 08,2.74,0,95,0,26,219,1
2021-07-08 09,2.821,0,90,0,27,20,1
2021-07-08 10,2.823,0,85,0,28,335,1
2021-07-08 11,2.953,0,80,0,29,16,0
2021-07-08 12,1.442,0,80,0,29,207,2
2021-07-08 13,2.994,0,80,0,30,173,3
2021-07-08 14,2.8,1,85,0.9,29,178,2
2021-07-08 15,2.163,1,90,1.7,26,178,2
2021-07-08 16,2.967,1,95,7.2,26,54,0
2021-07-08 17,2.889,1,90,2.5,27,263,1
2021-07-08 18,2.799,5,95,0.1,27,125,0
2021-07-08 19,2.582,0,95,0,26,208,1
2021-07-08 20,2.286,0,95,0,26,153,1
2021-07-08 21,2.702,0,95,0,26,197,1
2021-07-08 22,2.737,5,95,0.1,26,186,2
2021-07-08 23,2.998,5,95,0.1,25,223,2
2021-07-09 00,2.776,1,100,0.6,25,210,2
2021-07-09 01,2.329,0,95,0,25,221,1
2021-07-09 02,2.887,0,95,0,25,221,2
2021-07-09 03,2.818,5,95,0.1,24,225,2
2021-07-09 04,2.77,5,95,0.1,24,155,1
2021-07-09 05,2.765,0,95,0,25,234,1
2021-07-09 06,2.794,0,95,0,25,287,0
2021-07-09 07,2.065,0,95,0,26,178,1
2021-07-09 08,3.006,0,85,0,27,204,1
2021-07-09 09,2.897,1,85,0.9,27,234,2
2021-07-09 10,2.819,0,80,0,27,261,0
2021-07-09 11,2.956,0,75,0,29,228,1
2021-07-09 12,1.53,1,85,23.700001,28,313,1
2021-07-09 13,2.912,1,80,0.4,29,180,2
2021-07-09 14,2.843,1,80,0.6,29,204,1
2021-07-09 15,2.22,0,70,0,30,247,3
2021-07-09 16,0.66,5,75,0.2,29,253,2
2021-07-09 17,0.567,0,80,0,28,201,1
2021-07-09 18,2.058,0,85,0,28,242,2
2021-07-09 19,2.757,0,85,0,26,217,2
2021-07-09 20,2.431,0,90,0,26,226,3
2021-07-09 21,2.99,0,90,0,26,248,3
2021-07-09 22,3.045,0,95,0,25,245,2
2021-07-09 23,2.829,0,95,0,25,246,1
2021-07-10 00,2.808,0,95,0,24,240,2
2021-07-10 01,2.192,0,95,0,24,210,1
2021-07-10 02,2.758,0,95,0,24,227,0
2021-07-10 03,2.796,0,95,0,24,237,1
2021-07-10 04,2.728,0,95,0,24,225,1
2021-07-10 05,2.78,0,100,0,24,357,1
2021-07-10 06,2.706,0,95,0,25,134,0
2021-07-10 07,2.123,0,90,0,25,11,1
2021-07-10 08,2.804,0,85,0,26,175,1
2021-07-10 09,2.912,0,75,0,28,209,1
2021-07-10 10,2.902,0,75,0,29,196,3
2021-07-10 11,2.884,0,70,0,29,189,3
2021-07-10 12,1.681,0,70,0,30,192,3
2021-07-10 13,2.974,0,70,0,29,198,4
2021-07-10 14,3.216,0,75,0,29,193,3
2021-07-10 15,2.476,0,75,0,29,207,3
2021-07-10 16,3.216,0,75,0,29,219,3
2021-07-10 17,3.165,0,75,0,29,220,2
2021-07-10 18,3.01,0,85,0,28,203,2
2021-07-10 19,3.197,0,80,0,27,228,1
2021-07-10 20,2.697,0,90,0,26,248,1
2021-07-10 21,3.119,0,85,0,26,238,1
2021-07-10 22,3.035,0,90,0,26,249,2
2021-07-10 23,2.875,0,95,0,25,265,1
2021-07-11 00,2.795,0,95,0,25,233,1
2021-07-11 01,2.111,0,95,0,24,220,0
2021-07-11 02,2.634,0,95,0,24,217,0
2021-07-11 03,2.642,0,95,0,24,242,2
2021-07-11 04,2.6,0,95,0,23,94,0
2021-07-11 05,2.767,0,95,0,23,304,1
2021-07-11 06,2.696,0,95,0,24,312,1
2021-07-11 07,1.239,0,80,0,26,169,0
2021-07-11 08,2.736,0,80,0,27,13,1
2021-07-11 09,2.543,0,75,0,28,15,1
2021-07-11 10,0.615,0,75,0,29,141,1
2021-07-11 11,0.568,0,75,0,29,227,1
2021-07-11 12,0.605,0,70,0,30,239,1
2021-07-11 13,0.85,0,65,0,32,247,2
2021-07-11 14,0.843,0,65,0,32,234,3
2021-07-11 15,1.532,0,65,0,32,213,3
2021-07-11 16,1,0,75,0,30,213,3
2021-07-11 17,3.509,0,75,0,30,209,3
2021-07-11 18,3.647,0,80,0,29,224,3
2021-07-11 19,3.319,0,85,0,28,224,2
2021-07-11 20,3.115,0,90,0,27,202,1
2021-07-11 21,2.413,0,90,0,27,193,1
2021-07-11 22,1.792,0,95,0,27,193,2
2021-07-11 23,1.738,0,95,0,27,182,2
2021-07-12 00,1.626,0,95,0,26,185,1
2021-07-12 01,1.239,0,95,0,26,186,1
2021-07-12 02,1.352,0,95,0,26,222,1
2021-07-12 03,1.664,0,95,0,26,223,1
2021-07-12 04,1.017,0,95,0,26,341,0
2021-07-12 05,1.041,0,95,0,26,312,1
2021-07-12 06,1.077,0,90,0,27,284,0
2021-07-12 07,1.38,0,90,0,27,194,1
2021-07-12 08,1.601,0,75,0,29,303,0
2021-07-12 09,3.284,0,75,0,29,327,0
2021-07-12 10,3.172,0,65,0,31,199,1
2021-07-12 11,3.276,0,60,0,32,195,2
2021-07-12 12,1.864,0,60,0,32,202,3
2021-07-12 13,3.327,0,65,0,32,183,4
2021-07-12 14,3.097,0,65,0,32,189,3
2021-07-12 15,2.463,0,65,0,32,196,4
2021-07-12 16,3.098,0,75,0,30,202,2
2021-07-12 17,3.013,0,75,0,30,178,3
2021-07-12 18,2.937,0,80,0,29,173,2
2021-07-12 19,2.683,0,85,0,27,180,1
2021-07-12 20,2.313,0,90,0,27,196,2
2021-07-12 21,2.763,0,90,0,27,176,1
2021-07-12 22,3.007,0,90,0,26,193,1
2021-07-12 23,2.977,0,95,0,26,199,2
2021-07-13 00,2.897,0,90,0,27,197,1
2021-07-13 01,2.41,0,90,0,26,156,1
2021-07-13 02,2.965,0,90,0,26,167,1
2021-07-13 03,2.899,0,95,0,26,185,0
2021-07-13 04,2.881,0,95,0,26,337,1
2021-07-13 05,2.917,0,95,0,26,286,1
2021-07-13 06,2.83,0,90,0,27,343,0
2021-07-13 07,2.151,0,80,0,29,124,1
2021-07-13 08,2.889,0,80,0,29,169,2
2021-07-13 09,2.85,0,70,0,31,169,2
2021-07-13 10,2.91,0,65,0,31,183,3
2021-07-13 11,3.032,0,65,0,32,172,3
2021-07-13 12,1.684,0,60,0,33,187,4
2021-07-13 13,2.972,0,65,0,33,187,4
2021-07-13 14,2.954,0,65,0,32,194,4
2021-07-13 15,1.927,0,60,0,31,202,4
2021-07-13 16,0.762,0,70,0,31,189,3
2021-07-13 17,0.709,0,75,0,29,201,4
2021-07-13 18,0.406,0,80,0,28,187,3
2021-07-13 19,0.364,0,85,0,28,195,2
2021-07-13 20,0.483,0,85,0,28,181,2
2021-07-13 21,0.927,0,90,0,27,177,2
2021-07-13 22,0.572,0,90,0,27,184,1
2021-07-13 23,0.582,0,90,0,27,171,0
2021-07-14 00,0.726,0,90,0,27,169,0
2021-07-14 01,0.594,0,95,0,26,133,0
2021-07-14 02,0.639,0,95,0,26,197,0
2021-07-14 03,0.534,0,95,0,27,328,0
2021-07-14 04,0.538,0,95,0,26,264,0
2021-07-14 05,0.463,0,95,0,26,115,1
2021-07-14 06,0.498,0,90,0,28,202,1
2021-07-14 07,0.462,0,80,0,29,188,1
2021-07-14 08,0.495,0,75,0,30,169,2
2021-07-14 09,2.507,0,70,0,30,186,2
2021-07-14 10,3.204,0,65,0,31,193,2
2021-07-14 11,3.24,0,70,0,31,204,3
2021-07-14 12,1.791,0,75,0,30,184,3
2021-07-14 13,3.399,0,70,0,31,188,3
2021-07-14 14,2.837,0,75,0,30,190,3
2021-07-14 15,2.402,0,75,0,30,202,3
2021-07-14 16,2.25,0,75,0,30,205,2
2021-07-14 17,2.462,0,80,0,29,191,3
2021-07-14 18,2.517,0,80,0,28,219,2
2021-07-14 19,1.55,0,85,0,27,207,1
2021-07-14 20,2.239,0,90,0,27,224,1
2021-07-14 21,2.022,0,90,0,26,181,1
2021-07-14 22,1.697,0,95,0,26,283,1
2021-07-14 23,1.593,0,95,0,26,305,0
2021-07-15 00,1.722,0,95,0,26,307,1
2021-07-15 01,1.732,0,90,0,26,317,1
2021-07-15 02,1.324,0,95,0,25,317,1
2021-07-15 03,1.605,0,95,0,25,313,1
2021-07-15 04,1.512,0,95,0,24,326,1
2021-07-15 05,1.313,0,95,0,24,334,1
2021-07-15 06,1.397,0,90,0,26,323,1
2021-07-15 07,1.446,0,75,0,29,323,0
2021-07-15 08,1.399,0,70,0,30,143,1
2021-07-15 09,1.814,0,70,0,30,178,2
2021-07-15 10,2.114,0,65,0,32,187,2
2021-07-15 11,2.666,0,65,0,32,185,3
2021-07-15 12,1.373,1,70,2.3,31,174,3
2021-07-15 13,3.433,1,70,7.4,31,185,4
2021-07-15 14,3.02,1,65,1.5,31,218,3
2021-07-15 15,3.046,0,65,0,31,198,2
2021-07-15 16,3.771,0,75,0,30,176,2
2021-07-15 17,3.563,0,70,0,30,219,1
2021-07-15 18,3.659,0,80,0,29,202,1
2021-07-15 19,3.146,0,85,0,28,180,2
2021-07-15 20,2.397,0,85,0,28,261,1
2021-07-15 21,1.907,0,85,0,27,334,1
2021-07-15 22,1.722,0,90,0,26,198,1
2021-07-15 23,1.772,0,95,0,26,226,1
2021-07-16 00,1.747,0,95,0,26,319,0
2021-07-16 01,1.262,0,95,0,25,276,1
2021-07-16 02,1.671,0,90,0,26,320,1
2021-07-16 03,1.535,0,90,0,25,305,1
2021-07-16 04,1.125,0,95,0,25,330,1
2021-07-16 05,1.063,0,95,0,25,337,1
2021-07-16 06,1.653,0,85,0,27,18,1
2021-07-16 07,1.232,0,80,0,28,18,1
2021-07-16 08,2.052,0,70,0,30,106,1
2021-07-16 09,2.462,0,65,0,31,102,2
2021-07-16 10,3.385,0,60,0,32,108,2
2021-07-16 11,3.24,0,55,0,32,109,1
2021-07-16 12,2.007,0,60,0,32,191,2
2021-07-16 13,3.654,0,65,0,32,215,4
2021-07-16 14,4.264,0,60,0,32,200,3
2021-07-16 15,4.214,1,90,11.7,27,154,3
2021-07-16 16,4.501,1,85,21.1,23,239,1
2021-07-16 17,3.692,5,90,0.1,24,331,1
2021-07-16 18,3.82,5,90,0.1,24,313,1
2021-07-16 19,2.8,5,65,0.2,24,323,1
2021-07-16 20,2.591,0,70,0,24,330,1
2021-07-16 21,1.176,0,70,0,24,319,2
2021-07-16 22,2.429,0,70,0,24,311,1
2021-07-16 23,2.557,0,70,0,24,305,1
2021-07-17 00,1.555,0,70,0,24,329,1
2021-07-17 01,1.551,0,70,0,23,318,2
2021-07-17 02,2.014,0,95,0,23,326,1
2021-07-17 03,1.823,0,90,0,23,23,1
2021-07-17 04,1.38,0,90,0,23,346,1
2021-07-17 05,1.432,0,90,0,23,295,1
2021-07-17 06,1.937,0,85,0,24,7,1
2021-07-17 07,1.248,0,80,0,26,46,1
2021-07-17 08,1.655,0,80,0,26,95,1
2021-07-17 09,1.939,0,75,0,28,97,3
2021-07-17 10,1.637,0,70,0,28,94,3
2021-07-17 11,1.615,0,65,0,29,100,3
2021-07-17 12,1.678,0,65,0,30,101,3
2021-07-17 13,2.498,0,65,0,30,104,3
2021-07-17 14,2.302,0,60,0,31,114,3
2021-07-17 15,2.569,0,60,0,31,113,3
2021-07-17 16,2.587,0,65,0,30,142,3
2021-07-17 17,2.314,5,70,0.2,29,165,2
2021-07-17 18,3.298,5,75,0.1,28,168,2
2021-07-17 19,1.981,5,80,0.1,27,137,2
2021-07-17 20,3.033,0,75,0,27,107,2
2021-07-17 21,1.375,0,80,0,26,93,2
2021-07-17 22,1.768,0,80,0,26,96,3
2021-07-17 23,2.015,0,80,0,26,69,2
2021-07-18 00,1.397,0,80,0,25,95,1
2021-07-18 01,1.55,0,85,0,25,64,1
2021-07-18 02,2.022,0,80,0,25,78,1
2021-07-18 03,1.337,0,80,0,25,69,1
2021-07-18 04,1.425,0,85,0,25,118,1
2021-07-18 05,1.938,0,85,0,25,24,0
2021-07-18 06,1.295,0,80,0,26,65,1
2021-07-18 07,1.455,0,70,0,28,88,2
2021-07-18 08,1.103,0,70,0,29,106,3
2021-07-18 09,1.403,0,65,0,29,102,4
2021-07-18 10,1.681,0,65,0,30,101,3
2021-07-18 11,2.412,0,60,0,31,95,3
2021-07-18 12,1.449,0,60,0,31,94,3
2021-07-18 13,1.845,0,60,0,31,100,3
2021-07-18 14,2.151,0,60,0,31,108,2
2021-07-18 15,2.186,0,60,0,30,127,2
2021-07-18 16,2.503,0,70,0,29,166,3
2021-07-18 17,1.788,0,70,0,29,178,2
2021-07-18 18,2.137,0,75,0,28,154,2
2021-07-18 19,2.218,0,75,0,28,111,2
2021-07-18 20,1.638,0,75,0,27,123,2
2021-07-18 21,1.605,0,80,0,27,110,2
2021-07-18 22,1.771,0,80,0,27,103,2
2021-07-18 23,1.495,0,80,0,27,102,2
2021-07-19 00,1.754,0,80,0,27,98,2
2021-07-19 01,1.782,0,80,0,26,83,1
2021-07-19 02,1.901,0,80,0,26,95,1
2021-07-19 03,1.979,5,85,0.1,26,27,1
2021-07-19 04,1.619,1,90,1,25,104,2
2021-07-19 05,1.642,1,90,0.5,25,42,1
2021-07-19 06,1.883,0,90,0,25,141,0
2021-07-19 07,1.652,0,90,0,25,58,1
2021-07-19 08,1.837,0,80,0,26,28,0
2021-07-19 09,2.766,0,70,0,28,89,2
2021-07-19 10,2.95,0,65,0,30,103,2
2021-07-19 11,2.445,0,65,0,30,76,2
2021-07-19 12,1.759,0,60,0,31,82,1
2021-07-19 13,2.671,0,60,0,32,92,2
2021-07-19 14,2.7,0,55,0,32,95,2
2021-07-19 15,2.522,0,60,0,32,105,2
2021-07-19 16,2.603,0,65,0,31,116,2
2021-07-19 17,2.447,0,65,0,30,183,1
2021-07-19 18,3.397,0,70,0,29,148,1
2021-07-19 19,3.158,0,75,0,29,314,0
2021-07-19 20,2.036,0,75,0,28,106,1
2021-07-19 21,1.981,0,80,0,28,143,1
2021-07-19 22,1.798,5,80,0.1,27,122,1
2021-07-19 23,1.635,5,85,0.1,27,100,1
2021-07-20 00,1.45,5,85,0.2,27,79,1
2021-07-20 01,1.33,0,85,0,27,79,1
2021-07-20 02,1.454,0,80,0,27,42,1
2021-07-20 03,1.395,1,90,0.4,26,26,1
2021-07-20 04,1.442,1,90,0.4,26,356,1
2021-07-20 05,1.479,1,90,0.4,26,359,1
2021-07-20 06,1.41,0,90,0,26,41,1
2021-07-20 07,1.503,0,80,0,28,43,1
2021-07-20 08,1.62,0,75,0,29,89,2
2021-07-20 09,2.324,0,70,0,30,98,2
2021-07-20 10,2.854,0,65,0,30,84,2
2021-07-20 11,3.325,0,65,0,30,101,3
2021-07-20 12,1.813,0,65,0,30,100,2
2021-07-20 13,3.309,0,65,0,30,84,2
2021-07-20 14,3.29,0,60,0,31,92,2
2021-07-20 15,2.585,0,65,0,30,91,1
2021-07-20 16,3.431,0,65,0,30,28,1
2021-07-20 17,3.284,0,65,0,30,2,1
2021-07-20 18,3.199,0,70,0,29,332,1
2021-07-20 19,2.831,0,80,0,28,314,1
2021-07-20 20,2.446,0,80,0,27,32,1
2021-07-20 21,2.906,0,80,0,27,30,1
2021-07-20 22,2.887,0,85,0,26,2,1
2021-07-20 23,2.925,0,85,0,26,340,0
2021-07-21 00,2.764,0,85,0,26,26,1
2021-07-21 01,2.227,0,80,0,26,41,1
2021-07-21 02,2.814,0,90,0,25,317,1
2021-07-21 03,2.834,0,90,0,24,307,1
2021-07-21 04,2.842,0,90,0,24,313,1
2021-07-21 05,2.809,0,85,0,24,307,1
2021-07-21 06,2.837,0,85,0,25,290,1
2021-07-21 07,2.123,0,75,0,27,343,1
2021-07-21 08,2.81,0,65,0,29,140,1
2021-07-21 09,2.772,0,55,0,31,141,2
2021-07-21 10,2.848,0,50,0,32,125,2
2021-07-21 11,3.031,0,55,0,32,120,3
2021-07-21 12,1.667,0,55,0,32,108,3
2021-07-21 13,3.018,0,55,0,32,119,2
2021-07-21 14,2.986,0,55,0,33,118,2
2021-07-21 15,2.436,0,60,0,32,104,2
2021-07-21 16,1.318,0,60,0,32,118,2
2021-07-21 17,2.061,0,60,0,32,103,2
2021-07-21 18,3.048,0,70,0,30,155,2
2021-07-21 19,2.866,0,70,0,29,155,1
2021-07-21 20,2.565,0,70,0,28,80,1
2021-07-21 21,3.055,0,75,0,28,108,1
2021-07-21 22,2.973,0,75,0,27,66,1
2021-07-21 23,3.163,0,80,0,27,65,1
2021-07-22 00,2.927,0,80,0,26,73,1
2021-07-22 01,2.381,0,80,0,26,60,1
2021-07-22 02,2.898,0,80,0,25,50,1
2021-07-22 03,2.859,0,80,0,25,46,1
2021-07-22 04,2.913,0,80,0,24,26,1
2021-07-22 05,2.839,0,85,0,24,15,1
2021-07-22 06,2.831,0,80,0,25,52,1
2021-07-22 07,2.154,0,65,0,29,84,2
2021-07-22 08,2.81,0,60,0,30,94,3
2021-07-22 09,2.962,0,60,0,30,100,3
2021-07-22 10,3.002,0,60,0,31,106,3
2021-07-22 11,3.165,0,55,0,32,100,3
2021-07-22 12,1.687,0,60,0,31,108,3
2021-07-22 13,3.47,0,55,0,32,104,3
2021-07-22 14,3.115,0,55,0,32,97,2
2021-07-22 15,2.51,0,55,0,32,113,2
2021-07-22 16,3.115,0,60,0,32,109,2
2021-07-22 17,3.014,0,60,0,32,111,2
2021-07-22 18,3.412,0,65,0,30,167,1
2021-07-22 19,2.898,0,70,0,29,172,1
2021-07-22 20,2.55,0,75,0,28,89,0
2021-07-22 21,3.204,0,75,0,28,101,1
2021-07-22 22,3.004,0,80,0,27,101,1
2021-07-22 23,3.325,0,80,0,27,66,1
2021-07-23 00,2.994,0,80,0,26,50,1
2021-07-23 01,2.421,0,80,0,26,50,1
2021-07-23 02,3.074,0,80,0,26,63,1
2021-07-23 03,2.877,0,80,0,25,58,1
2021-07-23 04,2.903,0,85,0,25,6,1
2021-07-23 05,2.906,0,85,0,25,7,1
2021-07-23 06,2.886,0,75,0,25,40,1
2021-07-23 07,2.203,0,70,0,28,62,1
2021-07-23 08,2.821,0,60,0,30,104,2
2021-07-23 09,2.831,0,60,0,30,122,2
2021-07-23 10,2.949,0,55,0,32,98,3
2021-07-23 11,2.939,0,55,0,32,106,3
2021-07-23 12,1.645,0,55,0,32,105,2
2021-07-23 13,2.917,0,55,0,33,101,2
2021-07-23 14,2.931,0,55,0,33,109,3
2021-07-23 15,2.303,0,55,0,33,97,3
2021-07-23 16,2.933,0,55,0,32,91,3
2021-07-23 17,3.31,0,60,0,32,100,3
2021-07-23 18,3.248,0,65,0,31,96,2
2021-07-23 19,3.373,0,65,0,30,100,2
2021-07-23 20,2.52,0,70,0,30,88,2
2021-07-23 21,2.82,0,65,0,29,100,2
2021-07-23 22,2.894,0,70,0,29,90,2
2021-07-23 23,3.092,0,70,0,29,96,1
2021-07-24 00,3.45,0,75,0,28,75,1
2021-07-24 01,2.474,0,75,0,28,52,1
2021-07-24 02,3.103,0,80,0,27,20,1
2021-07-24 03,3.166,0,80,0,26,83,1
2021-07-24 04,3.016,0,85,0,26,64,0
2021-07-24 05,3.026,0,80,0,27,91,1
2021-07-24 06,2.928,0,75,0,28,37,1
2021-07-24 07,2.277,0,65,0,29,85,2
2021-07-24 08,2.904,0,60,0,30,98,2
2021-07-24 09,2.784,0,60,0,31,97,3
2021-07-24 10,0.598,0,60,0,32,98,4
2021-07-24 11,0.574,0,55,0,32,94,3
2021-07-24 12,0.579,0,55,0,33,91,3
2021-07-24 13,0.599,0,55,0,33,100,4
2021-07-24 14,0.832,0,55,0,33,94,3
2021-07-24 15,1.928,0,50,0,33,101,3
2021-07-24 16,3.912,0,55,0,33,114,2
2021-07-24 17,3.538,0,60,0,32,116,2
2021-07-24 18,3.353,0,60,0,30,97,2
2021-07-24 19,3.46,0,60,0,29,129,1
2021-07-24 20,2.994,0,65,0,29,108,1
2021-07-24 21,3.2,0,65,0,28,60,2
2021-07-24 22,3.154,0,70,0,28,94,1
2021-07-24 23,3.542,0,70,0,28,91,2
2021-07-25 00,3.049,0,65,0,28,101,2
2021-07-25 01,2.676,0,65,0,28,107,2
2021-07-25 02,3.132,0,70,0,28,77,2
2021-07-25 03,2.961,0,70,0,27,79,2
2021-07-25 04,2.892,0,75,0,27,94,2
2021-07-25 05,2.862,0,75,0,27,94,2
2021-07-25 06,2.907,0,75,0,28,105,2
2021-07-25 07,2.204,0,70,0,28,102,3
2021-07-25 08,3.092,0,65,0,28,92,3
2021-07-25 09,3.236,0,65,0,30,98,4
2021-07-25 10,2.875,0,60,0,31,93,3
2021-07-25 11,2.908,0,55,0,32,99,4
2021-07-25 12,1.555,0,50,0,33,93,4
2021-07-25 13,2.899,0,50,0,33,96,3
2021-07-25 14,2.934,0,50,0,33,105,3
2021-07-25 15,2.212,0,50,0,32,98,3
2021-07-25 16,2.946,0,50,0,33,114,3
2021-07-25 17,2.878,0,50,0,32,89,3
2021-07-25 18,2.981,0,55,0,30,102,3
2021-07-25 19,2.311,0,60,0,29,97,3
2021-07-25 20,3.043,0,65,0,29,94,2
2021-07-25 21,3.113,0,65,0,28,88,2
2021-07-25 22,3.039,0,65,0,28,100,1
2021-07-25 23,3.105,0,65,0,27,92,1
2021-07-26 00,3.212,0,65,0,27,96,2
2021-07-26 01,3.063,0,65,0,27,88,2
2021-07-26 02,2.415,0,70,0,27,89,1
2021-07-26 03,2.924,0,75,0,27,102,2
2021-07-26 04,2.881,0,75,0,27,96,2
2021-07-26 05,2.819,0,75,0,27,101,2
2021-07-26 06,2.6,0,70,0,28,95,2
2021-07-26 07,1.738,0,70,0,29,96,3
2021-07-26 08,2.937,0,65,0,29,94,3
2021-07-26 09,2.809,0,60,0,30,95,4
2021-07-26 10,2.555,0,60,0,31,98,3
2021-07-26 11,2.84,0,55,0,32,104,3
2021-07-26 12,3.246,0,55,0,32,101,3
2021-07-26 13,3.357,0,50,0,33,95,3
2021-07-26 14,2.631,0,50,0,33,147,2
2021-07-26 15,3.835,0,55,0,32,169,3
2021-07-26 16,3.151,0,55,0,32,155,3
2021-07-26 17,3.263,0,55,0,31,123,3
2021-07-26 18,2.96,0,60,0,30,133,2
2021-07-26 19,3.168,0,65,0,28,120,1
2021-07-26 20,3.177,0,70,0,28,182,1
2021-07-26 21,3.595,0,75,0,27,79,1
2021-07-26 22,2.835,0,75,0,26,317,0
2021-07-26 23,2.119,0,80,0,25,313,1
2021-07-27 00,3.034,0,85,0,25,309,1
2021-07-27 01,2.954,0,85,0,24,321,1
2021-07-27 02,2.514,0,85,0,24,319,2
2021-07-27 03,2.893,0,90,0,23,315,1
2021-07-27 04,2.939,0,90,0,23,320,1
2021-07-27 05,2.859,0,90,0,23,299,1
2021-07-27 06,2.231,0,75,0,25,52,1
2021-07-27 07,2.851,0,65,0,28,55,0
2021-07-27 08,2.862,0,60,0,30,113,2
2021-07-27 09,2.997,0,55,0,31,106,2
2021-07-27 10,3.077,0,55,0,32,99,3
2021-07-27 11,2.438,0,55,0,32,86,2
2021-07-27 12,3.128,0,50,0,33,106,2
2021-07-27 13,3.246,0,50,0,34,106,2
2021-07-27 14,3.291,0,50,0,33,171,1
2021-07-27 15,3.289,0,50,0,34,164,2
2021-07-27 16,3.378,0,55,0,33,203,3
2021-07-27 17,4.018,0,60,0,32,188,3
2021-07-27 18,2.777,0,60,0,30,178,2
2021-07-27 19,3.188,0,70,0,29,203,2
2021-07-27 20,3.033,0,75,0,28,229,1
2021-07-27 21,2.966,0,80,0,27,215,1
2021-07-27 22,3.151,0,80,0,26,290,1
2021-07-27 23,2.414,0,85,0,26,313,1
2021-07-28 00,3.084,0,85,0,25,324,1
2021-07-28 01,2.939,0,90,0,25,319,1
2021-07-28 02,2.474,0,90,0,25,317,1
2021-07-28 03,2.808,0,90,0,25,322,1
2021-07-28 04,2.912,0,95,0,24,317,1
2021-07-28 05,2.819,0,90,0,24,322,1
2021-07-28 06,2.181,0,85,0,26,327,1
2021-07-28 07,2.901,0,75,0,28,104,1
2021-07-28 08,2.975,0,65,0,30,102,1
2021-07-28 09,3.114,0,55,0,31,112,2
2021-07-28 10,3.006,0,55,0,32,100,2
2021-07-28 11,2.465,0,55,0,33,95,2
2021-07-28 12,3.111,0,50,0,33,139,2
2021-07-28 13,3.053,0,50,0,33,148,1
2021-07-28 14,3.05,0,50,0,34,182,3
2021-07-28 15,3.045,0,60,0,33,215,3
2021-07-28 16,3.136,0,60,0,32,218,3
2021-07-28 17,3.33,0,60,0,31,212,3
2021-07-28 18,2.298,0,65,0,30,228,2
2021-07-28 19,3.1,0,70,0,28,197,2
2021-07-28 20,2.871,0,70,0,28,230,1
2021-07-28 21,3.004,0,70,0,28,232,2
2021-07-28 22,3.154,0,75,0,27,249,1
2021-07-28 23,1.925,0,80,0,27,329,1
2021-07-29 00,3.076,0,80,0,26,319,1
2021-07-29 01,2.812,0,85,0,25,315,1
2021-07-29 02,2.486,0,90,0,25,308,1
2021-07-29 03,2.889,0,90,0,25,316,1
2021-07-29 04,2.833,0,90,0,24,323,0
2021-07-29 05,2.88,0,90,0,24,286,0
2021-07-29 06,2.159,0,85,0,26,329,1
2021-07-29 07,2.947,0,75,0,28,356,1
2021-07-29 08,2.933,0,70,0,29,292,0
2021-07-29 09,2.988,0,60,0,31,105,1
2021-07-29 10,2.993,0,60,0,32,178,1
2021-07-29 11,2.323,0,55,0,33,169,1
2021-07-29 12,3.261,0,60,0,32,188,2
2021-07-29 13,3.148,0,60,0,32,210,3
2021-07-29 14,4.149,0,60,0,33,189,3
2021-07-29 15,3.446,0,60,0,32,195,3
2021-07-29 16,3.163,0,60,0,31,222,3
2021-07-29 17,3.318,0,60,0,31,215,2
2021-07-29 18,2.466,0,70,0,29,206,2
2021-07-29 19,3.34,0,75,0,28,213,1
2021-07-29 20,2.939,0,80,0,28,255,1
2021-07-29 21,2.888,0,85,0,26,220,1
2021-07-29 22,2.622,0,85,0,26,241,1
2021-07-29 23,1.782,0,85,0,26,283,1
2021-07-30 00,3.463,0,90,0,25,322,1
2021-07-30 01,3.055,0,90,0,25,321,1
2021-07-30 02,2.56,0,95,0,24,282,0
2021-07-30 03,2.801,0,95,0,24,359,1
2021-07-30 04,2.775,0,95,0,24,328,1
2021-07-30 05,2.771,0,95,0,23,243,0
2021-07-30 06,2.083,0,85,0,25,328,1
2021-07-30 07,2.734,0,80,0,27,339,1
2021-07-30 08,2.925,0,70,0,29,74,1
2021-07-30 09,2.969,0,60,0,30,172,2
2021-07-30 10,3.277,0,55,0,31,174,2
2021-07-30 11,3.486,0,55,0,32,174,2
2021-07-30 12,4.081,0,55,0,32,180,3
2021-07-30 13,3.138,0,55,0,32,175,3
2021-07-30 14,3.181,0,55,0,33,178,3
2021-07-30 15,3.201,0,55,0,33,192,3
2021-07-30 16,3.031,0,60,0,31,190,4
2021-07-30 17,3.336,0,70,0,30,210,2
2021-07-30 18,2.922,0,75,0,29,209,3
2021-07-30 19,3.309,0,80,0,28,185,2
2021-07-30 20,3.123,0,85,0,28,225,2
2021-07-30 21,3.415,0,85,0,28,196,1
2021-07-30 22,3.466,0,85,0,28,174,0
2021-07-30 23,2.102,0,85,0,28,228,1
2021-07-31 00,3.29,1,90,0.3,27,176,0
2021-07-31 01,2.94,0,95,0,27,333,0
2021-07-31 02,2.563,1,90,0.4,27,311,1
2021-07-31 03,2.892,1,95,0.5,27,313,1
2021-07-31 04,2.767,1,95,0.3,27,300,1
2021-07-31 05,2.787,5,95,0.2,26,172,0
2021-07-31 06,2.136,0,95,0,27,252,1
2021-07-31 07,2.788,0,90,0,28,140,0
2021-07-31 08,3.052,0,85,0,29,17,1
2021-07-31 09,3.038,0,75,0,31,68,0
2021-07-31 10,3.106,0,70,0,31,162,1
2021-07-31 11,2.342,0,60,0,32,246,1
2021-07-31 12,3.171,0,65,0,33,210,3
2021-07-31 13,3.249,0,60,0,34,209,3
2021-07-31 14,3.005,0,55,0,34,224,2
2021-07-31 15,3.867,0,55,0,34,230,3
2021-07-31 16,3.799,0,65,0,33,202,3
2021-07-31 17,3.891,0,75,0,32,194,3
2021-07-31 18,2.537,0,75,0,31,210,2
2021-07-31 19,2.479,0,80,0,29,184,2
2021-07-31 20,2.97,0,85,0,29,179,2
2021-07-31 21,3.525,0,85,0,29,222,1
2021-07-31 22,3.136,0,90,0,28,239,1
2021-07-31 23,2.317,0,90,0,28,117,0
2021-08-01 00,3.131,0,90,0,27,284,1
2021-08-01 01,2.854,0,90,0,27,56,0
2021-08-01 02,2.607,0,90,0,28,262,2
2021-08-01 03,2.829,0,90,0,28,323,1
2021-08-01 04,2.812,0,90,0,27,339,1
2021-08-01 05,2.772,0,90,0,27,291,0
2021-08-01 06,2.142,0,85,0,28,332,1
2021-08-01 07,2.793,0,80,0,28,0,1
2021-08-01 08,2.958,0,70,0,31,96,1
2021-08-01 09,2.991,0,65,0,32,168,1
2021-08-01 10,3.142,0,60,0,32,256,1
2021-08-01 11,2.59,0,55,0,34,229,2
2021-08-01 12,3.421,0,55,0,35,223,3
2021-08-01 13,3.411,0,55,0,34,199,3
2021-08-01 14,3.345,0,55,0,34,226,3
2021-08-01 15,1.6,0,60,0,33,213,4
2021-08-01 16,0.678,0,65,0,32,206,4
2021-08-01 17,0.714,1,70,1.5,31,215,3
2021-08-01 18,0.649,0,70,0,30,209,2
2021-08-01 19,2.979,0,80,0,29,182,2
2021-08-01 20,3.257,0,80,0,29,221,1
2021-08-01 21,3.086,0,85,0,28,205,1
2021-08-01 22,1.517,0,85,0,28,229,2
2021-08-01 23,1.439,0,85,0,28,261,1
2021-08-02 00,1.474,1,90,1.4,27,269,1
2021-08-02 01,2.038,0,95,0,27,284,1
2021-08-02 02,1.538,0,95,0,27,318,1
2021-08-02 03,1.465,0,95,0,26,284,0
2021-08-02 04,1.262,0,95,0,26,344,0
2021-08-02 05,1.167,0,95,0,26,307,1
2021-08-02 06,1.258,0,95,0,27,338,1
2021-08-02 07,1.335,0,90,0,28,187,0
2021-08-02 08,1.582,1,80,2.4,30,192,1
2021-08-02 09,2.812,1,80,0.9,29,216,2
2021-08-02 10,2.285,0,70,0,31,198,3
2021-08-02 11,2.401,0,60,0,32,183,3
2021-08-02 12,3.703,0,60,0,32,182,3
2021-08-02 13,3.638,0,55,0,33,183,4
2021-08-02 14,4.271,0,55,0,33,186,2
2021-08-02 15,4.83,0,65,0,32,176,2
2021-08-02 16,3.752,0,65,0,32,186,3
2021-08-02 17,3.7,0,70,0,30,183,3
2021-08-02 18,2.791,0,80,0,29,194,2
2021-08-02 19,3.198,0,80,0,28,184,2
2021-08-02 20,3.805,0,80,0,29,140,1
2021-08-02 21,3.496,0,80,0,28,148,1
2021-08-02 22,3.08,0,85,0,28,212,1
2021-08-02 23,2.28,0,85,0,28,316,0
2021-08-03 00,3.208,0,90,0,27,186,1
2021-08-03 01,3.172,0,90,0,27,210,0
2021-08-03 02,2.517,0,90,0,27,279,1
2021-08-03 03,2.865,5,90,0.2,27,316,1
2021-08-03 04,2.86,0,95,0,27,297,1
2021-08-03 05,2.832,0,95,0,27,277,1
2021-08-03 06,2.218,0,90,0,27,283,1
2021-08-03 07,2.829,0,85,0,28,200,1
2021-08-03 08,2.936,0,75,0,30,171,2
2021-08-03 09,3.074,0,70,0,31,199,2
2021-08-03 10,3.311,0,65,0,31,232,2
2021-08-03 11,2.563,5,65,0.1,32,182,3
2021-08-03 12,3.381,0,65,0,32,192,2
2021-08-03 13,2.821,0,65,0,31,165,1
2021-08-03 14,1.611,0,65,0,32,169,3
2021-08-03 15,1.19,0,65,0,31,192,2
2021-08-03 16,0.827,0,70,0,30,209,3
2021-08-03 17,2.018,0,70,0,30,187,3
2021-08-03 18,3.003,0,75,0,29,229,2
2021-08-03 19,3.757,0,80,0,28,231,1
2021-08-03 20,3.395,0,80,0,27,219,1
2021-08-03 21,2.481,0,90,0,27,322,1
2021-08-03 22,2.173,0,90,0,26,323,1
2021-08-03 23,1.559,0,95,0,26,323,1
2021-08-04 00,1.974,0,95,0,26,315,1
2021-08-04 01,1.744,0,95,0,25,317,1
2021-08-04 02,1.604,0,95,0,25,312,1
2021-08-04 03,1.484,0,95,0,25,312,1
2021-08-04 04,1.012,0,95,0,25,314,1
2021-08-04 05,1.577,0,95,0,24,323,1
2021-08-04 06,0.929,0,85,0,26,314,2
2021-08-04 07,1.53,0,75,0,28,330,1
2021-08-04 08,1.211,0,65,0,30,2,0
2021-08-04 09,1.741,0,60,0,32,345,1
2021-08-04 10,1.776,0,55,0,33,275,1
2021-08-04 11,1.385,0,55,0,33,206,1
2021-08-04 12,1.893,0,55,0,33,60,1
2021-08-04 13,1.899,0,55,0,33,212,1
2021-08-04 14,2.048,0,50,0,34,214,3
2021-08-04 15,3.695,0,55,0,34,212,2
2021-08-04 16,2.781,0,55,0,33,220,2
2021-08-04 17,3.117,0,55,0,33,219,2
2021-08-04 18,2.079,0,60,0,31,205,2
2021-08-04 19,2.548,0,65,0,30,246,2
2021-08-04 20,2.044,0,70,0,29,222,1
2021-08-04 21,1.847,0,75,0,28,319,1
2021-08-04 22,1.285,0,80,0,27,310,1
2021-08-04 23,2.121,0,80,0,27,310,2
2021-08-05 00,1.457,0,85,0,26,314,2
2021-08-05 01,1.528,0,85,0,26,312,1
2021-08-05 02,1.282,0,85,0,26,314,2
2021-08-05 03,1.31,0,85,0,25,318,2
2021-08-05 04,1.065,0,85,0,25,327,1
2021-08-05 05,1.523,0,85,0,25,297,2
2021-08-05 06,1.164,0,80,0,27,326,1
2021-08-05 07,1.262,0,70,0,29,326,1
2021-08-05 08,1.121,0,60,0,31,346,1
2021-08-05 09,2.333,0,55,0,33,41,0
2021-08-05 10,2.872,0,50,0,34,49,0
2021-08-05 11,2.518,0,45,0,35,310,0
2021-08-05 12,4.018,0,50,0,35,140,0
2021-08-05 13,3.056,0,45,0,35,188,1
2021-08-05 14,3.104,0,50,0,35,200,2
2021-08-05 15,3.702,0,50,0,35,219,2
2021-08-05 16,3.925,0,55,0,35,206,3
2021-08-05 17,2.1,0,55,0,34,197,2
2021-08-05 18,2.522,0,65,0,32,205,3
2021-08-05 19,1.544,0,70,0,31,201,1
2021-08-05 20,2.034,0,75,0,30,197,2
2021-08-05 21,1.175,0,80,0,29,265,1
2021-08-05 22,1.992,0,85,0,28,334,1
2021-08-05 23,1.518,0,85,0,28,298,0
2021-08-06 00,2.005,0,90,0,27,321,1
2021-08-06 01,1.203,0,90,0,27,320,1
2021-08-06 02,1.647,0,90,0,27,317,1
2021-08-06 03,1.211,0,95,0,26,323,1
2021-08-06 04,1.517,0,90,0,26,304,2
2021-08-06 05,0.969,0,95,0,26,297,1
2021-08-06 06,1.222,0,90,0,27,310,1
2021-08-06 07,1.337,0,75,0,30,61,1
2021-08-06 08,1.645,0,65,0,32,105,1
2021-08-06 09,2.623,0,55,0,33,117,2
2021-08-06 10,3.655,0,50,0,34,118,3
2021-08-06 11,2.796,0,50,0,35,100,2
2021-08-06 12,3.702,0,45,0,36,106,2
2021-08-06 13,3.655,0,45,0,36,174,2
2021-08-06 14,2.57,0,45,0,36,224,1
2021-08-06 15,3.704,0,45,0,36,281,1
2021-08-06 16,3.849,0,45,0,34,256,2
2021-08-06 17,3.65,0,45,0,34,271,2
2021-08-06 18,2.823,0,55,0,32,300,2
2021-08-06 19,2.625,0,60,0,30,321,1
2021-08-06 20,2.406,0,60,0,29,336,2
2021-08-06 21,2.036,0,70,0,29,341,1
2021-08-06 22,1.785,0,70,0,28,320,2
2021-08-06 23,1.493,0,75,0,27,312,2
2021-08-07 00,1.675,0,80,0,27,321,2
2021-08-07 01,1.401,0,80,0,27,319,2
2021-08-07 02,1.392,0,80,0,26,317,1
2021-08-07 03,1.336,0,85,0,26,325,1
2021-08-07 04,1.29,0,80,0,26,309,1
2021-08-07 05,1.276,0,85,0,26,321,1
2021-08-07 06,1.083,0,80,0,27,314,2
2021-08-07 07,1.493,0,65,0,30,335,2
2021-08-07 08,1.818,0,60,0,32,203,0
2021-08-07 09,2.286,0,55,0,33,113,2
2021-08-07 10,2.832,0,55,0,34,168,1
2021-08-07 11,2.8,0,50,0,36,224,0
2021-08-07 12,3.201,0,45,0,36,117,1
2021-08-07 13,3.188,0,40,0,36,156,1
2021-08-07 14,3.072,0,50,0,36,194,3
2021-08-07 15,4.332,0,55,0,35,191,3
2021-08-07 16,4.37,0,60,0,34,185,3
2021-08-07 17,3.787,0,65,0,33,182,3
2021-08-07 18,2.927,0,75,0,31,190,2
2021-08-07 19,3.314,0,75,0,30,208,2
2021-08-07 20,2.486,0,75,0,30,206,2
2021-08-07 21,3.159,0,80,0,30,166,1
2021-08-07 22,2.028,0,80,0,29,221,1
2021-08-07 23,1.915,1,85,1.8,27,94,3
2021-08-08 00,2.2,1,85,6.2,27,100,1
2021-08-08 01,1.428,0,90,0,26,91,1
2021-08-08 02,1.482,0,90,0,26,137,0
2021-08-08 03,1.249,0,90,0,26,98,1
2021-08-08 04,1.24,0,90,0,26,55,0
2021-08-08 05,1.327,0,90,0,25,7,0
2021-08-08 06,1.205,0,90,0,26,92,1
2021-08-08 07,1.415,0,80,0,28,102,1
2021-08-08 08,1.373,0,70,0,29,116,2
2021-08-08 09,2.233,0,65,0,30,114,2
2021-08-08 10,2.232,0,65,0,30,97,2
2021-08-08 11,2.018,0,65,0,30,88,2
2021-08-08 12,3.168,0,70,0,30,104,2
2021-08-08 13,3.175,0,70,0,29,95,2
2021-08-08 14,2.598,0,70,0,30,88,2
2021-08-08 15,2.33,0,70,0,29,100,2
2021-08-08 16,3.046,0,70,0,29,94,2
2021-08-08 17,2.504,1,80,0.9,26,87,4
2021-08-08 18,2.342,1,95,1,25,15,1
2021-08-08 19,2.137,0,85,0,25,355,1
2021-08-08 20,1.846,0,90,0,25,4,1
2021-08-08 21,1.838,0,90,0,25,298,0
2021-08-08 22,1.711,0,95,0,25,250,0
2021-08-08 23,1.341,0,90,0,25,298,1
2021-08-09 00,1.88,0,95,0,25,351,0
2021-08-09 01,1.738,0,95,0,24,302,1
2021-08-09 02,1.579,0,90,0,24,321,2
2021-08-09 03,1.328,0,85,0,24,337,2
2021-08-09 04,1.411,0,90,0,24,346,2
2021-08-09 05,1.423,0,90,0,24,328,1
2021-08-09 06,1.579,0,80,0,26,295,1
2021-08-09 07,1.429,0,70,0,28,322,1
2021-08-09 08,1.977,0,60,0,30,292,1
2021-08-09 09,1.792,0,55,0,31,320,2
2021-08-09 10,1.771,0,55,0,32,346,2
2021-08-09 11,1.585,0,50,0,33,18,1
2021-08-09 12,2.232,0,50,0,33,146,1
2021-08-09 13,1.943,0,50,0,33,176,2
2021-08-09 14,2.186,0,50,0,32,182,3
2021-08-09 15,2.761,1,65,3.7,31,183,3
2021-08-09 16,1.956,1,65,1.8,31,195,3
2021-08-09 17,2.293,1,70,14.8,30,177,4
2021-08-09 18,1.974,1,75,16.1,28,171,3
2021-08-09 19,1.963,1,90,6.8,26,64,1
2021-08-09 20,2.169,1,90,27,24,16,3
2021-08-09 21,1.865,1,95,0.3,24,265,1
2021-08-09 22,1.878,0,95,0,25,24,1
2021-08-09 23,1.752,0,95,0,25,15,1
2021-08-10 00,1.867,0,100,0,24,336,1
2021-08-10 01,1.722,0,95,0,24,328,1
2021-08-10 02,1.494,0,95,0,24,288,1
2021-08-10 03,1.441,0,95,0,24,314,1
2021-08-10 04,1.393,0,95,0,24,334,1
2021-08-10 05,1.379,0,95,0,25,297,2
2021-08-10 06,1.214,1,95,2.6,25,26,1
2021-08-10 07,1.372,5,90,0.1,26,57,1
2021-08-10 08,1.506,0,80,0,28,116,1
2021-08-10 09,1.78,5,70,0.1,29,142,2
2021-08-10 10,2.458,0,70,0,30,106,1
2021-08-10 11,1.942,0,65,0,31,96,2
2021-08-10 12,3.428,0,60,0,31,150,3
2021-08-10 13,3.513,0,60,0,31,160,3
2021-08-10 14,4.355,0,60,0,31,166,3
2021-08-10 15,3.14,0,65,0,30,182,2
2021-08-10 16,3.604,0,70,0,30,168,2
2021-08-10 17,3.543,0,70,0,29,176,2
2021-08-10 18,2.818,0,70,0,28,186,2
2021-08-10 19,3.295,0,70,0,28,184,1
2021-08-10 20,1.979,0,80,0,27,203,1
2021-08-10 21,2.509,0,85,0,26,316,1
2021-08-10 22,1.945,0,90,0,25,309,1
2021-08-10 23,2.156,0,90,0,25,321,1
2021-08-11 00,1.801,0,95,0,24,316,1
2021-08-11 01,1.546,0,95,0,24,313,1
2021-08-11 02,1.744,0,95,0,24,302,1
2021-08-11 03,1.33,0,95,0,24,311,1
2021-08-11 04,1.458,0,95,0,24,311,1
2021-08-11 05,1.469,0,95,0,24,320,1
2021-08-11 06,1.235,0,90,0,25,330,1
2021-08-11 07,1.431,0,85,0,26,349,1
2021-08-11 08,2.063,0,80,0,27,336,0
2021-08-11 09,2.397,0,75,0,28,94,2
2021-08-11 10,2.965,0,65,0,30,111,2
2021-08-11 11,2.99,0,65,0,31,111,2
2021-08-11 12,4.503,0,60,0,31,159,4
2021-08-11 13,4.588,0,60,0,30,158,3
2021-08-11 14,3.806,0,55,0,31,165,3
2021-08-11 15,4.414,0,65,0,30,169,3
2021-08-11 16,2.429,0,70,0,29,173,3
2021-08-11 17,3.642,0,70,0,28,169,3
2021-08-11 18,2.733,0,75,0,27,174,2
2021-08-11 19,3.359,0,80,0,26,161,1
2021-08-11 20,1.951,0,80,0,26,95,1
2021-08-11 21,2.538,0,80,0,26,88,1
2021-08-11 22,1.743,0,80,0,26,28,2
2021-08-11 23,1.753,0,85,0,25,42,1
2021-08-12 00,2.251,0,85,0,25,344,1
2021-08-12 01,1.737,0,85,0,24,355,1
2021-08-12 02,1.373,0,90,0,24,354,1
2021-08-12 03,1.368,0,90,0,24,3,1
2021-08-12 04,1.388,0,95,0,23,318,1
2021-08-12 05,1.112,0,95,0,23,311,1
2021-08-12 06,1.312,0,90,0,24,342,1
2021-08-12 07,1.408,0,75,0,26,47,1
2021-08-12 08,1.734,0,70,0,28,101,2
2021-08-12 09,1.705,0,65,0,29,86,2
2021-08-12 10,1.596,0,60,0,28,108,3
2021-08-12 11,1.254,0,65,0,29,100,2
2021-08-12 12,1.766,0,60,0,31,108,2
2021-08-12 13,1.608,0,55,0,31,113,1
2021-08-12 14,1.496,0,60,0,31,98,2
2021-08-12 15,1.983,0,60,0,30,103,2
2021-08-12 16,1.701,0,60,0,30,158,1
2021-08-12 17,1.476,5,75,0.2,28,200,2
2021-08-12 18,1.407,5,80,0.1,27,190,1
2021-08-12 19,1.568,1,85,0.3,27,293,1
2021-08-12 20,1.776,1,90,0.5,26,169,1
2021-08-12 21,1.713,5,95,0.2,26,156,1
2021-08-12 22,1.482,0,85,0,26,94,1
2021-08-12 23,1.265,0,85,0,26,76,1
2021-08-13 00,1.685,5,85,0.2,26,71,1
2021-08-13 01,1.442,5,90,0.2,25,13,1
2021-08-13 02,1.625,5,90,0.1,25,53,1
2021-08-13 03,1.282,5,90,0.2,25,328,1
2021-08-13 04,1.272,1,90,0.4,25,8,1
2021-08-13 05,1.365,1,90,0.4,25,34,0
2021-08-13 06,1.065,1,90,0.3,25,47,1
2021-08-13 07,1.371,5,85,0.2,25,52,1
2021-08-13 08,1.355,5,85,0.1,26,100,1
2021-08-13 09,1.66,0,80,0,27,102,1
2021-08-13 10,1.912,0,75,0,27,84,2
2021-08-13 11,1.328,0,70,0,28,119,2
2021-08-13 12,2.703,5,70,0.1,28,110,3
2021-08-13 13,3.157,0,70,0,28,110,2
2021-08-13 14,2.643,5,65,0.1,29,115,2
2021-08-13 15,2.462,0,65,0,29,101,2
2021-08-13 16,3.002,1,70,0.5,28,103,3
2021-08-13 17,2.463,5,75,0.2,27,155,1
2021-08-13 18,1.917,0,75,0,27,108,1
2021-08-13 19,1.648,1,80,0.4,26,271,1
2021-08-13 20,1.45,0,85,0,26,6,1
2021-08-13 21,1.376,5,85,0.1,25,46,1
2021-08-13 22,1.437,1,85,0.5,25,7,1
2021-08-13 23,1.275,1,95,0.5,24,357,1
2021-08-14 00,1.853,0,95,0,24,303,2
2021-08-14 01,1.169,1,95,0.6,24,318,2
2021-08-14 02,1.109,1,95,1.7,23,8,1
2021-08-14 03,1.159,1,95,0.8,23,11,1
2021-08-14 04,1.361,1,95,1.2,22,328,2
2021-08-14 05,1.277,1,100,1.3,22,313,1
2021-08-14 06,0.956,1,95,1.8,22,352,1
2021-08-14 07,1.37,1,95,0.9,23,43,1
2021-08-14 08,1.403,1,100,0.5,23,303,2
2021-08-14 09,1.668,1,95,0.6,23,345,1
2021-08-14 10,2.062,1,85,0.6,24,37,1
2021-08-14 11,1.854,1,80,0.6,25,76,2
2021-08-14 12,2.435,1,75,0.6,25,86,3
2021-08-14 13,3.305,5,70,0.2,26,83,3
2021-08-14 14,2.731,5,65,0.2,26,86,3
2021-08-14 15,2.651,0,65,0,28,64,2
2021-08-14 16,2.664,0,60,0,27,85,1
2021-08-14 17,2.44,0,60,0,27,56,2
2021-08-14 18,1.785,0,65,0,26,55,1
2021-08-14 19,1.498,0,80,0,24,321,1
2021-08-14 20,1.522,0,75,0,24,356,1
2021-08-14 21,1.766,0,80,0,23,331,1
2021-08-14 22,1.306,0,80,0,23,346,1
2021-08-14 23,1.091,0,85,0,22,307,1
2021-08-15 00,1.119,0,90,0,21,316,1
2021-08-15 01,1.284,0,90,0,21,316,1
2021-08-15 02,0.918,0,90,0,21,313,1
2021-08-15 03,1.245,0,95,0,21,334,1
2021-08-15 04,0.921,0,95,0,21,330,1
2021-08-15 05,0.896,0,95,0,20,324,1
2021-08-15 06,1.105,0,90,0,22,310,1
2021-08-15 07,1.245,0,75,0,25,32,1
2021-08-15 08,1.009,0,65,0,27,51,1
2021-08-15 09,1.839,0,60,0,28,113,2
2021-08-15 10,1.792,0,55,0,29,110,2
2021-08-15 11,1.716,0,50,0,30,120,2
2021-08-15 12,2.45,0,50,0,30,104,2
2021-08-15 13,2.167,0,50,0,31,122,2
2021-08-15 14,2.217,0,50,0,31,112,2
2021-08-15 15,2.311,0,55,0,30,155,1
2021-08-15 16,1.602,0,55,0,30,156,1
2021-08-15 17,2.086,0,60,0,29,186,1
2021-08-15 18,1.76,0,65,0,28,181,2
2021-08-15 19,1.848,0,70,0,27,123,2
2021-08-15 20,1.024,0,75,0,26,104,3
2021-08-15 21,1.079,0,70,0,26,93,3
2021-08-15 22,1.067,0,70,0,26,90,2
2021-08-15 23,0.842,0,70,0,25,86,3
2021-08-16 00,0.823,0,70,0,25,79,2
2021-08-16 01,1.056,0,75,0,25,81,2
2021-08-16 02,1.196,0,75,0,25,76,2
2021-08-16 03,1.325,0,75,0,24,89,2
2021-08-16 04,0.962,0,75,0,24,79,1
2021-08-16 05,0.893,0,80,0,24,77,2
2021-08-16 06,1.122,0,75,0,24,58,2
2021-08-16 07,1.077,0,65,0,26,87,3
2021-08-16 08,1.371,0,60,0,27,89,3
2021-08-16 09,1.766,0,55,0,28,102,3
2021-08-16 10,2.197,0,55,0,29,104,3
2021-08-16 11,2.192,0,55,0,30,100,4
2021-08-16 12,3.239,0,50,0,30,103,4
2021-08-16 13,3.558,0,55,0,29,106,3
2021-08-16 14,2.478,0,55,0,30,111,3
2021-08-16 15,2.457,0,55,0,29,99,2
2021-08-16 16,2.497,0,60,0,29,87,2
2021-08-16 17,2.696,0,60,0,28,131,2
2021-08-16 18,2.079,0,60,0,27,122,2
2021-08-16 19,2.13,0,65,0,26,93,2
2021-08-16 20,1.422,0,65,0,26,100,2
2021-08-16 21,1.113,0,65,0,26,83,3
2021-08-16 22,1.179,0,65,0,26,70,2
2021-08-16 23,1.177,0,60,0,25,60,2
2021-08-17 00,1.654,0,60,0,25,88,2
2021-08-17 01,1.221,0,70,0,24,10,1
2021-08-17 02,1.091,0,70,0,24,50,1
2021-08-17 03,1.179,0,75,0,24,14,1
2021-08-17 04,0.893,0,75,0,23,32,1
2021-08-17 05,0.971,0,75,0,23,7,1
2021-08-17 06,0.941,0,75,0,23,12,1
2021-08-17 07,1.111,0,75,0,24,330,1
2021-08-17 08,1.034,0,60,0,27,79,1
2021-08-17 09,1.875,0,60,0,27,38,2
2021-08-17 10,2.504,0,60,0,27,344,1
2021-08-17 11,2.788,0,55,0,29,87,3
2021-08-17 12,3.619,0,55,0,30,94,2
2021-08-17 13,3.518,0,55,0,29,126,2
2021-08-17 14,3.574,0,55,0,30,134,1
2021-08-17 15,3.864,1,60,1.7,29,137,2
2021-08-17 16,3.59,0,60,0,29,100,2
2021-08-17 17,2.596,1,60,0.4,28,118,2
2021-08-17 18,1.935,5,65,0.1,27,103,2
2021-08-17 19,1.456,0,65,0,27,115,2
2021-08-17 20,2.025,0,75,0,26,54,0
2021-08-17 21,1.928,0,80,0,25,43,1
2021-08-17 22,1.219,0,85,0,24,340,1
2021-08-17 23,1.747,0,85,0,23,317,1
2021-08-18 00,1.209,0,90,0,23,325,1
2021-08-18 01,1.306,0,90,0,23,322,2
2021-08-18 02,1.319,0,90,0,22,313,1
2021-08-18 03,1.668,0,90,0,22,329,1
2021-08-18 04,1.082,0,85,0,22,10,1
2021-08-18 05,0.974,0,85,0,22,343,1
2021-08-18 06,1.109,0,85,0,23,355,1
2021-08-18 07,1.508,0,75,0,25,26,1
2021-08-18 08,1.162,0,70,0,26,32,1
2021-08-18 09,1.656,0,55,0,28,71,2
2021-08-18 10,2.351,0,50,0,30,120,1
2021-08-18 11,1.643,0,50,0,30,111,2
2021-08-18 12,3.814,0,50,0,30,96,3
2021-08-18 13,3.138,0,50,0,31,113,3
2021-08-18 14,2.642,0,50,0,31,112,3
2021-08-18 15,3.109,0,55,0,30,102,3
2021-08-18 16,2.155,0,55,0,28,38,1
2021-08-18 17,1.925,0,60,0,28,12,2
2021-08-18 18,1.304,1,75,0.4,25,263,3
2021-08-18 19,2.379,1,85,1.7,23,324,0
2021-08-18 20,1.814,1,85,0.3,23,270,1
2021-08-18 21,1.591,0,85,0,23,22,1
2021-08-18 22,1.692,0,90,0,23,307,1
2021-08-18 23,1.343,0,90,0,23,322,1
2021-08-19 00,1.631,0,85,0,23,313,1
2021-08-19 01,1.395,0,90,0,21,325,1
2021-08-19 02,1.286,0,95,0,21,325,2
2021-08-19 03,0.964,0,95,0,21,310,1
2021-08-19 04,1.232,0,95,0,20,314,1
2021-08-19 05,1.238,0,90,0,21,340,1
2021-08-19 06,1.012,0,85,0,22,313,1
2021-08-19 07,1.087,0,80,0,24,340,2
2021-08-19 08,1.508,0,70,0,26,288,1
2021-08-19 09,1.656,0,60,0,28,349,1
2021-08-19 10,2.547,0,55,0,29,92,2
2021-08-19 11,2.772,0,55,0,29,72,1
2021-08-19 12,3.595,0,55,0,29,170,2
2021-08-19 13,2.913,0,55,0,30,212,2
2021-08-19 14,2.248,0,55,0,30,192,3
2021-08-19 15,2.783,0,55,0,31,202,3
2021-08-19 16,2.626,0,55,0,29,189,3
2021-08-19 17,2.962,1,70,0.6,26,236,1
2021-08-19 18,3.049,0,75,0,25,302,1
2021-08-19 19,2.623,0,75,0,24,349,1
2021-08-19 20,1.671,0,80,0,24,325,2
2021-08-19 21,1.748,1,85,2.3,23,6,1
2021-08-19 22,1.754,0,90,0,23,328,1
2021-08-19 23,1.427,0,90,0,22,316,1
2021-08-20 00,1.782,0,90,0,22,311,1
2021-08-20 01,1.224,0,95,0,22,305,1
2021-08-20 02,1.423,0,95,0,21,304,1
2021-08-20 03,1.429,0,95,0,21,308,1
2021-08-20 04,1.177,0,95,0,21,342,0
2021-08-20 05,1.353,0,95,0,21,304,1
2021-08-20 06,1.145,0,90,0,23,345,1
2021-08-20 07,1.197,0,85,0,24,12,1
2021-08-20 08,1.489,0,70,0,27,103,2
2021-08-20 09,1.622,0,70,0,28,123,1
2021-08-20 10,2.336,0,65,0,28,98,1
2021-08-20 11,2,0,55,0,29,145,3
2021-08-20 12,3.662,0,60,0,29,158,3
2021-08-20 13,2.445,0,60,0,30,171,3
2021-08-20 14,2.369,0,55,0,30,169,3
2021-08-20 15,2.053,0,60,0,30,167,3
2021-08-20 16,2.056,0,55,0,30,152,2
2021-08-20 17,1.669,0,60,0,28,168,3
2021-08-20 18,1.288,0,70,0,27,160,2
2021-08-20 19,1.701,0,75,0,26,143,2
2021-08-20 20,1.664,0,75,0,27,135,2
2021-08-20 21,1.463,5,80,0.2,26,163,1
2021-08-20 22,1.47,1,85,0.4,26,160,2
2021-08-20 23,1.353,1,85,0.3,26,170,2
2021-08-21 00,0.978,0,85,0,26,151,2
2021-08-21 01,1.381,0,85,0,26,161,2
2021-08-21 02,0.771,0,85,0,26,134,1
2021-08-21 03,1.186,1,95,5.5,24,146,2
2021-08-21 04,0.82,1,95,0.7,24,88,1
2021-08-21 05,1.009,1,95,1.4,24,161,2
2021-08-21 06,1.037,5,95,0.2,24,157,2
2021-08-21 07,1.012,5,95,0.2,25,141,2
2021-08-21 08,0.968,1,95,8.4,25,127,2
2021-08-21 09,1.228,1,90,5.9,26,211,5
2021-08-21 10,1.405,1,95,4.4,25,224,3
2021-08-21 11,1.438,1,90,1.8,25,195,3
2021-08-21 12,1.815,1,95,8,24,198,2
2021-08-21 13,1.813,1,95,1.7,24,215,2
2021-08-21 14,1.754,1,95,2.4,22,173,2
2021-08-21 15,1.703,1,95,2.8,23,214,2
2021-08-21 16,1.759,0,90,0,24,246,1
2021-08-21 17,1.893,1,95,0.7,24,211,1
2021-08-21 18,1.557,1,95,2.4,24,195,2
2021-08-21 19,2.239,1,95,14.3,24,229,2
2021-08-21 20,1.474,1,95,2.1,24,114,0
2021-08-21 21,1.089,0,95,0,24,1,1
2021-08-21 22,1.218,0,95,0,24,314,1
2021-08-21 23,1,0,95,0,23,13,0
2021-08-22 00,1.213,0,95,0,23,352,1
2021-08-22 01,1.009,0,95,0,22,284,1
2021-08-22 02,1.137,0,95,0,23,310,1
2021-08-22 03,0.985,0,95,0,22,286,1
2021-08-22 04,0.869,0,95,0,22,260,1
2021-08-22 05,1.165,0,95,0,22,269,1
2021-08-22 06,0.993,0,95,0,23,289,1
2021-08-22 07,0.776,0,90,0,24,289,1
2021-08-22 08,1.179,0,85,0,26,263,0
2021-08-22 09,1.334,0,75,0,27,231,1
2021-08-22 10,2.266,0,70,0,28,204,3
2021-08-22 11,1.815,0,70,0,28,240,2
2021-08-22 12,2.023,0,65,0,29,251,2
2021-08-22 13,2.117,0,65,0,30,232,2
2021-08-22 14,1.954,0,60,0,30,252,2
2021-08-22 15,1.626,0,65,0,30,253,2
2021-08-22 16,1.954,0,65,0,30,220,2
2021-08-22 17,1.728,0,70,0,28,239,2
2021-08-22 18,1.465,0,80,0,28,209,2
2021-08-22 19,1.799,0,80,0,27,225,2
2021-08-22 20,1.187,0,85,0,26,242,2
2021-08-22 21,1.131,0,90,0,26,275,1
2021-08-22 22,1.042,0,90,0,25,357,0
2021-08-22 23,0.746,0,90,0,25,296,1
2021-08-23 00,1.175,1,90,0.3,25,275,0
2021-08-23 01,1.323,1,95,0.7,25,321,1
2021-08-23 02,1.353,1,95,1,24,313,1
2021-08-23 03,0.838,1,95,1.3,24,284,1
2021-08-23 04,1.107,1,95,1.3,24,130,0
2021-08-23 05,1.03,1,95,8.3,24,72,0
2021-08-23 06,0.89,1,95,0.7,24,310,0
2021-08-23 07,0.96,1,95,0.5,24,306,0
2021-08-23 08,1.295,1,95,1,25,339,1
2021-08-23 09,1.645,1,95,1.1,25,73,1
2021-08-23 10,1.663,1,90,0.6,25,65,1
2021-08-23 11,2.131,1,90,0.5,26,66,1
2021-08-23 12,2.876,1,90,1.6,25,112,1
2021-08-23 13,2.05,1,90,1.4,25,90,2
2021-08-23 14,2.401,1,95,0.4,25,119,2
2021-08-23 15,2.637,0,90,0,26,88,2
2021-08-23 16,2.709,1,90,0.3,26,163,0
2021-08-23 17,3.123,5,90,0.2,26,146,3
2021-08-23 18,2.651,1,95,4.7,25,133,2
2021-08-23 19,1.659,1,95,6.3,25,150,3
2021-08-23 20,1.492,1,95,6.6,24,106,3
2021-08-23 21,1.196,1,100,5.6,24,121,5
2021-08-23 22,1.38,1,95,0.4,24,172,4
2021-08-23 23,1.268,5,95,0.1,24,325,7
2021-08-24 00,1.445,1,95,0.6,24,199,3
2021-08-24 01,1.284,5,95,0.2,24,238,3
2021-08-24 02,1.392,5,95,0.1,24,126,1
2021-08-24 03,1.17,1,95,0.6,25,275,1
2021-08-24 04,1.127,5,95,0.1,24,18,1
2021-08-24 05,1.123,1,95,5.4,24,319,1
2021-08-24 06,1.099,1,95,1.7,24,175,0
2021-08-24 07,1.096,1,95,1.5,25,173,2
2021-08-24 08,1.363,1,95,6.5,27,199,4
2021-08-24 09,1.875,1,95,6.3,27,227,4
2021-08-24 10,1.604,1,90,2.7,28,228,4
2021-08-24 11,1.629,1,90,1.1,27,232,3
2021-08-24 12,2.126,0,90,0,29,234,3
2021-08-24 13,2.109,0,85,0,29,235,4
2021-08-24 14,1.953,5,80,0.2,30,235,3
2021-08-24 15,2.197,0,80,0,29,237,2
2021-08-24 16,2.388,0,70,0,30,277,3
2021-08-24 17,3.684,0,70,0,29,261,3
2021-08-24 18,2.863,0,80,0,28,250,2
2021-08-24 19,1.621,0,85,0,27,226,2
2021-08-24 20,1.343,0,85,0,27,229,2
2021-08-24 21,1.248,0,90,0,26,241,1
2021-08-24 22,1.067,0,90,0,26,248,1
2021-08-24 23,1.193,0,90,0,25,277,1
2021-08-25 00,1.565,5,95,0.1,25,234,2
2021-08-25 01,1.196,5,95,0.1,25,266,1
2021-08-25 02,1.169,1,95,0.9,25,242,1
2021-08-25 03,1.173,1,95,0.6,24,157,1
2021-08-25 04,1.047,1,95,0.4,24,302,1
2021-08-25 05,1.294,0,95,0,24,55,0
2021-08-25 06,1.212,1,95,0.3,24,275,0
2021-08-25 07,1.342,1,95,4.2,24,354,0
2021-08-25 08,1.241,1,95,2.2,24,199,1
2021-08-25 09,2.035,1,95,5.3,25,171,2
2021-08-25 10,2.01,1,95,13.7,24,178,1
2021-08-25 11,1.85,1,95,0.9,25,193,1
2021-08-25 12,2.714,0,95,0,26,155,1
2021-08-25 13,2.889,1,95,1.6,25,208,1
2021-08-25 14,2.538,1,95,1.4,25,203,1
2021-08-25 15,2.454,0,90,0,26,283,0
2021-08-25 16,2.763,0,90,0,26,61,0
2021-08-25 17,2.428,0,90,0,26,148,1
2021-08-25 18,2.565,0,95,0,26,185,1
2021-08-25 19,2.078,1,95,0.3,26,180,1
2021-08-25 20,1.803,1,95,0.8,25,163,0
2021-08-25 21,1.76,1,95,0.9,26,273,1
2021-08-25 22,1.46,0,100,0,25,323,1
2021-08-25 23,1.429,0,95,0,26,289,1
2021-08-26 00,1.16,0,95,0,25,272,1
2021-08-26 01,1.317,0,95,0,25,278,1
2021-08-26 02,1.011,0,95,0,25,325,1
2021-08-26 03,1.246,0,95,0,24,218,0
2021-08-26 04,1.05,0,95,0,23,289,1
2021-08-26 05,1.236,0,95,0,23,275,1
2021-08-26 06,1.095,0,90,0,24,344,1
2021-08-26 07,1.142,0,90,0,25,329,1
2021-08-26 08,1.544,0,80,0,27,184,0
2021-08-26 09,1.546,0,75,0,29,219,0
2021-08-26 10,1.991,0,65,0,30,191,1
2021-08-26 11,1.47,0,60,0,31,206,2
2021-08-26 12,1.563,0,60,0,31,230,2
2021-08-26 13,1.48,0,55,0,32,201,2
2021-08-26 14,1.332,0,50,0,31,229,3
2021-08-26 15,1.613,0,60,0,31,203,3
2021-08-26 16,1.827,0,65,0,30,196,3
2021-08-26 17,2.023,0,65,0,29,192,3
2021-08-26 18,1.542,0,75,0,27,189,1
2021-08-26 19,1.572,0,80,0,26,301,1
2021-08-26 20,1.171,0,80,0,25,292,1
2021-08-26 21,1.177,0,85,0,24,247,1
2021-08-26 22,1.341,0,90,0,24,271,0
2021-08-26 23,1.095,0,90,0,23,313,1
2021-08-27 00,1.099,0,90,0,23,302,1
2021-08-27 01,1.012,0,95,0,23,309,1
2021-08-27 02,0.974,0,95,0,23,317,1
2021-08-27 03,0.938,0,95,0,23,307,1
2021-08-27 04,0.938,0,90,0,23,324,1
2021-08-27 05,0.965,0,90,0,23,283,0
2021-08-27 06,0.86,0,90,0,24,332,0
2021-08-27 07,0.955,0,90,0,25,319,1
2021-08-27 08,1.03,0,90,0,25,326,1
2021-08-27 09,1.261,0,75,0,28,267,1
2021-08-27 10,1.359,5,70,0.1,31,209,2
2021-08-27 11,1.377,0,65,0,31,204,4
2021-08-27 12,1.792,5,65,0.1,31,236,4
2021-08-27 13,1.642,0,65,0,31,231,4
2021-08-27 14,1.72,0,70,0,30,220,4
2021-08-27 15,2.128,0,70,0,30,234,3
2021-08-27 16,2.118,1,85,1.1,28,259,2
2021-08-27 17,2.252,0,80,0,29,238,3
2021-08-27 18,1.899,0,80,0,28,242,2
2021-08-27 19,1.575,1,85,0.8,27,273,1
2021-08-27 20,1.23,1,85,3.7,25,324,2
2021-08-27 21,1.16,1,90,0.5,25,312,1
2021-08-27 22,1.132,0,90,0,24,321,1
2021-08-27 23,1.351,0,90,0,24,317,1
2021-08-28 00,1.052,0,95,0,24,355,1
2021-08-28 01,1.077,0,90,0,24,358,1
2021-08-28 02,0.93,0,90,0,25,339,2
2021-08-28 03,0.946,0,85,0,24,335,2
2021-08-28 04,0.822,0,85,0,24,337,2
2021-08-28 05,1.032,0,85,0,24,313,2
2021-08-28 06,0.812,0,85,0,24,327,2
2021-08-28 07,0.715,0,85,0,25,344,2
2021-08-28 08,0.953,0,80,0,26,339,1
2021-08-28 09,1.255,0,75,0,28,34,0
2021-08-28 10,1.347,0,75,0,28,297,1
2021-08-28 11,1.482,0,70,0,30,177,1
2021-08-28 12,2.038,0,60,0,30,305,1
2021-08-28 13,1.788,0,60,0,31,230,1
2021-08-28 14,2.099,0,60,0,31,223,2
2021-08-28 15,2.123,0,65,0,30,215,3
2021-08-28 16,2.192,1,75,0.3,28,238,3
2021-08-28 17,1.967,0,70,0,28,264,2
2021-08-28 18,1.748,0,80,0,27,336,2
2021-08-28 19,1.998,0,85,0,26,252,1
2021-08-28 20,1.671,0,85,0,25,317,1
2021-08-28 21,1.73,0,90,0,25,302,0
2021-08-28 22,1.179,0,85,0,26,271,1
2021-08-28 23,1.039,0,90,0,25,283,1
2021-08-29 00,1.429,0,95,0,24,325,1
2021-08-29 01,0.923,0,90,0,24,306,1
2021-08-29 02,0.917,0,95,0,24,336,1
2021-08-29 03,1.089,0,95,0,24,276,0
2021-08-29 04,0.857,0,95,0,24,51,0
2021-08-29 05,0.83,0,95,0,24,329,1
2021-08-29 06,0.958,1,95,0.6,24,337,1
2021-08-29 07,0.845,1,95,0.9,26,233,1
2021-08-29 08,0.799,0,90,0,27,224,1
2021-08-29 09,1.45,0,85,0,27,219,2
2021-08-29 10,1.702,0,85,0,29,221,1
2021-08-29 11,1.68,0,70,0,31,207,2
2021-08-29 12,2.776,1,85,2.5,28,305,1
2021-08-29 13,2.131,1,85,2.3,28,20,1
2021-08-29 14,1.807,1,80,2.6,30,232,1
2021-08-29 15,2.181,1,80,1.8,30,209,2
2021-08-29 16,2.295,1,75,0.7,30,232,2
2021-08-29 17,1.81,0,80,0,29,244,2
2021-08-29 18,1.674,0,85,0,28,235,3
2021-08-29 19,1.265,0,90,0,27,294,2
2021-08-29 20,1.15,0,90,0,27,258,2
2021-08-29 21,1.267,0,90,0,26,253,2
2021-08-29 22,0.834,0,90,0,27,291,1
2021-08-29 23,0.817,0,90,0,26,279,1
2021-08-30 00,0.951,0,95,0,26,258,1
2021-08-30 01,1.139,0,95,0,25,254,1
2021-08-30 02,0.937,0,95,0,25,313,1
2021-08-30 03,0.937,0,95,0,25,26,1
2021-08-30 04,0.97,0,95,0,25,316,0
2021-08-30 05,0.929,0,95,0,24,345,0
2021-08-30 06,1.036,0,95,0,25,248,0
2021-08-30 07,0.683,0,85,0,27,4,0
2021-08-30 08,1.207,0,80,0,28,67,1
2021-08-30 09,1.485,0,70,0,29,122,1
2021-08-30 10,1.725,0,70,0,29,160,0
2021-08-30 11,1.54,0,65,0,30,168,1
2021-08-30 12,2.539,0,60,0,32,199,0
2021-08-30 13,2.002,0,65,0,31,107,0
2021-08-30 14,2.352,0,65,0,31,172,2
2021-08-30 15,2.303,0,70,0,30,178,3
2021-08-30 16,1.45,0,75,0,29,195,2
2021-08-30 17,2.039,0,80,0,29,212,2
2021-08-30 18,1.997,0,80,0,28,193,1
2021-08-30 19,1.182,1,90,6.8,25,331,1
2021-08-30 20,1.468,1,95,0.8,24,318,1
2021-08-30 21,0.939,0,95,0,24,298,0
2021-08-30 22,0.914,0,95,0,24,308,1
2021-08-30 23,1.151,0,95,0,24,328,1
2021-08-31 00,1.263,0,95,0,24,322,1
2021-08-31 01,1.053,0,95,0,24,321,1
2021-08-31 02,1.072,0,95,0,23,306,1
2021-08-31 03,1.47,0,95,0,24,314,1
2021-08-31 04,1.067,0,95,0,23,303,1
2021-08-31 05,0.954,0,95,0,23,323,1
2021-08-31 06,1.125,0,95,0,24,325,1
2021-08-31 07,1.143,0,90,0,25,328,1
2021-08-31 08,1.03,0,80,0,27,11,0
2021-08-31 09,1.597,0,75,0,28,84,1
2021-08-31 10,1.566,0,70,0,29,327,1
2021-08-31 11,1.372,0,65,0,29,284,1
2021-08-31 12,2.199,0,65,0,31,195,2
2021-08-31 13,2.3,0,65,0,31,188,2
2021-08-31 14,2.414,0,65,0,31,201,3
2021-08-31 15,2.619,0,65,0,30,208,3
2021-08-31 16,1.641,0,65,0,30,200,3
2021-08-31 17,2.383,0,75,0,28,204,3
2021-08-31 18,1.406,0,80,0,27,190,2
2021-08-31 19,1.543,0,80,0,27,129,1
2021-08-31 20,1.338,0,85,0,26,232,1
2021-08-31 21,1.385,0,85,0,26,153,1
2021-08-31 22,1.103,0,90,0,25,181,1
2021-08-31 23,1.222,0,90,0,26,278,0
2021-09-01 00,1.47,0,90,0,25,329,0
2021-09-01 01,1.325,0,90,0,25,234,0
2021-09-01 02,1.553,0,90,0,25,320,1
2021-09-01 03,1.081,0,90,0,25,299,1
2021-09-01 04,1.38,0,90,0,25,194,1
2021-09-01 05,1.016,0,90,0,25,276,0
2021-09-01 06,1.075,5,90,0.1,26,212,1
2021-09-01 07,1.11,0,85,0,27,225,1
2021-09-01 08,1.36,1,85,0.3,27,233,2
2021-09-01 09,1.06,0,85,0,28,237,3
2021-09-01 10,1.698,5,85,0.2,27,233,3
2021-09-01 11,1.21,1,90,22.700001,27,229,3
2021-09-01 12,1.983,1,95,9.6,27,228,1
2021-09-01 13,1.609,0,85,0,29,223,2
2021-09-01 14,2.151,5,85,0.1,29,218,2
2021-09-01 15,2.365,1,80,1.1,29,232,2
2021-09-01 16,2.171,1,85,7.5,28,230,3
2021-09-01 17,1.98,1,90,10.8,27,269,2
2021-09-01 18,1.916,0,90,0,27,232,2
2021-09-01 19,2.222,0,90,0,26,237,1
2021-09-01 20,1.347,0,85,0,26,291,2
2021-09-01 21,1.796,0,85,0,26,297,2
2021-09-01 22,1.31,0,85,0,25,346,1
2021-09-01 23,1.447,0,90,0,24,301,1
2021-09-02 00,1.558,0,85,0,25,6,1
2021-09-02 01,1.461,0,85,0,24,79,1
2021-09-02 02,1.165,0,80,0,24,66,1
2021-09-02 03,1.294,0,80,0,24,90,1
2021-09-02 04,0.996,0,80,0,24,105,0
2021-09-02 05,1.232,0,80,0,23,99,2
2021-09-02 06,0.961,5,80,0.1,23,103,2
2021-09-02 07,1.387,0,80,0,23,92,2
2021-09-02 08,0.941,0,75,0,24,84,2
2021-09-02 09,1.783,0,75,0,25,100,2
2021-09-02 10,2.188,0,75,0,25,79,1
2021-09-02 11,1.637,1,80,0.8,25,283,0
2021-09-02 12,0.688,1,90,1.7,24,106,2
2021-09-02 13,2.369,1,90,0.8,24,64,1
2021-09-02 14,2.643,1,90,0.7,24,7,1
2021-09-02 15,1.919,1,90,0.9,23,52,1
2021-09-02 16,1.631,1,90,0.5,23,43,1
2021-09-02 17,1.792,0,90,0,23,31,1
2021-09-02 18,1.46,5,95,0.1,22,340,0
2021-09-02 19,1.957,5,95,0.2,22,50,1
2021-09-02 20,1.462,1,95,0.3,22,93,3
2021-09-02 21,1.302,0,95,0,22,74,2
2021-09-02 22,0.654,5,95,0.1,21,72,1
2021-09-02 23,1.695,5,95,0.1,21,78,1
2021-09-03 00,1.175,5,95,0.1,21,44,1
2021-09-03 01,1.01,5,90,0.2,21,77,1
2021-09-03 02,1.495,0,90,0,21,68,2
2021-09-03 03,1.296,0,90,0,21,59,2
2021-09-03 04,1.263,0,85,0,21,57,2
2021-09-03 05,0.713,0,90,0,21,68,1
2021-09-03 06,1.246,0,85,0,21,42,1
2021-09-03 07,0.988,0,85,0,21,46,2
2021-09-03 08,1.258,0,85,0,22,61,1
2021-09-03 09,1.66,0,80,0,23,66,2
2021-09-03 10,1.664,0,75,0,24,80,2
2021-09-03 11,1.811,0,70,0,25,87,2
2021-09-03 12,2.089,0,70,0,25,92,2
2021-09-03 13,2.773,0,70,0,26,90,2
2021-09-03 14,3.084,0,65,0,26,91,2
2021-09-03 15,2.418,0,70,0,26,98,2
2021-09-03 16,2.038,0,70,0,26,92,2
2021-09-03 17,2.075,0,70,0,25,90,2
2021-09-03 18,1.506,0,75,0,23,80,2
2021-09-03 19,3.105,0,80,0,23,67,2
2021-09-03 20,3.687,0,80,0,22,76,1
2021-09-03 21,2.996,0,80,0,22,69,1
2021-09-03 22,1.994,0,85,0,21,43,1
2021-09-03 23,1.801,0,75,0,23,57,2
2021-09-04 00,1.585,0,80,0,22,28,1
2021-09-04 01,1.362,0,85,0,22,28,1
2021-09-04 02,1.589,0,85,0,22,40,1
2021-09-04 03,1.466,0,85,0,21,47,0
2021-09-04 04,1.704,0,85,0,21,49,1
2021-09-04 05,1.208,0,85,0,21,359,1
2021-09-04 06,1.261,0,85,0,21,2,1
2021-09-04 07,1.684,0,80,0,22,48,0
2021-09-04 08,1.498,0,70,0,25,88,1
2021-09-04 09,1.65,0,60,0,27,138,2
2021-09-04 10,2.284,0,60,0,27,118,2
2021-09-04 11,1.544,0,60,0,27,125,2
2021-09-04 12,2.858,0,60,0,27,108,2
2021-09-04 13,1.94,0,60,0,28,107,2
2021-09-04 14,2.162,0,60,0,28,101,2
2021-09-04 15,1.856,0,65,0,26,115,2
2021-09-04 16,1.833,0,65,0,26,131,1
2021-09-04 17,1.845,0,70,0,25,170,2
2021-09-04 18,1.216,0,75,0,24,229,1
2021-09-04 19,1.333,0,75,0,24,184,1
2021-09-04 20,1.568,0,75,0,24,59,1
2021-09-04 21,1.71,0,75,0,24,105,1
2021-09-04 22,1.03,0,75,0,24,94,1
2021-09-04 23,1.226,0,75,0,24,115,1
2021-09-05 00,1.442,0,75,0,23,77,2
2021-09-05 01,1.365,0,70,0,23,97,1
2021-09-05 02,1.536,0,65,0,23,78,1
2021-09-05 03,1.018,0,70,0,22,74,1
2021-09-05 04,1.391,0,75,0,22,72,1
2021-09-05 05,1.267,0,80,0,22,94,1
2021-09-05 06,1.133,0,80,0,22,73,0
2021-09-05 07,1.291,0,70,0,23,63,1
2021-09-05 08,1.402,0,65,0,25,100,2
2021-09-05 09,1.564,0,65,0,25,100,2
2021-09-05 10,1.683,5,65,0.2,25,98,2
2021-09-05 11,1.452,5,65,0.1,25,105,2
2021-09-05 12,2.694,1,65,0.3,25,113,2
2021-09-05 13,2.261,5,70,0.1,24,112,2
2021-09-05 14,1.855,0,70,0,25,76,2
2021-09-05 15,1.837,5,70,0.1,24,76,2
2021-09-05 16,2.073,5,70,0.1,24,103,2
2021-09-05 17,1.607,1,70,0.5,23,64,2
2021-09-05 18,1.537,1,70,0.3,22,84,3
2021-09-05 19,1.557,0,70,0,23,68,2
2021-09-05 20,1.293,5,70,0.2,23,46,2
2021-09-05 21,1.174,0,70,0,23,38,1
2021-09-05 22,1.005,0,70,0,23,56,2
2021-09-05 23,1.082,5,70,0.1,22,62,2
2021-09-06 00,1.431,1,70,0.4,21,78,2
2021-09-06 01,1.465,1,80,0.3,20,10,1
2021-09-06 02,1.333,1,85,0.4,19,37,2
2021-09-06 03,1.277,1,80,0.4,20,358,1
2021-09-06 04,1.254,1,85,0.8,20,248,0
2021-09-06 05,1.305,1,85,0.5,20,25,1
2021-09-06 06,1.007,1,90,0.7,21,74,1
2021-09-06 07,1.079,1,90,0.7,21,71,1
2021-09-06 08,1.204,1,85,0.6,21,73,1
2021-09-06 09,1.394,1,95,0.9,21,99,1
2021-09-06 10,1.97,1,95,0.8,21,41,1
2021-09-06 11,1.938,1,95,0.3,21,59,1
2021-09-06 12,2.053,5,90,0.2,22,90,1
2021-09-06 13,2.8,5,90,0.1,22,73,1
2021-09-06 14,2.866,0,90,0,22,101,3
2021-09-06 15,2.018,5,85,0.2,22,90,2
2021-09-06 16,1.872,5,90,0.1,22,110,1
2021-09-06 17,2.051,5,85,0.1,22,83,1
2021-09-06 18,2.796,0,85,0,23,93,2
2021-09-06 19,1.289,0,80,0,22,82,2
2021-09-06 20,1.719,0,80,0,23,80,2
2021-09-06 21,1.475,0,75,0,23,69,1
2021-09-06 22,1.374,0,75,0,22,103,2
2021-09-06 23,1.283,0,75,0,22,87,1
2021-09-07 00,1.62,0,75,0,22,106,1
2021-09-07 01,1.113,0,75,0,22,147,1
2021-09-07 02,1.258,0,80,0,22,147,1
2021-09-07 03,1.016,0,80,0,22,153,1
2021-09-07 04,1.328,0,80,0,22,149,1
2021-09-07 05,0.975,0,85,0,22,99,1
2021-09-07 06,1.178,0,85,0,22,88,1
2021-09-07 07,1.333,0,85,0,23,273,0
2021-09-07 08,1.497,0,80,0,23,111,0
2021-09-07 09,1.821,1,90,0.9,23,176,0
2021-09-07 10,1.724,5,90,0.2,23,344,1
2021-09-07 11,1.97,5,85,0.1,23,190,0
2021-09-07 12,2.683,0,85,0,24,322,0
2021-09-07 13,1.79,0,80,0,25,345,1
2021-09-07 14,1.913,0,85,0,25,325,1
2021-09-07 15,1.837,0,85,0,25,256,1
2021-09-07 16,1.919,0,80,0,26,210,1
2021-09-07 17,2.137,0,85,0,25,245,2
2021-09-07 18,1.167,0,85,0,25,249,2
2021-09-07 19,1.802,0,80,0,25,274,2
2021-09-07 20,1.397,0,75,0,24,265,2
2021-09-07 21,1.531,0,80,0,24,283,2
2021-09-07 22,1.397,0,80,0,23,282,2
2021-09-07 23,1.256,0,80,0,22,304,1
2021-09-08 00,1.502,0,80,0,22,297,2
2021-09-08 01,1.567,0,75,0,22,291,2
2021-09-08 02,1.36,0,80,0,22,258,1
2021-09-08 03,1.303,0,80,0,22,281,1
2021-09-08 04,1.036,0,80,0,22,283,1
2021-09-08 05,1.304,0,75,0,22,303,2
2021-09-08 06,1.06,0,75,0,22,284,2
2021-09-08 07,1.204,0,75,0,23,336,2
2021-09-08 08,1.445,0,65,0,25,338,2
2021-09-08 09,1.517,0,65,0,25,334,3
2021-09-08 10,1.595,0,60,0,26,345,3
2021-09-08 11,1.719,0,55,0,27,331,4
2021-09-08 12,2.316,0,50,0,28,328,3
2021-09-08 13,2.362,0,50,0,29,324,3
2021-09-08 14,3.322,0,50,0,28,329,1
2021-09-08 15,2.171,0,55,0,28,303,2
2021-09-08 16,1.964,0,55,0,28,317,2
2021-09-08 17,3.35,0,60,0,26,330,2
2021-09-08 18,1.372,0,65,0,25,316,2
2021-09-08 19,1.468,0,70,0,23,300,2
2021-09-08 20,1.509,0,75,0,22,287,1
2021-09-08 21,1.61,0,85,0,22,303,1
2021-09-08 22,1.85,0,85,0,21,301,1
2021-09-08 23,1.296,0,90,0,20,323,1
2021-09-09 00,1.187,0,90,0,20,331,1
2021-09-09 01,1.406,0,90,0,20,321,1
2021-09-09 02,0.948,0,90,0,20,308,1
2021-09-09 03,1.414,0,95,0,19,315,1
2021-09-09 04,0.961,0,95,0,19,307,1
2021-09-09 05,0.948,0,95,0,19,299,1
2021-09-09 06,1.051,0,90,0,20,315,1
2021-09-09 07,1.195,0,85,0,22,318,1
2021-09-09 08,1.193,0,75,0,23,319,0
2021-09-09 09,1.113,0,70,0,25,155,0
2021-09-09 10,1.259,0,65,0,27,314,0
2021-09-09 11,1.221,0,60,0,28,354,1
2021-09-09 12,1.945,0,55,0,28,184,0
2021-09-09 13,1.476,0,50,0,29,86,1
2021-09-09 14,1.228,0,50,0,30,199,1
2021-09-09 15,1.526,0,60,0,28,193,3
2021-09-09 16,1.257,0,65,0,27,181,3
2021-09-09 17,0.994,0,70,0,26,192,2
2021-09-09 18,0.838,0,75,0,25,196,1
2021-09-09 19,0.891,0,75,0,25,192,1
2021-09-09 20,0.837,0,80,0,24,288,1
2021-09-09 21,0.877,0,85,0,24,275,0
2021-09-09 22,0.795,0,85,0,23,191,1
2021-09-09 23,0.809,0,90,0,23,265,1
2021-09-10 00,0.825,0,90,0,23,311,1
2021-09-10 01,0.793,0,90,0,22,302,1
2021-09-10 02,0.793,0,90,0,23,311,1
2021-09-10 03,0.816,0,90,0,22,325,0
2021-09-10 04,0.838,0,90,0,22,337,1
2021-09-10 05,0.827,0,90,0,22,314,1
2021-09-10 06,0.909,1,90,0.4,22,325,0
2021-09-10 07,0.674,1,95,0.9,22,303,1
2021-09-10 08,1.06,1,95,0.9,22,199,0
2021-09-10 09,1.264,1,95,0.4,23,176,0
2021-09-10 10,1.388,5,90,0.1,23,199,0
2021-09-10 11,1.427,1,90,0.3,23,282,0
2021-09-10 12,2.03,5,85,0.2,24,59,1
2021-09-10 13,2.043,5,75,0.1,24,241,0
2021-09-10 14,2.092,0,75,0,25,204,2
2021-09-10 15,1.527,0,75,0,25,165,1
2021-09-10 16,1.946,0,75,0,25,346,0
2021-09-10 17,1.977,0,70,0,25,249,1
2021-09-10 18,1.135,0,85,0,23,240,1
2021-09-10 19,1.117,0,85,0,23,309,1
2021-09-10 20,1.526,0,90,0,22,305,1
2021-09-10 21,1.176,0,95,0,22,312,1
2021-09-10 22,1.29,0,90,0,21,314,1
2021-09-10 23,1.062,0,95,0,21,326,1
2021-09-11 00,1.067,0,95,0,21,297,0
2021-09-11 01,1.134,0,95,0,20,311,1
2021-09-11 02,0.955,0,95,0,20,311,1
2021-09-11 03,1.113,0,95,0,20,307,1
2021-09-11 04,1.13,0,95,0,20,331,1
2021-09-11 05,0.919,0,95,0,19,305,1
2021-09-11 06,1.114,0,95,0,20,328,1
2021-09-11 07,1.234,0,85,0,23,307,1
2021-09-11 08,1.089,0,75,0,25,312,1
2021-09-11 09,0.953,0,70,0,26,11,1
2021-09-11 10,1.346,0,65,0,28,125,1
2021-09-11 11,1.036,0,55,0,29,137,1
2021-09-11 12,1.653,0,60,0,29,291,1
2021-09-11 13,2.099,0,60,0,29,258,0
2021-09-11 14,1.562,0,60,0,29,192,1
2021-09-11 15,1.57,0,55,0,30,198,2
2021-09-11 16,1.486,0,60,0,29,191,2
2021-09-11 17,1.807,0,65,0,28,194,3
2021-09-11 18,1.19,0,75,0,26,201,2
2021-09-11 19,1.598,0,80,0,25,218,2
2021-09-11 20,1.565,0,85,0,24,303,1
2021-09-11 21,1.336,0,85,0,23,311,1
2021-09-11 22,1.484,0,90,0,23,330,1
2021-09-11 23,1.21,0,90,0,23,309,1
2021-09-12 00,1.475,0,90,0,22,305,1
2021-09-12 01,1.018,0,95,0,22,332,1
2021-09-12 02,1.275,0,95,0,22,304,1
2021-09-12 03,0.833,0,95,0,21,317,1
2021-09-12 04,1.119,0,95,0,21,298,1
2021-09-12 05,0.722,0,95,0,20,313,1
2021-09-12 06,0.875,0,95,0,21,327,1
2021-09-12 07,0.901,0,85,0,23,304,1
2021-09-12 08,0.795,0,80,0,25,340,2
2021-09-12 09,1.308,0,70,0,26,1,1
2021-09-12 10,1.853,0,65,0,28,156,0
2021-09-12 11,1.923,0,60,0,29,159,1
2021-09-12 12,2.543,0,50,0,30,131,1
2021-09-12 13,3.254,0,50,0,30,292,1
2021-09-12 14,2.898,0,50,0,30,128,1
2021-09-12 15,3.561,0,50,0,30,134,1
2021-09-12 16,3.606,0,60,0,29,183,2
2021-09-12 17,3.545,0,65,0,27,194,2
2021-09-12 18,2.642,0,75,0,26,203,2
2021-09-12 19,0.498,0,80,0,25,198,1
2021-09-12 20,1.375,0,80,0,24,290,0
2021-09-12 21,1.246,0,80,0,24,192,0
2021-09-12 22,0.734,0,80,0,24,57,1
2021-09-12 23,1.237,0,75,0,24,85,1
2021-09-13 00,0.863,0,80,0,23,87,1
2021-09-13 01,1.433,0,80,0,23,89,1
2021-09-13 02,1.244,0,80,0,23,89,1
2021-09-13 03,1.274,0,75,0,23,54,1
2021-09-13 04,0.739,0,75,0,23,76,2
2021-09-13 05,0.812,0,70,0,23,85,2
2021-09-13 06,1.028,0,70,0,23,64,2
2021-09-13 07,0.755,0,65,0,24,74,2
2021-09-13 08,1.321,0,60,0,25,85,3
2021-09-13 09,1.492,0,60,0,25,96,3
2021-09-13 10,1.902,0,60,0,26,95,3
2021-09-13 11,2.063,0,60,0,26,95,4
2021-09-13 12,3.504,0,60,0,27,97,3
2021-09-13 13,1.595,0,60,0,27,98,4
2021-09-13 14,3.291,0,60,0,27,111,3
2021-09-13 15,1.501,0,65,0,26,104,3
2021-09-13 16,3.017,0,65,0,26,111,3
2021-09-13 17,1.45,0,65,0,25,90,3
2021-09-13 18,2.299,0,60,0,25,97,3
2021-09-13 19,0.751,0,65,0,25,95,3
2021-09-13 20,1.459,0,65,0,25,95,3
2021-09-13 21,0.91,0,65,0,25,99,3
2021-09-13 22,1.064,0,65,0,25,87,3
2021-09-13 23,1.2,0,65,0,24,87,3
2021-09-14 00,0.606,0,65,0,24,98,3
2021-09-14 01,1.127,0,70,0,24,101,2
2021-09-14 02,0.984,5,65,0.1,23,89,3
2021-09-14 03,0.732,5,70,0.1,22,92,2
2021-09-14 04,0.702,1,75,1.3,23,74,2
2021-09-14 05,0.863,1,85,0.9,21,87,1
2021-09-14 06,0.501,1,90,3.5,20,89,3
2021-09-14 07,0.835,1,90,1.1,21,85,3
2021-09-14 08,0.983,1,85,0.6,21,83,3
2021-09-14 09,1.56,5,85,0.2,22,91,2
2021-09-14 10,1.903,0,80,0,23,92,4
2021-09-14 11,2.055,1,80,0.4,23,93,3
2021-09-14 12,2.033,0,75,0,24,92,3
2021-09-14 13,3.452,0,75,0,24,78,4
2021-09-14 14,2.498,0,70,0,25,80,3
2021-09-14 15,3.094,0,70,0,25,83,3
2021-09-14 16,1.048,0,70,0,25,88,3
2021-09-14 17,2.561,0,70,0,24,92,4
2021-09-14 18,2.115,0,70,0,24,78,3
2021-09-14 19,0.727,0,70,0,24,86,3
2021-09-14 20,1.389,0,70,0,24,72,2
2021-09-14 21,0.73,0,65,0,24,82,3
2021-09-14 22,1.234,0,65,0,24,79,3
2021-09-14 23,1.177,0,65,0,24,89,3
2021-09-15 00,0.65,0,65,0,24,78,2
2021-09-15 01,0.99,5,65,0.1,24,80,3
2021-09-15 02,0.936,5,60,0.2,23,82,3
2021-09-15 03,0.797,5,60,0.2,23,87,3
2021-09-15 04,0.822,5,65,0.2,23,100,3
2021-09-15 05,0.829,0,65,0,23,105,3
2021-09-15 06,0.52,0,60,0,23,93,3
2021-09-15 07,0.819,1,55,0.3,23,96,4
2021-09-15 08,1.218,1,55,0.5,24,90,3
2021-09-15 09,1.688,5,55,0.1,25,93,4
2021-09-15 10,2.078,0,55,0,25,93,4
2021-09-15 11,0.772,0,55,0,27,94,4
2021-09-15 12,2.572,0,50,0,28,99,4
2021-09-15 13,1.858,0,50,0,28,95,4
2021-09-15 14,1.551,0,50,0,28,99,4
2021-09-15 15,1.562,0,50,0,28,100,4
2021-09-15 16,1.671,0,50,0,28,112,3
2021-09-15 17,1.321,0,50,0,27,106,3
2021-09-15 18,0.849,0,50,0,26,107,3
2021-09-15 19,0.904,0,55,0,25,96,3
2021-09-15 20,1.02,0,55,0,24,88,3
2021-09-15 21,0.804,0,60,0,24,86,3
2021-09-15 22,1.058,0,60,0,23,90,3
2021-09-15 23,0.855,0,55,0,23,89,3
2021-09-16 00,1.069,0,55,0,23,94,3
2021-09-16 01,0.717,0,55,0,23,82,3
2021-09-16 02,0.806,0,60,0,23,88,2
2021-09-16 03,0.496,0,60,0,22,79,2
2021-09-16 04,0.755,0,60,0,22,81,2
2021-09-16 05,0.484,0,60,0,22,75,2
2021-09-16 06,0.434,0,60,0,23,61,1
2021-09-16 07,0.706,0,60,0,24,79,2
2021-09-16 08,0.862,0,60,0,24,89,2
2021-09-16 09,0.964,1,60,0.3,23,82,2
2021-09-16 10,1.421,0,65,0,23,84,3
2021-09-16 11,1.412,1,70,0.4,23,86,2
2021-09-16 12,1.791,1,70,0.5,23,70,2
2021-09-16 13,2.077,0,70,0,24,76,3
2021-09-16 14,1.898,0,70,0,24,101,3
2021-09-16 15,2.03,0,70,0,24,98,2
2021-09-16 16,2.04,0,70,0,24,96,3
2021-09-16 17,2.246,1,75,0.8,23,98,3
2021-09-16 18,2.298,1,75,0.4,23,84,2
2021-09-16 19,1.193,5,70,0.1,24,69,2
2021-09-16 20,1.014,0,70,0,24,88,2
2021-09-16 21,0.938,5,70,0.1,24,87,2
2021-09-16 22,0.94,5,65,0.2,24,83,2
2021-09-16 23,0.731,5,65,0.1,24,89,3
2021-09-17 00,0.424,5,70,0.2,23,87,2
2021-09-17 01,0.984,1,80,0.4,22,72,2
2021-09-17 02,0.609,0,75,0,22,83,2
2021-09-17 03,1.016,1,90,1.2,21,91,2
2021-09-17 04,0.562,1,90,0.8,21,49,2
2021-09-17 05,0.954,5,90,0.2,22,55,2
2021-09-17 06,0.522,5,85,0.1,22,88,2
2021-09-17 07,0.952,5,80,0.1,23,76,3
2021-09-17 08,0.724,0,75,0,24,81,4
2021-09-17 09,1.181,5,75,0.1,24,78,3
2021-09-17 10,1.177,0,75,0,25,83,2
2021-09-17 11,1.228,0,70,0,25,51,2
2021-09-17 12,1.867,0,65,0,26,49,2
2021-09-17 13,1.479,0,60,0,28,67,2
2021-09-17 14,1.423,0,60,0,28,76,3
2021-09-17 15,1.503,0,60,0,28,102,2
2021-09-17 16,1.95,0,60,0,27,114,3
2021-09-17 17,1.633,0,65,0,26,103,2
2021-09-17 18,1.269,0,65,0,24,105,2
2021-09-17 19,1.308,0,65,0,24,107,1
2021-09-17 20,1.228,0,65,0,24,93,2
2021-09-17 21,1.183,0,65,0,24,74,2
2021-09-17 22,0.867,0,65,0,23,82,1
2021-09-17 23,1.19,0,70,0,23,95,1
2021-09-18 00,0.968,0,70,0,22,87,1
2021-09-18 01,0.545,0,75,0,22,102,0
2021-09-18 02,1.004,0,80,0,22,238,0
2021-09-18 03,0.981,0,75,0,22,88,1
2021-09-18 04,1.079,0,80,0,21,75,1
2021-09-18 05,0.601,0,80,0,22,22,0
2021-09-18 06,1.09,0,80,0,22,73,0
2021-09-18 07,0.762,0,75,0,23,44,0
2021-09-18 08,0.996,0,65,0,24,45,1
2021-09-18 09,1.123,0,65,0,24,89,1
2021-09-18 10,1.212,0,60,0,25,90,0
2021-09-18 11,1.127,0,55,0,26,74,1
2021-09-18 12,1.493,0,55,0,27,132,1
2021-09-18 13,1.374,0,55,0,28,132,1
2021-09-18 14,1.427,0,55,0,28,166,1
2021-09-18 15,1.131,0,55,0,28,230,1
2021-09-18 16,1.432,0,60,0,27,186,2
2021-09-18 17,1.838,0,70,0,25,203,2
2021-09-18 18,2.319,0,70,0,23,217,1
2021-09-18 19,1.27,0,80,0,22,32,0
2021-09-18 20,1.109,0,85,0,21,303,1
2021-09-18 21,1.434,0,85,0,21,322,1
2021-09-18 22,1.288,0,90,0,20,321,1
2021-09-18 23,1.006,0,90,0,20,325,1
2021-09-19 00,0.607,0,90,0,20,314,1
2021-09-19 01,1.188,0,90,0,19,320,1
2021-09-19 02,0.728,0,95,0,19,319,1
2021-09-19 03,1.075,0,95,0,18,321,1
2021-09-19 04,1.127,0,95,0,18,313,1
2021-09-19 05,0.56,0,95,0,18,317,1
2021-09-19 06,1.144,0,95,0,19,318,1
2021-09-19 07,0.588,0,80,0,21,350,1
2021-09-19 08,1.075,0,70,0,24,15,0
2021-09-19 09,1.2,0,60,0,26,118,2
2021-09-19 10,0.679,0,55,0,26,114,3
2021-09-19 11,1.318,0,50,0,27,118,3
2021-09-19 12,1.163,0,50,0,27,121,2
2021-09-19 13,1.205,0,50,0,28,125,2
2021-09-19 14,1.103,0,50,0,28,148,1
2021-09-19 15,1.145,0,50,0,28,131,1
2021-09-19 16,1.054,0,50,0,28,122,1
2021-09-19 17,1.069,0,55,0,26,158,1
2021-09-19 18,1.46,0,70,0,24,208,2
2021-09-19 19,1.073,0,75,0,23,226,1
2021-09-19 20,0.775,0,80,0,22,238,1
2021-09-19 21,0.748,0,80,0,21,316,1
2021-09-19 22,0.754,0,85,0,21,309,1
2021-09-19 23,0.701,0,85,0,21,29,1
2021-09-20 00,0.758,0,85,0,21,13,1
2021-09-20 01,0.744,0,85,0,21,37,1
2021-09-20 02,0.627,0,90,0,20,74,1
2021-09-20 03,0.613,0,90,0,20,57,1
2021-09-20 04,0.914,0,85,0,20,74,1
2021-09-20 05,0.88,0,80,0,20,73,1
2021-09-20 06,0.791,0,80,0,20,79,1
2021-09-20 07,0.834,0,70,0,23,83,2
2021-09-20 08,0.903,0,65,0,24,95,3
2021-09-20 09,1.306,0,65,0,24,100,3
2021-09-20 10,1.496,0,65,0,25,97,2
2021-09-20 11,1.263,0,60,0,27,91,2
2021-09-20 12,1.903,0,60,0,26,95,2
2021-09-20 13,1.592,0,65,0,27,94,2
2021-09-20 14,1.854,0,65,0,27,98,3
2021-09-20 15,1.755,0,65,0,27,123,3
2021-09-20 16,1.746,0,65,0,26,123,2
2021-09-20 17,1.831,0,70,0,26,130,2
2021-09-20 18,1.138,0,75,0,25,146,2
2021-09-20 19,1.164,0,75,0,25,148,2
2021-09-20 20,1.048,0,80,0,25,149,2
2021-09-20 21,0.822,0,80,0,24,162,2
2021-09-20 22,1.01,0,85,0,24,174,1
2021-09-20 23,0.893,0,80,0,25,171,1
2021-09-21 00,1.042,1,85,0.3,24,175,2
2021-09-21 01,1.032,0,90,0,24,189,1
2021-09-21 02,0.802,0,90,0,24,172,1
2021-09-21 03,0.79,0,85,0,25,157,2
2021-09-21 04,0.768,0,80,0,25,173,4
2021-09-21 05,0.55,1,85,0.3,25,175,3
2021-09-21 06,0.755,1,85,1.2,25,178,4
2021-09-21 07,0.786,1,95,2.9,25,260,2
2021-09-21 08,0.892,1,90,0.3,24,281,3
2021-09-21 09,0.943,1,90,0.7,24,274,1
2021-09-21 10,1.38,0,85,0,24,271,2
2021-09-21 11,1.412,0,80,0,24,263,1
2021-09-21 12,2.042,0,80,0,25,238,2
2021-09-21 13,1.717,0,70,0,27,256,2
2021-09-21 14,2.206,0,70,0,27,241,2
2021-09-21 15,1.918,0,65,0,27,236,2
2021-09-21 16,1.826,0,60,0,27,269,2
2021-09-21 17,1.503,0,70,0,25,218,2
2021-09-21 18,1.333,0,75,0,24,236,2
2021-09-21 19,1.127,0,85,0,23,264,2
2021-09-21 20,0.772,0,90,0,22,260,2
2021-09-21 21,0.858,0,85,0,22,264,2
2021-09-21 22,0.716,0,90,0,21,256,1
2021-09-21 23,0.523,0,90,0,21,317,1
2021-09-22 00,0.961,0,90,0,20,321,1
2021-09-22 01,0.967,0,95,0,19,0,0
2021-09-22 02,0.751,0,95,0,19,310,1
2021-09-22 03,0.708,0,95,0,19,295,0
2021-09-22 04,0.474,0,95,0,18,191,0
2021-09-22 05,0.697,0,95,0,18,162,0
2021-09-22 06,0.677,0,95,0,19,334,0
2021-09-22 07,0.489,0,90,0,21,297,0
2021-09-22 08,0.855,0,80,0,23,337,1
2021-09-22 09,1.14,0,75,0,26,193,1
2021-09-22 10,1.405,0,70,0,28,213,3
2021-09-22 11,1.338,1,70,1.6,22,6,4
2021-09-22 12,2.173,1,65,0.9,24,302,1
2021-09-22 13,2.606,0,55,0,27,315,1
2021-09-22 14,1.613,0,55,0,28,241,1
2021-09-22 15,2.155,0,60,0,29,173,2
2021-09-22 16,1.633,0,60,0,29,237,2
2021-09-22 17,1.943,0,65,0,27,262,2
2021-09-22 18,1.243,0,70,0,26,281,2
2021-09-22 19,1.254,0,75,0,24,282,1
2021-09-22 20,1.187,0,70,0,24,289,1
2021-09-22 21,1.305,0,75,0,22,312,2
2021-09-22 22,0.804,0,80,0,21,349,1
2021-09-22 23,0.97,0,80,0,20,320,1
2021-09-23 00,1.117,0,80,0,20,312,1
2021-09-23 01,1.084,0,85,0,19,287,1
2021-09-23 02,0.979,0,90,0,18,299,1
2021-09-23 03,0.803,0,90,0,18,288,1
2021-09-23 04,1.109,0,90,0,18,308,2
2021-09-23 05,0.811,0,80,0,19,319,2
2021-09-23 06,0.816,0,75,0,20,324,3
2021-09-23 07,0.831,0,70,0,22,315,2
2021-09-23 08,1.032,0,55,0,24,323,3
2021-09-23 09,1.386,0,50,0,25,330,3
2021-09-23 10,1.583,0,45,0,25,344,4
2021-09-23 11,1.673,0,50,0,26,340,4
2021-09-23 12,2.173,0,50,0,27,334,4
2021-09-23 13,2.154,0,45,0,27,346,4
2021-09-23 14,2.064,0,40,0,28,354,3
2021-09-23 15,2.093,0,45,0,28,336,3
2021-09-23 16,1.832,0,45,0,27,315,2
2021-09-23 17,2.105,0,55,0,25,314,2
2021-09-23 18,1.706,0,55,0,23,315,2
2021-09-23 19,1.408,0,60,0,23,342,4
2021-09-23 20,1.257,0,60,0,22,339,3
2021-09-23 21,1.752,0,65,0,21,341,3
2021-09-23 22,1.284,0,65,0,20,333,2
2021-09-23 23,1.001,0,70,0,20,337,2
2021-09-24 00,1.27,0,75,0,19,287,1
2021-09-24 01,0.953,0,75,0,19,313,2
2021-09-24 02,1.305,0,85,0,18,296,1
2021-09-24 03,0.961,0,85,0,17,315,1
2021-09-24 04,0.852,0,85,0,17,312,1
2021-09-24 05,1.057,0,90,0,16,320,1
2021-09-24 06,0.633,0,85,0,17,322,1
2021-09-24 07,0.978,0,75,0,19,347,1
2021-09-24 08,1.022,0,70,0,22,296,1
2021-09-24 09,1.445,0,60,0,24,134,1
2021-09-24 10,1.659,0,55,0,26,117,2
2021-09-24 11,1.377,0,50,0,26,111,2
2021-09-24 12,1.924,0,45,0,27,106,2
2021-09-24 13,2.107,0,45,0,27,103,2
2021-09-24 14,2.002,0,45,0,27,124,1
2021-09-24 15,1.31,0,45,0,28,101,2
2021-09-24 16,1.982,0,45,0,27,107,2
2021-09-24 17,2.7,0,50,0,26,102,2
2021-09-24 18,1.784,0,60,0,24,145,1
2021-09-24 19,1.915,0,65,0,24,95,2
2021-09-24 20,1.655,0,65,0,23,91,2
2021-09-24 21,1.27,0,65,0,22,78,1
2021-09-24 22,1.653,0,75,0,21,35,1
2021-09-24 23,0.987,0,80,0,20,38,1
2021-09-25 00,1.381,0,80,0,20,36,1
2021-09-25 01,1.113,0,75,0,20,55,1
2021-09-25 02,0.964,0,80,0,19,78,0
2021-09-25 03,1.329,0,80,0,19,60,1
2021-09-25 04,1.048,0,80,0,19,93,2
2021-09-25 05,0.929,0,75,0,20,87,1
2021-09-25 06,0.988,0,80,0,20,74,2
2021-09-25 07,1.111,0,70,0,22,96,1
2021-09-25 08,1.007,0,65,0,23,40,1
2021-09-25 09,1.637,0,60,0,25,53,2
2021-09-25 10,1.841,0,55,0,26,113,3
2021-09-25 11,1.357,0,55,0,27,102,3
2021-09-25 12,2.744,0,55,0,27,93,4
2021-09-25 13,2.108,0,55,0,27,105,3
2021-09-25 14,2.72,0,60,0,26,112,3
2021-09-25 15,2.21,0,60,0,26,98,3
2021-09-25 16,2.785,0,65,0,25,93,2
2021-09-25 17,2.009,0,70,0,25,107,2
2021-09-25 18,1.762,0,70,0,24,85,2
2021-09-25 19,2.147,0,70,0,24,92,3
2021-09-25 20,1.661,0,70,0,23,77,2
2021-09-25 21,2.481,0,70,0,23,80,2
2021-09-25 22,1.442,0,70,0,23,93,2
2021-09-25 23,1.196,0,70,0,22,74,2
2021-09-26 00,1.286,0,65,0,22,94,2
2021-09-26 01,1.176,0,70,0,22,88,2
2021-09-26 02,0.906,0,70,0,22,79,2
2021-09-26 03,0.863,0,70,0,22,65,2
2021-09-26 04,0.922,0,70,0,22,69,1
2021-09-26 05,0.855,0,70,0,21,73,2
2021-09-26 06,0.703,0,70,0,22,63,2
2021-09-26 07,0.97,0,70,0,23,66,2
2021-09-26 08,1.107,0,65,0,24,82,2
2021-09-26 09,1.64,0,60,0,25,76,2
2021-09-26 10,1.323,0,55,0,25,97,2
2021-09-26 11,1.556,0,55,0,26,95,4
2021-09-26 12,2.332,0,55,0,26,103,2
2021-09-26 13,1.831,5,55,0.1,26,100,2
2021-09-26 14,1.882,0,55,0,26,97,2
2021-09-26 15,1.728,0,55,0,26,85,2
2021-09-26 16,1.664,0,55,0,25,96,2
2021-09-26 17,1.713,0,60,0,24,84,2
2021-09-26 18,1.206,0,60,0,23,76,1
2021-09-26 19,1.019,0,65,0,23,65,1
2021-09-26 20,1.026,0,60,0,23,81,2
2021-09-26 21,0.762,0,55,0,23,81,3
2021-09-26 22,0.816,0,60,0,22,85,2
2021-09-26 23,0.642,0,55,0,22,86,2
2021-09-27 00,0.919,0,60,0,21,52,1
2021-09-27 01,1.052,0,65,0,21,21,2
2021-09-27 02,0.903,0,70,0,20,45,1
2021-09-27 03,0.87,0,70,0,20,25,1
2021-09-27 04,0.552,0,70,0,20,27,1
2021-09-27 05,0.857,0,70,0,20,47,1
2021-09-27 06,0.79,0,70,0,20,58,1
2021-09-27 07,0.805,0,65,0,22,39,1
2021-09-27 08,0.951,0,65,0,23,59,1
2021-09-27 09,1.023,0,60,0,25,109,2
2021-09-27 10,1.642,0,60,0,25,118,3
2021-09-27 11,1.12,0,55,0,26,107,3
2021-09-27 12,2.555,0,55,0,26,104,2
2021-09-27 13,2.139,0,50,0,27,109,2
2021-09-27 14,2.083,0,50,0,27,111,3
2021-09-27 15,1.766,0,50,0,27,110,3
2021-09-27 16,2.352,0,55,0,26,104,3
2021-09-27 17,2.142,0,60,0,25,110,2
2021-09-27 18,1.384,0,60,0,24,90,1
2021-09-27 19,1.035,0,65,0,24,176,1
2021-09-27 20,1.076,0,70,0,24,124,1
2021-09-27 21,0.948,0,70,0,23,105,2
2021-09-27 22,0.949,0,70,0,23,93,3
2021-09-27 23,0.956,0,70,0,23,106,2
2021-09-28 00,0.895,0,70,0,22,98,2
2021-09-28 01,0.881,0,70,0,22,99,1
2021-09-28 02,0.916,0,70,0,22,87,1
2021-09-28 03,0.857,0,65,0,22,64,1
2021-09-28 04,0.862,0,65,0,22,103,1
2021-09-28 05,0.818,0,70,0,21,67,1
2021-09-28 06,0.808,0,70,0,21,20,1
2021-09-28 07,0.753,0,70,0,22,67,1
2021-09-28 08,0.865,0,60,0,23,92,1
2021-09-28 09,1.236,0,60,0,24,90,1
2021-09-28 10,1.081,0,60,0,24,118,2
2021-09-28 11,1.407,0,60,0,25,97,2
2021-09-28 12,1.675,0,60,0,25,93,2
2021-09-28 13,1.909,0,65,0,25,109,2
2021-09-28 14,2.478,0,65,0,25,130,1
2021-09-28 15,2.46,0,65,0,25,111,1
2021-09-28 16,3.752,0,70,0,25,88,1
2021-09-28 17,2.098,0,70,0,24,116,1
2021-09-28 18,1.264,0,75,0,24,155,1
2021-09-28 19,1.655,0,75,0,24,217,1
2021-09-28 20,1.595,5,85,0.2,23,249,0
2021-09-28 21,1.428,1,90,0.3,22,286,1
2021-09-28 22,1.5,5,95,0.1,22,154,0
2021-09-28 23,1.069,0,95,0,22,289,0
2021-09-29 00,1.567,0,95,0,22,283,0
2021-09-29 01,1.167,0,90,0,22,25,0
2021-09-29 02,1.148,0,90,0,22,312,0
2021-09-29 03,1.05,0,95,0,22,311,0
2021-09-29 04,1.018,1,95,0.4,22,320,1
2021-09-29 05,1.107,1,95,8.5,21,303,2
2021-09-29 06,0.978,5,95,0.2,22,288,1
2021-09-29 07,1.194,0,95,0,22,329,1
2021-09-29 08,1.232,1,95,0.3,23,319,1
2021-09-29 09,1.186,0,95,0,24,299,0
2021-09-29 10,1.558,0,85,0,25,108,0
2021-09-29 11,1.058,0,80,0,26,149,1
2021-09-29 12,1.484,0,80,0,26,158,1
2021-09-29 13,1.349,1,80,0.3,27,182,1
2021-09-29 14,0.954,1,80,0.3,27,198,3
2021-09-29 15,1.295,1,95,3.4,25,228,2
2021-09-29 16,1.575,1,95,14.5,23,283,1
2021-09-29 17,1.089,1,95,15.5,23,330,1
2021-09-29 18,1.21,5,100,0.2,22,280,1
2021-09-29 19,1.247,0,95,0,22,294,1
2021-09-29 20,0.984,0,95,0,22,245,1
2021-09-29 21,1.217,0,95,0,22,338,1
2021-09-29 22,1.294,1,95,0.4,22,308,1
2021-09-29 23,1.183,1,95,0.7,22,324,1
2021-09-30 00,1.409,1,95,1.3,22,320,1
2021-09-30 01,0.831,1,95,1.6,21,309,1
2021-09-30 02,1.159,1,95,0.9,21,326,1
2021-09-30 03,0.963,1,95,0.6,21,340,1
2021-09-30 04,1.181,5,95,0.1,21,346,1
2021-09-30 05,0.914,1,95,2.7,21,324,1
2021-09-30 06,0.943,0,95,0,21,337,1
2021-09-30 07,1.058,0,95,0,21,13,1
2021-09-30 08,1.047,0,85,0,23,327,1
2021-09-30 09,1.081,0,85,0,23,14,1
2021-09-30 10,1.228,0,80,0,24,20,2
2021-09-30 11,1.174,0,75,0,25,65,1
2021-09-30 12,1.874,0,70,0,27,188,1
2021-09-30 13,1.604,0,60,0,27,113,2
2021-09-30 14,1.783,0,60,0,27,126,1
2021-09-30 15,1.706,0,65,0,27,121,2
2021-09-30 16,1.598,0,65,0,27,119,1
2021-09-30 17,1.607,0,75,0,25,120,1
2021-09-30 18,1.675,0,85,0,23,235,1
2021-09-30 19,1.517,0,90,0,22,316,1
2021-09-30 20,1.263,0,90,0,22,334,1
2021-09-30 21,1.144,0,95,0,20,324,1
2021-09-30 22,1.032,0,95,0,20,319,1
2021-09-30 23,0.999,0,95,0,19,330,1
2021-10-01 00,1.363,0,95,0,19,327,1
2021-10-01 01,1.017,0,95,0,18,306,1
2021-10-01 02,0.855,0,95,0,18,325,1
2021-10-01 03,0.843,0,95,0,18,312,1
2021-10-01 04,0.894,0,95,0,17,303,1
2021-10-01 05,0.995,0,95,0,17,310,1
2021-10-01 06,0.754,0,95,0,18,315,1
2021-10-01 07,1.023,0,95,0,20,327,1
2021-10-01 08,1.077,0,80,0,22,343,1
2021-10-01 09,1.05,0,70,0,24,46,2
2021-10-01 10,1.684,0,60,0,26,31,2
2021-10-01 11,1.171,0,55,0,27,17,1
2021-10-01 12,3.213,0,50,0,28,206,0
2021-10-01 13,2.901,0,50,0,29,299,1
2021-10-01 14,3.068,0,50,0,29,167,1
2021-10-01 15,1.961,0,55,0,28,208,2
2021-10-01 16,2.063,0,55,0,28,228,2
2021-10-01 17,1.765,0,65,0,25,209,3
2021-10-01 18,1.641,0,75,0,24,232,1
2021-10-01 19,1.874,0,80,0,23,229,1
2021-10-01 20,1.542,0,85,0,22,326,0
2021-10-01 21,1.174,0,90,0,22,352,1
2021-10-01 22,1.5,0,90,0,21,347,0
2021-10-01 23,1.003,0,85,0,21,325,3
2021-10-02 00,1.385,0,85,0,21,318,3
2021-10-02 01,1.396,0,85,0,20,303,1
2021-10-02 02,1.069,0,85,0,19,305,2
2021-10-02 03,1.49,0,90,0,19,311,1
2021-10-02 04,1.038,0,95,0,18,310,1
2021-10-02 05,1.115,0,90,0,18,320,1
2021-10-02 06,1.034,0,90,0,19,354,2
2021-10-02 07,1.283,0,80,0,21,306,1
2021-10-02 08,0.974,0,70,0,23,167,1
2021-10-02 09,1.24,0,65,0,25,90,1
2021-10-02 10,1.202,0,55,0,27,299,1
2021-10-02 11,1.006,0,55,0,28,332,2
2021-10-02 12,1.534,0,45,0,29,347,2
2021-10-02 13,1.212,0,40,0,30,316,2
2021-10-02 14,1.522,0,40,0,30,300,1
2021-10-02 15,1.51,0,40,0,30,315,1
2021-10-02 16,1.504,0,50,0,29,275,1
2021-10-02 17,1.068,0,70,0,25,193,2
2021-10-02 18,1.103,0,75,0,23,204,1
2021-10-02 19,1.085,0,75,0,23,307,1
2021-10-02 20,1.389,0,80,0,22,285,1
2021-10-02 21,0.965,0,85,0,21,316,1
2021-10-02 22,0.852,0,90,0,20,306,1
2021-10-02 23,0.921,0,90,0,20,309,1
2021-10-03 00,1.008,0,90,0,20,311,1
2021-10-03 01,0.707,0,95,0,19,304,1
2021-10-03 02,0.901,0,95,0,19,306,1
2021-10-03 03,0.947,0,95,0,19,313,1
2021-10-03 04,0.592,0,95,0,18,321,0
2021-10-03 05,0.925,0,95,0,18,313,1
2021-10-03 06,0.74,0,95,0,18,300,1
2021-10-03 07,0.635,0,90,0,21,279,0
2021-10-03 08,0.725,0,80,0,23,305,0
2021-10-03 09,0.784,0,70,0,25,137,1
2021-10-03 10,0.809,0,60,0,27,177,0
2021-10-03 11,0.784,0,55,0,28,124,2
2021-10-03 12,1.562,0,55,0,29,191,3
2021-10-03 13,0.99,0,55,0,29,191,2
2021-10-03 14,1.473,0,55,0,28,187,2
2021-10-03 15,1.267,0,55,0,28,188,2
2021-10-03 16,1.175,0,60,0,27,176,2
2021-10-03 17,0.869,0,70,0,25,164,1
2021-10-03 18,1.157,0,75,0,23,200,1
2021-10-03 19,0.79,0,80,0,22,199,1
2021-10-03 20,0.856,0,85,0,22,228,1
2021-10-03 21,0.812,0,85,0,21,261,1
2021-10-03 22,0.739,0,90,0,21,318,1
2021-10-03 23,0.61,5,90,0.1,21,314,1
2021-10-04 00,0.833,5,90,0.1,21,332,1
2021-10-04 01,0.757,0,90,0,21,308,1
2021-10-04 02,0.928,0,90,0,22,354,1
2021-10-04 03,0.939,0,90,0,22,288,1
2021-10-04 04,0.918,0,95,0,22,333,1
2021-10-04 05,0.911,0,95,0,22,320,1
2021-10-04 06,0.601,0,90,0,23,334,1
2021-10-04 07,0.869,0,80,0,25,203,1
2021-10-04 08,1.033,0,75,0,27,187,1
2021-10-04 09,1.101,0,65,0,29,180,3
2021-10-04 10,1.045,0,60,0,29,187,3
2021-10-04 11,1.151,0,60,0,29,196,4
2021-10-04 12,1.037,0,55,0,30,195,4
2021-10-04 13,1.015,0,65,0,29,196,3
2021-10-04 14,1.09,0,60,0,29,198,3
2021-10-04 15,1.091,0,60,0,29,194,3
2021-10-04 16,1.049,0,70,0,27,203,3
2021-10-04 17,0.885,0,70,0,26,208,2
2021-10-04 18,0.771,0,75,0,25,222,2
2021-10-04 19,0.913,0,80,0,24,197,1
2021-10-04 20,0.687,0,85,0,23,233,1
2021-10-04 21,0.855,0,90,0,23,244,1
2021-10-04 22,0.961,0,95,0,22,340,1
2021-10-04 23,2.11,0,95,0,21,311,1
2021-10-05 00,1.209,0,95,0,21,300,1
2021-10-05 01,0.932,0,95,0,21,297,1
2021-10-05 02,1.259,0,95,0,20,319,1
2021-10-05 03,1.104,0,95,0,20,302,1
2021-10-05 04,1.264,0,95,0,20,297,1
2021-10-05 05,0.928,0,95,0,20,306,1
2021-10-05 06,1.223,0,95,0,20,307,1
2021-10-05 07,0.743,0,90,0,22,311,1
2021-10-05 08,0.697,0,75,0,25,328,1
2021-10-05 09,1.033,0,65,0,27,328,1
2021-10-05 10,1.242,0,65,0,28,260,0
2021-10-05 11,1.3,0,65,0,29,254,2
2021-10-05 12,1.667,0,60,0,29,227,1
2021-10-05 13,1.098,0,60,0,30,213,3
2021-10-05 14,1.402,0,60,0,30,229,3
2021-10-05 15,1.014,0,60,0,29,230,3
2021-10-05 16,1.095,0,70,0,28,219,3
2021-10-05 17,1.148,0,75,0,26,233,2
2021-10-05 18,0.631,0,80,0,25,236,1
2021-10-05 19,1.014,0,80,0,24,301,1
2021-10-05 20,0.689,0,80,0,23,341,1
2021-10-05 21,0.886,0,85,0,22,3,1
2021-10-05 22,1.006,0,90,0,22,340,0
2021-10-05 23,0.954,0,95,0,21,315,0
2021-10-06 00,1.281,0,95,0,20,310,2
2021-10-06 01,1.039,0,95,0,20,316,1
2021-10-06 02,0.987,0,95,0,20,316,1
2021-10-06 03,0.954,0,95,0,19,324,1
2021-10-06 04,0.951,0,95,0,19,322,1
2021-10-06 05,0.954,0,95,0,19,306,1
2021-10-06 06,0.864,0,95,0,19,321,1
2021-10-06 07,0.415,0,85,0,21,336,1
2021-10-06 08,0.517,0,70,0,24,57,0
2021-10-06 09,0.541,0,65,0,26,131,1
2021-10-06 10,0.958,0,65,0,27,114,1
2021-10-06 11,1.38,0,60,0,27,115,1
2021-10-06 12,1.95,0,55,0,28,137,1
2021-10-06 13,1.381,0,50,0,29,129,2
2021-10-06 14,1.068,0,60,0,28,196,2
2021-10-06 15,1.129,0,60,0,28,188,2
2021-10-06 16,0.747,0,65,0,27,196,3
2021-10-06 17,1.304,0,75,0,25,224,2
2021-10-06 18,0.921,0,80,0,24,222,1
2021-10-06 19,0.958,0,80,0,23,245,1
2021-10-06 20,0.587,0,85,0,22,306,1
2021-10-06 21,0.507,0,85,0,22,323,1
2021-10-06 22,0.96,0,90,0,22,319,1
2021-10-06 23,1.251,0,90,0,21,305,1
2021-10-07 00,1.222,0,90,0,21,320,1
2021-10-07 01,1.022,0,95,0,21,306,1
2021-10-07 02,1.03,0,95,0,20,192,1
2021-10-07 03,0.975,0,95,0,20,305,1
2021-10-07 04,0.942,0,95,0,20,320,1
2021-10-07 05,0.954,0,95,0,20,307,1
2021-10-07 06,0.905,0,95,0,19,304,1
2021-10-07 07,0.797,0,90,0,22,310,1
2021-10-07 08,1.283,0,80,0,24,333,1
2021-10-07 09,0.846,0,70,0,25,315,0
2021-10-07 10,0.748,0,60,0,27,172,1
2021-10-07 11,0.753,0,55,0,27,253,2
2021-10-07 12,1.048,0,55,0,28,224,2
2021-10-07 13,1.141,0,55,0,28,225,2
2021-10-07 14,1.157,0,60,0,27,219,2
2021-10-07 15,1.272,0,60,0,27,218,3
2021-10-07 16,1.283,0,65,0,26,234,2
2021-10-07 17,1.22,5,70,0.1,25,262,2
2021-10-07 18,0.798,0,75,0,24,254,1
2021-10-07 19,0.865,0,75,0,24,255,1
2021-10-07 20,0.87,0,80,0,23,329,1
2021-10-07 21,0.939,0,85,0,22,312,2
2021-10-07 22,1.309,0,85,0,21,319,1
2021-10-07 23,1.563,0,90,0,21,322,2
2021-10-08 00,1.929,5,90,0.1,20,330,1
2021-10-08 01,1.83,0,90,0,20,308,2
2021-10-08 02,1.635,0,90,0,20,312,1
2021-10-08 03,1.503,0,90,0,20,308,1
2021-10-08 04,1.325,0,90,0,20,313,1
2021-10-08 05,1.129,0,90,0,20,305,1
2021-10-08 06,1.251,1,90,0.3,20,306,0
2021-10-08 07,1.34,1,90,0.5,21,57,1
2021-10-08 08,1.763,5,85,0.2,23,49,1
2021-10-08 09,1.923,0,75,0,25,3,1
2021-10-08 10,2.003,0,70,0,26,115,1
2021-10-08 11,1.894,0,65,0,26,176,0
2021-10-08 12,2.446,0,60,0,27,117,1
2021-10-08 13,1.733,0,60,0,27,132,2
2021-10-08 14,2.204,0,60,0,28,138,1
2021-10-08 15,1.847,0,60,0,28,185,1
2021-10-08 16,2.087,0,65,0,26,178,2
2021-10-08 17,2.204,0,70,0,25,175,1
2021-10-08 18,1.516,0,75,0,24,240,1
2021-10-08 19,1.684,5,75,0.2,24,108,1
2021-10-08 20,1.508,5,80,0.1,24,83,2
2021-10-08 21,1.599,0,75,0,24,74,2
2021-10-08 22,1.644,0,75,0,23,91,2
2021-10-08 23,2.021,0,80,0,23,80,2
2021-10-09 00,2.711,0,80,0,23,73,1
2021-10-09 01,1.518,0,80,0,22,62,1
2021-10-09 02,1.463,0,85,0,21,73,0
2021-10-09 03,1.527,0,85,0,21,44,1
2021-10-09 04,1.086,0,85,0,21,43,1
2021-10-09 05,1.545,0,90,0,21,52,1
2021-10-09 06,0.994,0,85,0,21,39,1
2021-10-09 07,1.373,0,80,0,23,59,1
2021-10-09 08,1.036,0,65,0,25,67,1
2021-10-09 09,1.28,0,60,0,27,112,2
2021-10-09 10,1.238,0,60,0,27,104,3
2021-10-09 11,1.272,0,60,0,28,101,3
2021-10-09 12,1.839,0,55,0,29,111,2
2021-10-09 13,1.514,0,55,0,29,94,2
2021-10-09 14,1.727,0,55,0,29,100,2
2021-10-09 15,1.635,0,55,0,29,111,2
2021-10-09 16,1.392,0,60,0,28,191,1
2021-10-09 17,1.273,0,65,0,26,202,1
2021-10-09 18,1.314,0,75,0,25,256,0
2021-10-09 19,1.214,0,80,0,24,292,1
2021-10-09 20,1.293,0,85,0,23,265,0
2021-10-09 21,1.816,0,85,0,22,303,1
2021-10-09 22,2.276,0,90,0,22,304,1
2021-10-09 23,1.637,0,90,0,21,302,1
2021-10-10 00,1.634,0,95,0,21,299,0
2021-10-10 01,1.944,0,95,0,21,308,1
2021-10-10 02,1.614,0,95,0,21,310,1
2021-10-10 03,1.597,0,95,0,20,316,1
2021-10-10 04,1.626,0,95,0,20,311,1
2021-10-10 05,1.54,0,95,0,20,308,1
2021-10-10 06,1.343,0,95,0,19,298,1
2021-10-10 07,0.959,0,85,0,22,333,1
2021-10-10 08,0.865,0,75,0,24,318,1
2021-10-10 09,1.38,0,70,0,26,307,0
2021-10-10 10,1.299,0,65,0,27,161,0
2021-10-10 11,1.387,0,65,0,28,263,1
2021-10-10 12,2.018,0,60,0,29,201,2
2021-10-10 13,1.544,0,60,0,29,225,3
2021-10-10 14,1.801,0,70,0,28,207,3
2021-10-10 15,1.865,1,70,0.3,27,221,1
2021-10-10 16,1.923,0,75,0,27,206,2
2021-10-10 17,1.426,0,80,0,26,184,2
2021-10-10 18,1.771,0,85,0,25,183,3
2021-10-10 19,0.908,1,90,2.9,24,253,1
2021-10-10 20,0.623,1,95,8.7,23,302,1
2021-10-10 21,0.76,1,95,1.7,23,165,1
2021-10-10 22,0.405,5,95,0.2,23,235,0
2021-10-10 23,0.353,0,95,0,23,32,0
2021-10-11 00,1.62,0,95,0,23,203,0
2021-10-11 01,1.129,0,95,0,23,321,0
2021-10-11 02,0.599,1,95,4.8,23,345,1
2021-10-11 03,1.604,1,95,0.6,22,6,2
2021-10-11 04,1.385,0,90,0,21,329,3
2021-10-11 05,1.355,0,85,0,20,325,3
2021-10-11 06,0.98,0,85,0,20,350,2
2021-10-11 07,0.942,0,80,0,20,322,3
2021-10-11 08,1.402,0,80,0,20,328,3
2021-10-11 09,1.095,5,85,0.1,20,330,3
2021-10-11 10,1.409,1,85,0.5,19,326,2
2021-10-11 11,1.063,1,90,0.9,19,329,3
2021-10-11 12,1.605,5,85,0.1,19,323,2
2021-10-11 13,1.025,5,90,0.1,19,326,2
2021-10-11 14,1.055,5,90,0.1,19,30,1
2021-10-11 15,1.129,5,90,0.2,19,32,2
2021-10-11 16,1.107,1,95,0.3,18,35,1
2021-10-11 17,0.98,1,95,0.4,18,42,1
2021-10-11 18,1.197,1,95,0.4,18,61,1
2021-10-11 19,0.853,1,90,0.6,18,59,2
2021-10-11 20,0.721,1,95,0.5,18,53,1
2021-10-11 21,1.47,1,95,0.8,18,57,1
2021-10-11 22,1.121,5,90,0.1,18,71,1
2021-10-11 23,1.026,0,95,0,19,59,1
2021-10-12 00,1.097,0,95,0,19,49,1
2021-10-12 01,1.075,0,90,0,19,64,2
2021-10-12 02,0.924,5,95,0.1,19,59,1
2021-10-12 03,0.999,1,90,0.4,19,65,2
2021-10-12 04,0.946,1,95,0.3,19,93,2
2021-10-12 05,0.936,5,90,0.2,18,75,2
2021-10-12 06,0.906,0,85,0,19,83,2
2021-10-12 07,0.976,0,85,0,19,85,2
2021-10-12 08,0.525,0,80,0,19,82,3
2021-10-12 09,0.506,0,75,0,19,85,3
2021-10-12 10,1.852,0,75,0,20,83,3
2021-10-12 11,2.848,0,70,0,20,84,3
2021-10-12 12,3.506,0,70,0,21,82,2
2021-10-12 13,3.22,0,70,0,21,88,3
2021-10-12 14,1.66,0,70,0,20,81,3
2021-10-12 15,1.818,0,70,0,20,80,3
2021-10-12 16,1.749,0,70,0,20,75,3
2021-10-12 17,2.606,0,70,0,19,81,3
2021-10-12 18,2.062,0,70,0,19,78,2
2021-10-12 19,1.279,0,70,0,19,77,2
2021-10-12 20,1.012,0,70,0,19,76,2
2021-10-12 21,1.304,0,70,0,19,81,2
2021-10-12 22,1.288,0,70,0,20,85,3
2021-10-12 23,1.984,0,70,0,19,65,2
2021-10-13 00,1.913,0,70,0,19,93,2
2021-10-13 01,1.954,0,70,0,19,97,2
2021-10-13 02,1.514,0,75,0,19,99,2
2021-10-13 03,1.502,0,80,0,18,94,2
2021-10-13 04,1.471,0,80,0,18,90,2
2021-10-13 05,1.496,0,75,0,18,99,2
2021-10-13 06,1.438,0,75,0,19,72,2
2021-10-13 07,1.351,0,75,0,19,65,2
2021-10-13 08,1.612,0,65,0,21,79,2
2021-10-13 09,1.486,0,60,0,22,96,2
2021-10-13 10,1.767,0,60,0,22,108,2
2021-10-13 11,1.474,0,60,0,23,116,2
2021-10-13 12,2.556,0,55,0,24,106,2
2021-10-13 13,1.587,0,60,0,24,114,3
2021-10-13 14,1.794,0,60,0,24,69,1
2021-10-13 15,1.309,0,65,0,24,80,2
2021-10-13 16,1.679,0,65,0,23,88,2
2021-10-13 17,1.347,0,70,0,22,71,2
2021-10-13 18,1.32,0,70,0,22,69,1
2021-10-13 19,1.161,0,70,0,22,87,2
2021-10-13 20,1.902,0,70,0,21,47,1
2021-10-13 21,1.425,0,70,0,21,90,1
2021-10-13 22,1.494,0,75,0,20,83,1
2021-10-13 23,1.373,0,80,0,20,23,1
2021-10-14 00,1.577,0,80,0,20,16,1
2021-10-14 01,1.552,0,80,0,20,43,1
2021-10-14 02,1.374,0,80,0,19,28,1
2021-10-14 03,1.508,0,85,0,18,326,1
2021-10-14 04,1.586,0,90,0,18,326,1
2021-10-14 05,1.419,0,90,0,17,319,1
2021-10-14 06,1.383,0,90,0,18,318,1
2021-10-14 07,1.425,0,85,0,19,315,1
2021-10-14 08,1.561,0,70,0,22,22,0
2021-10-14 09,1.843,0,65,0,23,322,1
2021-10-14 10,1.561,0,60,0,25,273,0
2021-10-14 11,1.596,0,55,0,26,241,1
2021-10-14 12,1.832,0,55,0,27,254,2
2021-10-14 13,1.55,0,55,0,26,262,2
2021-10-14 14,1.906,0,55,0,27,237,2
2021-10-14 15,1.61,0,60,0,27,246,1
2021-10-14 16,2.006,0,60,0,26,276,2
2021-10-14 17,1.551,0,70,0,24,253,1
2021-10-14 18,1.682,0,70,0,23,336,1
2021-10-14 19,1.947,0,75,0,21,311,2
2021-10-14 20,1.454,0,75,0,21,307,3
2021-10-14 21,0.921,0,75,0,21,315,3
2021-10-14 22,1.016,0,75,0,20,354,2
2021-10-14 23,0.907,0,80,0,18,313,2
2021-10-15 00,0.95,0,80,0,19,301,2
2021-10-15 01,0.952,0,80,0,18,308,1
2021-10-15 02,1.65,0,75,0,18,340,2
2021-10-15 03,1.941,0,80,0,18,335,2
2021-10-15 04,1.879,0,75,0,18,330,2
2021-10-15 05,1.814,0,80,0,17,311,2
2021-10-15 06,1.661,0,80,0,17,319,1
2021-10-15 07,1.321,0,70,0,19,306,1
2021-10-15 08,0.731,0,60,0,22,330,1
2021-10-15 09,1.053,0,55,0,23,25,1
2021-10-15 10,0.676,0,50,0,24,339,1
2021-10-15 11,1.406,0,45,0,26,156,1
2021-10-15 12,1.28,0,45,0,25,156,1
2021-10-15 13,1.496,0,45,0,26,124,1
2021-10-15 14,1.39,0,45,0,26,307,1
2021-10-15 15,1.245,0,45,0,26,293,1
2021-10-15 16,1.398,0,50,0,24,162,1
2021-10-15 17,1.291,0,65,0,23,222,1
2021-10-15 18,1.215,0,65,0,23,281,1
2021-10-15 19,0.857,0,65,0,23,342,1
2021-10-15 20,2.246,0,70,0,22,339,2
2021-10-15 21,1.988,5,80,0.1,21,331,3
2021-10-15 22,1.494,5,90,0.1,19,337,3
2021-10-15 23,1.8,0,85,0,19,335,3
2021-10-16 00,1.687,5,90,0.2,19,339,3
2021-10-16 01,1.636,1,90,1.5,18,322,2
2021-10-16 02,1.819,1,90,0.5,17,319,2
2021-10-16 03,1.507,1,95,0.5,17,330,2
2021-10-16 04,1.503,1,95,0.6,17,323,2
2021-10-16 05,1.286,1,90,0.3,17,330,2
2021-10-16 06,0.875,1,80,0.3,16,339,4
2021-10-16 07,0.908,1,75,0.8,16,337,4
2021-10-16 08,0.911,1,80,1.5,15,341,3
2021-10-16 09,1.232,1,75,1.2,15,343,2
2021-10-16 10,1.256,1,60,0.4,16,304,2
2021-10-16 11,1.491,1,55,0.4,17,318,2
2021-10-16 12,1.881,0,50,0,18,327,2
2021-10-16 13,1.782,0,45,0,18,325,4
2021-10-16 14,1.441,0,45,0,17,325,4
2021-10-16 15,1.757,0,50,0,17,335,5
2021-10-16 16,1.664,0,50,0,16,326,4
2021-10-16 17,1.463,0,50,0,15,330,4
2021-10-16 18,1.801,0,50,0,14,334,5
2021-10-16 19,1.795,0,50,0,13,334,5
2021-10-16 20,1.512,0,45,0,12,326,6
2021-10-16 21,0.981,0,45,0,11,328,6
2021-10-16 22,1.361,0,45,0,10,335,4
2021-10-16 23,1.755,0,50,0,9,331,6
2021-10-17 00,1.613,0,45,0,9,338,5
2021-10-17 01,1.728,0,45,0,8,339,5
2021-10-17 02,1.409,0,40,0,7,339,4
2021-10-17 03,1.361,0,40,0,7,342,3
2021-10-17 04,1.388,0,40,0,6,330,3
2021-10-17 05,1.328,0,35,0,6,331,4
2021-10-17 06,1.345,0,35,0,5,329,3
2021-10-17 07,1.162,0,35,0,6,341,5
2021-10-17 08,0.844,0,30,0,8,339,3
2021-10-17 09,1.09,0,30,0,10,352,2
2021-10-17 10,0.845,0,25,0,11,357,2
2021-10-17 11,1.056,0,25,0,12,16,2
2021-10-17 12,1.57,0,25,0,14,20,2
2021-10-17 13,1.647,0,25,0,15,342,2
2021-10-17 14,1.643,0,25,0,16,339,3
2021-10-17 15,1.645,0,25,0,16,334,4
2021-10-17 16,1.508,0,30,0,14,331,4
2021-10-17 17,1.262,0,35,0,12,326,3
2021-10-17 18,1.103,0,40,0,10,329,3
2021-10-17 19,1.125,0,35,0,10,331,3
2021-10-17 20,0.821,0,40,0,9,328,2
2021-10-17 21,1.088,0,45,0,8,322,2
2021-10-17 22,0.898,0,45,0,8,328,2
2021-10-17 23,0.773,0,50,0,7,316,2
2021-10-18 00,0.93,0,50,0,6,296,1
2021-10-18 01,1.954,0,60,0,5,309,2
2021-10-18 02,1.451,0,60,0,5,317,2
2021-10-18 03,1.436,0,65,0,4,320,2
2021-10-18 04,1.414,0,75,0,4,306,2
2021-10-18 05,1.411,0,70,0,4,305,2
2021-10-18 06,1.463,0,70,0,4,307,2
2021-10-18 07,1.371,0,60,0,7,286,1
2021-10-18 08,1.03,0,45,0,10,309,1
2021-10-18 09,0.873,0,35,0,12,310,0
2021-10-18 10,0.926,0,30,0,14,257,1
2021-10-18 11,0.897,0,30,0,16,230,0
2021-10-18 12,1.327,0,25,0,18,89,0
2021-10-18 13,0.751,0,20,0,18,297,1
2021-10-18 14,0.744,0,20,0,18,31,0
2021-10-18 15,0.754,0,20,0,19,271,1
2021-10-18 16,0.698,0,35,0,17,212,2
2021-10-18 17,0.513,0,45,0,14,189,1
2021-10-18 18,1.649,0,55,0,13,178,0
2021-10-18 19,1.425,0,60,0,12,303,1
2021-10-18 20,0.818,0,65,0,11,316,1
2021-10-18 21,1.116,0,65,0,11,321,2
2021-10-18 22,1.595,0,70,0,10,302,1
2021-10-18 23,1.296,0,65,0,10,323,2
2021-10-19 00,1.244,0,70,0,9,316,1
2021-10-19 01,1.011,0,70,0,10,314,1
2021-10-19 02,1.012,0,75,0,9,320,1
2021-10-19 03,1.237,0,75,0,9,211,0
2021-10-19 04,0.927,0,75,0,9,268,0
2021-10-19 05,0.938,0,75,0,9,318,1
2021-10-19 06,0.899,0,75,0,9,340,1
2021-10-19 07,0.937,0,60,0,12,326,2
2021-10-19 08,1.262,0,50,0,16,332,2
2021-10-19 09,1.371,0,50,0,16,326,3
2021-10-19 10,1.223,0,40,0,18,331,3
2021-10-19 11,1.127,0,35,0,19,337,5
2021-10-19 12,1.371,0,30,0,20,339,4
2021-10-19 13,1.646,0,35,0,19,341,4
2021-10-19 14,1.756,0,45,0,18,340,4
2021-10-19 15,1.48,0,45,0,18,327,3
2021-10-19 16,1.607,0,45,0,17,335,2
2021-10-19 17,1.445,0,55,0,15,285,1
2021-10-19 18,1.502,0,55,0,14,313,2
2021-10-19 19,1.737,0,55,0,13,311,2
2021-10-19 20,1.282,0,55,0,13,331,2
2021-10-19 21,1.294,0,60,0,12,327,2
2021-10-19 22,1.305,0,55,0,11,310,3
2021-10-19 23,1.647,0,60,0,11,317,3
2021-10-20 00,1.458,0,55,0,11,337,2
2021-10-20 01,1.748,0,60,0,10,322,2
2021-10-20 02,1.358,0,65,0,9,333,2
2021-10-20 03,1.27,0,65,0,8,331,2
2021-10-20 04,1.278,0,65,0,8,332,3
2021-10-20 05,1.532,0,70,0,8,327,2
2021-10-20 06,1.256,0,70,0,8,343,1
2021-10-20 07,1.35,0,65,0,9,333,2
2021-10-20 08,1.39,0,55,0,11,340,2
2021-10-20 09,1.644,0,50,0,13,346,1
2021-10-20 10,1.793,0,45,0,15,304,1
2021-10-20 11,1.594,0,40,0,15,18,1
2021-10-20 12,1.358,0,35,0,16,341,1
2021-10-20 13,1.766,0,35,0,16,297,1
2021-10-20 14,1.664,0,30,0,17,278,1
2021-10-20 15,1.871,0,35,0,16,296,2
2021-10-20 16,1.631,0,40,0,15,296,1
2021-10-20 17,1.501,0,55,0,13,310,1
2021-10-20 18,1.266,0,55,0,13,323,2
2021-10-20 19,1.374,0,60,0,12,318,2
2021-10-20 20,1.021,0,55,0,12,326,3
2021-10-20 21,1.495,0,60,0,11,330,2
2021-10-20 22,1.667,0,60,0,11,321,2
2021-10-20 23,2.05,0,65,0,10,338,2
2021-10-21 00,1.531,0,70,0,10,330,2
2021-10-21 01,1.568,0,70,0,9,322,2
2021-10-21 02,1.865,0,70,0,9,331,2
2021-10-21 03,1.474,0,70,0,9,325,3
2021-10-21 04,1.429,0,75,0,9,343,2
2021-10-21 05,1.774,0,75,0,9,319,2
2021-10-21 06,1.376,0,75,0,9,347,2
2021-10-21 07,1.272,0,70,0,10,348,1
2021-10-21 08,1.388,0,60,0,12,346,2
2021-10-21 09,0.97,0,50,0,15,336,2
2021-10-21 10,1.228,0,45,0,16,348,2
2021-10-21 11,1.259,0,45,0,17,344,2
2021-10-21 12,1.519,0,45,0,18,31,1
2021-10-21 13,1.727,0,40,0,19,1,1
2021-10-21 14,1.503,0,35,0,19,326,2
2021-10-21 15,1.406,0,35,0,19,342,1
2021-10-21 16,1.891,0,40,0,17,312,2
2021-10-21 17,1.389,0,50,0,15,331,2
2021-10-21 18,1.201,0,50,0,14,322,3
2021-10-21 19,1.274,0,55,0,13,329,3
2021-10-21 20,0.866,0,55,0,13,332,3
2021-10-21 21,2.216,0,55,0,12,337,3
2021-10-21 22,1.594,0,55,0,12,331,3
2021-10-21 23,1.403,0,55,0,12,334,3
2021-10-22 00,1.717,0,55,0,11,331,3
2021-10-22 01,1.403,0,50,0,12,324,4
2021-10-22 02,1.45,0,55,0,10,316,3
2021-10-22 03,1.482,0,55,0,11,324,3
2021-10-22 04,1.462,0,60,0,10,330,3
2021-10-22 05,1.407,0,65,0,10,314,3
2021-10-22 06,1.3,0,60,0,9,336,1
2021-10-22 07,1.382,0,50,0,12,330,1
2021-10-22 08,1.739,0,40,0,14,327,4
2021-10-22 09,1.329,0,35,0,16,335,5
2021-10-22 10,1.874,0,30,0,17,330,5
2021-10-22 11,1.453,0,25,0,17,332,5
2021-10-22 12,1.679,0,25,0,18,334,5
2021-10-22 13,1.473,0,25,0,18,349,6
2021-10-22 14,0.774,0,25,0,18,341,5
2021-10-22 15,0.76,0,30,0,18,336,5
2021-10-22 16,0.948,0,30,0,17,334,3
2021-10-22 17,3.348,0,35,0,15,331,3
2021-10-22 18,1.962,0,40,0,14,327,2
2021-10-22 19,1.32,0,45,0,13,338,3
2021-10-22 20,1.295,0,50,0,12,341,2
2021-10-22 21,1.466,0,55,0,12,340,2
2021-10-22 22,2.013,0,55,0,11,343,2
2021-10-22 23,1.982,0,55,0,11,317,2
2021-10-23 00,2.115,0,65,0,10,314,2
2021-10-23 01,1.645,0,70,0,9,314,2
2021-10-23 02,1.526,0,75,0,8,335,2
2021-10-23 03,1.942,0,75,0,8,308,1
2021-10-23 04,1.539,0,80,0,7,309,1
2021-10-23 05,1.555,0,75,0,8,326,1
2021-10-23 06,1.07,0,80,0,7,328,1
2021-10-23 07,0.938,0,70,0,10,338,1
2021-10-23 08,0.909,0,55,0,14,336,1
2021-10-23 09,0.867,0,45,0,17,307,1
2021-10-23 10,0.878,0,35,0,19,93,1
2021-10-23 11,2.126,0,30,0,19,92,2
2021-10-23 12,1.117,0,30,0,20,81,2
2021-10-23 13,1.259,0,30,0,20,82,1
2021-10-23 14,1.241,0,30,0,20,165,1
2021-10-23 15,1.175,0,30,0,20,148,1
2021-10-23 16,0.898,0,35,0,19,133,1
2021-10-23 17,0.999,0,50,0,15,287,1
2021-10-23 18,1.049,0,55,0,14,312,0
2021-10-23 19,0.908,0,60,0,13,320,1
2021-10-23 20,1.941,0,65,0,12,314,2
2021-10-23 21,1.776,0,70,0,11,314,1
2021-10-23 22,1.435,0,70,0,10,307,2
2021-10-23 23,1.919,0,70,0,10,316,2
2021-10-24 00,2.229,0,70,0,9,315,2
2021-10-24 01,2.135,0,75,0,8,321,2
2021-10-24 02,1.603,0,75,0,9,317,2
2021-10-24 03,1.542,0,80,0,9,327,1
2021-10-24 04,1.514,0,80,0,8,313,1
2021-10-24 05,1.506,0,80,0,9,310,1
2021-10-24 06,1.701,0,80,0,8,319,2
2021-10-24 07,1.427,0,75,0,9,319,1
2021-10-24 08,1.418,0,70,0,11,309,1
2021-10-24 09,1.408,0,55,0,15,332,1
2021-10-24 10,1.544,0,45,0,17,276,0
2021-10-24 11,1.446,0,45,0,19,225,1
2021-10-24 12,1.739,0,40,0,19,241,1
2021-10-24 13,2.137,0,40,0,21,134,0
2021-10-24 14,1.631,0,40,0,21,184,1
2021-10-24 15,1.946,0,40,0,20,214,2
2021-10-24 16,1.754,0,45,0,19,227,1
2021-10-24 17,1.774,0,55,0,16,220,1
2021-10-24 18,1.618,0,70,0,15,310,1
2021-10-24 19,1.73,0,70,0,14,307,2
2021-10-24 20,1.805,0,75,0,13,291,1
2021-10-24 21,1.831,0,80,0,12,322,1
2021-10-24 22,1.849,0,80,0,12,321,2
2021-10-24 23,1.542,0,75,0,12,331,2
2021-10-25 00,2.1,0,75,0,11,298,2
2021-10-25 01,2.474,0,75,0,11,328,1
2021-10-25 02,2.203,0,75,0,10,336,1
2021-10-25 03,2.237,0,80,0,9,323,1
2021-10-25 04,2.361,0,80,0,9,316,1
2021-10-25 05,1.988,0,85,0,8,313,1
2021-10-25 06,1.768,0,80,0,9,324,1
2021-10-25 07,1.478,0,75,0,11,326,1
2021-10-25 08,1.349,0,60,0,14,337,2
2021-10-25 09,1.414,0,45,0,17,343,2
2021-10-25 10,1.509,0,40,0,19,35,2
2021-10-25 11,1.43,0,35,0,21,331,1
2021-10-25 12,1.892,0,35,0,21,344,1
2021-10-25 13,1.755,0,30,0,21,327,3
2021-10-25 14,1.842,0,20,0,22,346,3
2021-10-25 15,2.309,0,25,0,21,347,1
2021-10-25 16,1.894,0,30,0,20,321,1
2021-10-25 17,1.845,0,45,0,16,304,1
2021-10-25 18,1.18,0,55,0,14,317,2
2021-10-25 19,1.246,0,60,0,14,300,2
2021-10-25 20,1.253,0,60,0,14,330,1
2021-10-25 21,1.137,0,65,0,13,333,3
2021-10-25 22,1.315,0,65,0,12,310,2
2021-10-25 23,1.769,0,70,0,11,324,2
2021-10-26 00,2.089,0,70,0,11,335,2
2021-10-26 01,2.216,0,75,0,10,309,2
2021-10-26 02,1.681,0,75,0,10,317,2
2021-10-26 03,1.861,0,80,0,9,323,1
2021-10-26 04,1.777,0,80,0,8,326,1
2021-10-26 05,1.705,0,85,0,7,317,1
2021-10-26 06,1.817,0,85,0,7,318,1
2021-10-26 07,1.368,0,75,0,10,313,1
2021-10-26 08,1.483,0,60,0,13,339,1
2021-10-26 09,1.639,0,45,0,16,352,2
2021-10-26 10,1.111,0,40,0,17,357,1
2021-10-26 11,0.86,0,35,0,18,323,2
2021-10-26 12,0.941,0,35,0,20,338,1
2021-10-26 13,0.973,0,25,0,21,85,1
2021-10-26 14,1.668,0,30,0,22,190,0
2021-10-26 15,1.458,0,25,0,21,176,0
2021-10-26 16,1.495,0,40,0,19,216,1
2021-10-26 17,1.143,0,55,0,16,319,1
2021-10-26 18,1.361,0,60,0,14,318,1
2021-10-26 19,1.332,0,65,0,13,256,1
2021-10-26 20,1.367,0,70,0,12,309,1
2021-10-26 21,1.755,0,70,0,12,333,1
2021-10-26 22,1.795,0,75,0,11,241,1
2021-10-26 23,1.523,0,75,0,11,296,1
2021-10-27 00,1.582,0,75,0,12,318,1
2021-10-27 01,1.697,0,80,0,13,322,1
2021-10-27 02,1.761,0,75,0,12,336,2
2021-10-27 03,1.808,0,80,0,12,338,2
2021-10-27 04,1.83,0,80,0,12,316,2
2021-10-27 05,1.937,0,80,0,12,327,2
2021-10-27 06,1.893,0,80,0,12,325,1
2021-10-27 07,1.59,0,75,0,14,346,1
2021-10-27 08,1.588,0,65,0,17,334,2
2021-10-27 09,1.604,0,55,0,20,323,3
2021-10-27 10,1.839,0,50,0,20,331,4
2021-10-27 11,1.732,0,50,0,21,343,4
2021-10-27 12,0.845,0,45,0,22,333,2
2021-10-27 13,0.984,0,35,0,22,344,3
2021-10-27 14,0.869,0,40,0,22,342,4
2021-10-27 15,0.877,0,35,0,21,343,5
2021-10-27 16,0.856,0,35,0,20,326,3
2021-10-27 17,0.957,0,45,0,17,308,2
2021-10-27 18,0.874,0,45,0,16,323,2
2021-10-27 19,0.94,0,50,0,16,335,3
2021-10-27 20,0.773,0,55,0,15,333,3
2021-10-27 21,1.351,0,55,0,15,336,5
2021-10-27 22,1.835,0,55,0,14,334,4
2021-10-27 23,1.564,0,55,0,13,332,4
2021-10-28 00,1.888,0,60,0,12,333,3
2021-10-28 01,1.706,0,60,0,12,332,2
2021-10-28 02,1.237,0,65,0,11,328,2
2021-10-28 03,1.344,0,65,0,11,338,2
2021-10-28 04,1.333,0,70,0,9,304,2
2021-10-28 05,1.314,0,70,0,9,342,2
2021-10-28 06,1.23,0,70,0,9,342,1
2021-10-28 07,1.292,0,60,0,11,331,2
2021-10-28 08,1.507,0,50,0,14,337,0
2021-10-28 09,1.528,0,40,0,17,20,1
2021-10-28 10,1.433,0,35,0,18,49,1
2021-10-28 11,1.629,0,30,0,20,22,0
2021-10-28 12,1.353,0,25,0,22,160,1
2021-10-28 13,1.185,0,25,0,22,169,1
2021-10-28 14,1.058,0,25,0,22,158,2
2021-10-28 15,0.998,0,30,0,22,131,1
2021-10-28 16,0.964,0,35,0,20,117,1
2021-10-28 17,0.904,0,45,0,16,292,1
2021-10-28 18,0.902,0,60,0,14,322,1
2021-10-28 19,1.095,0,65,0,13,325,1
2021-10-28 20,1.708,0,65,0,12,320,1
2021-10-28 21,1.881,0,70,0,11,309,1
2021-10-28 22,0.976,0,65,0,12,325,1
2021-10-28 23,0.99,0,70,0,12,324,1
2021-10-29 00,0.934,0,70,0,13,33,1
2021-10-29 01,1.325,0,70,0,12,27,1
2021-10-29 02,1.113,0,70,0,12,50,1
2021-10-29 03,1.052,0,70,0,12,37,1
2021-10-29 04,0.923,0,75,0,11,15,1
2021-10-29 05,0.883,0,75,0,11,28,1
2021-10-29 06,0.86,0,75,0,11,50,1
2021-10-29 07,1.054,0,70,0,13,49,1
2021-10-29 08,1.43,0,55,0,17,50,2
2021-10-29 09,1.477,0,40,0,19,77,3
2021-10-29 10,1.169,0,40,0,18,85,3
2021-10-29 11,1.032,0,35,0,20,100,3
2021-10-29 12,1.32,0,35,0,20,114,3
2021-10-29 13,0.986,0,35,0,20,115,3
2021-10-29 14,0.898,0,35,0,21,104,3
2021-10-29 15,2.806,0,40,0,20,109,2
2021-10-29 16,1.512,0,40,0,20,100,2
2021-10-29 17,1.441,0,50,0,17,85,1
2021-10-29 18,1.127,0,60,0,15,359,1
2021-10-29 19,1.782,0,60,0,15,32,1
2021-10-29 20,2.057,0,65,0,14,22,1
2021-10-29 21,1.494,0,65,0,13,37,1
2021-10-29 22,1.555,0,65,0,13,13,1
2021-10-29 23,1.439,0,70,0,12,312,1
2021-10-30 00,1.543,0,75,0,11,309,1
2021-10-30 01,1.45,0,75,0,11,4,0
2021-10-30 02,1.347,0,80,0,10,303,2
2021-10-30 03,1.474,0,80,0,10,317,1
2021-10-30 04,1.451,0,80,0,10,311,1
2021-10-30 05,1.446,0,75,0,11,300,0
2021-10-30 06,0.863,0,80,0,11,328,1
2021-10-30 07,0.841,0,80,0,12,316,1
2021-10-30 08,0.922,0,75,0,13,333,1
2021-10-30 09,0.911,0,60,0,15,339,1
2021-10-30 10,0.926,0,55,0,17,300,1
2021-10-30 11,0.855,0,55,0,18,328,0
2021-10-30 12,0.839,0,45,0,20,228,1
2021-10-30 13,0.89,0,45,0,20,52,1
2021-10-30 14,0.922,0,45,0,19,88,1
2021-10-30 15,0.902,0,45,0,19,88,1
2021-10-30 16,0.97,0,55,0,18,18,1
2021-10-30 17,1.431,0,60,0,17,335,1
2021-10-30 18,1.728,0,70,0,15,295,2
2021-10-30 19,1.388,0,75,0,14,302,1
2021-10-30 20,1.333,0,80,0,13,309,1
2021-10-30 21,1.587,0,80,0,12,317,2
2021-10-30 22,1.792,0,85,0,11,318,2
2021-10-30 23,0.71,0,85,0,11,315,1
2021-10-31 00,1.049,0,90,0,10,317,2
2021-10-31 01,1.413,0,90,0,10,304,2
2021-10-31 02,1.646,0,90,0,10,300,2
2021-10-31 03,1.722,0,90,0,9,304,1
2021-10-31 04,1.669,0,90,0,9,324,1
2021-10-31 05,1.739,0,90,0,9,318,1
2021-10-31 06,1.661,0,90,0,9,322,1
2021-10-31 07,1.199,0,90,0,11,328,1
2021-10-31 08,1.244,0,75,0,14,337,1
2021-10-31 09,1.341,0,60,0,17,4,0
2021-10-31 10,1.345,0,45,0,19,165,0
2021-10-31 11,1.253,0,45,0,21,247,0
2021-10-31 12,1.243,0,40,0,21,128,0
2021-10-31 13,1.308,0,40,0,22,157,2
2021-10-31 14,1.377,0,40,0,22,151,2
2021-10-31 15,2.375,0,45,0,22,197,1
2021-10-31 16,2.074,0,50,0,20,208,2
2021-10-31 17,1.281,0,60,0,17,247,1
2021-10-31 18,1.357,0,65,0,16,318,1
2021-10-31 19,0.944,0,70,0,14,333,0
2021-10-31 20,1.131,0,75,0,14,322,1
2021-10-31 21,0.781,0,80,0,12,332,1
2021-10-31 22,0.789,0,80,0,12,317,1
2021-10-31 23,0.741,0,80,0,12,356,0
2021-11-01 00,0.855,0,85,0,12,277,1
2021-11-01 01,1.169,0,80,0,12,324,1
2021-11-01 02,1.01,0,75,0,14,1,1
2021-11-01 03,1.029,0,80,0,13,325,1
2021-11-01 04,1.013,0,80,0,13,303,1
2021-11-01 05,0.988,0,85,0,12,307,1
2021-11-01 06,0.979,0,85,0,12,324,1
2021-11-01 07,1,0,85,0,13,329,1
2021-11-01 08,1.123,0,65,0,17,335,2
2021-11-01 09,1.123,0,60,0,18,348,3
2021-11-01 10,1.143,0,50,0,20,325,3
2021-11-01 11,1.173,0,45,0,21,335,2
2021-11-01 12,1.214,0,35,0,22,292,3
2021-11-01 13,1.638,0,35,0,22,329,3
2021-11-01 14,1.278,0,35,0,22,326,3
2021-11-01 15,1.484,0,40,0,21,323,4
2021-11-01 16,1.756,0,40,0,20,324,3
2021-11-01 17,1.091,0,50,0,17,300,2
2021-11-01 18,1.048,0,60,0,16,301,2
2021-11-01 19,1.348,0,60,0,16,325,2
2021-11-01 20,1.555,0,65,0,15,339,2
2021-11-01 21,1.338,0,70,0,14,315,2
2021-11-01 22,0.975,0,70,0,13,332,2
2021-11-01 23,0.819,0,65,0,13,316,2
2021-11-02 00,1.767,0,65,0,13,326,3
2021-11-02 01,1.74,0,65,0,12,336,2
2021-11-02 02,1.615,0,70,0,12,327,2
2021-11-02 03,1.704,0,75,0,11,341,3
2021-11-02 04,1.668,0,75,0,10,337,2
2021-11-02 05,1.696,0,75,0,10,329,2
2021-11-02 06,1.29,0,75,0,10,327,2
2021-11-02 07,1.052,0,70,0,12,333,2
2021-11-02 08,1.058,0,60,0,14,345,3
2021-11-02 09,1.414,0,50,0,16,343,3
2021-11-02 10,1.411,0,40,0,17,346,3
2021-11-02 11,1.147,0,40,0,18,335,3
2021-11-02 12,0.693,0,40,0,19,317,4
2021-11-02 13,1.291,0,35,0,19,323,3
2021-11-02 14,1.205,0,40,0,19,309,3
2021-11-02 15,1.599,0,40,0,18,339,4
2021-11-02 16,1.494,0,45,0,17,323,3
2021-11-02 17,1.558,0,50,0,15,318,2
2021-11-02 18,0.839,0,50,0,15,333,3
2021-11-02 19,1.028,0,55,0,14,337,3
2021-11-02 20,0.777,0,60,0,13,332,3
2021-11-02 21,1.442,0,65,0,12,333,3
2021-11-02 22,1.991,0,70,0,12,338,3
2021-11-02 23,1.521,0,70,0,11,329,2
2021-11-03 00,1.187,0,75,0,10,330,2
2021-11-03 01,1.607,0,75,0,10,328,2
2021-11-03 02,1.765,0,75,0,10,332,3
2021-11-03 03,1.815,0,80,0,9,330,2
2021-11-03 04,1.796,0,80,0,9,323,2
2021-11-03 05,1.79,0,75,0,9,309,2
2021-11-03 06,1.276,0,75,0,9,309,1
2021-11-03 07,0.946,0,70,0,10,326,2
2021-11-03 08,2.064,0,60,0,13,352,2
2021-11-03 09,2.264,0,50,0,15,349,3
2021-11-03 10,2.282,0,40,0,17,337,3
2021-11-03 11,2.154,0,35,0,18,335,4
2021-11-03 12,2.173,0,35,0,19,346,4
2021-11-03 13,2.149,0,30,0,19,330,4
2021-11-03 14,2.156,0,35,0,19,348,3
2021-11-03 15,2.287,0,30,0,19,329,3
2021-11-03 16,1.359,0,40,0,17,322,1
2021-11-03 17,1.355,0,40,0,16,303,2
2021-11-03 18,2.433,0,50,0,15,316,3
2021-11-03 19,1.547,0,55,0,14,321,3
2021-11-03 20,1.298,0,55,0,13,320,2
2021-11-03 21,1.279,0,55,0,12,295,2
2021-11-03 22,1.787,0,60,0,12,330,2
2021-11-03 23,1.534,0,65,0,12,332,2
2021-11-04 00,1.648,0,65,0,11,328,2
2021-11-04 01,1.365,0,70,0,10,327,1
2021-11-04 02,1.194,0,75,0,10,323,0
2021-11-04 03,1.166,0,80,0,10,341,1
2021-11-04 04,1.228,0,80,0,10,346,1
2021-11-04 05,1.414,0,80,0,9,339,1
2021-11-04 06,1.671,0,85,0,8,279,1
2021-11-04 07,1.642,0,85,0,10,293,0
2021-11-04 08,2.642,0,70,0,13,176,1
2021-11-04 09,2.484,0,60,0,17,263,1
2021-11-04 10,2.494,0,50,0,19,345,1
2021-11-04 11,2.466,0,40,0,20,301,3
2021-11-04 12,2.492,0,35,0,21,300,1
2021-11-04 13,2.692,0,30,0,22,294,2
2021-11-04 14,2.841,0,25,0,22,307,2
2021-11-04 15,2.369,0,35,0,21,318,2
2021-11-04 16,2.426,0,40,0,19,290,1
2021-11-04 17,2.541,0,45,0,17,314,2
2021-11-04 18,2.038,0,55,0,14,350,1
2021-11-04 19,2.496,0,65,0,13,201,0
2021-11-04 20,3.299,0,65,0,12,297,0
2021-11-04 21,2.921,0,65,0,12,323,1
2021-11-04 22,1.803,0,70,0,11,319,1
2021-11-04 23,1.367,0,70,0,11,287,1
2021-11-05 00,1.384,0,70,0,11,314,1
2021-11-05 01,1.248,0,75,0,10,294,1
2021-11-05 02,1.388,0,80,0,10,311,1
2021-11-05 03,1.334,0,80,0,10,316,1
2021-11-05 04,1.347,0,85,0,9,307,1
2021-11-05 05,1.302,0,85,0,9,321,2
2021-11-05 06,1.274,0,85,0,9,317,1
2021-11-05 07,1.087,0,85,0,10,316,1
2021-11-05 08,2.091,0,65,0,14,317,1
2021-11-05 09,2.427,0,55,0,17,61,0
2021-11-05 10,2.516,0,45,0,19,158,1
2021-11-05 11,2.797,0,40,0,20,101,2
2021-11-05 12,2.2,0,40,0,20,88,1
2021-11-05 13,2.536,0,35,0,20,97,2
2021-11-05 14,2.45,0,40,0,19,97,2
2021-11-05 15,2.542,0,40,0,19,97,1
2021-11-05 16,2.606,0,45,0,18,90,1
2021-11-05 17,2.312,0,55,0,16,354,1
2021-11-05 18,2.596,0,60,0,14,1,1
2021-11-05 19,2.665,0,60,0,14,318,1
2021-11-05 20,2.657,0,65,0,13,312,0
2021-11-05 21,1.869,0,65,0,13,28,0
2021-11-05 22,1.463,0,65,0,13,39,1
2021-11-05 23,1.079,0,70,0,13,238,0
2021-11-06 00,1.529,0,70,0,13,337,0
2021-11-06 01,1.52,0,70,0,12,98,0
2021-11-06 02,1.45,0,70,0,12,161,0
2021-11-06 03,1.446,0,70,0,13,45,0
2021-11-06 04,1.458,0,65,0,13,85,0
2021-11-06 05,2.175,0,70,0,13,98,0
2021-11-06 06,1.955,0,70,0,13,83,1
2021-11-06 07,1.671,0,70,0,14,69,1
2021-11-06 08,2.089,0,60,0,17,85,1
2021-11-06 09,2.312,0,50,0,19,102,2
2021-11-06 10,2.326,0,45,0,20,112,3
2021-11-06 11,2.824,0,45,0,21,112,3
2021-11-06 12,2.56,0,45,0,21,103,3
2021-11-06 13,2.047,0,40,0,21,95,3
2021-11-06 14,2.322,0,40,0,21,112,3
2021-11-06 15,2.455,0,40,0,21,104,2
2021-11-06 16,2.105,0,45,0,20,106,2
2021-11-06 17,1.466,0,50,0,18,65,1
2021-11-06 18,1.996,0,60,0,17,102,1
2021-11-06 19,2.66,0,65,0,15,63,1
2021-11-06 20,2.49,0,65,0,15,47,1
2021-11-06 21,1.533,0,65,0,14,33,2
2021-11-06 22,1.262,0,65,0,14,29,1
2021-11-06 23,1.513,0,70,0,13,43,1
2021-11-07 00,1.21,0,70,0,13,18,1
2021-11-07 01,1.197,0,75,0,12,66,1
2021-11-07 02,1.36,0,65,0,13,37,1
2021-11-07 03,1.361,0,70,0,12,53,1
2021-11-07 04,1.393,0,75,0,12,51,1
2021-11-07 05,1.379,0,75,0,11,297,0
2021-11-07 06,1.33,0,75,0,12,20,1
2021-11-07 07,0.914,0,75,0,12,285,1
2021-11-07 08,1.139,0,60,0,17,225,0
2021-11-07 09,2.34,0,55,0,20,48,2
2021-11-07 10,2.456,0,55,0,20,102,4
2021-11-07 11,2.383,0,50,0,21,101,5
2021-11-07 12,1.797,0,45,0,22,101,4
2021-11-07 13,1.498,0,40,0,22,91,4
2021-11-07 14,2.378,0,45,0,21,98,3
2021-11-07 15,2.306,0,45,0,21,90,2
2021-11-07 16,3.016,0,50,0,20,93,2
2021-11-07 17,2.131,0,55,0,19,142,2
2021-11-07 18,0.984,0,55,0,18,133,2
2021-11-07 19,1.053,0,55,0,18,104,2
2021-11-07 20,1.013,0,55,0,18,99,2
2021-11-07 21,0.936,0,55,0,17,108,2
2021-11-07 22,0.922,0,60,0,16,78,1
2021-11-07 23,0.858,0,60,0,16,114,2
2021-11-08 00,1.526,0,65,0,16,147,1
2021-11-08 01,1.432,0,65,0,16,143,0
2021-11-08 02,1.263,0,70,0,16,235,1
2021-11-08 03,0.938,0,75,0,16,236,0
2021-11-08 04,0.901,0,70,0,16,221,1
2021-11-08 05,0.936,0,75,0,16,305,1
2021-11-08 06,0.869,1,80,0.8,16,89,0
2021-11-08 07,0.925,1,95,12.6,16,259,2
2021-11-08 08,1.377,1,95,15.4,15,318,4
2021-11-08 09,1.696,1,85,3.9,13,332,5
2021-11-08 10,1.742,1,90,2.6,12,309,4
2021-11-08 11,1.702,1,85,1.9,12,299,4
2021-11-08 12,1.254,1,75,0.5,11,313,4
2021-11-08 13,1.517,0,70,0,12,315,6
2021-11-08 14,1.47,0,60,0,12,317,5
2021-11-08 15,1.153,0,60,0,12,317,4
2021-11-08 16,0.794,0,55,0,11,330,5
2021-11-08 17,1.418,0,60,0,10,324,3
2021-11-08 18,2.199,0,60,0,10,311,3
2021-11-08 19,1.769,0,65,0,10,324,3
2021-11-08 20,1.286,0,65,0,9,323,3
2021-11-08 21,1.518,0,60,0,9,311,2
2021-11-08 22,1.593,0,65,0,9,322,3
2021-11-08 23,1.202,0,65,0,8,336,2
2021-11-09 00,1.08,0,65,0,8,299,2
2021-11-09 01,1.069,0,65,0,8,269,2
2021-11-09 02,1.035,0,65,0,8,267,2
2021-11-09 03,0.958,0,70,0,8,276,2
2021-11-09 04,0.912,0,75,0,7,288,2
2021-11-09 05,0.912,0,70,0,7,281,2
2021-11-09 06,0.942,0,75,0,6,274,2
2021-11-09 07,0.937,0,75,0,8,246,2
2021-11-09 08,1.212,0,60,0,10,249,2
2021-11-09 09,3.002,0,55,0,11,281,3
2021-11-09 10,3.163,0,50,0,13,281,3
2021-11-09 11,2.534,0,55,0,12,284,4
2021-11-09 12,2.454,0,55,0,12,311,6
2021-11-09 13,2.822,0,50,0,12,294,4
2021-11-09 14,2.756,5,50,0.1,11,307,5
2021-11-09 15,2.635,0,50,0,12,290,4
2021-11-09 16,2.812,0,55,0,10,299,2
2021-11-09 17,2.772,0,55,0,9,281,3
2021-11-09 18,1.977,0,55,0,10,283,3
2021-11-09 19,1.252,0,60,0,9,274,2
2021-11-09 20,0.901,0,60,0,9,265,3
2021-11-09 21,0.968,0,60,0,9,276,3
2021-11-09 22,0.985,0,60,0,9,272,3
2021-11-09 23,1.153,0,65,0,8,274,3
2021-11-10 00,1.552,0,70,0,8,250,3
2021-11-10 01,1.103,0,70,0,8,243,2
2021-11-10 02,0.909,0,65,0,8,260,3
2021-11-10 03,0.915,0,65,0,8,273,3
2021-11-10 04,0.921,0,60,0,8,266,3
2021-11-10 05,0.915,0,65,0,8,311,2
2021-11-10 06,0.901,0,75,0,7,318,2
2021-11-10 07,0.881,0,70,0,8,279,1
2021-11-10 08,1.222,0,70,0,9,319,2
2021-11-10 09,2.564,0,65,0,10,327,3
2021-11-10 10,2.678,0,65,0,11,284,1
2021-11-10 11,3.141,5,70,0.1,10,296,3
2021-11-10 12,1.882,0,60,0,12,302,3
2021-11-10 13,2.476,0,60,0,11,300,3
2021-11-10 14,2.478,5,70,0.1,11,286,3
2021-11-10 15,2.451,5,70,0.2,11,309,3
2021-11-10 16,2.733,5,75,0.2,10,309,3
2021-11-10 17,2.798,5,75,0.1,9,306,2
2021-11-10 18,2.804,0,75,0,9,308,2
2021-11-10 19,2.842,0,75,0,9,312,2
2021-11-10 20,3.045,0,75,0,9,315,2
2021-11-10 21,2.613,5,80,0.1,8,272,2
2021-11-10 22,1.165,5,80,0.1,8,256,2
2021-11-10 23,1.098,5,80,0.2,9,260,2
2021-11-11 00,1.433,5,85,0.2,9,267,2
2021-11-11 01,1.484,5,80,0.2,9,282,2
2021-11-11 02,1.392,0,80,0,9,269,2
2021-11-11 03,1.414,0,80,0,9,246,2
2021-11-11 04,1.404,0,80,0,9,246,2
2021-11-11 05,1.396,0,80,0,8,256,2
2021-11-11 06,1.356,0,80,0,8,264,1
2021-11-11 07,1.352,0,80,0,8,289,1
2021-11-11 08,2.481,0,60,0,10,303,2
2021-11-11 09,3.089,0,55,0,12,310,2
2021-11-11 10,3.115,0,50,0,13,326,3
2021-11-11 11,3.178,0,55,0,12,297,3
2021-11-11 12,2.402,0,50,0,13,295,4
2021-11-11 13,2.707,0,55,0,13,289,2
2021-11-11 14,2.659,5,65,0.1,12,327,4
2021-11-11 15,2.701,5,65,0.1,11,322,3
2021-11-11 16,2.595,0,65,0,11,327,2
2021-11-11 17,2.536,0,70,0,9,318,1
2021-11-11 18,2.534,0,70,0,8,301,2
2021-11-11 19,2.065,0,70,0,9,306,2
2021-11-11 20,1.136,0,70,0,8,301,2
2021-11-11 21,1.569,0,70,0,8,325,3
2021-11-11 22,1.554,0,70,0,8,317,2
2021-11-11 23,1.418,0,75,0,7,298,2
2021-11-12 00,1.41,0,70,0,7,302,2
2021-11-12 01,1.549,0,70,0,7,286,3
2021-11-12 02,1.326,0,75,0,6,283,2
2021-11-12 03,1.33,0,80,0,5,224,1
2021-11-12 04,1.314,0,80,0,5,271,1
2021-11-12 05,1.302,0,75,0,5,269,1
2021-11-12 06,1.293,0,75,0,5,215,1
2021-11-12 07,1.029,0,70,0,6,293,1
2021-11-12 08,1.828,0,60,0,9,341,2
2021-11-12 09,2.538,0,55,0,10,327,1
2021-11-12 10,2.409,0,45,0,11,326,3
2021-11-12 11,2.351,5,45,0.1,12,332,3
2021-11-12 12,2.357,0,50,0,11,320,3
2021-11-12 13,1.671,1,50,1.2,11,305,2
2021-11-12 14,2.113,0,60,0,10,289,2
2021-11-12 15,1.928,0,70,0,9,338,3
2021-11-12 16,1.624,0,70,0,9,328,1
2021-11-12 17,2.231,0,70,0,8,319,2
2021-11-12 18,2.402,0,75,0,7,286,1
2021-11-12 19,2.42,0,80,0,7,297,1
2021-11-12 20,2.371,0,80,0,6,318,1
2021-11-12 21,2.905,0,85,0,5,308,1
2021-11-12 22,2.409,0,85,0,5,314,1
2021-11-12 23,1.287,0,90,0,4,303,0
2021-11-13 00,1.439,0,90,0,4,47,0
2021-11-13 01,1.534,0,95,0,3,347,0
2021-11-13 02,1.486,0,95,0,3,135,0
2021-11-13 03,1.511,0,95,0,3,69,1
2021-11-13 04,1.512,0,95,0,3,270,0
2021-11-13 05,1.072,0,95,0,2,298,0
2021-11-13 06,0.91,0,95,0,4,122,0
2021-11-13 07,0.913,0,95,0,4,329,1
2021-11-13 08,1.673,0,80,0,7,269,0
2021-11-13 09,2.401,0,70,0,10,341,0
2021-11-13 10,2.34,0,55,0,14,232,2
2021-11-13 11,2.429,0,45,0,15,305,2
2021-11-13 12,2.421,0,40,0,16,313,3
2021-11-13 13,2.38,0,40,0,16,300,2
2021-11-13 14,2.391,0,45,0,15,296,2
2021-11-13 15,2.372,0,45,0,15,290,3
2021-11-13 16,2.599,0,50,0,14,288,2
2021-11-13 17,2.197,0,60,0,13,286,1
2021-11-13 18,2.445,0,65,0,12,285,1
2021-11-13 19,2.965,0,65,0,11,270,2
2021-11-13 20,2.65,0,75,0,9,274,1
2021-11-13 21,2.675,0,85,0,8,337,1
2021-11-13 22,2.667,0,90,0,7,336,1
2021-11-13 23,1.067,0,90,0,7,325,0
2021-11-14 00,1.351,0,90,0,6,334,0
2021-11-14 01,1.505,0,90,0,6,302,1
2021-11-14 02,1.289,0,90,0,5,312,1
2021-11-14 03,1.316,0,90,0,6,307,1
2021-11-14 04,1.301,0,95,0,5,318,1
2021-11-14 05,1.295,0,90,0,4,264,1
2021-11-14 06,1.26,0,95,0,4,219,0
2021-11-14 07,0.884,0,95,0,5,306,0
2021-11-14 08,0.9,0,85,0,8,307,0
2021-11-14 09,2.569,0,65,0,12,299,0
2021-11-14 10,2.603,0,55,0,15,100,1
2021-11-14 11,2.456,0,45,0,18,251,3
2021-11-14 12,2.449,0,40,0,18,290,2
2021-11-14 13,1.774,0,40,0,18,316,3
2021-11-14 14,2.266,0,45,0,18,302,2
2021-11-14 15,2.306,0,40,0,18,328,3
2021-11-14 16,1.621,0,45,0,16,312,2
2021-11-14 17,2.174,0,60,0,13,305,2
2021-11-14 18,0.899,0,65,0,13,296,2
2021-11-14 19,0.866,0,70,0,12,296,1
2021-11-14 20,0.814,0,80,0,10,327,1
2021-11-14 21,0.844,0,85,0,8,12,0
2021-11-14 22,0.793,0,90,0,8,335,0
2021-11-14 23,0.829,0,90,0,7,304,0
2021-11-15 00,1.428,0,90,0,7,302,1
2021-11-15 01,1.423,0,95,0,7,331,0
2021-11-15 02,1.406,0,95,0,6,226,0
2021-11-15 03,1.346,0,95,0,5,223,0
2021-11-15 04,1.075,0,95,0,5,204,0
2021-11-15 05,0.902,0,95,0,5,268,0
2021-11-15 06,0.884,0,95,0,5,86,0
2021-11-15 07,0.89,0,95,0,7,24,1
2021-11-15 08,1.258,0,90,0,9,306,1
2021-11-15 09,1.829,0,70,0,13,311,0
2021-11-15 10,1.847,0,50,0,16,11,2
2021-11-15 11,1.458,0,40,0,18,14,0
2021-11-15 12,1.343,0,40,0,18,222,1
2021-11-15 13,1.353,0,45,0,18,223,1
2021-11-15 14,1.337,0,45,0,18,177,1
2021-11-15 15,1.338,0,40,0,18,236,1
2021-11-15 16,1.541,0,45,0,16,231,1
2021-11-15 17,2.357,0,50,0,13,267,2
2021-11-15 18,2.172,0,65,0,12,295,1
2021-11-15 19,1.52,0,75,0,10,334,0
2021-11-15 20,1.083,0,75,0,9,302,1
2021-11-15 21,1.266,0,75,0,9,306,1
2021-11-15 22,1.45,0,70,0,10,323,2
2021-11-15 23,2.006,0,75,0,9,312,2
2021-11-16 00,1.169,0,70,0,10,324,2
2021-11-16 01,1.12,0,75,0,9,343,2
2021-11-16 02,1.075,0,70,0,10,328,2
2021-11-16 03,1.104,0,75,0,10,344,2
2021-11-16 04,1.355,0,75,0,10,341,1
2021-11-16 05,1.374,0,75,0,10,321,2
2021-11-16 06,1.355,0,80,0,9,295,1
2021-11-16 07,1.327,0,75,0,10,316,2
2021-11-16 08,2.304,0,70,0,11,333,1
2021-11-16 09,2.908,0,50,0,14,8,2
2021-11-16 10,2.503,0,40,0,16,334,2
2021-11-16 11,2.526,0,35,0,16,12,1
2021-11-16 12,2.019,0,35,0,17,40,1
2021-11-16 13,2.573,0,30,0,18,338,2
2021-11-16 14,2.442,0,30,0,18,299,2
2021-11-16 15,2.542,0,35,0,17,309,3
2021-11-16 16,2.55,0,40,0,16,320,2
2021-11-16 17,2.596,0,50,0,13,323,1
2021-11-16 18,2.24,0,50,0,13,334,3
2021-11-16 19,1.215,0,50,0,12,334,3
2021-11-16 20,1.239,0,55,0,11,309,2
2021-11-16 21,1.522,0,55,0,10,323,2
2021-11-16 22,1.53,0,55,0,9,330,2
2021-11-16 23,1.444,0,60,0,9,319,2
2021-11-17 00,1.505,0,65,0,8,332,2
2021-11-17 01,1.444,0,65,0,7,344,1
2021-11-17 02,1.315,0,65,0,7,316,2
2021-11-17 03,1.359,0,70,0,6,335,2
2021-11-17 04,1.31,0,70,0,6,324,2
2021-11-17 05,1.274,0,75,0,5,310,1
2021-11-17 06,1.279,0,75,0,5,311,2
2021-11-17 07,1.29,0,75,0,6,318,1
2021-11-17 08,0.984,0,65,0,8,313,1
2021-11-17 09,2.049,0,50,0,12,302,1
2021-11-17 10,2.367,0,40,0,14,116,1
2021-11-17 11,2.742,0,35,0,15,18,1
2021-11-17 12,1.689,0,30,0,17,339,1
2021-11-17 13,1.426,0,30,0,18,262,2
2021-11-17 14,1.942,0,30,0,17,273,2
2021-11-17 15,2.407,0,25,0,17,294,2
2021-11-17 16,2.44,0,40,0,14,328,1
2021-11-17 17,2.514,0,45,0,13,302,1
2021-11-17 18,2.399,0,55,0,12,331,2
2021-11-17 19,1.633,0,45,0,12,318,2
2021-11-17 20,1.527,0,45,0,11,324,2
2021-11-17 21,1.376,0,50,0,11,334,2
2021-11-17 22,1.389,0,55,0,11,331,2
2021-11-17 23,1.157,0,55,0,10,330,2
2021-11-18 00,1.363,0,55,0,10,318,2
2021-11-18 01,1.357,0,55,0,9,345,2
2021-11-18 02,1.235,0,60,0,9,321,1
2021-11-18 03,1.18,0,70,0,6,316,1
2021-11-18 04,1.187,0,70,0,6,311,1
2021-11-18 05,1.169,0,75,0,5,212,1
2021-11-18 06,1.166,0,75,0,4,250,0
2021-11-18 07,0.942,0,75,0,6,331,0
2021-11-18 08,1.383,0,65,0,9,316,1
2021-11-18 09,2.272,0,50,0,12,89,0
2021-11-18 10,2.382,0,50,0,15,147,1
2021-11-18 11,2.546,0,50,0,17,250,1
2021-11-18 12,2.421,0,45,0,18,263,2
2021-11-18 13,2.018,0,45,0,18,231,2
2021-11-18 14,2.383,0,45,0,18,206,3
2021-11-18 15,2.422,0,50,0,17,212,3
2021-11-18 16,2.421,0,55,0,16,233,3
2021-11-18 17,2.526,0,60,0,14,240,3
2021-11-18 18,2.82,0,70,0,12,252,2
2021-11-18 19,2.583,0,70,0,11,346,1
2021-11-18 20,2.588,0,80,0,10,358,1
2021-11-18 21,2.637,0,85,0,9,331,1
2021-11-18 22,1.145,0,85,0,7,338,1
2021-11-18 23,1.265,0,90,0,6,220,1
2021-11-19 00,1.295,0,90,0,6,240,0
2021-11-19 01,1.264,0,95,0,5,278,0
2021-11-19 02,1.339,0,95,0,5,270,0
2021-11-19 03,1.293,0,95,0,4,293,0
2021-11-19 04,1.195,0,95,0,4,328,1
2021-11-19 05,1.2,0,95,0,4,262,0
2021-11-19 06,1.17,0,95,0,4,275,0
2021-11-19 07,1.013,0,95,0,4,261,0
2021-11-19 08,2.373,0,80,0,8,311,1
2021-11-19 09,2.848,0,65,0,13,349,1
2021-11-19 10,2.826,0,60,0,16,41,2
2021-11-19 11,2.713,0,50,0,18,34,1
2021-11-19 12,2.068,0,45,0,19,271,2
2021-11-19 13,2.133,0,40,0,20,328,3
2021-11-19 14,1.91,0,45,0,20,327,3
2021-11-19 15,2.003,0,45,0,19,351,4
2021-11-19 16,2.029,0,50,0,17,331,2
2021-11-19 17,1.87,0,60,0,15,325,2
2021-11-19 18,2.854,0,65,0,14,308,1
2021-11-19 19,2.747,0,70,0,13,310,1
2021-11-19 20,2.813,0,75,0,11,326,1
2021-11-19 21,2.217,0,80,0,11,313,1
2021-11-19 22,0.957,0,85,0,10,339,1
2021-11-19 23,1.074,0,90,0,9,297,1
2021-11-20 00,1.293,0,90,0,8,302,1
2021-11-20 01,1.235,0,90,0,8,332,1
2021-11-20 02,1.208,0,90,0,8,304,1
2021-11-20 03,1.191,0,95,0,7,315,1
2021-11-20 04,1.192,0,95,0,7,298,1
2021-11-20 05,0.974,0,95,0,7,314,1
2021-11-20 06,0.366,0,95,0,7,308,1
2021-11-20 07,0.37,0,95,0,8,302,1
2021-11-20 08,1.01,0,85,0,11,334,1
2021-11-20 09,1.936,0,70,0,13,326,0
2021-11-20 10,1.932,0,55,0,16,296,1
2021-11-20 11,1.836,0,50,0,18,217,1
2021-11-20 12,1.861,0,40,0,19,129,1
2021-11-20 13,1.936,0,40,0,19,271,0
2021-11-20 14,1.648,0,40,0,20,225,2
2021-11-20 15,0.404,0,45,0,19,205,2
2021-11-20 16,0.837,0,50,0,17,212,1
2021-11-20 17,0.835,0,60,0,14,257,1
2021-11-20 18,0.896,0,70,0,13,343,1
2021-11-20 19,0.899,0,75,0,12,323,1
2021-11-20 20,1.154,0,75,0,10,297,1
2021-11-20 21,1.272,0,80,0,10,313,1
2021-11-20 22,0.898,0,80,0,9,323,1
2021-11-20 23,0.662,0,80,0,9,316,0
2021-11-21 00,0.886,0,85,0,8,82,0
2021-11-21 01,1.395,0,85,0,8,315,1
2021-11-21 02,1.276,0,85,0,8,338,1
2021-11-21 03,1.254,0,85,0,8,328,1
2021-11-21 04,1.182,0,85,0,8,326,2
2021-11-21 05,1.179,0,85,0,8,339,1
2021-11-21 06,1.144,0,85,0,9,219,1
2021-11-21 07,0.661,0,85,0,10,348,0
2021-11-21 08,0.769,0,80,0,12,312,1
2021-11-21 09,0.817,0,70,0,13,229,0
2021-11-21 10,0.792,0,60,0,15,146,1
2021-11-21 11,0.786,0,55,0,17,58,0
2021-11-21 12,0.846,0,55,0,18,202,1
2021-11-21 13,0.796,0,55,0,18,279,0
2021-11-21 14,0.811,0,60,0,18,338,0
2021-11-21 15,0.911,0,60,0,17,291,0
2021-11-21 16,0.901,0,70,0,16,268,0
2021-11-21 17,0.851,0,70,0,15,322,1
2021-11-21 18,0.837,0,80,0,14,135,1
2021-11-21 19,0.817,0,85,0,13,287,0
2021-11-21 20,0.762,0,80,0,13,310,1
2021-11-21 21,0.718,0,85,0,12,253,0
2021-11-21 22,0.703,0,80,0,13,311,0
2021-11-21 23,0.708,5,85,0.1,12,339,1
2021-11-22 00,1.255,1,80,0.5,13,311,2
2021-11-22 01,1.325,5,70,0.2,15,308,2
2021-11-22 02,1.274,0,65,0,15,303,4
2021-11-22 03,1.204,0,70,0,13,322,4
2021-11-22 04,1.195,0,65,0,11,344,6
2021-11-22 05,1.172,0,65,0,11,330,5
2021-11-22 06,1.193,0,60,0,10,340,4
2021-11-22 07,1.083,0,60,0,10,322,4
2021-11-22 08,1.51,0,50,0,10,315,6
2021-11-22 09,2.108,0,40,0,11,322,6
2021-11-22 10,2.107,0,45,0,11,330,7
2021-11-22 11,1.664,0,45,0,10,330,5
2021-11-22 12,1.605,0,45,0,10,330,7
2021-11-22 13,1.075,0,45,0,11,313,6
2021-11-22 14,1.072,0,50,0,10,333,5
2021-11-22 15,1.593,0,60,0,7,344,5
2021-11-22 16,1.564,0,55,0,7,335,4
2021-11-22 17,2.194,0,50,0,7,337,3
2021-11-22 18,1.651,0,50,0,6,334,3
2021-11-22 19,1.667,0,50,0,6,329,3
2021-11-22 20,1.588,0,55,0,5,326,4
2021-11-22 21,1.135,0,60,0,5,337,2
2021-11-22 22,1.348,0,60,0,4,321,2
2021-11-22 23,1.161,0,70,0,4,272,2
2021-11-23 00,0.939,0,65,0,4,276,2
2021-11-23 01,1.01,0,65,0,5,290,2
2021-11-23 02,1.426,0,70,0,5,279,2
2021-11-23 03,1.35,0,70,0,4,289,2
2021-11-23 04,1.305,0,75,0,4,283,1
2021-11-23 05,1.304,0,75,0,4,320,1
2021-11-23 06,1.301,0,75,0,4,308,1
2021-11-23 07,1.085,0,70,0,4,337,2
2021-11-23 08,1.466,0,65,0,5,328,2
2021-11-23 09,2.463,0,55,0,5,325,3
2021-11-23 10,2.441,0,60,0,6,313,2
2021-11-23 11,2.391,0,55,0,6,312,3
2021-11-23 12,1.406,0,55,0,7,285,3
2021-11-23 13,1.763,0,60,0,7,313,3
2021-11-23 14,2.37,0,65,0,7,324,4
2021-11-23 15,1.688,0,65,0,7,316,5
2021-11-23 16,0.908,0,75,0,6,342,3
2021-11-23 17,1.454,0,75,0,6,310,2
2021-11-23 18,1.623,0,70,0,5,298,3
2021-11-23 19,0.988,0,70,0,5,308,2
2021-11-23 20,0.861,0,70,0,5,289,2
2021-11-23 21,0.446,0,75,0,5,302,3
2021-11-23 22,1.046,0,80,0,4,303,1
2021-11-23 23,0.933,0,75,0,5,267,2
2021-11-24 00,1.157,0,75,0,6,265,3
2021-11-24 01,1.369,0,75,0,6,266,2
2021-11-24 02,0.879,0,70,0,6,281,2
2021-11-24 03,0.796,0,70,0,5,308,2
2021-11-24 04,0.804,0,80,0,5,238,1
2021-11-24 05,0.795,0,80,0,4,330,1
2021-11-24 06,0.798,0,85,0,4,300,1
2021-11-24 07,0.819,0,85,0,4,339,1
2021-11-24 08,1.334,0,75,0,6,155,0
2021-11-24 09,1.343,0,50,0,10,222,1
2021-11-24 10,1.375,0,45,0,11,246,2
2021-11-24 11,1.955,0,45,0,13,260,2
2021-11-24 12,1.778,0,45,0,13,315,2
2021-11-24 13,2.169,0,40,0,14,321,4
2021-11-24 14,1.735,0,45,0,13,293,2
2021-11-24 15,1.719,0,45,0,14,285,3
2021-11-24 16,1.822,0,45,0,12,304,3
2021-11-24 17,1.667,0,50,0,11,295,1
2021-11-24 18,1.032,0,60,0,9,291,1
2021-11-24 19,0.722,0,65,0,8,294,1
2021-11-24 20,0.841,0,65,0,8,269,1
2021-11-24 21,0.735,0,70,0,8,269,1
2021-11-24 22,0.717,0,75,0,7,263,1
2021-11-24 23,0.807,0,75,0,6,259,1
2021-11-25 00,1.016,0,75,0,6,267,2
2021-11-25 01,1.318,0,80,0,6,276,1
2021-11-25 02,1.498,0,80,0,6,239,1
2021-11-25 03,1.236,0,85,0,5,258,1
2021-11-25 04,1.239,0,95,0,4,104,0
2021-11-25 05,1.226,0,90,0,3,322,1
2021-11-25 06,1.335,0,95,0,3,0,0
2021-11-25 07,0.958,0,90,0,4,318,0
2021-11-25 08,1.409,0,85,0,6,339,1
2021-11-25 09,1.546,0,60,0,11,289,1
2021-11-25 10,2.235,0,55,0,14,251,3
2021-11-25 11,2.059,0,45,0,16,287,3
2021-11-25 12,1.807,0,35,0,17,307,4
2021-11-25 13,1.816,0,35,0,17,324,4
2021-11-25 14,1.711,0,35,0,17,330,4
2021-11-25 15,3.237,0,35,0,16,319,3
2021-11-25 16,1.91,0,35,0,14,322,2
2021-11-25 17,1.789,0,40,0,13,287,1
2021-11-25 18,1.249,0,50,0,11,299,1
2021-11-25 19,0.749,0,55,0,9,308,2
2021-11-25 20,0.985,0,60,0,8,298,1
2021-11-25 21,1.29,0,65,0,8,244,0
2021-11-25 22,1.272,0,70,0,7,315,1
2021-11-25 23,1.599,0,75,0,6,294,1
2021-11-26 00,1.234,0,80,0,5,296,1
2021-11-26 01,0.956,0,80,0,5,311,1
2021-11-26 02,0.94,0,75,0,5,289,2
2021-11-26 03,0.794,0,70,0,5,301,2
2021-11-26 04,0.789,0,65,0,5,303,2
2021-11-26 05,0.9,0,65,0,5,309,2
2021-11-26 06,0.819,0,65,0,5,309,2
2021-11-26 07,1.097,0,60,0,7,307,3
2021-11-26 08,1.416,0,45,0,9,317,4
2021-11-26 09,1.359,0,30,0,11,333,3
2021-11-26 10,1.756,0,20,0,12,325,2
2021-11-26 11,2.3,0,25,0,13,354,1
2021-11-26 12,1.556,0,20,0,13,336,1
2021-11-26 13,2.479,0,15,0,14,316,4
2021-11-26 14,1.861,0,15,0,14,337,4
2021-11-26 15,1.82,0,25,0,13,351,4
2021-11-26 16,1.682,0,25,0,12,321,2
2021-11-26 17,1.77,0,35,0,10,306,1
2021-11-26 18,2.844,0,40,0,8,299,2
2021-11-26 19,1.716,0,45,0,8,323,1
2021-11-26 20,1.684,0,50,0,6,313,2
2021-11-26 21,0.862,0,55,0,6,307,1
2021-11-26 22,1.45,0,60,0,5,334,1
2021-11-26 23,1.416,0,65,0,3,158,0
2021-11-27 00,1.456,0,70,0,3,306,1
2021-11-27 01,1.503,0,75,0,2,299,0
2021-11-27 02,1.374,0,80,0,2,338,1
2021-11-27 03,1.322,0,80,0,2,331,1
2021-11-27 04,1.464,0,75,0,3,301,3
2021-11-27 05,1.312,0,70,0,4,327,2
2021-11-27 06,0.787,0,70,0,4,344,2
2021-11-27 07,1.238,0,70,0,4,326,1
2021-11-27 08,0.913,0,55,0,7,339,1
2021-11-27 09,1.302,0,45,0,10,350,2
2021-11-27 10,1.623,0,45,0,10,136,1
2021-11-27 11,2.943,0,40,0,11,49,1
2021-11-27 12,1.644,0,40,0,13,110,1
2021-11-27 13,1.504,0,35,0,13,168,1
2021-11-27 14,1.234,0,35,0,13,160,1
2021-11-27 15,1.147,0,40,0,13,168,1
2021-11-27 16,1.147,0,45,0,11,206,1
2021-11-27 17,1.736,0,50,0,8,228,1
2021-11-27 18,1.889,0,60,0,7,258,1
2021-11-27 19,1.702,0,65,0,6,323,1
2021-11-27 20,1.144,0,70,0,5,292,1
2021-11-27 21,1.033,0,70,0,4,302,1
2021-11-27 22,1.762,0,75,0,3,329,1
2021-11-27 23,1.486,0,75,0,3,312,1
2021-11-28 00,1.424,0,75,0,3,320,1
2021-11-28 01,1.269,0,75,0,3,323,1
2021-11-28 02,0.802,0,80,0,2,315,1
2021-11-28 03,0.822,0,80,0,2,318,2
2021-11-28 04,0.863,0,80,0,2,330,1
2021-11-28 05,0.942,0,80,0,1,336,1
2021-11-28 06,0.815,0,85,0,1,313,1
2021-11-28 07,0.853,0,80,0,1,320,1
2021-11-28 08,1.059,0,70,0,5,319,1
2021-11-28 09,1.054,0,55,0,8,321,1
2021-11-28 10,0.925,0,40,0,11,351,0
2021-11-28 11,0.951,0,40,0,13,303,1
2021-11-28 12,0.841,0,35,0,14,248,1
2021-11-28 13,0.781,0,30,0,15,62,1
2021-11-28 14,0.976,0,30,0,15,179,0
2021-11-28 15,0.792,0,30,0,15,189,1
2021-11-28 16,0.815,0,45,0,12,208,2
2021-11-28 17,0.742,0,50,0,11,219,1
2021-11-28 18,0.838,0,60,0,8,218,1
2021-11-28 19,0.675,0,65,0,7,321,1
2021-11-28 20,0.655,0,70,0,6,285,1
2021-11-28 21,0.858,0,70,0,6,322,1
2021-11-28 22,1.078,0,70,0,5,311,1
2021-11-28 23,0.663,0,75,0,5,307,1
2021-11-29 00,1.374,0,80,0,4,198,0
2021-11-29 01,1.482,0,85,0,3,308,1
2021-11-29 02,1.208,0,80,0,3,332,0
2021-11-29 03,1.22,0,90,0,2,322,0
2021-11-29 04,1.2,0,90,0,2,334,1
2021-11-29 05,1.285,0,90,0,1,263,1
2021-11-29 06,1.194,0,90,0,2,330,1
2021-11-29 07,1.214,0,90,0,2,338,1
2021-11-29 08,1.912,0,80,0,6,307,1
2021-11-29 09,2.255,0,55,0,9,334,1
2021-11-29 10,2.421,0,50,0,12,111,0
2021-11-29 11,2.942,0,45,0,14,146,0
2021-11-29 12,1.546,0,35,0,16,129,1
2021-11-29 13,1.335,0,35,0,16,174,0
2021-11-29 14,1.652,0,35,0,17,208,1
2021-11-29 15,1.772,0,45,0,15,218,2
2021-11-29 16,2.207,0,45,0,14,194,2
2021-11-29 17,2.9,0,55,0,12,224,1
2021-11-29 18,1.85,0,60,0,10,288,0
2021-11-29 19,0.75,0,65,0,10,352,1
2021-11-29 20,0.853,0,70,0,8,297,1
2021-11-29 21,0.988,0,75,0,8,322,1
2021-11-29 22,1.341,0,80,0,7,308,1
2021-11-29 23,1.449,0,85,0,7,328,0
2021-11-30 00,1.374,0,85,0,6,333,1
2021-11-30 01,1.448,0,85,0,7,331,1
2021-11-30 02,1.456,0,85,0,6,330,1
2021-11-30 03,1.236,0,85,0,7,357,0
2021-11-30 04,1.215,0,85,0,8,295,1
2021-11-30 05,1.296,0,80,0,9,297,0
2021-11-30 06,1.143,1,90,2.2,9,286,0
2021-11-30 07,1.379,1,95,3.2,9,140,0
2021-11-30 08,1.369,1,95,6.3,10,246,0
2021-11-30 09,2.468,1,95,1.9,11,298,1
2021-11-30 10,2.804,1,95,0.3,13,295,3
2021-11-30 11,2.979,5,80,0.2,14,291,3
2021-11-30 12,2.151,5,75,0.1,13,264,2
2021-11-30 13,2.555,1,80,0.4,13,276,3
2021-11-30 14,2.413,1,80,1.4,12,300,4
2021-11-30 15,2.601,1,70,0.7,12,317,7
2021-11-30 16,2.887,0,75,0,10,314,7
2021-11-30 17,1.398,0,75,0,9,312,5
2021-11-30 18,0.787,5,70,0.1,8,311,6
2021-11-30 19,0.923,0,60,0,7,302,4
2021-11-30 20,0.73,0,60,0,6,307,5
2021-11-30 21,1.266,0,60,0,6,310,4
2021-11-30 22,1.374,0,65,0,6,319,6
2021-11-30 23,0.975,0,60,0,5,308,7
2021-12-01 00,1.261,0,60,0,5,309,5
2021-12-01 01,1.321,0,70,0,5,304,5
2021-12-01 02,1.421,0,65,0,5,314,6
2021-12-01 03,1.231,0,60,0,5,325,6
2021-12-01 04,1.17,0,60,0,4,325,6
2021-12-01 05,1.294,0,60,0,4,325,4
2021-12-01 06,1.179,0,55,0,4,324,5
2021-12-01 07,1.174,0,60,0,4,328,5
2021-12-01 08,1.42,0,60,0,4,330,5
2021-12-01 09,2.433,0,60,0,5,318,5
2021-12-01 10,2.066,0,70,0,4,315,4
2021-12-01 11,2.196,0,60,0,5,341,5
2021-12-01 12,1.937,0,55,0,5,339,5
2021-12-01 13,2.478,0,50,0,6,336,6
2021-12-01 14,2.23,0,45,0,6,325,4
2021-12-01 15,1.866,0,50,0,5,335,5
2021-12-01 16,1.192,0,55,0,4,333,6
2021-12-01 17,1.351,0,55,0,3,331,4
2021-12-01 18,1.176,0,55,0,3,332,2
2021-12-01 19,0.594,0,55,0,2,334,2
2021-12-01 20,0.967,0,50,0,2,339,3
2021-12-01 21,1.09,0,50,0,2,334,2
2021-12-01 22,1.128,0,50,0,1,316,3
2021-12-01 23,1.234,0,45,0,1,328,3
2021-12-02 00,1.379,0,50,0,1,314,2
2021-12-02 01,1.37,0,50,0,1,299,3
2021-12-02 02,1.157,0,55,0,1,283,2
2021-12-02 03,1.283,0,65,0,0,279,1
2021-12-02 04,1.162,0,65,0,-0.9,295,2
2021-12-02 05,1.172,0,65,0,0,282,1
2021-12-02 06,1.285,0,65,0,1,295,1
2021-12-02 07,1.186,0,60,0,2,293,2
2021-12-02 08,1.281,0,55,0,3,282,1
2021-12-02 09,1.974,0,50,0,5,251,2
2021-12-02 10,2.814,0,45,0,7,324,3
2021-12-02 11,2.635,0,40,0,9,309,2
2021-12-02 12,1.5,0,40,0,9,320,4
2021-12-02 13,2.394,0,40,0,9,331,4
2021-12-02 14,2.013,0,40,0,10,331,4
2021-12-02 15,1.901,0,45,0,9,315,3
2021-12-02 16,1.595,0,50,0,8,309,3
2021-12-02 17,3.239,0,55,0,6,296,2
2021-12-02 18,3.655,0,65,0,5,291,1
2021-12-02 19,1.561,0,65,0,4,266,1
2021-12-02 20,1.377,0,70,0,4,255,2
2021-12-02 21,1.665,0,75,0,4,325,1
2021-12-02 22,1.449,0,75,0,4,330,1
2021-12-02 23,1.488,0,75,0,3,326,1
2021-12-03 00,2.037,0,75,0,4,216,2
2021-12-03 01,1.558,0,75,0,5,239,2
2021-12-03 02,1.488,0,75,0,4,228,2
2021-12-03 03,1.607,0,75,0,4,267,1
2021-12-03 04,1.422,0,80,0,4,253,2
2021-12-03 05,1.409,0,80,0,4,257,2
2021-12-03 06,1.519,0,85,0,3,329,1
2021-12-03 07,1.432,0,90,0,3,17,0
2021-12-03 08,1.817,0,85,0,5,5,1
2021-12-03 09,1.82,0,65,0,9,324,1
2021-12-03 10,3.197,5,55,0.1,11,308,3
2021-12-03 11,3.299,0,50,0,11,320,3
2021-12-03 12,2.032,0,50,0,10,328,4
2021-12-03 13,2.173,0,55,0,10,330,4
2021-12-03 14,2.51,0,50,0,10,341,4
2021-12-03 15,1.85,0,50,0,9,319,4
2021-12-03 16,2.17,0,50,0,8,309,3
2021-12-03 17,2.854,0,50,0,7,331,3
2021-12-03 18,3.07,0,45,0,6,336,4
2021-12-03 19,2.813,0,50,0,6,328,4
2021-12-03 20,1.029,0,50,0,5,349,4
2021-12-03 21,0.76,0,50,0,5,331,4
2021-12-03 22,0.72,0,50,0,4,334,2
2021-12-03 23,1.663,0,45,0,4,318,2
2021-12-04 00,1.445,0,45,0,4,316,2
2021-12-04 01,1.206,0,45,0,5,316,2
2021-12-04 02,1.349,0,55,0,3,287,1
2021-12-04 03,1.2,0,55,0,3,314,2
2021-12-04 04,1.226,0,60,0,2,298,2
2021-12-04 05,1.361,0,60,0,2,321,1
2021-12-04 06,0.822,0,60,0,1,286,1
2021-12-04 07,0.851,0,60,0,1,277,2
2021-12-04 08,0.943,0,50,0,4,273,1
2021-12-04 09,1.135,0,40,0,7,262,2
2021-12-04 10,3.031,0,40,0,8,259,2
2021-12-04 11,2.819,0,45,0,8,207,2
2021-12-04 12,2.288,0,45,0,9,212,2
2021-12-04 13,2.271,0,45,0,10,220,0
2021-12-04 14,1.935,0,45,0,10,223,1
2021-12-04 15,1.969,0,50,0,10,337,1
2021-12-04 16,2.182,0,55,0,10,325,0
2021-12-04 17,2.216,0,60,0,8,335,1
2021-12-04 18,2.358,0,70,0,6,315,1
2021-12-04 19,2.417,0,70,0,6,288,1
2021-12-04 20,2.198,0,75,0,6,295,2
2021-12-04 21,1.325,0,65,0,6,325,2
2021-12-04 22,1.355,0,70,0,5,343,2
2021-12-04 23,1.59,0,70,0,4,325,2
2021-12-05 00,1.464,0,70,0,4,324,1
2021-12-05 01,1.383,0,70,0,3,332,1
2021-12-05 02,1.409,0,75,0,2,315,1
2021-12-05 03,1.314,0,80,0,2,313,2
2021-12-05 04,1.28,0,85,0,1,316,1
2021-12-05 05,1.402,0,85,0,1,310,2
2021-12-05 06,1.282,0,85,0,0,315,1
2021-12-05 07,1.24,0,85,0,0,318,1
2021-12-05 08,1.567,0,80,0,4,325,1
2021-12-05 09,1.278,0,60,0,6,334,1
2021-12-05 10,1.345,0,55,0,7,111,0
2021-12-05 11,1.438,0,45,0,9,330,0
2021-12-05 12,1.308,0,40,0,11,90,0
2021-12-05 13,1.155,0,45,0,11,11,0
2021-12-05 14,1.477,0,50,0,12,2,1
2021-12-05 15,1.443,0,50,0,12,265,0
2021-12-05 16,0.976,0,55,0,11,63,0
2021-12-05 17,0.965,0,65,0,9,319,1
2021-12-05 18,1.903,0,70,0,8,304,1
2021-12-05 19,2.319,0,70,0,8,309,1
2021-12-05 20,1.089,0,75,0,8,328,1
2021-12-05 21,1.028,0,75,0,7,326,1
2021-12-05 22,0.943,0,70,0,7,324,1
2021-12-05 23,1.036,0,75,0,7,313,1
2021-12-06 00,1.188,0,80,0,7,314,1
2021-12-06 01,1.306,0,80,0,6,309,1
2021-12-06 02,1.286,0,85,0,6,330,1
2021-12-06 03,1.145,0,85,0,6,335,1
2021-12-06 04,1.141,0,85,0,6,316,1
2021-12-06 05,1.248,0,85,0,6,305,1
2021-12-06 06,1.131,0,85,0,5,312,1
2021-12-06 07,1.114,0,90,0,5,316,1
2021-12-06 08,1.408,0,80,0,8,323,1
2021-12-06 09,1.79,0,65,0,11,146,0
2021-12-06 10,1.536,0,55,0,13,121,1
2021-12-06 11,2.157,0,50,0,14,224,0
2021-12-06 12,1.629,0,50,0,15,178,1
2021-12-06 13,0.912,0,50,0,15,260,1
2021-12-06 14,0.929,0,50,0,16,153,0
2021-12-06 15,1.438,0,50,0,15,249,1
2021-12-06 16,1.624,0,55,0,13,232,2
2021-12-06 17,1.541,0,65,0,12,238,2
2021-12-06 18,1.672,0,70,0,10,55,0
2021-12-06 19,0.804,0,75,0,9,260,0
2021-12-06 20,1.149,0,80,0,8,306,1
2021-12-06 21,1.635,0,85,0,7,277,1
2021-12-06 22,1.26,0,80,0,7,291,1
2021-12-06 23,1.632,0,80,0,7,318,1
2021-12-07 00,1.23,0,80,0,7,333,2
2021-12-07 01,1.499,0,85,0,6,320,1
2021-12-07 02,1.34,0,85,0,6,305,1
2021-12-07 03,1.307,0,80,0,7,323,2
2021-12-07 04,1.274,0,80,0,6,332,2
2021-12-07 05,1.389,0,75,0,6,340,3
2021-12-07 06,1.297,0,70,0,5,334,2
2021-12-07 07,1.237,0,70,0,6,335,3
2021-12-07 08,1.288,0,65,0,8,341,2
2021-12-07 09,1.773,0,45,0,11,5,2
2021-12-07 10,1.78,0,40,0,13,359,2
2021-12-07 11,1.928,0,35,0,15,5,1
2021-12-07 12,1.552,0,35,0,15,320,1
2021-12-07 13,0.978,0,35,0,16,314,2
2021-12-07 14,0.944,0,35,0,16,30,0
2021-12-07 15,1.284,0,35,0,16,359,1
2021-12-07 16,0.983,0,40,0,13,306,1
2021-12-07 17,0.866,0,45,0,12,332,3
2021-12-07 18,1.272,0,50,0,11,337,3
2021-12-07 19,1.118,0,55,0,10,326,2
2021-12-07 20,1.185,0,60,0,9,323,2
2021-12-07 21,1.125,0,60,0,8,323,1
2021-12-07 22,0.942,0,60,0,7,328,2
2021-12-07 23,1.089,0,70,0,6,316,2
2021-12-08 00,0.994,0,70,0,5,317,1
2021-12-08 01,1.099,0,75,0,5,314,2
2021-12-08 02,0.832,0,75,0,4,317,2
2021-12-08 03,0.792,0,80,0,3,334,1
2021-12-08 04,0.75,0,85,0,3,328,1
2021-12-08 05,0.885,0,80,0,3,317,1
2021-12-08 06,0.922,0,85,0,2,314,1
2021-12-08 07,0.845,0,85,0,2,326,1
2021-12-08 08,0.856,0,75,0,6,332,1
2021-12-08 09,0.993,0,60,0,9,313,1
2021-12-08 10,1.28,0,50,0,12,134,0
2021-12-08 11,0.597,0,45,0,13,105,2
2021-12-08 12,0.433,0,45,0,14,128,2
2021-12-08 13,1.608,0,45,0,14,155,2
2021-12-08 14,0.819,0,40,0,14,214,1
2021-12-08 15,1.008,0,45,0,14,267,1
2021-12-08 16,0.824,0,50,0,11,218,1
2021-12-08 17,0.864,0,55,0,10,253,0
2021-12-08 18,1.238,0,65,0,8,340,1
2021-12-08 19,1.171,0,70,0,6,295,1
2021-12-08 20,0.639,0,70,0,6,313,1
2021-12-08 21,0.768,0,75,0,5,319,1
2021-12-08 22,1.147,0,80,0,4,304,1
2021-12-08 23,1.363,0,85,0,3,313,1
2021-12-09 00,1.543,0,85,0,3,326,1
2021-12-09 01,1.362,0,85,0,3,328,1
2021-12-09 02,1.209,0,85,0,3,337,1
2021-12-09 03,1.308,0,85,0,2,321,1
2021-12-09 04,1.212,0,90,0,2,316,1
2021-12-09 05,1.151,0,90,0,1,330,1
2021-12-09 06,1.268,0,90,0,2,333,1
2021-12-09 07,1.195,0,90,0,3,0,0
2021-12-09 08,1.256,0,85,0,5,357,1
2021-12-09 09,2.295,0,65,0,10,288,1
2021-12-09 10,2.845,0,65,0,11,60,0
2021-12-09 11,3.25,0,55,0,13,289,1
2021-12-09 12,2.558,0,50,0,14,348,0
2021-12-09 13,3.212,0,50,0,14,69,0
2021-12-09 14,2.96,0,55,0,14,97,1
2021-12-09 15,2.901,0,50,0,14,73,1
2021-12-09 16,2.907,0,60,0,13,73,1
2021-12-09 17,3.436,0,65,0,12,95,1
2021-12-09 18,2.611,0,65,0,11,71,1
2021-12-09 19,3.104,0,70,0,10,38,0
2021-12-09 20,3.348,0,75,0,9,307,1
2021-12-09 21,1.957,0,75,0,9,268,0
2021-12-09 22,1.469,0,75,0,9,213,0
2021-12-09 23,1.339,0,80,0,7,232,0
2021-12-10 00,1.159,0,85,0,6,334,1
2021-12-10 01,1.341,0,90,0,6,331,1
2021-12-10 02,1.274,0,90,0,6,318,1
2021-12-10 03,1.27,0,90,0,6,335,1
2021-12-10 04,1.318,0,90,0,5,319,1
2021-12-10 05,1.198,0,90,0,6,311,1
2021-12-10 06,1.232,0,90,0,6,325,1
2021-12-10 07,1.304,0,90,0,7,330,1
2021-12-10 08,1.668,0,80,0,9,319,1
2021-12-10 09,2.478,0,70,0,11,28,0
2021-12-10 10,2.593,0,60,0,12,357,0
2021-12-10 11,2.954,0,60,0,14,56,0
2021-12-10 12,1.435,0,55,0,16,179,1
2021-12-10 13,2.268,0,55,0,16,243,2
2021-12-10 14,2.226,0,45,0,17,304,2
2021-12-10 15,2.133,0,45,0,16,317,3
2021-12-10 16,2.747,0,50,0,14,323,2
2021-12-10 17,1.784,0,55,0,13,323,2
2021-12-10 18,2.304,0,60,0,12,327,2
2021-12-10 19,1.577,0,65,0,12,326,2
2021-12-10 20,1.712,0,65,0,11,314,3
2021-12-10 21,2.782,0,70,0,10,307,3
2021-12-10 22,1.786,0,70,0,10,323,3
2021-12-10 23,1.767,0,70,0,9,328,2
2021-12-11 00,1.348,0,75,0,8,335,3
2021-12-11 01,1.337,0,75,0,8,329,3
2021-12-11 02,1.305,0,80,0,8,333,2
2021-12-11 03,1.438,0,80,0,7,332,3
2021-12-11 04,1.321,0,80,0,7,324,1
2021-12-11 05,1.322,0,85,0,6,333,1
2021-12-11 06,1.031,0,85,0,6,359,1
2021-12-11 07,0.733,0,85,0,6,335,1
2021-12-11 08,1.224,0,80,0,8,336,2
2021-12-11 09,1.509,0,65,0,10,352,2
2021-12-11 10,1.818,0,55,0,12,358,3
2021-12-11 11,2.438,0,50,0,13,23,2
2021-12-11 12,1.002,0,45,0,15,36,1
2021-12-11 13,1.544,0,45,0,15,352,1
2021-12-11 14,0.777,0,45,0,16,261,1
2021-12-11 15,0.928,0,45,0,15,251,2
2021-12-11 16,0.812,0,50,0,13,303,2
2021-12-11 17,0.725,0,60,0,11,308,1
2021-12-11 18,0.992,0,60,0,11,339,2
2021-12-11 19,1.313,0,60,0,11,331,3
2021-12-11 20,1.249,0,65,0,10,329,3
2021-12-11 21,1.185,0,65,0,9,327,2
2021-12-11 22,1.225,0,65,0,10,326,2
2021-12-11 23,1.156,0,70,0,9,333,3
2021-12-12 00,1.358,0,65,0,10,315,3
2021-12-12 01,1.362,0,65,0,10,322,4
2021-12-12 02,1.234,0,60,0,9,316,4
2021-12-12 03,1.254,0,65,0,9,330,3
2021-12-12 04,1.248,0,60,0,9,324,4
2021-12-12 05,1.373,0,65,0,9,314,3
2021-12-12 06,1.214,0,65,0,9,322,3
2021-12-12 07,0.791,0,65,0,9,318,4
2021-12-12 08,1.417,0,60,0,10,329,4
2021-12-12 09,2.044,0,50,0,10,336,3
2021-12-12 10,2.048,0,50,0,11,324,3
2021-12-12 11,2.203,0,50,0,12,333,3
2021-12-12 12,1.975,0,50,0,12,341,3
2021-12-12 13,1.354,0,50,0,12,337,4
2021-12-12 14,1.364,0,40,0,12,341,6
2021-12-12 15,1.239,0,40,0,10,309,5
2021-12-12 16,0.764,0,40,0,8,327,4
2021-12-12 17,0.788,0,45,0,7,333,3
2021-12-12 18,0.721,0,45,0,5,342,5
2021-12-12 19,0.75,0,50,0,4,339,5
2021-12-12 20,0.628,0,45,0,3,325,5
2021-12-12 21,0.649,0,50,0,2,336,5
2021-12-12 22,1.779,0,50,0,2,337,4
2021-12-12 23,0.734,0,50,0,2,344,4
2021-12-13 00,0.9,0,50,0,1,350,5
2021-12-13 01,1.347,0,50,0,0,342,5
2021-12-13 02,1.344,0,50,0,0,326,6
2021-12-13 03,1.249,0,50,0,0,326,6
2021-12-13 04,1.306,0,50,0,-0.9,326,5
2021-12-13 05,1.171,0,50,0,-0.9,331,4
2021-12-13 06,1.214,0,50,0,-0.9,328,3
2021-12-13 07,1.357,0,45,0,-0.9,330,3
2021-12-13 08,1.497,0,40,0,0,341,4
2021-12-13 09,0.794,0,30,0,2,338,4
2021-12-13 10,0.826,0,25,0,4,333,4
2021-12-13 11,1.592,0,20,0,5,339,4
2021-12-13 12,1.038,0,20,0,6,334,3
2021-12-13 13,1.692,0,15,0,7,337,2
2021-12-13 14,1.679,0,15,0,8,329,2
2021-12-13 15,1.796,0,15,0,7,323,3
2021-12-13 16,1.648,0,20,0,5,328,3
2021-12-13 17,1.585,0,25,0,4,325,3
2021-12-13 18,1.599,0,30,0,3,336,4
2021-12-13 19,1.609,0,35,0,2,336,4
2021-12-13 20,1.385,0,40,0,1,336,4
2021-12-13 21,0.688,0,35,0,1,332,4
2021-12-13 22,1.493,0,40,0,0,337,3
2021-12-13 23,1.341,0,40,0,0,340,3
2021-12-14 00,1.322,0,45,0,-0.9,330,3
2021-12-14 01,1.469,0,50,0,-0.9,324,2
2021-12-14 02,1.302,0,55,0,-0.9,323,1
2021-12-14 03,1.131,0,60,0,-1.9,316,1
2021-12-14 04,1.156,0,60,0,-0.9,310,1
2021-12-14 05,1.294,0,65,0,-1.9,325,1
2021-12-14 06,1.11,0,70,0,-1.9,312,1
2021-12-14 07,0.914,0,75,0,-2.9,288,1
2021-12-14 08,0.91,0,65,0,0,300,1
2021-12-14 09,1.819,0,50,0,4,229,0
2021-12-14 10,2.064,0,50,0,5,159,1
2021-12-14 11,2.185,0,45,0,8,339,2
2021-12-14 12,1.867,0,40,0,9,300,4
2021-12-14 13,1.548,0,40,0,10,325,4
2021-12-14 14,1.118,0,40,0,10,322,3
2021-12-14 15,2.545,0,40,0,10,322,3
2021-12-14 16,1.81,0,45,0,9,314,1
2021-12-14 17,2.125,0,55,0,7,287,2
2021-12-14 18,1.823,0,55,0,6,281,1
2021-12-14 19,1.544,0,65,0,4,265,1
2021-12-14 20,1.544,0,70,0,3,302,2
2021-12-14 21,1.611,0,70,0,3,36,1
2021-12-14 22,1.535,0,75,0,2,6,1
2021-12-14 23,1.528,0,75,0,3,318,1
2021-12-15 00,1.847,0,80,0,2,221,1
2021-12-15 01,1.841,0,80,0,1,305,1
2021-12-15 02,1.868,0,85,0,1,332,1
2021-12-15 03,1.796,0,85,0,0,278,0
2021-12-15 04,1.74,0,90,0,0,291,0
2021-12-15 05,1.698,0,85,0,2,218,0
2021-12-15 06,1.69,0,85,0,2,311,1
2021-12-15 07,1.695,0,90,0,2,296,1
2021-12-15 08,1.692,0,80,0,4,316,0
2021-12-15 09,2.766,0,70,0,6,19,0
2021-12-15 10,3.372,0,70,0,8,351,1
2021-12-15 11,3.533,0,65,0,10,336,0
2021-12-15 12,2.935,0,55,0,13,36,1
2021-12-15 13,3.395,0,55,0,13,233,2
2021-12-15 14,2.083,0,55,0,14,224,2
2021-12-15 15,1.927,0,55,0,14,240,1
2021-12-15 16,1.995,0,60,0,12,216,2
2021-12-15 17,1.236,0,70,0,10,245,1
2021-12-15 18,0.768,0,75,0,8,21,0
2021-12-15 19,0.651,0,80,0,7,18,0
2021-12-15 20,0.929,0,85,0,6,338,1
2021-12-15 21,1.661,0,85,0,5,323,1
2021-12-15 22,1.47,0,90,0,4,183,1
2021-12-15 23,1.41,0,90,0,4,332,1
2021-12-16 00,1.385,0,90,0,4,340,1
2021-12-16 01,1.363,0,90,0,4,322,1
2021-12-16 02,1.301,0,90,0,4,257,0
2021-12-16 03,1.339,0,90,0,5,292,1
2021-12-16 04,1.21,5,85,0.1,5,201,1
2021-12-16 05,1.21,5,85,0.2,6,349,1
2021-12-16 06,1.306,1,85,0.4,6,194,0
2021-12-16 07,1.194,1,90,0.7,7,28,1
2021-12-16 08,0.819,1,95,0.5,7,91,0
2021-12-16 09,2.085,1,95,0.6,8,133,1
2021-12-16 10,2.474,5,90,0.2,9,317,1
2021-12-16 11,2.434,1,90,0.4,9,108,0
2021-12-16 12,2.289,5,85,0.1,10,304,0
2021-12-16 13,2.392,5,80,0.2,10,293,1
2021-12-16 14,1.349,0,80,0,11,266,1
2021-12-16 15,1.865,0,75,0,11,225,1
2021-12-16 16,2.128,0,75,0,11,273,2
2021-12-16 17,3.591,0,75,0,10,287,1
2021-12-16 18,3.037,0,75,0,10,305,1
2021-12-16 19,2.602,0,75,0,10,304,1
2021-12-16 20,1.562,0,75,0,8,297,2
2021-12-16 21,0.949,0,75,0,8,300,2
2021-12-16 22,1.225,0,55,0,8,314,3
2021-12-16 23,1.278,0,55,0,8,298,2
2021-12-17 00,1.304,0,55,0,7,300,2
2021-12-17 01,1.472,0,65,0,8,311,1
2021-12-17 02,1.207,0,65,0,9,330,4
2021-12-17 03,1.198,0,55,0,8,337,5
2021-12-17 04,1.2,0,55,0,7,334,4
2021-12-17 05,1.284,0,55,0,6,326,4
2021-12-17 06,1.172,0,50,0,5,319,5
2021-12-17 07,1.152,0,50,0,3,321,7
2021-12-17 08,1.817,0,55,0,3,313,6
2021-12-17 09,2.232,0,45,0,4,326,5
2021-12-17 10,2.304,0,50,0,3,318,6
2021-12-17 11,2.581,7,65,0.1,2,344,3
2021-12-17 12,2.165,0,60,0,2,338,5
2021-12-17 13,2.538,0,55,0,2,320,4
2021-12-17 14,1.969,7,75,0.1,0,340,3
2021-12-17 15,1.828,0,60,0,0,331,4
2021-12-17 16,2,0,55,0,0,342,6
2021-12-17 17,2.171,0,60,0,-0.9,331,4
2021-12-17 18,2.618,0,65,0,-1.9,329,3
2021-12-17 19,3.696,0,70,0,-1.9,333,4
2021-12-17 20,2.812,0,65,0,-1.9,320,4
2021-12-17 21,2.135,0,60,0,-2.9,344,4
2021-12-17 22,1.524,0,55,0,-2.9,334,3
2021-12-17 23,1.517,0,55,0,-3.9,338,3
2021-12-18 00,1.766,0,55,0,-3.9,335,4
2021-12-18 01,1.742,0,50,0,-3.9,338,5
2021-12-18 02,1.278,0,45,0,-4.9,328,3
2021-12-18 03,1.27,0,45,0,-4.9,325,5
2021-12-18 04,1.421,0,45,0,-4.9,323,4
2021-12-18 05,1.2,0,40,0,-5.9,327,3
2021-12-18 06,0.968,0,40,0,-5.9,300,3
2021-12-18 07,0.816,0,40,0,-5.9,323,2
2021-12-18 08,0.637,0,30,0,-3.9,329,2
2021-12-18 09,0.636,0,25,0,-1.9,319,5
2021-12-18 10,1.924,0,20,0,0,344,4
2021-12-18 11,2.842,0,20,0,2,329,5
2021-12-18 12,2.289,0,30,0,3,320,4
2021-12-18 13,1.514,0,35,0,3,333,3
2021-12-18 14,1.466,0,35,0,3,324,4
2021-12-18 15,2.019,0,35,0,4,320,3
2021-12-18 16,2.072,0,45,0,2,327,2
2021-12-18 17,1.749,0,50,0,1,323,1
2021-12-18 18,2.007,0,55,0,1,284,1
2021-12-18 19,2.671,0,60,0,0,279,1
2021-12-18 20,2.762,0,65,0,0,238,1
2021-12-18 21,2.867,0,60,0,1,268,1
2021-12-18 22,1.931,7,65,0.1,1,292,1
2021-12-18 23,1.311,7,65,0.1,1,272,2
2021-12-19 00,1.415,7,70,0.1,1,257,3
2021-12-19 01,1.538,7,75,0.1,1,259,2
2021-12-19 02,1.316,0,80,0,0,239,2
2021-12-19 03,1.247,0,80,0,0,291,2
2021-12-19 04,1.303,0,75,0,1,283,2
2021-12-19 05,1.199,0,70,0,2,274,2
2021-12-19 06,1.212,0,60,0,3,325,3
2021-12-19 07,1.401,0,65,0,3,310,3
2021-12-19 08,1.384,0,65,0,4,320,2
2021-12-19 09,1.914,0,50,0,5,328,3
2021-12-19 10,1.536,0,45,0,6,335,4
2021-12-19 11,1.629,0,45,0,6,335,4
2021-12-19 12,1.506,0,40,0,8,334,4
2021-12-19 13,1.489,0,40,0,8,347,5
2021-12-19 14,1.252,0,35,0,7,335,4
2021-12-19 15,0.742,0,40,0,7,330,4
2021-12-19 16,0.8,0,45,0,6,325,2
2021-12-19 17,0.671,0,50,0,4,320,1
2021-12-19 18,0.745,0,55,0,3,297,1
2021-12-19 19,0.621,0,60,0,2,310,1
2021-12-19 20,0.783,0,70,0,0,257,0
2021-12-19 21,0.701,0,70,0,-0.9,243,1
2021-12-19 22,0.638,0,75,0,0,334,1
2021-12-19 23,0.631,0,75,0,-0.9,308,1
2021-12-20 00,1.099,0,75,0,-0.9,325,0
2021-12-20 01,1.681,0,75,0,-0.9,317,1
2021-12-20 02,1.502,0,75,0,0,303,1
2021-12-20 03,1.407,0,80,0,0,339,1
2021-12-20 04,1.463,0,75,0,0,319,1
2021-12-20 05,1.112,0,80,0,-0.9,301,0
2021-12-20 06,1.125,0,80,0,-0.9,246,0
2021-12-20 07,1.128,0,80,0,-0.9,292,1
2021-12-20 08,1.702,0,75,0,1,354,0
2021-12-20 09,2.008,0,65,0,4,319,1
2021-12-20 10,2.159,0,50,0,8,286,0
2021-12-20 11,2.553,0,45,0,10,222,1
2021-12-20 12,1.277,0,40,0,13,227,2
2021-12-20 13,1.385,0,40,0,13,234,2
2021-12-20 14,1.426,0,45,0,13,236,2
2021-12-20 15,1.676,0,45,0,12,236,2
2021-12-20 16,1.595,0,45,0,12,263,2
2021-12-20 17,1.736,0,45,0,10,275,2
2021-12-20 18,1.529,0,55,0,8,276,1
2021-12-20 19,1.669,0,60,0,7,267,2
2021-12-20 20,1.043,0,70,0,6,256,1
2021-12-20 21,1.367,0,75,0,5,311,1
2021-12-20 22,1.202,0,85,0,3,218,0
2021-12-20 23,1.338,0,85,0,3,299,1
2021-12-21 00,1.173,0,85,0,2,177,0
2021-12-21 01,1.205,0,90,0,2,310,1
2021-12-21 02,1.318,0,90,0,1,224,0
2021-12-21 03,1.187,0,90,0,2,321,0
2021-12-21 04,1.149,0,95,0,1,325,1
2021-12-21 05,1.118,0,95,0,0,169,0
2021-12-21 06,1.24,0,95,0,1,278,0
2021-12-21 07,1.134,0,95,0,1,297,0
2021-12-21 08,1.171,0,95,0,3,152,0
2021-12-21 09,1.836,0,80,0,7,138,0
2021-12-21 10,2.677,0,65,0,12,228,1
2021-12-21 11,3.139,0,50,0,13,236,2
2021-12-21 12,1.658,0,45,0,16,314,3
2021-12-21 13,1.1,0,40,0,16,299,3
2021-12-21 14,1.757,0,35,0,16,309,4
2021-12-21 15,1.827,0,30,0,15,308,4
2021-12-21 16,2.428,0,40,0,13,311,3
2021-12-21 17,2.738,0,50,0,11,306,1
2021-12-21 18,1.58,0,60,0,9,317,1
2021-12-21 19,1.847,0,60,0,9,320,2
2021-12-21 20,1.354,0,55,0,9,330,3
2021-12-21 21,1.046,0,60,0,8,332,3
2021-12-21 22,1.409,0,60,0,6,329,2
2021-12-21 23,1.413,0,70,0,6,331,1
2021-12-22 00,1.478,0,70,0,5,308,2
2021-12-22 01,1.363,0,70,0,5,302,2
2021-12-22 02,1.205,0,65,0,3,347,2
2021-12-22 03,1.216,0,65,0,3,344,2
2021-12-22 04,1.335,0,70,0,3,359,2
2021-12-22 05,1.195,0,75,0,3,334,1
2021-12-22 06,1.194,0,70,0,2,109,0
2021-12-22 07,1.343,0,65,0,2,313,2
2021-12-22 08,1.483,0,60,0,4,339,0
2021-12-22 09,2.257,0,40,0,9,5,1
2021-12-22 10,2.561,0,30,0,11,35,1
2021-12-22 11,2.295,0,25,0,13,50,1
2021-12-22 12,2.046,0,25,0,14,50,1
2021-12-22 13,2.443,0,20,0,15,262,1
2021-12-22 14,3.242,0,15,0,15,310,2
2021-12-22 15,3.083,0,15,0,15,305,2
2021-12-22 16,0.517,0,20,0,12,337,1
2021-12-22 17,0.227,0,25,0,10,321,2
2021-12-22 18,0.188,0,40,0,7,332,1
2021-12-22 19,0.312,0,40,0,7,300,1
2021-12-22 20,1.748,0,40,0,6,339,1
2021-12-22 21,0.598,0,45,0,4,325,2
2021-12-22 22,0.821,0,50,0,3,253,0
2021-12-22 23,0.476,0,50,0,3,267,1
2021-12-23 00,0.963,0,55,0,3,310,2
2021-12-23 01,1.415,0,60,0,1,247,1
2021-12-23 02,1.324,0,60,0,2,324,1
2021-12-23 03,1.27,0,60,0,0,301,1
2021-12-23 04,1.355,0,60,0,1,312,1
2021-12-23 05,1.137,0,65,0,0,316,1
2021-12-23 06,1.113,0,60,0,0,327,1
2021-12-23 07,1.302,0,65,0,0,305,1
2021-12-23 08,1.377,0,55,0,2,295,0
2021-12-23 09,2.938,0,40,0,6,346,1
2021-12-23 10,2.936,0,25,0,10,12,2
2021-12-23 11,3.553,0,25,0,12,42,2
2021-12-23 12,2.374,0,20,0,14,357,1
2021-12-23 13,3.546,0,20,0,14,342,1
2021-12-23 14,2.35,0,20,0,15,320,1
2021-12-23 15,2.441,0,20,0,14,119,0
2021-12-23 16,2.63,0,30,0,11,231,1
2021-12-23 17,2.033,0,35,0,9,316,1
2021-12-23 18,1.565,0,45,0,7,271,1
2021-12-23 19,0.339,0,50,0,5,310,1
2021-12-23 20,0.393,0,55,0,4,351,1
2021-12-23 21,1.291,0,55,0,3,316,1
2021-12-23 22,1.616,0,55,0,3,311,1
2021-12-23 23,1.903,0,60,0,3,315,1
2021-12-24 00,1.462,0,65,0,2,324,1
2021-12-24 01,1.295,0,65,0,1,325,1
2021-12-24 02,1.457,0,60,0,1,316,1
2021-12-24 03,1.247,0,70,0,0,323,1
2021-12-24 04,1.196,0,70,0,0,333,1
2021-12-24 05,1.342,0,70,0,0,334,1
2021-12-24 06,1.165,0,70,0,0,316,1
2021-12-24 07,1.112,0,70,0,0,318,1
2021-12-24 08,1.351,0,70,0,1,272,0
2021-12-24 09,2.446,0,50,0,6,317,0
2021-12-24 10,3.264,0,45,0,8,313,1
2021-12-24 11,2.894,0,40,0,9,317,1
2021-12-24 12,3.103,0,40,0,9,0,1
2021-12-24 13,3.305,0,30,0,11,350,2
2021-12-24 14,2.326,0,35,0,11,348,4
2021-12-24 15,2.604,0,35,0,11,335,4
2021-12-24 16,2.328,0,40,0,10,336,3
2021-12-24 17,2.97,0,55,0,9,326,5
2021-12-24 18,2.735,0,65,0,7,331,4
2021-12-24 19,0.827,0,65,0,6,329,3
2021-12-24 20,1.042,0,65,0,5,336,4
2021-12-24 21,1.453,0,60,0,4,327,4
2021-12-24 22,1.389,0,55,0,3,329,4
2021-12-24 23,1.509,0,55,0,2,327,4
2021-12-25 00,1.285,0,50,0,1,325,4
2021-12-25 01,1.48,0,50,0,0,328,4
2021-12-25 02,1.266,0,45,0,-0.9,333,4
2021-12-25 03,1.273,0,50,0,-1.9,332,5
2021-12-25 04,1.335,0,50,0,-1.9,328,7
2021-12-25 05,1.326,0,50,0,-1.9,332,6
2021-12-25 06,1.33,0,50,0,-2.9,332,4
2021-12-25 07,1.762,0,50,0,-3.9,337,5
2021-12-25 08,1.325,0,45,0,-2.9,340,5
2021-12-25 09,2.33,0,40,0,-1.9,339,6
2021-12-25 10,2.296,0,40,0,-1.9,345,6
2021-12-25 11,2.234,0,35,0,-0.9,346,6
2021-12-25 12,1.925,0,30,0,0,339,6
2021-12-25 13,1.664,0,25,0,0,332,5
2021-12-25 14,2.006,0,25,0,-0.9,333,6
2021-12-25 15,2.447,0,30,0,-1.9,337,7
2021-12-25 16,2.928,0,30,0,-2.9,340,6
2021-12-25 17,2.701,0,30,0,-3.9,326,5
2021-12-25 18,1.47,0,35,0,-3.9,339,5
2021-12-25 19,0.724,0,40,0,-3.9,338,5
2021-12-25 20,1.235,0,45,0,-4.9,345,4
2021-12-25 21,1.146,0,45,0,-4.9,339,3
2021-12-25 22,1.208,0,50,0,-5.9,348,3
2021-12-25 23,1.051,0,45,0,-5.9,335,4
2021-12-26 00,1.032,0,50,0,-5.9,344,4
2021-12-26 01,1.397,0,50,0,-6.9,340,3
2021-12-26 02,1.22,0,50,0,-6.9,333,2
2021-12-26 03,1.246,0,50,0,-6.9,328,3
2021-12-26 04,1.103,0,50,0,-6.9,331,4
2021-12-26 05,1.125,0,50,0,-7.9,333,3
2021-12-26 06,1.232,0,50,0,-7.9,319,3
2021-12-26 07,1.118,0,50,0,-7.9,327,4
2021-12-26 08,1.287,0,45,0,-6.9,324,4
2021-12-26 09,1.045,0,40,0,-4.9,334,5
2021-12-26 10,1.56,0,40,0,-3.9,340,6
2021-12-26 11,1.587,0,35,0,-2.9,340,6
2021-12-26 12,1.904,0,30,0,-0.9,339,4
2021-12-26 13,1.812,0,30,0,-0.9,349,5
2021-12-26 14,1.521,0,30,0,0,336,4
2021-12-26 15,1.39,0,30,0,0,337,3
2021-12-26 16,1.5,0,35,0,-1.9,339,3
2021-12-26 17,1.026,0,40,0,-2.9,333,2
2021-12-26 18,0.383,0,40,0,-2.9,330,2
2021-12-26 19,0.295,0,40,0,-3.9,334,2
2021-12-26 20,0.242,0,40,0,-3.9,328,2
2021-12-26 21,0.262,0,45,0,-4.9,326,2
2021-12-26 22,0.406,0,45,0,-4.9,317,2
2021-12-26 23,0.226,0,50,0,-5.9,299,2
2021-12-27 00,0.268,0,50,0,-4.9,288,2
2021-12-27 01,0.353,0,50,0,-5.9,277,3
2021-12-27 02,1.605,0,50,0,-5.9,288,3
2021-12-27 03,1.357,0,50,0,-5.9,267,2
2021-12-27 04,1.283,0,50,0,-4.9,297,3
2021-12-27 05,1.418,0,50,0,-4.9,285,2
2021-12-27 06,1.274,0,55,0,-4.9,293,3
2021-12-27 07,1.253,0,55,0,-4.9,318,4
2021-12-27 08,1.486,0,50,0,-2.9,312,4
2021-12-27 09,2.409,0,40,0,-0.9,323,4
2021-12-27 10,3.691,0,40,0,1,319,5
2021-12-27 11,2.808,0,35,0,2,325,6
2021-12-27 12,1.845,0,35,0,3,330,6
2021-12-27 13,2.055,0,35,0,3,334,5
2021-12-27 14,1.608,0,35,0,4,342,5
2021-12-27 15,1.769,0,35,0,5,340,4
2021-12-27 16,1.409,0,45,0,3,329,3
2021-12-27 17,1.559,0,50,0,2,312,2
2021-12-27 18,1.864,0,60,0,1,300,1
2021-12-27 19,0.746,0,60,0,1,295,1
2021-12-27 20,0.696,0,60,0,2,286,2
2021-12-27 21,1.675,0,65,0,2,311,2
2021-12-27 22,1.403,0,65,0,1,330,1
2021-12-27 23,1.453,0,65,0,1,213,0
2021-12-28 00,1.395,0,70,0,1,233,0
2021-12-28 01,1.356,0,70,0,0,286,1
2021-12-28 02,1.403,0,70,0,0,307,1
2021-12-28 03,1.248,0,75,0,-0.9,293,0
2021-12-28 04,1.259,0,75,0,-0.9,273,1
2021-12-28 05,1.365,0,70,0,-0.9,259,1
2021-12-28 06,1.183,0,75,0,-0.9,280,1
2021-12-28 07,1.216,0,75,0,-0.9,278,1
2021-12-28 08,1.636,0,70,0,1,284,1
2021-12-28 09,2.021,0,55,0,5,261,2
2021-12-28 10,1.869,0,45,0,7,285,3
2021-12-28 11,2.274,0,45,0,8,292,2
2021-12-28 12,2.179,0,40,0,9,297,3
2021-12-28 13,2.265,0,40,0,9,288,3
2021-12-28 14,2.195,0,40,0,9,326,3
2021-12-28 15,2.165,0,40,0,8,289,3
2021-12-28 16,2.247,0,45,0,6,302,3
2021-12-28 17,2.157,0,50,0,5,317,2
2021-12-28 18,2.542,0,55,0,4,275,1
2021-12-28 19,1.975,0,55,0,4,301,1
2021-12-28 20,1.921,0,60,0,3,263,1
2021-12-28 21,2.147,0,65,0,1,343,0
2021-12-28 22,2.073,0,70,0,0,354,0
2021-12-28 23,2.155,0,75,0,0,357,0
2021-12-29 00,2.1,0,75,0,0,347,1
2021-12-29 01,1.606,0,75,0,0,301,1
2021-12-29 02,1.988,0,80,0,-0.9,197,1
2021-12-29 03,1.861,0,80,0,0,317,0
2021-12-29 04,1.989,0,75,0,1,349,0
2021-12-29 05,1.913,0,80,0,1,165,0
2021-12-29 06,1.869,0,75,0,1,349,0
2021-12-29 07,1.998,0,80,0,1,320,0
2021-12-29 08,1.985,0,75,0,2,301,1
2021-12-29 09,2.33,0,65,0,5,0,0
2021-12-29 10,3.511,0,50,0,9,275,2
2021-12-29 11,3.36,0,45,0,10,307,5
2021-12-29 12,2.421,0,40,0,10,300,4
2021-12-29 13,1.151,0,35,0,10,307,5
2021-12-29 14,1.731,0,45,0,10,291,4
2021-12-29 15,2.512,0,40,0,9,304,4
2021-12-29 16,1.008,0,45,0,8,295,3
2021-12-29 17,0.943,0,50,0,7,296,3
2021-12-29 18,1.05,0,50,0,7,304,4
2021-12-29 19,0.927,0,50,0,7,314,5
2021-12-29 20,0.947,0,50,0,6,312,4
2021-12-29 21,1.057,0,55,0,5,308,3
2021-12-29 22,0.955,0,50,0,6,315,4
2021-12-29 23,1.266,0,45,0,5,313,6
2021-12-30 00,1.83,0,50,0,4,309,5
2021-12-30 01,1.808,0,55,0,4,321,5
2021-12-30 02,1.652,0,55,0,3,327,4
2021-12-30 03,1.721,0,55,0,3,319,4
2021-12-30 04,1.654,0,50,0,3,311,4
2021-12-30 05,1.681,0,55,0,3,305,3
2021-12-30 06,1.566,0,60,0,2,338,5
2021-12-30 07,1.566,0,50,0,1,329,6
2021-12-30 08,1.743,0,30,0,1,338,6
2021-12-30 09,2.295,0,25,0,2,331,5
2021-12-30 10,3.25,0,30,0,3,347,5
2021-12-30 11,2.552,0,30,0,4,340,4
2021-12-30 12,2.704,0,30,0,5,320,5
2021-12-30 13,2.655,0,35,0,5,320,5
2021-12-30 14,2.827,0,40,0,5,305,5
2021-12-30 15,2.713,0,40,0,5,324,4
2021-12-30 16,2.152,7,55,0.1,4,321,3
2021-12-30 17,2.083,0,50,0,4,308,3
2021-12-30 18,1.812,0,65,0,3,330,3
2021-12-30 19,0.985,6,80,0.1,2,327,4
2021-12-30 20,0.757,0,75,0,2,340,3
2021-12-30 21,0.764,0,70,0,2,330,3
2021-12-30 22,1.426,0,55,0,1,323,5
2021-12-30 23,1.438,0,60,0,1,334,3
2021-12-31 00,1.406,0,60,0,0,324,4
2021-12-31 01,1.631,0,55,0,0,331,5
2021-12-31 02,1.576,0,60,0,-0.9,343,4
2021-12-31 03,1.325,0,55,0,-0.9,339,3
2021-12-31 04,1.356,0,50,0,-1.9,334,5
2021-12-31 05,1.278,0,50,0,-1.9,320,3
2021-12-31 06,1.327,0,50,0,-1.9,322,3
2021-12-31 07,1.23,0,45,0,-1.9,319,4
2021-12-31 08,1.079,0,45,0,-1.9,328,3
2021-12-31 09,1.423,0,40,0,0,329,3
2021-12-31 10,2.356,0,45,0,1,331,6
2021-12-31 11,2.735,0,40,0,2,345,5
2021-12-31 12,0.983,0,35,0,3,334,5
2021-12-31 13,1.343,0,30,0,3,332,5
2021-12-31 14,2.361,0,30,0,3,336,6
2021-12-31 15,2.412,0,35,0,2,333,5
2021-12-31 16,2.244,0,35,0,1,321,4
2021-12-31 17,2.396,0,40,0,0,320,3
2021-12-31 18,2.426,0,45,0,-0.9,327,4
2021-12-31 19,2.058,0,45,0,-0.9,307,4
2021-12-31 20,1.454,0,45,0,-1.9,330,3
2021-12-31 21,1.505,0,45,0,-1.9,324,3
2021-12-31 22,1.567,0,40,0,-1.9,327,2
2021-12-31 23,1.405,0,40,0,-1.9,330,3
2022-01-01 00,1.49,0,40,0,-2.9,335,3
2022-01-01 01,1.276,0,35,0,-2.9,326,3
2022-01-01 02,1.266,0,35,0,-2.9,327,3
2022-01-01 03,1.369,0,35,0,-2.9,348,3
2022-01-01 04,1.248,0,35,0,-2.9,324,2
2022-01-01 05,1.287,0,35,0,-3.9,334,1
2022-01-01 06,1.378,0,35,0,-3.9,322,2
2022-01-01 07,1.175,0,40,0,-3.9,323,2
2022-01-01 08,1.343,0,30,0,-1.9,352,1
2022-01-01 09,1.304,0,20,0,0,4,2
2022-01-01 10,2.531,0,20,0,2,30,1
2022-01-01 11,2.452,0,15,0,4,20,2
2022-01-01 12,1.425,0,15,0,6,61,1
2022-01-01 13,0.966,0,15,0,7,113,1
2022-01-01 14,1.842,0,15,0,7,168,1
2022-01-01 15,2.422,0,20,0,7,182,2
2022-01-01 16,1.994,0,25,0,5,179,2
2022-01-01 17,2.11,0,25,0,3,197,1
2022-01-01 18,0.882,0,35,0,1,289,0
2022-01-01 19,1.121,0,40,0,0,317,0
2022-01-01 20,1.478,0,45,0,-0.9,311,1
2022-01-01 21,1.558,0,45,0,-0.9,314,1
2022-01-01 22,1.591,0,50,0,-1.9,311,1
2022-01-01 23,1.454,0,50,0,-1.9,317,1
2022-01-02 00,1.402,0,50,0,-1.9,309,1
2022-01-02 01,1.52,0,60,0,-3.9,240,0
2022-01-02 02,1.272,0,65,0,-2.9,329,1
2022-01-02 03,1.361,0,65,0,-3.9,292,0
2022-01-02 04,1.256,0,60,0,-3.9,309,0
2022-01-02 05,1.26,0,70,0,-4.9,325,0
2022-01-02 06,1.349,0,70,0,-4.9,170,1
2022-01-02 07,1.155,0,65,0,-4.9,285,0
2022-01-02 08,1.51,0,60,0,-1.9,212,1
2022-01-02 09,2.167,0,40,0,2,208,1
2022-01-02 10,1.59,0,35,0,6,122,1
2022-01-02 11,2.166,0,45,0,9,307,3
2022-01-02 12,2.163,0,50,0,9,325,4
2022-01-02 13,2.307,0,45,0,9,333,3
2022-01-02 14,2.144,0,45,0,8,329,4
2022-01-02 15,1.889,0,45,0,7,359,3
2022-01-02 16,1.445,0,45,0,6,335,2
2022-01-02 17,1.271,0,55,0,4,324,2
2022-01-02 18,0.695,0,50,0,4,329,3
2022-01-02 19,0.842,0,50,0,3,315,3
2022-01-02 20,0.742,0,55,0,3,321,3
2022-01-02 21,0.829,0,60,0,2,324,3
2022-01-02 22,0.73,0,60,0,1,309,1
2022-01-02 23,0.754,0,65,0,0,323,2
2022-01-03 00,1.222,0,65,0,0,336,3
2022-01-03 01,1.502,0,65,0,-0.9,332,3
2022-01-03 02,1.318,0,65,0,-0.9,303,2
2022-01-03 03,1.414,0,65,0,-1.9,323,2
2022-01-03 04,1.341,0,65,0,-1.9,329,2
2022-01-03 05,1.392,0,65,0,-3.9,288,1
2022-01-03 06,1.315,0,60,0,-2.9,312,1
2022-01-03 07,1.365,0,70,0,-4.9,250,1
2022-01-03 08,1.491,0,50,0,0,332,1
2022-01-03 09,2.094,0,35,0,2,350,1
2022-01-03 10,2.212,0,25,0,5,123,0
2022-01-03 11,2.475,0,10,0,8,278,2
2022-01-03 12,2.108,0,10,0,9,311,3
2022-01-03 13,0.934,0,10,0,9,342,4
2022-01-03 14,1.097,0,15,0,9,326,3
2022-01-03 15,1.601,0,25,0,8,347,5
2022-01-03 16,1.798,0,30,0,6,350,4
2022-01-03 17,2.381,0,35,0,5,314,2
2022-01-03 18,3.969,0,35,0,4,311,2
2022-01-03 19,1.454,0,40,0,3,311,2
2022-01-03 20,1.458,0,45,0,3,310,3
2022-01-03 21,1.434,0,50,0,2,314,3
2022-01-03 22,1.46,0,55,0,2,295,2
2022-01-03 23,1.546,0,60,0,2,302,2
2022-01-04 00,1.559,0,65,0,0,293,1
2022-01-04 01,0.59,0,70,0,0,292,1
2022-01-04 02,0.43,0,70,0,0,290,1
2022-01-04 03,0.542,0,75,0,-0.9,125,0
2022-01-04 04,0.833,0,65,0,1,293,1
2022-01-04 05,1.378,0,70,0,1,299,1
2022-01-04 06,1.279,0,70,0,2,304,1
2022-01-04 07,1.405,0,75,0,1,294,1
2022-01-04 08,1.238,0,65,0,4,312,2
2022-01-04 09,1.46,0,45,0,5,332,4
2022-01-04 10,2.763,0,40,0,7,317,4
2022-01-04 11,2.996,0,35,0,7,325,5
2022-01-04 12,2.455,0,25,0,8,318,4
2022-01-04 13,0.9,0,15,0,8,321,4
2022-01-04 14,2.011,0,15,0,9,321,4
2022-01-04 15,2.438,0,15,0,8,313,4
2022-01-04 16,2.86,0,15,0,7,313,4
2022-01-04 17,2.901,0,20,0,5,328,2
2022-01-04 18,1.722,0,25,0,4,331,3
2022-01-04 19,1.145,0,35,0,4,334,4
2022-01-04 20,0.867,0,35,0,4,328,3
2022-01-04 21,1.464,0,40,0,3,331,3
2022-01-04 22,1.016,0,40,0,2,339,2
2022-01-04 23,1.277,0,45,0,2,327,3
2022-01-05 00,1.37,0,45,0,2,344,3
2022-01-05 01,1.503,0,45,0,1,337,2
2022-01-05 02,1.332,0,45,0,1,323,1
2022-01-05 03,1.3,0,45,0,1,340,2
2022-01-05 04,1.315,0,45,0,1,324,1
2022-01-05 05,1.043,0,45,0,1,331,1
2022-01-05 06,1.27,0,40,0,1,303,1
2022-01-05 07,1.123,0,45,0,1,296,1
2022-01-05 08,1.033,0,40,0,3,348,1
2022-01-05 09,1.46,0,30,0,3,17,1
2022-01-05 10,2.241,0,30,0,4,20,1
2022-01-05 11,1.635,0,25,0,5,1,1
2022-01-05 12,1.767,0,25,0,6,179,0
2022-01-05 13,2.923,0,25,0,7,110,1
2022-01-05 14,2.263,0,30,0,8,148,1
2022-01-05 15,1.825,5,40,0.1,7,89,1
2022-01-05 16,1.613,5,40,0.1,7,67,0
2022-01-05 17,1.737,5,55,0.1,7,46,1
2022-01-05 18,0.764,5,65,0.1,6,8,2
2022-01-05 19,0.972,5,80,0.2,5,360,1
2022-01-05 20,1.011,5,85,0.2,5,295,1
2022-01-05 21,1.465,5,85,0.1,4,312,2
2022-01-05 22,1.257,0,85,0,4,305,1
2022-01-05 23,2.302,0,85,0,4,313,1
2022-01-06 00,1.43,0,85,0,4,303,1
2022-01-06 01,1.367,0,85,0,4,308,1
2022-01-06 02,1.49,0,75,0,4,329,2
2022-01-06 03,1.349,0,65,0,4,322,1
2022-01-06 04,1.458,0,60,0,4,335,1
2022-01-06 05,1.262,0,55,0,4,343,2
2022-01-06 06,1.214,0,40,0,3,329,3
2022-01-06 07,1.111,0,40,0,3,331,3
2022-01-06 08,0.79,0,35,0,4,336,4
2022-01-06 09,0.846,0,20,0,6,334,3
2022-01-06 10,2.709,0,15,0,8,341,5
2022-01-06 11,3.021,0,10,0,9,344,5
2022-01-06 12,2.284,0,15,0,9,344,5
2022-01-06 13,1.783,0,15,0,9,337,5
2022-01-06 14,2.409,0,15,0,9,329,5
2022-01-06 15,2.149,0,15,0,8,334,6
2022-01-06 16,2.92,0,20,0,7,336,4
2022-01-06 17,2.329,0,20,0,5,331,4
2022-01-06 18,1.701,0,25,0,4,329,4
2022-01-06 19,0.806,0,30,0,4,335,4
2022-01-06 20,0.833,0,35,0,3,334,3
2022-01-06 21,1.139,0,40,0,2,336,3
2022-01-06 22,1.371,0,45,0,0,333,2
2022-01-06 23,1.117,0,50,0,0,327,2
2022-01-07 00,1.184,0,55,0,-0.9,327,2
2022-01-07 01,1.524,0,60,0,-0.9,320,2
2022-01-07 02,1.506,0,60,0,-1.9,326,2
2022-01-07 03,1.23,0,60,0,-2.9,316,2
2022-01-07 04,1.353,0,60,0,-1.9,303,1
2022-01-07 05,1.23,0,65,0,-3.9,315,1
2022-01-07 06,1.215,0,65,0,-3.9,310,1
2022-01-07 07,1.439,0,65,0,-3.9,317,1
2022-01-07 08,1.659,0,60,0,-0.9,307,1
2022-01-07 09,2.043,0,45,0,2,332,1
2022-01-07 10,1.774,0,35,0,5,16,1
2022-01-07 11,1.708,0,20,0,7,96,0
2022-01-07 12,1.567,0,20,0,8,113,1
2022-01-07 13,2.249,0,20,0,10,170,1
2022-01-07 14,1.115,0,15,0,10,243,2
2022-01-07 15,1.871,0,15,0,10,237,2
2022-01-07 16,2.898,0,15,0,9,286,2
2022-01-07 17,2.329,0,15,0,7,303,2
2022-01-07 18,1.588,0,20,0,4,327,1
2022-01-07 19,2.622,0,30,0,3,283,1
2022-01-07 20,2.789,0,35,0,2,313,1
2022-01-07 21,1.601,0,40,0,1,299,1
2022-01-07 22,1.424,0,45,0,-0.9,323,1
2022-01-07 23,1.572,0,40,0,0,306,1
2022-01-08 00,1.301,0,45,0,-1.9,334,1
2022-01-08 01,1.29,0,50,0,-2.9,306,1
2022-01-08 02,1.393,0,50,0,-1.9,322,1
2022-01-08 03,1.234,0,55,0,-2.9,319,1
2022-01-08 04,1.208,0,50,0,-2.9,229,1
2022-01-08 05,1.353,0,50,0,-2.9,287,1
2022-01-08 06,1.032,0,55,0,-3.9,325,1
2022-01-08 07,1.114,0,50,0,-2.9,309,1
2022-01-08 08,0.937,0,50,0,-0.9,339,0
2022-01-08 09,1.607,0,35,0,3,297,0
2022-01-08 10,2.573,0,20,0,6,337,2
2022-01-08 11,1.746,0,15,0,8,315,2
2022-01-08 12,2.284,0,15,0,9,303,3
2022-01-08 13,2.01,0,15,0,10,294,2
2022-01-08 14,1.405,0,15,0,10,299,3
2022-01-08 15,2.768,0,20,0,10,322,4
2022-01-08 16,2.099,0,25,0,8,341,3
2022-01-08 17,1.55,0,25,0,6,327,2
2022-01-08 18,0.974,0,35,0,5,333,4
2022-01-08 19,0.924,0,45,0,5,340,3
2022-01-08 20,1.647,0,55,0,4,324,3
2022-01-08 21,1.711,0,55,0,3,308,3
2022-01-08 22,1.374,0,55,0,4,304,2
2022-01-08 23,1.332,0,60,0,3,301,1
2022-01-09 00,1.46,0,60,0,3,281,1
2022-01-09 01,1.3,0,65,0,3,324,2
2022-01-09 02,1.334,0,65,0,2,323,1
2022-01-09 03,1.437,0,70,0,1,65,1
2022-01-09 04,1.308,0,75,0,0,188,0
2022-01-09 05,1.274,0,75,0,0,179,0
2022-01-09 06,1.403,0,80,0,0,330,0
2022-01-09 07,1.271,0,75,0,0,303,1
2022-01-09 08,1.422,0,75,0,1,200,1
2022-01-09 09,2.615,0,65,0,5,196,1
2022-01-09 10,1.962,0,55,0,7,174,1
2022-01-09 11,1.581,0,50,0,8,251,0
2022-01-09 12,1.675,0,45,0,9,28,1
2022-01-09 13,2.018,0,40,0,9,7,2
2022-01-09 14,1.611,0,40,0,11,321,1
2022-01-09 15,1.726,0,40,0,10,316,2
2022-01-09 16,2.038,0,45,0,9,309,1
2022-01-09 17,1.213,0,50,0,7,341,2
2022-01-09 18,0.719,0,55,0,6,335,2
2022-01-09 19,0.715,0,60,0,5,323,2
2022-01-09 20,0.821,0,60,0,4,328,2
2022-01-09 21,0.742,0,65,0,3,328,2
2022-01-09 22,0.836,0,70,0,2,329,1
2022-01-09 23,0.734,0,75,0,1,308,1
2022-01-10 00,1.557,0,75,0,0,318,2
2022-01-10 01,1.629,0,80,0,0,327,1
2022-01-10 02,1.402,0,80,0,-0.9,317,1
2022-01-10 03,1.305,0,85,0,-0.9,309,1
2022-01-10 04,1.399,0,85,0,-0.9,310,1
2022-01-10 05,1.285,0,85,0,-1.9,333,1
2022-01-10 06,1.266,0,85,0,-0.9,327,1
2022-01-10 07,1.433,0,85,0,-0.9,321,1
2022-01-10 08,1.304,0,80,0,1,334,1
2022-01-10 09,1.581,0,70,0,3,330,1
2022-01-10 10,3.114,0,60,0,5,22,1
2022-01-10 11,2.449,0,50,0,8,231,0
2022-01-10 12,1.401,0,45,0,10,257,1
2022-01-10 13,1.587,0,40,0,10,227,0
2022-01-10 14,2.37,0,35,0,11,248,2
2022-01-10 15,2.075,0,35,0,10,209,2
2022-01-10 16,2.182,0,40,0,9,211,3
2022-01-10 17,2.479,0,50,0,7,243,2
2022-01-10 18,1.558,0,55,0,6,298,1
2022-01-10 19,1.236,0,45,0,7,327,2
2022-01-10 20,1.336,0,40,0,6,316,2
2022-01-10 21,1.331,0,35,0,6,312,3
2022-01-10 22,1.047,0,40,0,5,327,4
2022-01-10 23,1.304,0,45,0,5,321,3
2022-01-11 00,1.522,0,45,0,4,336,3
2022-01-11 01,1.365,0,50,0,4,324,3
2022-01-11 02,1.488,0,55,0,4,332,4
2022-01-11 03,1.333,0,60,0,3,321,3
2022-01-11 04,1.346,0,65,0,3,331,4
2022-01-11 05,1.48,0,60,0,3,322,4
2022-01-11 06,1.325,0,55,0,2,328,4
2022-01-11 07,1.462,0,60,0,0,336,4
2022-01-11 08,1.75,0,55,0,0,325,4
2022-01-11 09,2.643,0,50,0,0,335,6
2022-01-11 10,3.087,0,35,0,1,337,6
2022-01-11 11,1.848,0,30,0,2,329,6
2022-01-11 12,1.996,0,35,0,2,331,7
2022-01-11 13,1.131,0,40,0,1,343,7
2022-01-11 14,0.915,0,35,0,1,347,6
2022-01-11 15,2.223,0,35,0,1,333,7
2022-01-11 16,2.48,0,40,0,0,319,4
2022-01-11 17,2.574,0,45,0,-0.9,333,3
2022-01-11 18,1.806,0,50,0,-1.9,337,4
2022-01-11 19,0.956,0,50,0,-1.9,336,4
2022-01-11 20,1.147,0,50,0,-1.9,336,5
2022-01-11 21,1.699,0,50,0,-2.9,345,4
2022-01-11 22,1.842,0,50,0,-2.9,341,2
2022-01-11 23,1.213,0,55,0,-2.9,338,3
2022-01-12 00,1.685,0,55,0,-3.9,340,4
2022-01-12 01,1.545,0,55,0,-3.9,339,4
2022-01-12 02,1.463,0,55,0,-3.9,339,4
2022-01-12 03,1.399,0,55,0,-3.9,333,4
2022-01-12 04,1.357,0,55,0,-4.9,326,3
2022-01-12 05,1.474,0,55,0,-4.9,324,3
2022-01-12 06,1.329,0,55,0,-4.9,311,3
2022-01-12 07,1.457,0,55,0,-4.9,311,3
2022-01-12 08,1.373,0,55,0,-2.9,310,3
2022-01-12 09,2.369,0,45,0,-0.9,327,4
2022-01-12 10,3.098,0,40,0,0,324,5
2022-01-12 11,2.006,0,35,0,1,320,5
2022-01-12 12,1.666,0,30,0,2,322,5
2022-01-12 13,1.137,0,30,0,3,337,4
2022-01-12 14,2.519,0,30,0,4,325,4
2022-01-12 15,2.746,0,30,0,4,329,4
2022-01-12 16,2.331,0,35,0,2,322,5
2022-01-12 17,1.286,0,45,0,0,324,4
2022-01-12 18,0.994,0,50,0,-0.9,323,4
2022-01-12 19,0.94,0,50,0,-0.9,333,4
2022-01-12 20,0.788,0,50,0,-0.9,330,3
2022-01-12 21,1.389,0,50,0,-1.9,329,2
2022-01-12 22,1.6,0,50,0,-1.9,330,3
2022-01-12 23,1.446,0,40,0,-0.9,311,3
2022-01-13 00,1.325,0,40,0,-1.9,350,2
2022-01-13 01,1.691,0,40,0,-2.9,319,2
2022-01-13 02,1.562,0,45,0,-2.9,266,2
2022-01-13 03,1.39,0,55,0,-1.9,281,2
2022-01-13 04,1.528,0,55,0,-1.9,331,2
2022-01-13 05,1.407,0,50,0,-1.9,325,2
2022-01-13 06,1.47,0,50,0,-2.9,320,2
2022-01-13 07,1.481,0,50,0,-1.9,303,1
2022-01-13 08,1.964,0,50,0,-0.9,305,1
2022-01-13 09,1.775,0,50,0,0,337,4
2022-01-13 10,2.606,0,45,0,0,340,6
2022-01-13 11,2.034,0,45,0,0,337,6
2022-01-13 12,1.928,0,35,0,1,334,6
2022-01-13 13,1.677,0,35,0,2,338,5
2022-01-13 14,1.708,0,35,0,2,336,6
2022-01-13 15,1.829,0,45,0,1,319,6
2022-01-13 16,3.228,0,45,0,0,314,5
2022-01-13 17,2.396,0,50,0,-0.9,322,5
2022-01-13 18,1.055,0,55,0,-0.9,325,3
2022-01-13 19,1.091,0,50,0,-0.9,332,4
2022-01-13 20,0.9,0,50,0,-0.9,333,3
2022-01-13 21,1.613,0,50,0,-0.9,329,5
2022-01-13 22,1.991,0,50,0,-1.9,338,4
2022-01-13 23,1.477,0,50,0,-1.9,341,4
2022-01-14 00,1.565,0,50,0,-1.9,338,2
2022-01-14 01,1.556,0,50,0,-2.9,357,3
2022-01-14 02,1.696,0,50,0,-3.9,342,3
2022-01-14 03,1.438,0,50,0,-3.9,317,2
2022-01-14 04,1.41,0,50,0,-3.9,313,3
2022-01-14 05,1.55,0,50,0,-3.9,315,4
2022-01-14 06,1.406,0,55,0,-3.9,315,4
2022-01-14 07,1.573,0,55,0,-2.9,314,2
2022-01-14 08,1.764,0,50,0,-1.9,322,4
2022-01-14 09,2.28,0,35,0,0,330,4
2022-01-14 10,3.157,0,25,0,2,338,4
2022-01-14 11,3.407,0,25,0,3,331,4
2022-01-14 12,2.098,0,20,0,5,337,4
2022-01-14 13,1.26,0,15,0,6,355,3
2022-01-14 14,2.13,0,15,0,6,344,4
2022-01-14 15,1.91,0,10,0,7,342,2
2022-01-14 16,1.788,0,15,0,5,307,2
2022-01-14 17,2.123,0,20,0,3,321,1
2022-01-14 18,1.51,0,30,0,1,279,1
2022-01-14 19,1.032,0,35,0,0,349,1
2022-01-14 20,1.046,0,35,0,-0.9,320,1
2022-01-14 21,1.252,0,40,0,-0.9,304,1
2022-01-14 22,1.631,0,40,0,-1.9,272,1
2022-01-14 23,1.743,0,45,0,-1.9,315,1
2022-01-15 00,1.679,0,40,0,-0.9,331,1
2022-01-15 01,1.429,0,45,0,-1.9,237,0
2022-01-15 02,1.539,0,45,0,-0.9,335,1
2022-01-15 03,1.421,0,50,0,-1.9,218,1
2022-01-15 04,1.525,0,50,0,-2.9,206,0
2022-01-15 05,1.519,0,50,0,-1.9,313,0
2022-01-15 06,1.523,0,50,0,-2.9,250,0
2022-01-15 07,1.095,0,50,0,-2.9,269,1
2022-01-15 08,0.942,0,45,0,0,349,1
2022-01-15 09,0.857,0,30,0,2,3,2
2022-01-15 10,1.03,0,20,0,5,360,1
2022-01-15 11,1.804,0,20,0,7,3,2
2022-01-15 12,2.759,0,20,0,9,300,2
2022-01-15 13,1.151,0,25,0,10,312,2
2022-01-15 14,2.081,0,35,0,10,333,5
2022-01-15 15,2.616,0,35,0,10,334,4
2022-01-15 16,2.701,0,40,0,8,332,3
2022-01-15 17,2.101,0,45,0,7,308,2
2022-01-15 18,1.927,0,50,0,5,309,2
2022-01-15 19,1.728,0,55,0,4,255,1
2022-01-15 20,1.48,0,60,0,3,307,1
2022-01-15 21,1.448,0,70,0,2,24,1
2022-01-15 22,1.409,0,75,0,0,273,0
2022-01-15 23,1.631,0,75,0,0,49,0
2022-01-16 00,1.252,0,75,0,-0.9,44,0
2022-01-16 01,1.54,0,80,0,-0.9,186,0
2022-01-16 02,1.539,0,80,0,-0.9,295,0
2022-01-16 03,1.377,0,80,0,-0.9,303,0
2022-01-16 04,1.47,0,75,0,1,265,1
2022-01-16 05,1.381,0,75,0,3,269,1
2022-01-16 06,1.346,0,75,0,4,256,2
2022-01-16 07,1.92,0,70,0,5,264,1
2022-01-16 08,1.386,0,60,0,6,297,3
2022-01-16 09,1.569,0,50,0,7,305,3
2022-01-16 10,1.977,0,45,0,7,323,5
2022-01-16 11,2.614,0,45,0,6,327,5
2022-01-16 12,1.921,0,40,0,6,331,5
2022-01-16 13,1.978,0,35,0,7,315,5
2022-01-16 14,2.472,0,30,0,7,345,6
2022-01-16 15,1.217,0,30,0,6,328,5
2022-01-16 16,0.927,0,40,0,4,341,5
2022-01-16 17,0.82,0,45,0,2,334,4
2022-01-16 18,0.866,0,50,0,1,337,4
2022-01-16 19,0.768,0,50,0,0,330,3
2022-01-16 20,0.769,0,50,0,0,332,4
2022-01-16 21,1.175,0,50,0,-0.9,333,3
2022-01-16 22,0.866,0,50,0,-0.9,316,3
2022-01-16 23,0.758,0,55,0,-0.9,317,3
2022-01-17 00,0.887,0,55,0,-0.9,318,3
2022-01-17 01,1.718,0,55,0,-0.9,326,3
2022-01-17 02,1.415,0,55,0,-0.9,326,4
2022-01-17 03,1.44,0,55,0,-0.9,323,3
2022-01-17 04,1.317,0,55,0,-1.9,320,4
2022-01-17 05,1.31,0,55,0,-1.9,309,3
2022-01-17 06,1.408,0,55,0,-1.9,300,3
2022-01-17 07,1.498,0,55,0,-1.9,302,3
2022-01-17 08,1.83,0,50,0,-0.9,306,3
2022-01-17 09,2.068,0,45,0,1,319,3
2022-01-17 10,3.086,0,45,0,3,337,4
2022-01-17 11,1.992,0,40,0,4,339,5
2022-01-17 12,1.665,0,40,0,4,340,4
2022-01-17 13,1.725,0,40,0,5,325,4
2022-01-17 14,1.875,0,40,0,5,333,4
2022-01-17 15,1.963,0,45,0,4,336,3
2022-01-17 16,1.819,0,50,0,4,328,3
2022-01-17 17,2.029,0,50,0,3,315,3
2022-01-17 18,1.37,0,55,0,3,308,4
2022-01-17 19,0.775,0,50,0,3,308,3
2022-01-17 20,0.998,0,50,0,3,308,3
2022-01-17 21,1.701,0,50,0,3,332,5
2022-01-17 22,1.501,0,50,0,2,325,5
2022-01-17 23,1.601,0,55,0,1,342,6
2022-01-18 00,1.923,0,40,0,-0.9,333,5
2022-01-18 01,1.977,0,40,0,-1.9,337,3
2022-01-18 02,1.539,0,35,0,-1.9,321,4
2022-01-18 03,1.401,0,35,0,-2.9,327,5
2022-01-18 04,1.304,0,35,0,-2.9,315,3
2022-01-18 05,1.389,0,40,0,-3.9,335,3
2022-01-18 06,1.3,0,40,0,-3.9,325,3
2022-01-18 07,1.522,0,40,0,-3.9,327,4
2022-01-18 08,1.188,0,35,0,-2.9,333,3
2022-01-18 09,1.09,0,25,0,0,331,2
2022-01-18 10,2,0,20,0,1,344,3
2022-01-18 11,3.909,0,15,0,3,344,3
2022-01-18 12,2.603,0,10,0,4,352,3
2022-01-18 13,1.206,0,10,0,5,328,3
2022-01-18 14,1.693,0,10,0,6,338,3
2022-01-18 15,3.06,0,15,0,6,324,3
2022-01-18 16,2.548,0,15,0,5,311,3
2022-01-18 17,2.096,0,20,0,2,313,2
2022-01-18 18,1.553,0,25,0,1,327,2
2022-01-18 19,0.92,0,30,0,0,331,2
2022-01-18 20,0.814,0,35,0,0,320,2
2022-01-18 21,0.894,0,35,0,-0.9,336,3
2022-01-18 22,1.227,0,40,0,-1.9,333,2
2022-01-18 23,1.583,0,40,0,-1.9,330,2
2022-01-19 00,1.266,0,40,0,-2.9,333,2
2022-01-19 01,1.458,0,40,0,-2.9,334,2
2022-01-19 02,1.402,0,45,0,-2.9,326,2
2022-01-19 03,1.452,0,45,0,-3.9,336,3
2022-01-19 04,1.32,0,45,0,-3.9,329,2
2022-01-19 05,1.351,0,50,0,-3.9,348,2
2022-01-19 06,1.436,0,45,0,-3.9,329,2
2022-01-19 07,1.332,0,45,0,-3.9,310,2
2022-01-19 08,1.44,0,40,0,-1.9,314,1
2022-01-19 09,2.905,0,35,0,0,298,1
2022-01-19 10,2.746,0,30,0,2,351,1
2022-01-19 11,2.596,0,25,0,4,20,1
2022-01-19 12,2.018,0,20,0,6,172,2
2022-01-19 13,2.057,0,20,0,6,226,1
2022-01-19 14,2.377,0,20,0,8,206,2
2022-01-19 15,2.494,0,25,0,8,286,2
2022-01-19 16,2.366,0,30,0,7,295,3
2022-01-19 17,1.966,0,40,0,6,320,3
2022-01-19 18,1.97,0,50,0,5,312,2
2022-01-19 19,2.888,0,55,0,4,318,4
2022-01-19 20,1.994,0,60,0,3,335,3
2022-01-19 21,2.535,0,55,0,3,321,4
2022-01-19 22,1.504,0,60,0,2,312,4
2022-01-19 23,1.317,0,60,0,1,324,3
2022-01-20 00,1.358,0,50,0,0,333,4
2022-01-20 01,1.635,0,50,0,-0.9,343,4
2022-01-20 02,1.296,0,50,0,-1.9,334,5
2022-01-20 03,1.891,0,50,0,-2.9,335,4
2022-01-20 04,1.477,0,50,0,-2.9,332,4
2022-01-20 05,1.514,0,55,0,-3.9,339,3
2022-01-20 06,1.409,0,55,0,-3.9,340,4
2022-01-20 07,1.377,0,55,0,-4.9,331,3
2022-01-20 08,1.471,0,50,0,-2.9,337,3
2022-01-20 09,1.421,0,40,0,-0.9,354,3
2022-01-20 10,2.6,0,35,0,1,339,2
2022-01-20 11,3.246,0,30,0,3,309,1
2022-01-20 12,2.188,0,30,0,4,319,1
2022-01-20 13,2.049,0,30,0,5,338,1
2022-01-20 14,2.487,0,30,0,6,333,1
2022-01-20 15,1.819,0,30,0,6,285,1
2022-01-20 16,1.841,0,35,0,5,190,1
2022-01-20 17,1.954,0,40,0,3,253,1
2022-01-20 18,1.708,0,50,0,2,336,1
2022-01-20 19,1.026,0,50,0,1,303,1
2022-01-20 20,0.888,0,50,0,0,300,1
2022-01-20 21,0.951,0,50,0,0,289,1
2022-01-20 22,1.017,0,55,0,-0.9,310,2
2022-01-20 23,0.892,0,55,0,-1.9,328,1
2022-01-21 00,1.042,0,60,0,-1.9,312,1
2022-01-21 01,1.628,0,60,0,-2.9,299,1
2022-01-21 02,1.504,0,60,0,-2.9,315,1
2022-01-21 03,1.532,0,60,0,-3.9,324,1
2022-01-21 04,1.604,0,70,0,-3.9,329,1
2022-01-21 05,1.487,0,65,0,-4.9,324,1
2022-01-21 06,1.433,0,65,0,-4.9,318,2
2022-01-21 07,1.236,0,70,0,-4.9,322,1
2022-01-21 08,1.201,0,60,0,-1.9,319,1
2022-01-21 09,1.486,0,45,0,2,315,1
2022-01-21 10,1.371,0,35,0,5,54,0
2022-01-21 11,1.816,0,30,0,6,128,1
2022-01-21 12,1.627,0,35,0,7,262,0
2022-01-21 13,1.465,0,35,0,8,51,0
2022-01-21 14,2.743,0,35,0,9,206,0
2022-01-21 15,0.688,0,35,0,8,179,0
2022-01-21 16,0.386,0,40,0,7,223,1
2022-01-21 17,0.577,0,50,0,5,163,1
2022-01-21 18,0.621,0,55,0,3,292,0
2022-01-21 19,0.337,0,55,0,3,300,1
2022-01-21 20,0.363,0,60,0,1,320,1
2022-01-21 21,0.273,0,65,0,0,319,1
2022-01-21 22,0.368,0,70,0,0,320,1
2022-01-21 23,0.268,0,65,0,1,329,1
2022-01-22 00,0.256,0,65,0,1,311,1
2022-01-22 01,0.382,0,65,0,1,312,1
2022-01-22 02,0.247,0,60,0,2,277,0
2022-01-22 03,0.364,0,65,0,2,344,0
2022-01-22 04,0.246,0,65,0,2,299,0
2022-01-22 05,0.254,0,60,0,2,191,0
2022-01-22 06,0.368,0,65,0,2,216,0
2022-01-22 07,0.224,0,65,0,2,1,0
2022-01-22 08,0.282,0,60,0,4,120,1
2022-01-22 09,0.367,0,50,0,5,102,1
2022-01-22 10,0.273,0,40,0,9,109,1
2022-01-22 11,0.252,0,40,0,10,145,1
2022-01-22 12,0.383,0,40,0,11,126,1
2022-01-22 13,0.348,0,40,0,11,139,1
2022-01-22 14,0.295,0,40,0,12,71,0
2022-01-22 15,0.411,0,40,0,11,117,1
2022-01-22 16,0.293,0,45,0,10,103,0
2022-01-22 17,0.59,0,50,0,9,148,0
2022-01-22 18,1.339,0,50,0,9,190,1
2022-01-22 19,1.683,0,60,0,7,332,0
2022-01-22 20,1.536,0,65,0,6,316,1
2022-01-22 21,1.435,0,65,0,5,334,2
2022-01-22 22,1.568,0,65,0,5,322,1
2022-01-22 23,1.224,0,65,0,5,319,1
2022-01-23 00,1.418,0,65,0,5,319,1
2022-01-23 01,1.598,0,65,0,5,310,1
2022-01-23 02,1.444,0,70,0,5,324,1
2022-01-23 03,1.374,0,70,0,5,336,1
2022-01-23 04,1.241,0,75,0,5,323,1
2022-01-23 05,0.896,0,70,0,5,322,1
2022-01-23 06,0.968,0,70,0,5,350,0
2022-01-23 07,0.997,0,75,0,5,302,0
2022-01-23 08,0.893,0,70,0,6,324,1
2022-01-23 09,1.222,0,55,0,9,298,0
2022-01-23 10,2.838,0,50,0,11,151,0
2022-01-23 11,3.168,0,50,0,11,146,0
2022-01-23 12,2.387,0,45,0,12,160,1
2022-01-23 13,1.397,0,45,0,12,190,1
2022-01-23 14,1.311,0,45,0,13,147,1
2022-01-23 15,1.081,0,45,0,12,144,1
2022-01-23 16,1.041,0,50,0,11,155,1
2022-01-23 17,1.22,0,50,0,10,277,0
2022-01-23 18,1.182,0,55,0,10,295,0
2022-01-23 19,1.05,0,60,0,8,328,1
2022-01-23 20,1.741,0,60,0,8,317,1
2022-01-23 21,2.136,0,60,0,7,315,2
2022-01-23 22,2.469,0,70,0,5,313,1
2022-01-23 23,1.361,0,70,0,5,299,1
2022-01-24 00,1.277,0,70,0,5,332,1
2022-01-24 01,1.432,0,70,0,5,53,1
2022-01-24 02,1.227,0,75,0,4,352,0
2022-01-24 03,1.02,0,75,0,4,10,1
2022-01-24 04,1.054,0,75,0,4,35,1
2022-01-24 05,1.095,0,75,0,4,18,1
2022-01-24 06,0.986,0,70,0,5,27,1
2022-01-24 07,1.134,0,65,0,6,28,1
2022-01-24 08,1.561,0,60,0,7,66,2
2022-01-24 09,1.448,0,50,0,9,94,4
2022-01-24 10,1.627,0,45,0,10,93,3
2022-01-24 11,1.462,0,45,0,9,94,3
2022-01-24 12,1.201,0,45,0,9,103,3
2022-01-24 13,1.394,0,40,0,9,104,3
2022-01-24 14,1.909,0,40,0,9,97,3
2022-01-24 15,1.849,0,40,0,9,97,3
2022-01-24 16,1.805,0,40,0,8,92,3
2022-01-24 17,1.904,0,45,0,8,94,2
2022-01-24 18,2.165,0,45,0,7,90,2
2022-01-24 19,1.782,0,45,0,7,94,2
2022-01-24 20,1.665,0,45,0,7,83,2
2022-01-24 21,1.124,0,50,0,6,76,2
2022-01-24 22,1.177,0,50,0,6,89,2
2022-01-24 23,1.071,0,50,0,6,51,1
2022-01-25 00,1.112,0,45,0,6,58,1
2022-01-25 01,1.167,0,50,0,6,86,1
2022-01-25 02,0.929,0,50,0,6,34,1
2022-01-25 03,0.918,0,50,0,5,80,1
2022-01-25 04,1.019,0,55,0,6,308,0
2022-01-25 05,0.868,0,55,0,5,78,0
2022-01-25 06,0.9,0,55,0,5,331,1
2022-01-25 07,0.91,0,55,0,5,288,1
2022-01-25 08,1.034,0,50,0,6,328,1
2022-01-25 09,1.065,0,45,0,7,338,2
2022-01-25 10,1.171,0,50,0,8,349,2
2022-01-25 11,1.129,0,50,0,7,326,2
2022-01-25 12,1.085,0,50,0,8,318,2
2022-01-25 13,2.185,0,50,0,8,277,1
2022-01-25 14,1.629,0,55,0,8,261,2
2022-01-25 15,1.141,0,55,0,8,224,2
2022-01-25 16,1.852,0,60,0,8,243,2
2022-01-25 17,1.83,0,60,0,7,282,2
2022-01-25 18,1.33,0,65,0,7,272,1
2022-01-25 19,0.863,0,60,0,7,283,2
2022-01-25 20,1.153,0,65,0,7,305,2
2022-01-25 21,1.188,0,65,0,6,295,3
2022-01-25 22,1.171,0,65,0,6,322,2
2022-01-25 23,1.455,0,60,0,5,302,2
2022-01-26 00,1.313,0,65,0,4,290,3
2022-01-26 01,1.577,0,65,0,3,335,2
2022-01-26 02,1.778,0,65,0,3,310,2
2022-01-26 03,1.454,0,60,0,3,314,2
2022-01-26 04,1.502,0,60,0,3,314,2
2022-01-26 05,1.564,0,60,0,3,326,3
2022-01-26 06,1.422,0,60,0,3,321,2
2022-01-26 07,1.379,0,60,0,3,325,3
2022-01-26 08,1.17,0,50,0,4,338,4
2022-01-26 09,1.185,0,45,0,6,342,3
2022-01-26 10,1.275,0,40,0,6,328,4
2022-01-26 11,1.151,0,40,0,8,314,4
2022-01-26 12,1.187,0,35,0,9,329,5
2022-01-26 13,1.175,0,35,0,9,342,4
2022-01-26 14,1.442,0,35,0,9,344,4
2022-01-26 15,0.626,0,30,0,9,340,3
2022-01-26 16,0.548,0,35,0,8,324,3
2022-01-26 17,0.522,0,40,0,7,337,3
2022-01-26 18,1.25,0,45,0,6,336,2
2022-01-26 19,1.907,0,50,0,5,331,3
2022-01-26 20,1.481,0,50,0,5,327,3
2022-01-26 21,1.642,0,55,0,4,330,3
2022-01-26 22,1.555,0,55,0,4,342,3
2022-01-26 23,1.604,0,55,0,4,335,3
2022-01-27 00,1.746,0,55,0,4,338,2
2022-01-27 01,1.304,0,55,0,4,334,3
2022-01-27 02,1.079,0,60,0,3,334,3
2022-01-27 03,1.135,0,60,0,3,331,3
2022-01-27 04,0.981,0,65,0,3,318,2
2022-01-27 05,0.966,0,65,0,2,322,2
2022-01-27 06,1.097,0,60,0,2,335,2
2022-01-27 07,1.045,0,65,0,1,332,3
2022-01-27 08,1.107,0,55,0,2,337,3
2022-01-27 09,1.69,0,45,0,4,348,3
2022-01-27 10,2.697,0,30,0,6,355,2
2022-01-27 11,3.072,0,30,0,6,347,2
2022-01-27 12,1.806,0,25,0,9,331,2
2022-01-27 13,1.611,0,20,0,9,355,2
2022-01-27 14,1.147,0,15,0,11,337,2
2022-01-27 15,1.202,0,15,0,10,309,2
2022-01-27 16,1.29,0,20,0,10,312,3
2022-01-27 17,1.146,0,25,0,7,323,4
2022-01-27 18,0.979,0,25,0,6,323,3
2022-01-27 19,1.089,0,35,0,5,333,5
2022-01-27 20,1.2,0,40,0,4,328,4
2022-01-27 21,1.189,0,45,0,3,326,4
2022-01-27 22,2.159,0,45,0,3,331,5
2022-01-27 23,2.052,0,50,0,2,326,4
2022-01-28 00,1.085,0,50,0,2,324,3
2022-01-28 01,0.961,0,50,0,1,332,3
2022-01-28 02,1.254,0,45,0,1,323,4
2022-01-28 03,1.113,0,40,0,1,331,3
2022-01-28 04,1.141,0,40,0,1,332,3
2022-01-28 05,1.069,0,40,0,1,332,3
2022-01-28 06,1.249,0,40,0,1,347,2
2022-01-28 07,1.385,0,35,0,1,315,2
2022-01-28 08,2.336,0,35,0,2,336,4
2022-01-28 09,1.924,0,35,0,2,332,5
2022-01-28 10,1.192,0,30,0,4,331,5
2022-01-28 11,1.052,0,20,0,6,331,4
2022-01-28 12,2.146,0,15,0,8,334,4
2022-01-28 13,1.657,0,15,0,8,308,5
2022-01-28 14,1.014,0,15,0,8,322,5
2022-01-28 15,0.964,0,15,0,8,331,5
2022-01-28 16,1.12,0,20,0,7,327,4
2022-01-28 17,1.397,0,25,0,5,333,4
2022-01-28 18,1.793,0,30,0,4,336,4
2022-01-28 19,2.269,0,35,0,3,330,4
2022-01-28 20,2.208,0,40,0,2,331,3
2022-01-28 21,1.261,0,45,0,2,331,4
2022-01-28 22,1.33,0,45,0,2,329,4
2022-01-28 23,1.657,0,45,0,1,335,5
2022-01-29 00,1.804,0,40,0,1,334,4
2022-01-29 01,1.197,0,40,0,1,331,4
2022-01-29 02,0.984,0,35,0,1,323,4
2022-01-29 03,0.968,0,35,0,1,324,5
2022-01-29 04,1.048,0,35,0,1,319,4
2022-01-29 05,0.938,0,35,0,1,332,3
2022-01-29 06,1.127,0,35,0,1,336,3
2022-01-29 07,0.884,0,30,0,1,330,3
2022-01-29 08,0.929,0,30,0,1,335,3
2022-01-29 09,2.366,0,30,0,2,340,3
2022-01-29 10,2.921,0,25,0,3,329,4
2022-01-29 11,2.978,0,20,0,5,346,4
2022-01-29 12,1.602,0,20,0,6,341,4
2022-01-29 13,1.125,0,15,0,6,338,5
2022-01-29 14,2.474,0,15,0,7,331,5
2022-01-29 15,2.48,0,15,0,7,338,5
2022-01-29 16,2.319,0,15,0,6,336,4
2022-01-29 17,2.611,0,20,0,4,333,4
2022-01-29 18,2.261,0,25,0,3,331,4
2022-01-29 19,1.093,0,30,0,3,340,4
2022-01-29 20,0.83,0,35,0,2,333,4
2022-01-29 21,1.021,0,40,0,2,341,4
2022-01-29 22,1.556,0,35,0,1,331,4
2022-01-29 23,1.422,0,35,0,1,340,4
2022-01-30 00,1.472,0,35,0,1,333,3
2022-01-30 01,1.573,0,30,0,1,336,4
2022-01-30 02,1.57,0,30,0,0,330,2
2022-01-30 03,1.352,0,30,0,0,335,3
2022-01-30 04,0.909,0,30,0,0,331,3
2022-01-30 05,1.082,0,30,0,0,333,3
2022-01-30 06,1.061,0,35,0,-0.9,337,2
2022-01-30 07,1.434,0,35,0,-1.9,326,2
2022-01-30 08,1.574,0,35,0,0,345,2
2022-01-30 09,1.913,0,30,0,2,354,2
2022-01-30 10,1.784,0,25,0,4,22,1
2022-01-30 11,1.964,0,20,0,6,25,1
2022-01-30 12,1.794,0,15,0,7,6,1
2022-01-30 13,1.885,0,15,0,8,313,3
2022-01-30 14,2.474,0,10,0,9,337,4
2022-01-30 15,1.841,0,15,0,7,327,5
2022-01-30 16,1.869,0,10,0,7,333,5
2022-01-30 17,0.852,0,15,0,5,327,4
2022-01-30 18,0.898,0,20,0,4,320,4
2022-01-30 19,0.791,0,30,0,3,334,5
2022-01-30 20,0.778,0,35,0,1,333,4
2022-01-30 21,1.579,0,40,0,1,331,3
2022-01-30 22,0.789,0,45,0,0,327,3
2022-01-30 23,0.888,0,40,0,0,324,3
2022-01-31 00,0.839,0,35,0,0,314,3
2022-01-31 01,1.671,0,40,0,-0.9,326,4
2022-01-31 02,1.398,0,40,0,-0.9,312,4
2022-01-31 03,1.479,0,40,0,-0.9,309,3
2022-01-31 04,1.363,0,40,0,-0.9,331,3
2022-01-31 05,1.337,0,40,0,-1.9,326,2
2022-01-31 06,1.467,0,40,0,-1.9,334,2
2022-01-31 07,1.336,0,40,0,-0.9,341,2
2022-01-31 08,0.932,0,35,0,0,341,3
2022-01-31 09,1.635,0,25,0,3,343,2
2022-01-31 10,1.784,0,15,0,4,327,4
2022-01-31 11,1.971,0,15,0,6,341,2
2022-01-31 12,1.935,0,10,0,8,347,2
2022-01-31 13,1.584,0,10,0,9,295,2
2022-01-31 14,1.438,0,10,0,9,304,3
2022-01-31 15,1.913,0,15,0,9,294,3
2022-01-31 16,1.774,0,15,0,9,313,2
2022-01-31 17,1.943,0,25,0,6,308,1
2022-01-31 18,1.117,0,30,0,5,279,1
2022-01-31 19,0.84,0,35,0,3,303,2
2022-01-31 20,1.587,0,40,0,3,309,3
2022-01-31 21,1.524,0,45,0,2,316,2
2022-01-31 22,1.537,0,50,0,1,24,0
2022-01-31 23,1.546,0,55,0,0,191,0
2022-02-01 00,1.631,7,50,0.1,2,263,1
2022-02-01 01,1.714,0,60,0,2,275,2
2022-02-01 02,1.54,0,65,0,2,270,2
2022-02-01 03,1.326,0,75,0,2,264,2
2022-02-01 04,1.425,0,70,0,2,308,3
2022-02-01 05,1.316,0,65,0,2,306,3
2022-02-01 06,1.288,0,65,0,2,313,4
2022-02-01 07,1.486,0,60,0,2,299,3
2022-02-01 08,1.822,0,50,0,3,306,4
2022-02-01 09,2.954,0,45,0,4,323,4
2022-02-01 10,3.68,0,45,0,5,332,6
2022-02-01 11,3.789,0,40,0,5,323,5
2022-02-01 12,2.14,0,30,0,6,320,6
2022-02-01 13,1.578,0,35,0,7,328,7
2022-02-01 14,1.63,0,45,0,5,319,6
2022-02-01 15,3.109,0,40,0,5,319,6
2022-02-01 16,3.215,0,45,0,4,342,4
2022-02-01 17,2.618,0,45,0,3,335,3
2022-02-01 18,2.183,0,50,0,2,318,3
2022-02-01 19,1.706,0,50,0,2,326,3
2022-02-01 20,1.482,0,50,0,2,331,2
2022-02-01 21,2.034,0,55,0,1,331,3
2022-02-01 22,2.56,0,55,0,1,328,3
2022-02-01 23,1.768,0,55,0,1,336,2
2022-02-02 00,2.305,0,55,0,0,330,3
2022-02-02 01,2.323,0,55,0,1,337,3
2022-02-02 02,2.076,0,55,0,0,326,3
2022-02-02 03,2.132,0,55,0,0,310,3
2022-02-02 04,2.111,0,55,0,0,311,3
2022-02-02 05,2.03,0,55,0,0,316,2
2022-02-02 06,2.069,0,55,0,1,335,2
2022-02-02 07,2.088,0,55,0,1,329,2
2022-02-02 08,2.258,0,50,0,2,316,3
2022-02-02 09,2.38,0,50,0,3,335,4
2022-02-02 10,3.636,0,45,0,4,338,3
2022-02-02 11,3.539,0,45,0,4,336,4
2022-02-02 12,2.518,0,40,0,5,344,3
2022-02-02 13,1.601,0,35,0,6,343,3
2022-02-02 14,2.917,0,25,0,7,357,4
2022-02-02 15,3.197,0,20,0,7,344,5
2022-02-02 16,2.754,0,20,0,6,341,4
2022-02-02 17,2.338,0,25,0,4,308,3
2022-02-02 18,2.671,0,30,0,3,309,2
2022-02-02 19,1.42,0,40,0,2,298,2
2022-02-02 20,2.079,0,45,0,1,312,2
2022-02-02 21,2.295,0,45,0,1,327,2
2022-02-02 22,2.113,0,35,0,1,311,2
2022-02-02 23,2.079,0,35,0,1,315,2
2022-02-03 00,2.169,0,45,0,0,313,2
2022-02-03 01,2.158,0,45,0,0,320,2
2022-02-03 02,2.137,0,50,0,0,271,2
2022-02-03 03,1.955,0,55,0,0,257,2
2022-02-03 04,2.036,0,60,0,-0.9,263,1
2022-02-03 05,1.928,0,60,0,-0.9,261,1
2022-02-03 06,1.907,0,55,0,0,297,2
2022-02-03 07,2.046,0,55,0,0,290,1
2022-02-03 08,2.093,0,50,0,1,309,2
2022-02-03 09,2.16,0,40,0,3,312,2
2022-02-03 10,3.431,0,35,0,4,318,4
2022-02-03 11,3.668,0,30,0,5,314,3
2022-02-03 12,2.708,0,30,0,6,317,4
2022-02-03 13,2.128,0,25,0,7,328,4
2022-02-03 14,2.449,0,25,0,7,336,4
2022-02-03 15,2.469,0,20,0,7,338,3
2022-02-03 16,2.556,0,20,0,6,343,4
2022-02-03 17,2.748,0,25,0,4,335,3
2022-02-03 18,2.854,0,30,0,3,331,4
2022-02-03 19,1.94,0,30,0,3,335,4
2022-02-03 20,1.901,0,35,0,2,336,5
2022-02-03 21,2.161,0,35,0,1,340,5
2022-02-03 22,2.424,0,30,0,1,333,4
2022-02-03 23,2.248,0,25,0,0,337,5
2022-02-04 00,2.323,0,25,0,-0.9,335,5
2022-02-04 01,2.168,0,25,0,-0.9,330,3
2022-02-04 02,2.261,0,30,0,-0.9,339,2
2022-02-04 03,2.091,0,30,0,-0.9,344,2
2022-02-04 04,2.168,0,35,0,-1.9,332,4
2022-02-04 05,2.013,0,40,0,-1.9,315,3
2022-02-04 06,2.017,0,45,0,-1.9,306,2
2022-02-04 07,2.132,0,50,0,-2.9,294,1
2022-02-04 08,1.994,0,45,0,0,277,2
2022-02-04 09,2.656,0,45,0,3,291,3
2022-02-04 10,3.283,0,45,0,4,328,3
2022-02-04 11,2.693,0,40,0,5,339,3
2022-02-04 12,2.292,0,35,0,6,323,5
2022-02-04 13,2.485,0,30,0,6,327,6
2022-02-04 14,4.508,0,30,0,6,341,5
2022-02-04 15,2.267,0,25,0,6,324,4
2022-02-04 16,2.163,0,30,0,4,322,4
2022-02-04 17,2.173,0,35,0,3,338,3
2022-02-04 18,2.036,0,45,0,1,318,4
2022-02-04 19,1.805,0,50,0,1,313,4
2022-02-04 20,1.6,0,55,0,0,312,4
2022-02-04 21,1.766,0,50,0,-0.9,322,3
2022-02-04 22,1.931,0,55,0,-0.9,318,4
2022-02-04 23,1.7,0,55,0,-0.9,306,4
2022-02-05 00,1.849,0,60,0,-0.9,309,4
2022-02-05 01,1.794,0,60,0,-0.9,317,4
2022-02-05 02,1.671,0,60,0,-1.9,313,3
2022-02-05 03,1.648,0,60,0,-1.9,319,3
2022-02-05 04,1.799,0,60,0,-1.9,322,3
2022-02-05 05,1.633,0,60,0,-1.9,333,2
2022-02-05 06,1.412,0,65,0,-2.9,335,3
2022-02-05 07,1.241,0,60,0,-2.9,335,3
2022-02-05 08,1.315,0,50,0,-1.9,331,4
2022-02-05 09,1.83,0,50,0,-0.9,337,4
2022-02-05 10,2.762,0,40,0,-0.9,333,6
2022-02-05 11,2.615,0,35,0,1,327,6
2022-02-05 12,2.898,0,30,0,1,341,5
2022-02-05 13,1.35,0,30,0,2,330,7
2022-02-05 14,1.538,0,30,0,2,325,8
2022-02-05 15,2.063,0,30,0,2,335,6
2022-02-05 16,2.214,0,40,0,1,328,5
2022-02-05 17,2.551,0,45,0,0,335,3
2022-02-05 18,2.744,0,50,0,0,324,3
2022-02-05 19,2.901,0,55,0,-0.9,329,5
2022-02-05 20,2.741,0,55,0,-0.9,329,5
2022-02-05 21,1.931,0,55,0,-0.9,330,4
2022-02-05 22,1.81,0,60,0,-0.9,323,3
2022-02-05 23,1.664,0,65,0,-1.9,323,2
2022-02-06 00,1.773,0,65,0,-1.9,342,2
2022-02-06 01,1.95,0,70,0,-2.9,326,2
2022-02-06 02,1.764,0,70,0,-2.9,314,2
2022-02-06 03,1.844,0,65,0,-2.9,323,2
2022-02-06 04,1.72,0,55,0,-2.9,333,3
2022-02-06 05,1.716,0,50,0,-2.9,331,3
2022-02-06 06,1.838,0,50,0,-3.9,309,2
2022-02-06 07,1.392,0,55,0,-3.9,285,1
2022-02-06 08,1.064,0,45,0,-1.9,272,2
2022-02-06 09,1.165,0,35,0,0,309,2
2022-02-06 10,1.898,0,35,0,2,316,2
2022-02-06 11,1.068,0,35,0,4,297,3
2022-02-06 12,1.21,0,40,0,4,327,4
2022-02-06 13,1.494,0,45,0,4,336,6
2022-02-06 14,1.545,0,45,0,5,331,4
2022-02-06 15,1.28,0,50,0,3,352,3
2022-02-06 16,1.136,0,50,0,3,342,3
2022-02-06 17,1.255,0,55,0,2,317,2
2022-02-06 18,1.443,0,55,0,1,324,2
2022-02-06 19,1.194,0,55,0,1,323,2
2022-02-06 20,1.156,0,55,0,1,314,3
2022-02-06 21,1.138,0,55,0,0,320,3
2022-02-06 22,1.25,0,55,0,0,320,2
2022-02-06 23,1.129,0,55,0,0,311,2
2022-02-07 00,1.344,0,55,0,-0.9,326,3
2022-02-07 01,1.956,0,55,0,-0.9,332,3
2022-02-07 02,1.798,0,55,0,-0.9,317,3
2022-02-07 03,1.805,0,55,0,-0.9,315,4
2022-02-07 04,1.663,0,50,0,-0.9,320,4
2022-02-07 05,1.671,0,45,0,-0.9,334,3
2022-02-07 06,1.782,0,45,0,-1.9,317,2
2022-02-07 07,1.685,0,40,0,-0.9,349,3
2022-02-07 08,1.777,0,40,0,1,337,1
2022-02-07 09,2.234,0,40,0,1,58,1
2022-02-07 10,3.282,0,35,0,2,0,1
2022-02-07 11,3.526,0,35,0,3,28,1
2022-02-07 12,2.703,0,30,0,4,68,0
2022-02-07 13,2.453,0,25,0,4,27,0
2022-02-07 14,2.587,0,30,0,4,32,1
2022-02-07 15,2.014,0,25,0,4,1,1
2022-02-07 16,1.376,0,25,0,4,306,2
2022-02-07 17,0.904,0,30,0,3,328,2
2022-02-07 18,0.939,0,25,0,3,332,2
2022-02-07 19,1.05,0,30,0,3,321,3
2022-02-07 20,1.061,0,30,0,3,332,3
2022-02-07 21,1.315,0,30,0,2,329,3
2022-02-07 22,1.368,0,30,0,2,339,3
2022-02-07 23,2.002,0,35,0,2,334,3
2022-02-08 00,1.451,0,35,0,1,333,2
2022-02-08 01,1.556,0,35,0,1,334,3
2022-02-08 02,1.463,0,35,0,1,341,3
2022-02-08 03,1.465,0,35,0,0,327,2
2022-02-08 04,1.335,0,40,0,-0.9,316,2
2022-02-08 05,1.355,0,40,0,-0.9,334,3
2022-02-08 06,1.416,0,45,0,-1.9,316,1
2022-02-08 07,1.379,0,45,0,-1.9,326,1
2022-02-08 08,1.214,0,40,0,1,352,3
2022-02-08 09,1.738,0,35,0,3,7,2
2022-02-08 10,2.722,0,30,0,5,17,2
2022-02-08 11,2.689,0,25,0,7,16,2
2022-02-08 12,1.401,0,30,0,8,4,2
2022-02-08 13,2.261,0,20,0,9,319,3
2022-02-08 14,1.981,0,25,0,9,323,3
2022-02-08 15,1.224,0,20,0,9,332,3
2022-02-08 16,1.687,0,25,0,8,330,3
2022-02-08 17,0.97,0,30,0,6,333,3
2022-02-08 18,1.179,0,35,0,5,333,3
2022-02-08 19,0.427,0,40,0,5,336,3
2022-02-08 20,0.378,0,45,0,4,333,4
2022-02-08 21,1.357,0,45,0,3,333,3
2022-02-08 22,1.49,0,50,0,3,336,3
2022-02-08 23,1.415,0,55,0,2,325,1
2022-02-09 00,1.111,0,60,0,1,328,2
2022-02-09 01,1.599,0,60,0,0,318,2
2022-02-09 02,1.176,0,65,0,-0.9,315,2
2022-02-09 03,1.531,0,70,0,-1.9,291,2
2022-02-09 04,1.399,0,70,0,-1.9,332,1
2022-02-09 05,1.412,0,75,0,-2.9,324,1
2022-02-09 06,1.503,0,75,0,-2.9,308,1
2022-02-09 07,1.103,0,75,0,-2.9,313,2
2022-02-09 08,1.036,0,60,0,1,316,1
2022-02-09 09,1.332,0,45,0,4,308,1
2022-02-09 10,2.09,0,30,0,7,187,0
2022-02-09 11,2.607,0,30,0,9,127,0
2022-02-09 12,1.592,0,30,0,10,69,2
2022-02-09 13,1.165,0,30,0,11,283,0
2022-02-09 14,1.825,0,35,0,10,136,1
2022-02-09 15,2.516,0,35,0,10,172,1
2022-02-09 16,2.1,0,35,0,9,227,2
2022-02-09 17,2.104,0,45,0,8,220,2
2022-02-09 18,1.507,0,45,0,7,187,1
2022-02-09 19,1.038,0,45,0,7,343,0
2022-02-09 20,0.931,0,50,0,6,258,1
2022-02-09 21,1.018,0,45,0,6,308,1
2022-02-09 22,1.569,0,45,0,5,291,1
2022-02-09 23,1.428,0,50,0,5,294,1
2022-02-10 00,1.46,0,50,0,5,300,1
2022-02-10 01,1.345,0,50,0,4,242,0
2022-02-10 02,1.018,0,50,0,5,303,0
2022-02-10 03,0.876,0,50,0,5,347,1
2022-02-10 04,1.014,0,45,0,5,324,1
2022-02-10 05,0.876,0,40,0,5,339,2
2022-02-10 06,0.84,0,40,0,5,345,2
2022-02-10 07,0.884,0,40,0,5,345,2
2022-02-10 08,1.18,0,30,0,7,332,3
2022-02-10 09,1.155,0,30,0,7,323,3
2022-02-10 10,2.582,0,25,0,8,326,4
2022-02-10 11,2.764,0,20,0,9,320,4
2022-02-10 12,2.024,0,15,0,10,331,3
2022-02-10 13,2.273,0,15,0,11,324,4
2022-02-10 14,1.435,0,15,0,11,328,4
2022-02-10 15,1.046,0,15,0,11,343,5
2022-02-10 16,0.921,0,20,0,10,337,4
2022-02-10 17,0.996,0,25,0,8,329,4
2022-02-10 18,0.965,0,30,0,7,325,2
2022-02-10 19,0.771,0,35,0,6,330,3
2022-02-10 20,1.144,0,40,0,5,336,4
2022-02-10 21,1.395,0,45,0,4,332,3
2022-02-10 22,1.182,0,40,0,4,333,3
2022-02-10 23,1.459,0,45,0,4,345,3
2022-02-11 00,1.519,0,45,0,2,340,3
2022-02-11 01,1.258,0,45,0,2,328,2
2022-02-11 02,1.012,0,45,0,1,312,1
2022-02-11 03,0.927,0,50,0,1,331,2
2022-02-11 04,1.026,0,50,0,1,314,2
2022-02-11 05,0.884,0,50,0,0,325,2
2022-02-11 06,0.943,0,55,0,-0.9,320,2
2022-02-11 07,0.975,0,55,0,-0.9,298,2
2022-02-11 08,0.938,0,40,0,3,347,2
2022-02-11 09,1.244,0,30,0,6,4,1
2022-02-11 10,1.867,0,20,0,9,8,1
2022-02-11 11,1.935,0,20,0,10,132,1
2022-02-11 12,1.633,0,20,0,11,138,1
2022-02-11 13,1.942,0,15,0,12,140,1
2022-02-11 14,1.232,0,15,0,12,110,1
2022-02-11 15,0.688,0,15,0,12,169,1
2022-02-11 16,0.727,0,20,0,11,174,3
2022-02-11 17,0.636,0,25,0,8,188,2
2022-02-11 18,1.042,0,35,0,7,208,1
2022-02-11 19,0.581,0,30,0,6,258,1
2022-02-11 20,0.445,0,45,0,4,315,0
2022-02-11 21,0.995,0,45,0,4,337,1
2022-02-11 22,1.727,0,45,0,4,306,1
2022-02-11 23,1.744,0,45,0,3,300,1
2022-02-12 00,1.065,0,50,0,3,338,1
2022-02-12 01,1.195,0,45,0,3,321,2
2022-02-12 02,1.157,0,45,0,3,316,2
2022-02-12 03,1.052,0,50,0,3,333,1
2022-02-12 04,1.204,0,45,0,3,309,2
2022-02-12 05,1.538,0,45,0,3,307,1
2022-02-12 06,0.968,0,45,0,2,313,1
2022-02-12 07,1.014,0,50,0,3,320,1
2022-02-12 08,1.131,0,40,0,5,325,1
2022-02-12 09,2.086,0,30,0,9,32,0
2022-02-12 10,2.462,0,25,0,10,56,1
2022-02-12 11,2.928,0,15,0,12,144,1
2022-02-12 12,2.01,0,20,0,13,138,2
2022-02-12 13,1.773,0,15,0,13,147,2
2022-02-12 14,1.661,0,15,0,14,161,1
2022-02-12 15,1.652,0,20,0,13,182,3
2022-02-12 16,1.103,0,20,0,12,194,4
2022-02-12 17,1.134,0,30,0,9,220,2
2022-02-12 18,1.179,0,40,0,8,224,1
2022-02-12 19,1.128,0,45,0,6,196,1
2022-02-12 20,1.383,0,45,0,5,313,1
2022-02-12 21,1.46,0,45,0,5,316,2
2022-02-12 22,1.085,0,45,0,5,310,2
2022-02-12 23,1.454,0,45,0,6,326,1
2022-02-13 00,1.407,0,50,0,5,333,1
2022-02-13 01,1.05,0,50,0,5,317,1
2022-02-13 02,1.03,0,55,0,6,346,1
2022-02-13 03,0.911,0,55,0,6,60,0
2022-02-13 04,0.982,0,55,0,6,307,0
2022-02-13 05,0.873,0,55,0,6,4,0
2022-02-13 06,1.015,0,60,0,5,64,0
2022-02-13 07,0.887,0,60,0,6,31,0
2022-02-13 08,0.763,0,55,0,7,25,1
2022-02-13 09,0.867,0,45,0,10,80,1
2022-02-13 10,1.435,0,40,0,11,86,1
2022-02-13 11,1.156,0,35,0,12,143,1
2022-02-13 12,1.03,0,30,0,13,124,2
2022-02-13 13,0.866,0,30,0,14,137,2
2022-02-13 14,0.955,0,30,0,13,130,2
2022-02-13 15,0.97,0,30,0,13,126,1
2022-02-13 16,0.832,0,35,0,12,79,1
2022-02-13 17,0.766,0,35,0,11,143,0
2022-02-13 18,0.876,0,40,0,10,73,1
2022-02-13 19,0.748,0,45,0,9,337,1
2022-02-13 20,0.869,0,45,0,9,308,1
2022-02-13 21,0.754,0,50,0,8,311,1
2022-02-13 22,0.764,0,50,0,7,353,1
2022-02-13 23,0.853,0,50,0,7,45,0
2022-02-14 00,0.803,0,55,0,6,359,1
2022-02-14 01,2.008,0,55,0,5,323,1
2022-02-14 02,1.725,0,60,0,4,295,1
2022-02-14 03,1.45,0,65,0,4,341,1
2022-02-14 04,1.427,0,70,0,3,335,1
2022-02-14 05,1.537,0,65,0,4,291,1
2022-02-14 06,1.411,0,65,0,4,269,0
2022-02-14 07,1.568,0,65,0,4,260,0
2022-02-14 08,1.74,0,60,0,6,310,1
2022-02-14 09,2.047,0,50,0,8,320,0
2022-02-14 10,2.689,0,50,0,9,239,0
2022-02-14 11,2.801,0,45,0,11,110,1
2022-02-14 12,2.503,0,35,0,13,175,1
2022-02-14 13,1.579,0,40,0,13,216,3
2022-02-14 14,1.442,0,35,0,13,296,2
2022-02-14 15,2.26,0,30,0,13,309,3
2022-02-14 16,2.635,0,30,0,12,305,3
2022-02-14 17,2.502,0,25,0,11,319,3
2022-02-14 18,2.54,0,25,0,10,315,3
2022-02-14 19,0.925,0,25,0,8,311,3
2022-02-14 20,1.51,0,35,0,7,270,2
2022-02-14 21,1.387,0,45,0,7,293,2
2022-02-14 22,1.696,0,55,0,7,314,3
2022-02-14 23,1.538,0,60,0,6,323,5
2022-02-15 00,1.59,0,55,0,5,309,4
2022-02-15 01,1.472,0,55,0,3,313,3
2022-02-15 02,1.427,0,50,0,3,322,5
2022-02-15 03,1.309,0,50,0,2,317,5
2022-02-15 04,1.437,0,50,0,2,313,4
2022-02-15 05,1.296,0,50,0,2,313,4
2022-02-15 06,1.306,0,50,0,1,316,5
2022-02-15 07,1.455,0,50,0,1,320,6
2022-02-15 08,1.492,0,45,0,2,317,6
2022-02-15 09,2.373,0,45,0,3,326,6
2022-02-15 10,3.142,0,45,0,3,322,7
2022-02-15 11,2.264,0,40,0,4,324,6
2022-02-15 12,2.078,0,35,0,4,317,6
2022-02-15 13,1.252,0,35,0,5,324,6
2022-02-15 14,2.777,0,35,0,4,314,6
2022-02-15 15,1.4,0,35,0,4,331,6
2022-02-15 16,0.828,0,40,0,2,317,6
2022-02-15 17,0.732,0,45,0,0,322,6
2022-02-15 18,0.911,0,50,0,-0.9,322,5
2022-02-15 19,0.958,0,45,0,-0.9,325,6
2022-02-15 20,1.229,0,50,0,-1.9,325,6
2022-02-15 21,1.454,0,50,0,-1.9,330,4
2022-02-15 22,1.523,0,50,0,-2.9,325,5
2022-02-15 23,1.737,0,55,0,-2.9,319,4
2022-02-16 00,1.387,0,55,0,-2.9,323,3
2022-02-16 01,1.213,0,55,0,-2.9,309,3
2022-02-16 02,1.531,0,60,0,-2.9,302,3
2022-02-16 03,1.351,0,60,0,-2.9,312,4
2022-02-16 04,1.483,0,60,0,-2.9,316,4
2022-02-16 05,1.361,0,60,0,-2.9,318,3
2022-02-16 06,1.337,0,70,0,-2.9,329,3
2022-02-16 07,1.484,0,70,0,-2.9,316,2
2022-02-16 08,1.417,0,60,0,-1.9,322,3
2022-02-16 09,2.462,0,50,0,0,323,3
2022-02-16 10,2.637,0,45,0,1,343,4
2022-02-16 11,2.498,0,45,0,1,324,5
2022-02-16 12,1.992,0,45,0,1,323,5
2022-02-16 13,1.236,0,45,0,1,322,5
2022-02-16 14,1.917,0,45,0,1,325,6
2022-02-16 15,3.039,0,50,0,0,326,5
2022-02-16 16,2.429,0,55,0,-0.9,321,5
2022-02-16 17,1.351,0,55,0,-1.9,332,4
2022-02-16 18,1.144,0,55,0,-2.9,325,4
2022-02-16 19,1.208,0,55,0,-2.9,324,4
2022-02-16 20,1.128,0,55,0,-3.9,316,3
2022-02-16 21,2.06,0,65,0,-3.9,315,3
2022-02-16 22,1.535,0,70,0,-3.9,330,3
2022-02-16 23,1.821,0,60,0,-3.9,325,3
2022-02-17 00,1.533,0,55,0,-3.9,338,5
2022-02-17 01,1.681,0,55,0,-3.9,331,5
2022-02-17 02,1.599,0,45,0,-4.9,321,3
2022-02-17 03,1.375,0,45,0,-4.9,331,4
2022-02-17 04,1.385,0,50,0,-5.9,349,2
2022-02-17 05,1.518,0,50,0,-5.9,340,3
2022-02-17 06,1.357,0,50,0,-6.9,323,3
2022-02-17 07,1.326,0,50,0,-5.9,319,3
2022-02-17 08,1.484,0,45,0,-3.9,331,4
2022-02-17 09,1.634,0,35,0,-2.9,319,4
2022-02-17 10,2.956,0,25,0,-1.9,330,5
2022-02-17 11,2.975,0,25,0,0,332,5
2022-02-17 12,2.117,0,20,0,1,330,5
2022-02-17 13,0.963,0,15,0,3,321,4
2022-02-17 14,1.345,0,15,0,3,316,4
2022-02-17 15,1.569,0,20,0,3,332,4
2022-02-17 16,1.069,0,25,0,2,323,3
2022-02-17 17,0.767,0,25,0,1,321,3
2022-02-17 18,0.397,0,30,0,-0.9,320,3
2022-02-17 19,0.329,0,35,0,-0.9,330,3
2022-02-17 20,0.93,0,40,0,-1.9,336,3
2022-02-17 21,1.162,0,40,0,-2.9,315,2
2022-02-17 22,1.736,0,45,0,-2.9,318,2
2022-02-17 23,1.549,0,45,0,-3.9,310,2
2022-02-18 00,1.625,0,45,0,-3.9,337,2
2022-02-18 01,1.403,0,50,0,-4.9,297,1
2022-02-18 02,1.626,0,50,0,-3.9,4,1
2022-02-18 03,1.45,0,50,0,-4.9,307,1
2022-02-18 04,1.518,0,50,0,-4.9,357,1
2022-02-18 05,1.604,0,55,0,-5.9,306,1
2022-02-18 06,1.474,0,55,0,-5.9,316,1
2022-02-18 07,1.318,0,55,0,-4.9,306,1
2022-02-18 08,0.996,0,50,0,-1.9,331,1
2022-02-18 09,1.667,0,35,0,2,103,0
2022-02-18 10,2.709,0,30,0,4,113,1
2022-02-18 11,2.38,0,30,0,6,109,2
2022-02-18 12,2.757,0,30,0,8,108,2
2022-02-18 13,1.298,0,35,0,8,105,2
2022-02-18 14,1.543,0,35,0,8,104,2
2022-02-18 15,1.668,0,30,0,9,113,1
2022-02-18 16,1.522,0,30,0,8,280,0
2022-02-18 17,1.228,0,40,0,6,280,1
2022-02-18 18,1.162,0,45,0,4,280,1
2022-02-18 19,1.044,0,50,0,4,297,1
2022-02-18 20,1.853,0,45,0,4,319,2
2022-02-18 21,0.848,0,50,0,3,308,1
2022-02-18 22,1.335,0,50,0,3,313,1
2022-02-18 23,1.449,0,50,0,3,318,1
2022-02-19 00,1.639,0,50,0,3,299,2
2022-02-19 01,1.123,0,55,0,3,321,1
2022-02-19 02,0.916,0,50,0,3,313,1
2022-02-19 03,0.927,7,50,0.1,4,309,1
2022-02-19 04,0.913,7,45,0.2,4,315,1
2022-02-19 05,0.948,7,55,0.1,4,320,2
2022-02-19 06,0.825,0,65,0,3,308,1
2022-02-19 07,0.895,0,70,0,3,313,1
2022-02-19 08,0.986,0,50,0,5,336,2
2022-02-19 09,1.81,0,40,0,5,341,2
2022-02-19 10,2.607,0,40,0,6,313,3
2022-02-19 11,2.304,0,45,0,6,342,5
2022-02-19 12,2.46,0,35,0,6,340,4
2022-02-19 13,1.77,0,25,0,7,344,5
2022-02-19 14,2.159,0,25,0,8,334,6
2022-02-19 15,2.547,0,30,0,7,339,5
2022-02-19 16,1.73,0,35,0,6,338,6
2022-02-19 17,2.905,0,45,0,5,339,5
2022-02-19 18,2.016,0,45,0,4,332,4
2022-02-19 19,2.89,0,45,0,3,343,4
2022-02-19 20,2.454,0,40,0,3,315,3
2022-02-19 21,1.51,0,45,0,2,318,3
2022-02-19 22,1.56,0,60,0,1,311,4
2022-02-19 23,1.595,0,55,0,0,336,5
2022-02-20 00,1.481,0,60,0,-0.9,317,4
2022-02-20 01,1.524,0,50,0,-0.9,313,4
2022-02-20 02,1.395,0,55,0,-1.9,348,3
2022-02-20 03,1.273,0,60,0,-1.9,337,2
2022-02-20 04,1.389,0,70,0,-2.9,324,3
2022-02-20 05,1.246,0,60,0,-2.9,336,5
2022-02-20 06,1.235,0,50,0,-2.9,333,5
2022-02-20 07,0.978,0,45,0,-2.9,338,6
2022-02-20 08,0.857,0,40,0,-1.9,336,6
2022-02-20 09,1.168,0,30,0,-0.9,343,6
2022-02-20 10,1.494,0,25,0,0,329,5
2022-02-20 11,1.626,0,20,0,1,321,7
2022-02-20 12,1.477,0,20,0,2,328,6
2022-02-20 13,1.199,0,15,0,3,339,7
2022-02-20 14,1.377,0,15,0,3,343,7
2022-02-20 15,1.048,0,15,0,2,340,7
2022-02-20 16,1.053,0,20,0,2,338,7
2022-02-20 17,0.839,0,25,0,0,328,5
2022-02-20 18,0.737,0,25,0,-0.9,345,4
2022-02-20 19,1.546,0,35,0,-1.9,329,2
2022-02-20 20,1.911,0,40,0,-1.9,325,3
2022-02-20 21,1.817,0,40,0,-1.9,324,3
2022-02-20 22,1.078,0,50,0,-1.9,323,4
2022-02-20 23,1.076,0,50,0,-2.9,319,3
2022-02-21 00,1.357,0,55,0,-2.9,311,3
2022-02-21 01,1.849,0,60,0,-2.9,321,2
2022-02-21 02,1.412,0,60,0,-2.9,267,1
2022-02-21 03,1.402,0,65,0,-2.9,283,2
2022-02-21 04,1.278,0,70,0,-3.9,282,1
2022-02-21 05,1.259,0,75,0,-3.9,285,2
2022-02-21 06,1.373,0,75,0,-4.9,293,1
2022-02-21 07,1.112,0,75,0,-2.9,275,1
2022-02-21 08,1.42,0,60,0,0,237,1
2022-02-21 09,2.409,0,50,0,2,224,1
2022-02-21 10,3.288,0,40,0,4,297,2
2022-02-21 11,2.954,0,30,0,6,326,4
2022-02-21 12,2.194,0,25,0,7,316,4
2022-02-21 13,0.964,0,20,0,8,327,5
2022-02-21 14,0.812,0,25,0,7,313,6
2022-02-21 15,1.668,0,20,0,7,315,4
2022-02-21 16,1.331,0,20,0,7,322,5
2022-02-21 17,0.878,0,30,0,5,322,5
2022-02-21 18,1.628,0,35,0,4,316,3
2022-02-21 19,1.002,0,45,0,3,314,2
2022-02-21 20,1.389,0,50,0,3,319,2
2022-02-21 21,1.544,0,50,0,3,322,4
2022-02-21 22,1.173,0,50,0,2,325,5
2022-02-21 23,1.478,0,50,0,2,315,4
2022-02-22 00,1.507,0,45,0,1,315,4
2022-02-22 01,1.573,0,45,0,0,315,3
2022-02-22 02,1.021,0,50,0,0,319,3
2022-02-22 03,1.117,0,50,0,-0.9,330,3
2022-02-22 04,0.961,0,50,0,-0.9,319,3
2022-02-22 05,0.936,0,55,0,-0.9,325,4
2022-02-22 06,1.054,0,55,0,-1.9,326,3
2022-02-22 07,1.03,0,35,0,-0.9,338,3
2022-02-22 08,1.208,0,25,0,0,327,3
2022-02-22 09,1.776,0,25,0,2,334,3
2022-02-22 10,2.98,0,20,0,3,326,3
2022-02-22 11,3.065,0,20,0,4,343,5
2022-02-22 12,2.806,0,20,0,5,345,5
2022-02-22 13,1.46,0,20,0,5,352,4
2022-02-22 14,2.35,0,20,0,6,337,6
2022-02-22 15,2.568,0,20,0,5,333,5
2022-02-22 16,1.488,0,25,0,5,335,4
2022-02-22 17,1.114,0,30,0,3,345,4
2022-02-22 18,1.401,0,30,0,2,334,3
2022-02-22 19,1.547,0,35,0,1,336,3
2022-02-22 20,1.337,0,40,0,0,320,2
2022-02-22 21,1.264,0,45,0,0,328,2
2022-02-22 22,1.082,0,45,0,0,326,2
2022-02-22 23,0.962,0,45,0,0,334,3
2022-02-23 00,0.998,0,50,0,-0.9,340,5
2022-02-23 01,1.093,0,50,0,-0.9,333,4
2022-02-23 02,1.231,0,50,0,-0.9,341,4
2022-02-23 03,0.964,0,50,0,-1.9,339,6
2022-02-23 04,0.875,0,50,0,-1.9,332,4
2022-02-23 05,1.034,0,40,0,-2.9,328,5
2022-02-23 06,1.306,0,35,0,-2.9,323,5
2022-02-23 07,1.142,0,35,0,-2.9,331,5
2022-02-23 08,1.128,0,30,0,-1.9,334,4
2022-02-23 09,2.034,0,30,0,-0.9,330,5
2022-02-23 10,2.562,0,25,0,0,333,5
2022-02-23 11,2.842,0,20,0,1,316,4
2022-02-23 12,2.553,0,20,0,3,317,5
2022-02-23 13,1.188,0,15,0,4,311,4
2022-02-23 14,1.872,0,15,0,4,321,5
2022-02-23 15,1.477,0,15,0,5,328,5
2022-02-23 16,0.96,0,20,0,4,319,5
2022-02-23 17,1.052,0,25,0,2,312,4
2022-02-23 18,0.974,0,25,0,1,321,3
2022-02-23 19,1.249,0,35,0,0,312,4
2022-02-23 20,1.335,0,35,0,-0.9,324,4
2022-02-23 21,2.308,0,40,0,-1.9,326,4
2022-02-23 22,1.574,0,40,0,-1.9,333,4
2022-02-23 23,1.415,0,35,0,-2.9,336,3
2022-02-24 00,1.582,0,35,0,-2.9,326,5
2022-02-24 01,1.527,0,35,0,-2.9,320,4
2022-02-24 02,1.064,0,40,0,-2.9,314,5
2022-02-24 03,0.894,0,40,0,-2.9,319,4
2022-02-24 04,0.877,0,45,0,-2.9,327,3
2022-02-24 05,0.991,0,45,0,-2.9,310,3
2022-02-24 06,0.883,0,50,0,-1.9,307,3
2022-02-24 07,1.028,0,50,0,-0.9,296,3
2022-02-24 08,1.518,0,40,0,1,322,3
2022-02-24 09,1.542,0,40,0,3,321,5
2022-02-24 10,2.351,0,35,0,4,329,5
2022-02-24 11,2.75,0,30,0,5,337,4
2022-02-24 12,3.025,0,30,0,6,350,4
2022-02-24 13,1.065,0,30,0,7,343,5
2022-02-24 14,0.682,0,25,0,7,324,4
2022-02-24 15,0.8,0,25,0,7,348,4
2022-02-24 16,0.71,0,30,0,6,343,4
2022-02-24 17,0.578,0,35,0,5,320,4
2022-02-24 18,0.61,0,35,0,3,325,3
2022-02-24 19,0.698,0,30,0,2,334,3
2022-02-24 20,1.063,0,35,0,1,316,3
2022-02-24 21,1.21,0,45,0,1,325,3
2022-02-24 22,0.74,0,45,0,0,320,3
2022-02-24 23,1.426,0,45,0,0,320,2
2022-02-25 00,0.818,0,50,0,0,335,2
2022-02-25 01,0.685,0,50,0,-0.9,317,1
2022-02-25 02,0.726,0,50,0,-0.9,330,1
2022-02-25 03,1.007,0,55,0,-0.9,18,0
2022-02-25 04,0.001,0,60,0,-1.9,306,0
2022-02-25 05,0.001,0,65,0,-2.9,180,0
2022-02-25 06,0.001,0,65,0,-1.9,204,0
2022-02-25 07,0.001,0,60,0,-0.9,282,1
2022-02-25 08,0.001,0,50,0,4,287,1
2022-02-25 09,0.001,0,40,0,6,296,2
2022-02-25 10,2.264,0,35,0,8,336,3
2022-02-25 11,2.466,0,25,0,10,353,4
2022-02-25 12,1.399,0,20,0,11,346,4
2022-02-25 13,1.114,0,20,0,11,337,4
2022-02-25 14,0.224,0,20,0,12,327,4
2022-02-25 15,0.384,0,25,0,12,349,4
2022-02-25 16,0.217,0,25,0,11,332,3
2022-02-25 17,0.001,0,25,0,10,313,2
2022-02-25 18,0.217,0,30,0,8,308,1
2022-02-25 19,0.001,0,35,0,6,310,2
2022-02-25 20,0.27,0,40,0,5,323,2
2022-02-25 21,1.04,0,50,0,5,300,2
2022-02-25 22,0.001,0,55,0,3,257,1
2022-02-25 23,0.001,0,60,0,3,278,1
2022-02-26 00,0.001,0,70,0,2,296,0
2022-02-26 01,0.001,0,75,0,1,283,1
2022-02-26 02,0.215,0,80,0,1,281,1
2022-02-26 03,0.001,0,80,0,0,278,1
2022-02-26 04,0.001,0,85,0,0,270,1
2022-02-26 05,0.433,0,85,0,-0.9,193,0
2022-02-26 06,0.001,0,90,0,-0.9,311,1
2022-02-26 07,0.001,0,90,0,-0.9,210,1
2022-02-26 08,0.244,0,80,0,3,13,0
2022-02-26 09,0.514,0,65,0,7,157,0
2022-02-26 10,0.944,0,45,0,10,238,2
2022-02-26 11,0.001,0,35,0,12,222,3
2022-02-26 12,0.648,0,30,0,13,219,3
2022-02-26 13,0.001,0,35,0,13,217,5
2022-02-26 14,0.437,0,30,0,14,240,3
2022-02-26 15,0.001,0,25,0,13,240,3
2022-02-26 16,0.001,0,30,0,12,238,4
2022-02-26 17,0.001,0,30,0,11,244,4
2022-02-26 18,0.001,0,35,0,10,230,3
2022-02-26 19,0.001,0,50,0,9,241,3
2022-02-26 20,0.193,0,55,0,8,273,3
2022-02-26 21,0.001,0,60,0,8,283,2
2022-02-26 22,0.206,0,60,0,9,283,2
2022-02-26 23,0.001,0,55,0,8,312,5
2022-02-27 00,0.001,0,45,0,6,319,6
2022-02-27 01,0.347,0,45,0,4,331,4
2022-02-27 02,0.669,0,40,0,4,326,4
2022-02-27 03,0.33,0,40,0,4,326,5
2022-02-27 04,0.001,0,45,0,3,320,3
2022-02-27 05,0.001,0,45,0,3,343,3
2022-02-27 06,0.001,0,45,0,3,334,4
2022-02-27 07,0.206,0,40,0,4,341,3
2022-02-27 08,0.231,0,35,0,6,323,3
2022-02-27 09,0.224,0,25,0,7,337,3
2022-02-27 10,0.001,0,20,0,9,359,2
2022-02-27 11,0.196,0,15,0,12,39,1
2022-02-27 12,0.001,0,10,0,12,321,4
2022-02-27 13,0.638,0,10,0,14,338,3
2022-02-27 14,0.402,0,10,0,14,342,3
2022-02-27 15,0.211,0,10,0,14,342,3
2022-02-27 16,0.201,0,10,0,13,319,3
2022-02-27 17,0.001,0,15,0,11,332,2
2022-02-27 18,0.001,0,15,0,9,319,2
2022-02-27 19,0.001,0,20,0,8,305,2
2022-02-27 20,0.001,0,20,0,8,330,3
2022-02-27 21,0.001,0,20,0,7,331,3
2022-02-27 22,0.325,0,20,0,6,325,3
2022-02-27 23,0.001,0,25,0,5,326,3
2022-02-28 00,0.001,0,35,0,4,296,2
2022-02-28 01,0.3,0,35,0,3,310,1
2022-02-28 02,0.001,0,40,0,2,309,1
2022-02-28 03,0.001,0,45,0,2,309,1
2022-02-28 04,0.001,0,55,0,0,286,1
2022-02-28 05,0.337,0,50,0,0,317,2
2022-02-28 06,0.323,0,55,0,-0.9,327,1
2022-02-28 07,0.327,0,55,0,1,322,1
2022-02-28 08,1.175,0,40,0,4,319,1
2022-02-28 09,0.001,0,30,0,7,24,0
2022-02-28 10,0.001,0,25,0,10,51,0
2022-02-28 11,0.001,0,20,0,12,26,0
2022-02-28 12,0.001,0,15,0,14,105,0
2022-02-28 13,0.001,0,15,0,15,96,0
2022-02-28 14,0.345,0,15,0,14,163,3
2022-02-28 15,0.001,0,15,0,13,171,4
2022-02-28 16,0.339,0,25,0,11,189,3
2022-02-28 17,0.338,0,30,0,10,187,2
2022-02-28 18,0.689,0,35,0,10,222,1
2022-02-28 19,0.001,0,40,0,9,176,1
2022-02-28 20,0.001,0,45,0,9,171,1
2022-02-28 21,0.001,0,45,0,9,197,0
2022-02-28 22,0.001,0,45,0,8,317,1
2022-02-28 23,0.354,0,40,0,8,321,2
2022-03-01 00,0.369,0,40,0,8,303,1
2022-03-01 01,0.358,0,50,0,8,315,1
2022-03-01 02,0.001,0,55,0,9,310,1
2022-03-01 03,0.248,1,65,0.5,8,307,1
2022-03-01 04,0.001,1,90,1,7,322,1
2022-03-01 05,0.001,1,95,1.1,7,314,1
2022-03-01 06,0.001,1,95,0.8,7,330,1
2022-03-01 07,0.21,1,95,1.1,7,274,0
2022-03-01 08,0.001,5,95,0.1,8,32,0
2022-03-01 09,0.001,0,90,0,11,293,2
2022-03-01 10,0.001,0,75,0,13,305,2
2022-03-01 11,0.001,0,65,0,13,327,3
2022-03-01 12,0.623,0,55,0,15,285,1
2022-03-01 13,0.001,0,50,0,16,322,3
2022-03-01 14,0.001,0,45,0,16,319,5
2022-03-01 15,0.001,0,45,0,16,333,4
2022-03-01 16,0.001,0,45,0,15,317,4
2022-03-01 17,0.001,0,50,0,13,318,4
2022-03-01 18,0.001,0,55,0,11,324,3
2022-03-01 19,0.001,0,55,0,9,6,2
2022-03-01 20,0.001,0,50,0,7,344,3
2022-03-01 21,0.001,0,50,0,6,333,4
2022-03-01 22,0.001,0,55,0,6,318,3
2022-03-01 23,0.001,0,55,0,5,323,5
2022-03-02 00,0.001,0,60,0,3,314,3
2022-03-02 01,0.001,0,60,0,2,310,3
2022-03-02 02,0.001,0,60,0,2,304,3
2022-03-02 03,0.001,0,60,0,2,305,3
2022-03-02 04,0.221,0,60,0,1,313,3
2022-03-02 05,0.001,0,55,0,1,306,4
2022-03-02 06,0.001,0,50,0,1,316,4
2022-03-02 07,0.001,0,45,0,3,329,4
2022-03-02 08,0.23,0,40,0,4,313,4
2022-03-02 09,0.001,0,35,0,6,324,4
2022-03-02 10,0.001,0,30,0,7,322,4
2022-03-02 11,0.001,0,25,0,9,325,4
2022-03-02 12,0.4,0,25,0,11,346,4
2022-03-02 13,0.001,0,25,0,12,313,3
2022-03-02 14,0.001,0,20,0,12,337,4
2022-03-02 15,0.001,0,20,0,12,333,4
2022-03-02 16,0.001,0,20,0,11,331,4
2022-03-02 17,0.466,0,25,0,10,326,4
2022-03-02 18,0.001,0,30,0,8,329,3
2022-03-02 19,1.137,0,35,0,7,320,4
2022-03-02 20,0.553,0,40,0,5,314,4
2022-03-02 21,0.001,0,45,0,5,316,3
2022-03-02 22,0.001,0,50,0,4,306,2
2022-03-02 23,0.366,0,55,0,3,301,2
2022-03-03 00,0.001,0,60,0,2,83,0
2022-03-03 01,0.001,0,65,0,1,229,1
2022-03-03 02,0.001,0,70,0,0,209,0
2022-03-03 03,0.001,0,75,0,0,198,1
2022-03-03 04,0.001,0,80,0,0,281,1
2022-03-03 05,0.001,0,80,0,-0.9,179,0
2022-03-03 06,0.001,0,85,0,-0.9,168,1
2022-03-03 07,0.317,0,80,0,1,234,0
2022-03-03 08,0.001,0,60,0,5,333,1
2022-03-03 09,0.001,0,50,0,8,346,0
2022-03-03 10,0.605,0,40,0,11,277,1
2022-03-03 11,0.001,0,40,0,12,225,2
2022-03-03 12,0.001,0,40,0,13,206,4
2022-03-03 13,0.001,0,35,0,14,213,3
2022-03-03 14,0.402,0,35,0,14,219,4
2022-03-03 15,2.3,0,35,0,14,226,3
2022-03-03 16,2.656,0,35,0,14,240,3
2022-03-03 17,2.43,0,35,0,13,240,3
2022-03-03 18,1.286,0,45,0,11,236,2
2022-03-03 19,0.702,0,55,0,10,242,2
2022-03-03 20,1.435,0,60,0,8,241,2
2022-03-03 21,1.311,0,65,0,7,27,1
2022-03-03 22,0.834,0,65,0,6,277,1
2022-03-03 23,1.483,0,70,0,6,299,1
2022-03-04 00,1.351,0,75,0,4,33,0
2022-03-04 01,1.462,0,75,0,4,348,1
2022-03-04 02,1.463,0,80,0,3,325,1
2022-03-04 03,1.317,0,80,0,3,312,1
2022-03-04 04,1.401,0,85,0,2,277,0
2022-03-04 05,1.286,0,85,0,2,312,1
2022-03-04 06,1.269,0,85,0,2,200,0
2022-03-04 07,1.415,0,85,0,3,205,1
2022-03-04 08,1.061,0,75,0,5,256,0
2022-03-04 09,1.416,0,70,0,7,5,1
2022-03-04 10,2.611,0,60,0,10,354,0
2022-03-04 11,1.981,0,50,0,12,72,0
2022-03-04 12,2.463,0,50,0,15,214,4
2022-03-04 13,1.656,0,50,0,15,236,4
2022-03-04 14,1.845,0,45,0,15,224,5
2022-03-04 15,2.766,0,45,0,15,238,4
2022-03-04 16,2.775,0,45,0,15,211,3
2022-03-04 17,2.742,0,55,0,13,218,2
2022-03-04 18,2.721,0,50,0,13,247,3
2022-03-04 19,1.63,0,60,0,12,250,2
2022-03-04 20,0.843,0,65,0,10,290,2
2022-03-04 21,1.746,0,70,0,10,242,3
2022-03-04 22,1.491,0,65,0,10,248,4
2022-03-04 23,1.558,0,60,0,10,237,3
2022-03-05 00,1.514,0,65,0,10,255,3
2022-03-05 01,1.465,0,60,0,10,268,4
2022-03-05 02,1.143,0,65,0,10,281,3
2022-03-05 03,1.016,0,65,0,9,276,3
2022-03-05 04,0.918,0,60,0,8,278,3
2022-03-05 05,0.898,0,55,0,8,310,4
2022-03-05 06,0.945,0,50,0,6,317,5
2022-03-05 07,1.126,0,40,0,6,320,6
2022-03-05 08,1.272,0,35,0,7,312,6
2022-03-05 09,2.676,0,25,0,8,318,6
2022-03-05 10,2.737,0,20,0,9,332,8
2022-03-05 11,2.379,0,20,0,9,320,8
2022-03-05 12,2.238,0,20,0,10,332,8
2022-03-05 13,0.88,0,15,0,11,331,8
2022-03-05 14,0.794,0,15,0,9,338,9
2022-03-05 15,0.846,0,20,0,9,331,8
2022-03-05 16,1.033,0,20,0,8,326,8
2022-03-05 17,1.523,0,25,0,6,334,6
2022-03-05 18,0.554,0,25,0,5,325,6
2022-03-05 19,0.457,0,30,0,4,314,6
2022-03-05 20,1.381,0,35,0,4,326,5
2022-03-05 21,0.923,0,40,0,3,341,5
2022-03-05 22,1.31,0,35,0,3,325,3
2022-03-05 23,1.271,0,45,0,2,327,2
2022-03-06 00,1.382,0,45,0,1,316,2
2022-03-06 01,1.53,0,45,0,1,314,2
2022-03-06 02,1.425,0,45,0,1,315,2
2022-03-06 03,1.303,0,45,0,0,323,2
2022-03-06 04,1.417,0,45,0,0,318,2
2022-03-06 05,1.286,0,40,0,0,313,1
2022-03-06 06,1.264,0,40,0,0,316,1
2022-03-06 07,1.222,0,35,0,2,311,3
2022-03-06 08,0.692,0,25,0,4,331,4
2022-03-06 09,0.65,0,20,0,5,322,4
2022-03-06 10,1.324,0,20,0,6,326,5
2022-03-06 11,0.672,0,15,0,8,321,5
2022-03-06 12,0.732,0,15,0,9,331,4
2022-03-06 13,1.598,0,10,0,11,346,5
2022-03-06 14,0.586,0,10,0,11,331,4
2022-03-06 15,0.498,0,10,0,11,323,5
2022-03-06 16,0.607,0,10,0,11,330,4
2022-03-06 17,0.695,0,15,0,9,324,3
2022-03-06 18,0.533,0,20,0,7,326,3
2022-03-06 19,0.917,0,25,0,6,327,3
2022-03-06 20,1.369,0,30,0,5,336,4
2022-03-06 21,1.607,0,30,0,4,331,4
2022-03-06 22,0.892,0,35,0,4,337,3
2022-03-06 23,1.252,0,40,0,3,326,3
2022-03-07 00,1.389,0,40,0,3,341,2
2022-03-07 01,1.812,0,40,0,2,332,2
2022-03-07 02,1.163,0,40,0,1,324,2
2022-03-07 03,0.863,0,45,0,2,307,1
2022-03-07 04,0.814,0,45,0,1,305,1
2022-03-07 05,0.946,0,45,0,1,327,1
2022-03-07 06,0.819,0,50,0,1,333,1
2022-03-07 07,1.071,0,45,0,2,331,2
2022-03-07 08,2.196,0,40,0,4,319,1
2022-03-07 09,2.878,0,30,0,6,303,1
2022-03-07 10,2.864,0,30,0,9,17,0
2022-03-07 11,2.221,0,30,0,10,180,0
2022-03-07 12,1.317,0,30,0,11,222,1
2022-03-07 13,1.009,0,25,0,13,219,3
2022-03-07 14,2.148,0,20,0,12,210,3
2022-03-07 15,1.067,0,20,0,13,200,4
2022-03-07 16,0.936,0,20,0,12,203,4
2022-03-07 17,1.091,0,35,0,10,209,3
2022-03-07 18,1.795,0,40,0,7,193,2
2022-03-07 19,0.992,0,40,0,8,224,2
2022-03-07 20,0.862,0,45,0,6,287,1
2022-03-07 21,1.646,0,45,0,6,158,0
2022-03-07 22,0.906,0,40,0,5,234,1
2022-03-07 23,1.528,0,40,0,3,333,1
2022-03-08 00,1.018,0,40,0,3,297,1
2022-03-08 01,0.897,0,50,0,2,334,1
2022-03-08 02,1.144,0,45,0,2,242,1
2022-03-08 03,0.843,0,50,0,1,212,0
2022-03-08 04,0.857,0,50,0,0,239,1
2022-03-08 05,0.96,0,50,0,0,302,1
2022-03-08 06,0.824,0,55,0,0,314,1
2022-03-08 07,0.835,0,50,0,2,223,1
2022-03-08 08,1.51,0,35,0,5,21,0
2022-03-08 09,2.194,0,25,0,10,136,1
2022-03-08 10,2.519,0,15,0,12,324,0
2022-03-08 11,2.929,0,15,0,14,165,0
2022-03-08 12,1.974,0,15,0,15,246,1
2022-03-08 13,2.357,0,20,0,16,225,3
2022-03-08 14,2.056,0,20,0,16,224,4
2022-03-08 15,0.711,0,20,0,15,238,4
2022-03-08 16,0.71,0,25,0,15,221,3
2022-03-08 17,1.148,0,30,0,13,177,3
2022-03-08 18,1.307,0,30,0,12,250,1
2022-03-08 19,1.292,0,35,0,11,4,1
2022-03-08 20,0.998,0,35,0,10,316,2
2022-03-08 21,1.069,0,35,0,10,312,2
2022-03-08 22,0.876,0,40,0,9,290,2
2022-03-08 23,0.899,0,40,0,8,298,2
2022-03-09 00,1.058,0,45,0,7,303,1
2022-03-09 01,1.351,0,50,0,7,292,2
2022-03-09 02,1.397,0,50,0,6,307,2
2022-03-09 03,1.495,0,55,0,6,298,2
2022-03-09 04,1.299,0,55,0,6,311,2
2022-03-09 05,1.274,0,65,0,4,65,0
2022-03-09 06,1.379,0,65,0,3,328,1
2022-03-09 07,1.264,0,60,0,5,296,1
2022-03-09 08,1.824,0,45,0,9,98,0
2022-03-09 09,2.789,0,35,0,11,103,1
2022-03-09 10,2.304,0,30,0,14,120,1
2022-03-09 11,2.313,0,25,0,16,155,1
2022-03-09 12,2.035,0,20,0,16,135,1
2022-03-09 13,2.182,0,15,0,17,170,2
2022-03-09 14,2.732,0,15,0,18,212,3
2022-03-09 15,2.143,0,15,0,17,182,5
2022-03-09 16,1.726,0,20,0,15,187,4
2022-03-09 17,0.839,0,25,0,13,180,2
2022-03-09 18,2.212,0,35,0,10,169,2
2022-03-09 19,0.884,0,40,0,9,186,1
2022-03-09 20,2.126,0,45,0,8,207,2
2022-03-09 21,1.07,0,45,0,7,218,1
2022-03-09 22,1.26,0,50,0,6,334,1
2022-03-09 23,1.768,0,45,0,6,320,1
2022-03-10 00,1.227,0,55,0,4,308,1
2022-03-10 01,1.268,0,55,0,3,308,1
2022-03-10 02,1.458,0,60,0,3,312,1
2022-03-10 03,1.391,0,55,0,4,330,1
2022-03-10 04,1.286,0,60,0,3,315,1
2022-03-10 05,1.337,0,70,0,2,287,0
2022-03-10 06,1.327,0,65,0,2,307,1
2022-03-10 07,1.271,0,65,0,4,227,1
2022-03-10 08,1.672,0,50,0,9,325,1
2022-03-10 09,2.389,0,40,0,12,11,1
2022-03-10 10,3.074,0,45,0,14,201,0
2022-03-10 11,2.554,0,40,0,15,245,0
2022-03-10 12,1.971,0,30,0,16,212,2
2022-03-10 13,1.607,0,30,0,17,207,3
2022-03-10 14,1.476,0,30,0,18,208,2
2022-03-10 15,0.415,0,30,0,18,221,2
2022-03-10 16,0.282,0,35,0,16,199,4
2022-03-10 17,0.306,0,50,0,14,203,2
2022-03-10 18,1.294,0,60,0,12,196,1
2022-03-10 19,2.042,0,65,0,11,190,1
2022-03-10 20,1.5,0,70,0,10,218,1
2022-03-10 21,2.163,0,70,0,10,297,0
2022-03-10 22,0.984,0,70,0,10,334,1
2022-03-10 23,0.953,0,75,0,8,261,0
2022-03-11 00,1.492,0,75,0,8,278,0
2022-03-11 01,1.107,0,75,0,8,303,0
2022-03-11 02,1.078,0,80,0,8,280,1
2022-03-11 03,1.544,0,80,0,7,319,1
2022-03-11 04,1.3,0,80,0,7,305,0
2022-03-11 05,0.823,0,80,0,7,316,1
2022-03-11 06,0.988,0,80,0,8,330,1
2022-03-11 07,0.883,0,75,0,9,334,1
2022-03-11 08,0.893,0,65,0,11,274,0
2022-03-11 09,1.759,0,55,0,13,351,0
2022-03-11 10,2.391,0,50,0,15,76,0
2022-03-11 11,2.563,0,50,0,16,335,0
2022-03-11 12,1.983,0,55,0,18,138,1
2022-03-11 13,1.09,0,60,0,17,329,1
2022-03-11 14,1.998,0,70,0,17,223,1
2022-03-11 15,1.615,0,65,0,18,182,1
2022-03-11 16,1.757,0,65,0,17,191,2
2022-03-11 17,1.721,0,65,0,16,186,2
2022-03-11 18,0.986,0,70,0,16,157,1
2022-03-11 19,0.92,0,75,0,15,201,1
2022-03-11 20,1.011,0,75,0,15,296,0
2022-03-11 21,1.039,0,80,0,14,235,0
2022-03-11 22,1.825,0,75,0,14,172,1
2022-03-11 23,1.49,0,75,0,14,246,1
2022-03-12 00,1.558,0,80,0,12,343,1
2022-03-12 01,1.559,0,85,0,12,301,1
2022-03-12 02,1.026,0,85,0,12,284,0
2022-03-12 03,0.908,0,85,0,12,312,1
2022-03-12 04,0.89,0,85,0,12,171,1
2022-03-12 05,1.016,0,85,0,12,283,1
2022-03-12 06,1.085,0,85,0,13,200,0
2022-03-12 07,0.96,0,80,0,14,12,0
2022-03-12 08,0.791,0,75,0,15,308,1
2022-03-12 09,2.076,0,70,0,17,61,0
2022-03-12 10,2.356,0,60,0,20,178,1
2022-03-12 11,2.749,0,50,0,21,217,3
2022-03-12 12,2.601,0,45,0,22,213,4
2022-03-12 13,1.816,0,45,0,22,204,4
2022-03-12 14,1.717,0,45,0,22,214,4
2022-03-12 15,1.407,0,40,0,22,224,3
2022-03-12 16,1.263,0,45,0,21,222,3
2022-03-12 17,1.119,0,60,0,18,186,3
2022-03-12 18,0.512,0,75,0,16,203,2
2022-03-12 19,1.434,0,80,0,15,179,2
2022-03-12 20,1.282,0,85,0,15,183,2
2022-03-12 21,1.271,0,85,0,14,176,1
2022-03-12 22,1.185,0,80,0,15,189,1
2022-03-12 23,0.934,0,80,0,15,196,2
2022-03-13 00,1.492,0,85,0,15,7,1
2022-03-13 01,1.399,0,85,0,15,281,0
2022-03-13 02,1.395,0,85,0,14,21,1
2022-03-13 03,1.235,0,85,0,14,332,1
2022-03-13 04,1.242,5,90,0.2,14,24,1
2022-03-13 05,1.385,1,95,0.7,14,215,0
2022-03-13 06,1.264,0,90,0,14,187,1
2022-03-13 07,1.27,1,90,0.4,15,211,1
2022-03-13 08,1.459,1,90,1.6,15,212,1
2022-03-13 09,1.401,1,95,2.4,15,216,1
2022-03-13 10,1.495,1,95,4.5,15,203,2
2022-03-13 11,0.84,5,95,0.2,15,178,2
2022-03-13 12,1.138,5,90,0.1,16,241,1
2022-03-13 13,1.486,0,85,0,16,224,0
2022-03-13 14,1.148,0,85,0,16,199,1
2022-03-13 15,1.038,5,90,0.1,16,204,2
2022-03-13 16,0.898,0,90,0,16,233,2
2022-03-13 17,0.906,0,90,0,16,254,1
2022-03-13 18,0.877,0,90,0,16,212,1
2022-03-13 19,1.018,0,90,0,15,232,0
2022-03-13 20,1.338,0,90,0,15,61,0
2022-03-13 21,0.88,0,95,0,14,158,1
2022-03-13 22,1.438,0,95,0,14,332,0
2022-03-13 23,0.87,0,95,0,14,184,1
2022-03-14 00,1.618,0,95,0,14,102,0
2022-03-14 01,1.948,0,95,0,14,111,0
2022-03-14 02,1.426,0,95,0,14,130,0
2022-03-14 03,1.318,0,95,0,14,186,1
2022-03-14 04,1.464,0,95,0,13,173,3
2022-03-14 05,1.286,0,95,0,13,171,3
2022-03-14 06,1.303,0,95,0,13,199,2
2022-03-14 07,1.448,0,90,0,12,179,2
2022-03-14 08,1.798,0,90,0,12,179,2
2022-03-14 09,2.238,0,90,0,12,172,2
2022-03-14 10,2.348,0,90,0,12,212,2
2022-03-14 11,1.696,0,90,0,12,196,2
2022-03-14 12,1.103,0,95,0,12,340,0
2022-03-14 13,0.513,0,95,0,12,286,1
2022-03-14 14,0.565,0,95,0,12,242,1
2022-03-14 15,0.44,0,90,0,13,254,1
2022-03-14 16,0.695,0,90,0,13,316,1
2022-03-14 17,1.146,0,90,0,14,251,3
2022-03-14 18,2.071,0,85,0,14,298,3
2022-03-14 19,0.78,0,75,0,13,308,2
2022-03-14 20,0.893,0,70,0,12,299,2
2022-03-14 21,0.763,0,65,0,11,321,4
2022-03-14 22,1.218,0,60,0,10,305,3
2022-03-14 23,1.379,0,60,0,9,299,4
2022-03-15 00,1.458,0,60,0,9,292,3
2022-03-15 01,1.509,0,65,0,8,309,5
2022-03-15 02,1.117,0,60,0,7,310,3
2022-03-15 03,0.947,0,65,0,7,329,3
2022-03-15 04,0.815,0,65,0,6,321,3
2022-03-15 05,0.788,0,75,0,4,318,3
2022-03-15 06,0.812,0,75,0,5,344,2
2022-03-15 07,1.308,0,65,0,6,326,1
2022-03-15 08,1.844,0,60,0,9,343,3
2022-03-15 09,1.641,0,50,0,11,123,0
2022-03-15 10,3.022,0,50,0,13,249,1
2022-03-15 11,2.778,0,45,0,15,205,1
2022-03-15 12,1.622,0,40,0,17,162,2
2022-03-15 13,1.653,0,35,0,17,289,1
2022-03-15 14,1.558,0,40,0,17,192,3
2022-03-15 15,1.286,0,35,0,16,182,4
2022-03-15 16,0.608,0,35,0,15,188,3
2022-03-15 17,0.459,0,40,0,13,183,2
2022-03-15 18,0.492,0,40,0,13,230,1
2022-03-15 19,0.286,0,45,0,12,271,0
2022-03-15 20,1.219,0,55,0,11,310,1
2022-03-15 21,1.495,0,55,0,10,319,1
2022-03-15 22,0.902,0,65,0,9,239,1
2022-03-15 23,0.631,0,70,0,8,270,0
2022-03-16 00,0.824,0,70,0,8,237,1
2022-03-16 01,1.584,0,75,0,7,292,1
2022-03-16 02,1.412,0,80,0,5,134,0
2022-03-16 03,1.004,0,80,0,5,306,0
2022-03-16 04,0.865,0,85,0,4,344,0
2022-03-16 05,0.854,0,85,0,4,349,1
2022-03-16 06,0.99,0,85,0,3,338,1
2022-03-16 07,1.204,0,75,0,6,271,1
2022-03-16 08,1.166,0,65,0,9,328,1
2022-03-16 09,2.269,0,50,0,13,47,1
2022-03-16 10,2.731,0,40,0,16,138,1
2022-03-16 11,2.371,0,30,0,18,129,0
2022-03-16 12,1.608,0,20,0,21,162,2
2022-03-16 13,1.031,0,20,0,21,187,3
2022-03-16 14,1.375,0,20,0,21,185,3
2022-03-16 15,0.805,0,25,0,21,192,4
2022-03-16 16,0.637,0,25,0,19,183,4
2022-03-16 17,0.599,0,40,0,16,171,3
2022-03-16 18,0.524,0,40,0,15,175,2
2022-03-16 19,2.242,0,45,0,13,171,2
2022-03-16 20,0.909,0,50,0,13,204,1
2022-03-16 21,1.805,0,60,0,11,75,0
2022-03-16 22,1.401,0,65,0,11,321,1
2022-03-16 23,0.93,0,60,0,11,298,1
2022-03-17 00,1.034,0,65,0,10,323,1
2022-03-17 01,1.071,1,75,0.6,11,315,1
2022-03-17 02,1.442,5,70,0.1,11,298,1
2022-03-17 03,1.206,0,75,0,11,290,1
2022-03-17 04,0.888,0,75,0,11,45,0
2022-03-17 05,1.369,0,75,0,11,174,0
2022-03-17 06,1.474,0,65,0,12,66,1
2022-03-17 07,1.088,0,60,0,12,80,1
2022-03-17 08,0.871,0,50,0,14,122,2
2022-03-17 09,1.153,0,45,0,14,107,3
2022-03-17 10,2.627,0,50,0,14,102,3
2022-03-17 11,2.616,0,50,0,14,109,2
2022-03-17 12,1.749,0,50,0,14,103,3
2022-03-17 13,1.002,0,50,0,14,92,3
2022-03-17 14,1.549,5,55,0.1,14,100,4
2022-03-17 15,1.711,1,60,0.4,13,107,3
2022-03-17 16,1.551,1,70,0.4,12,90,3
2022-03-17 17,0.921,1,75,0.6,11,90,2
2022-03-17 18,1.011,1,80,0.5,10,82,3
2022-03-17 19,1.534,1,80,0.5,10,73,2
2022-03-17 20,0.763,1,80,0.7,9,86,3
2022-03-17 21,1.46,1,85,1.2,9,72,3
2022-03-17 22,0.746,1,85,1.3,9,71,2
2022-03-17 23,1.32,1,85,1,9,74,2
2022-03-18 00,1.807,1,85,1.3,9,76,2
2022-03-18 01,1.487,1,85,3,8,79,3
2022-03-18 02,1.543,1,85,1.9,8,68,2
2022-03-18 03,1.298,1,80,1.1,9,72,2
2022-03-18 04,1.279,1,75,0.3,9,85,2
2022-03-18 05,1.385,5,70,0.2,10,81,3
2022-03-18 06,0.92,1,70,0.5,9,89,3
2022-03-18 07,0.835,0,70,0,10,83,3
2022-03-18 08,1.429,5,65,0.1,11,85,3
2022-03-18 09,2.551,0,60,0,12,79,3
2022-03-18 10,2.875,0,55,0,12,85,3
2022-03-18 11,2.626,0,55,0,13,95,3
2022-03-18 12,1.95,0,55,0,13,100,4
2022-03-18 13,0.556,0,55,0,12,99,3
2022-03-18 14,0.643,0,60,0,11,97,3
2022-03-18 15,0.657,0,65,0,10,90,3
2022-03-18 16,0.704,0,75,0,8,89,2
2022-03-18 17,0.452,0,70,0,8,69,2
2022-03-18 18,0.61,0,70,0,9,108,2
2022-03-18 19,2.048,0,65,0,8,96,2
2022-03-18 20,1.145,0,65,0,8,106,2
2022-03-18 21,1.171,0,65,0,8,103,2
2022-03-18 22,1.104,0,65,0,8,96,2
2022-03-18 23,1.066,0,65,0,8,91,2
2022-03-19 00,1.128,0,65,0,8,107,2
2022-03-19 01,1.372,5,65,0.1,7,101,2
2022-03-19 02,1.019,1,80,0.7,6,115,1
2022-03-19 03,1.068,1,85,0.8,5,61,1
2022-03-19 04,1.51,1,90,0.6,5,339,0
2022-03-19 05,1.361,5,95,0.1,5,245,0
2022-03-19 06,1.304,1,95,0.3,5,280,1
2022-03-19 07,0.933,1,95,0.6,5,193,1
2022-03-19 08,1.179,1,95,0.8,6,284,1
2022-03-19 09,2.559,0,90,0,7,259,2
2022-03-19 10,2.501,5,90,0.1,7,264,3
2022-03-19 11,2.071,5,75,0.1,7,299,4
2022-03-19 12,2.272,0,60,0,9,310,7
2022-03-19 13,1.364,0,50,0,9,309,6
2022-03-19 14,0.326,0,50,0,7,316,6
2022-03-19 15,0.328,0,45,0,8,340,4
2022-03-19 16,0.571,0,55,0,7,331,4
2022-03-19 17,0.86,0,55,0,7,341,4
2022-03-19 18,1.593,0,60,0,6,348,3
2022-03-19 19,1.079,0,60,0,5,326,2
2022-03-19 20,0.811,0,60,0,5,321,2
2022-03-19 21,0.83,0,70,0,4,296,1
2022-03-19 22,1.276,0,70,0,4,315,2
2022-03-19 23,1.244,0,75,0,3,315,1
2022-03-20 00,0.923,0,75,0,3,328,1
2022-03-20 01,0.914,0,80,0,3,341,1
2022-03-20 02,1.032,0,80,0,3,275,1
2022-03-20 03,1,0,80,0,3,307,1
2022-03-20 04,0.97,0,80,0,2,303,2
2022-03-20 05,0.958,0,85,0,2,305,1
2022-03-20 06,0.988,0,85,0,1,329,1
2022-03-20 07,0.851,0,80,0,4,360,2
2022-03-20 08,0.94,0,65,0,6,344,2
2022-03-20 09,1.063,0,50,0,9,337,3
2022-03-20 10,1.469,0,50,0,10,318,3
2022-03-20 11,0.749,0,45,0,10,317,3
2022-03-20 12,0.847,0,45,0,11,336,2
2022-03-20 13,0.728,0,45,0,11,321,3
2022-03-20 14,0.744,0,45,0,11,328,3
2022-03-20 15,1.153,0,45,0,11,339,4
2022-03-20 16,0.853,0,45,0,10,306,4
2022-03-20 17,0.938,0,50,0,9,325,3
2022-03-20 18,0.913,0,50,0,9,337,3
2022-03-20 19,1.389,0,55,0,8,336,3
2022-03-20 20,1.082,0,55,0,8,340,3
2022-03-20 21,1.242,0,60,0,7,329,2
2022-03-20 22,1.272,0,60,0,6,302,3
2022-03-20 23,0.778,0,60,0,6,312,3
2022-03-21 00,1.187,0,60,0,5,322,2
2022-03-21 01,1.347,0,60,0,5,326,2
2022-03-21 02,0.888,0,55,0,4,300,3
2022-03-21 03,0.842,0,60,0,4,323,2
2022-03-21 04,0.832,0,60,0,3,323,2
2022-03-21 05,0.926,0,55,0,3,326,2
2022-03-21 06,0.787,0,60,0,2,313,1
2022-03-21 07,0.846,0,55,0,5,323,1
2022-03-21 08,1.84,0,45,0,7,22,1
2022-03-21 09,2.951,0,35,0,9,25,0
2022-03-21 10,2.654,0,30,0,11,200,0
2022-03-21 11,2.176,0,25,0,12,100,1
2022-03-21 12,2.157,0,20,0,13,151,1
2022-03-21 13,0.626,0,20,0,14,164,1
2022-03-21 14,0.47,0,30,0,12,183,3
2022-03-21 15,0.49,0,35,0,11,200,3
2022-03-21 16,0.579,0,40,0,11,196,2
2022-03-21 17,0.414,0,45,0,10,213,2
2022-03-21 18,0.505,0,50,0,10,240,1
2022-03-21 19,0.889,0,50,0,9,239,1
2022-03-21 20,1.281,0,55,0,9,299,1
2022-03-21 21,1.121,5,60,0.1,9,194,1
2022-03-21 22,1.026,5,55,0.1,8,296,1
2022-03-21 23,1.699,5,65,0.1,8,199,1
2022-03-22 00,1.389,0,60,0,8,303,1
2022-03-22 01,0.968,0,65,0,8,309,0
2022-03-22 02,1.01,0,65,0,8,320,0
2022-03-22 03,0.845,0,65,0,7,297,1
2022-03-22 04,0.805,0,65,0,6,334,2
2022-03-22 05,0.955,0,60,0,6,343,3
2022-03-22 06,0.82,0,60,0,6,330,3
2022-03-22 07,0.896,0,45,0,7,336,3
2022-03-22 08,1.987,0,35,0,9,337,3
2022-03-22 09,3.009,0,30,0,11,340,3
2022-03-22 10,2.732,0,25,0,12,10,2
2022-03-22 11,1.577,0,25,0,14,94,1
2022-03-22 12,1.083,0,20,0,14,55,2
2022-03-22 13,0.591,0,25,0,15,58,2
2022-03-22 14,0.726,0,20,0,15,42,0
2022-03-22 15,0.748,0,25,0,15,153,1
2022-03-22 16,0.525,0,30,0,13,184,4
2022-03-22 17,0.347,0,40,0,12,178,3
2022-03-22 18,0.917,0,50,0,10,194,3
2022-03-22 19,0.66,0,60,0,9,207,2
2022-03-22 20,0.884,0,60,0,9,211,1
2022-03-22 21,1.438,0,60,0,8,279,0
2022-03-22 22,0.929,0,65,0,7,334,1
2022-03-22 23,1.254,0,70,0,7,310,1
2022-03-23 00,1.222,0,75,0,6,309,1
2022-03-23 01,1.063,0,75,0,6,311,1
2022-03-23 02,1.458,0,70,0,7,14,1
2022-03-23 03,1.431,0,70,0,6,24,1
2022-03-23 04,1.261,0,70,0,6,334,1
2022-03-23 05,1.232,0,75,0,6,334,0
2022-03-23 06,1.37,0,75,0,6,301,1
2022-03-23 07,1.058,0,65,0,7,25,1
2022-03-23 08,1.579,0,65,0,8,42,0
2022-03-23 09,2.793,0,60,0,9,258,1
2022-03-23 10,2.397,0,50,0,11,355,0
2022-03-23 11,1.581,0,50,0,12,330,2
2022-03-23 12,0.87,0,45,0,13,296,2
2022-03-23 13,0.544,0,45,0,13,295,4
2022-03-23 14,0.339,0,45,0,13,327,3
2022-03-23 15,0.385,0,40,0,14,338,3
2022-03-23 16,0.526,0,35,0,14,317,3
2022-03-23 17,0.608,0,35,0,13,323,3
2022-03-23 18,0.409,0,40,0,11,325,2
2022-03-23 19,0.327,0,50,0,9,332,1
2022-03-23 20,0.488,0,50,0,8,294,2
2022-03-23 21,1.41,0,50,0,7,301,2
2022-03-23 22,1.5,0,50,0,7,313,3
2022-03-23 23,1.39,0,50,0,6,313,2
2022-03-24 00,1.316,0,50,0,6,341,1
2022-03-24 01,0.787,0,55,0,5,276,1
2022-03-24 02,0.949,0,55,0,5,316,1
2022-03-24 03,0.956,0,60,0,4,318,1
2022-03-24 04,0.777,0,60,0,3,299,1
2022-03-24 05,0.776,0,65,0,4,341,1
2022-03-24 06,0.896,0,70,0,2,195,0
2022-03-24 07,0.753,0,60,0,5,255,0
2022-03-24 08,1.367,0,50,0,8,116,1
2022-03-24 09,2.559,0,40,0,11,279,1
2022-03-24 10,2.075,0,35,0,14,1,1
2022-03-24 11,0.818,0,35,0,15,152,1
2022-03-24 12,0.863,0,35,0,16,160,1
2022-03-24 13,0.925,0,35,0,17,189,2
2022-03-24 14,0.667,0,35,0,17,191,3
2022-03-24 15,0.75,0,35,0,17,180,4
2022-03-24 16,0.592,0,40,0,15,189,3
2022-03-24 17,0.515,0,45,0,14,186,3
2022-03-24 18,0.693,0,55,0,12,168,2
2022-03-24 19,0.377,0,55,0,11,206,1
2022-03-24 20,0.798,0,65,0,9,179,1
2022-03-24 21,0.49,0,70,0,8,295,1
2022-03-24 22,0.759,0,70,0,8,291,1
2022-03-24 23,1.416,0,75,0,7,3,0
2022-03-25 00,1.337,0,75,0,7,316,1
2022-03-25 01,0.927,0,75,0,7,294,1
2022-03-25 02,0.971,0,75,0,6,227,0
2022-03-25 03,1.069,0,80,0,6,339,1
2022-03-25 04,0.926,0,80,0,6,313,1
2022-03-25 05,0.911,0,80,0,7,291,0
2022-03-25 06,0.82,0,80,0,6,293,0
2022-03-25 07,1.033,0,75,0,9,333,0
2022-03-25 08,1.393,0,65,0,10,304,0
2022-03-25 09,2.574,0,60,0,14,81,1
2022-03-25 10,2.398,0,60,0,15,85,2
2022-03-25 11,1.73,0,60,0,16,124,2
2022-03-25 12,0.711,0,60,0,16,128,2
2022-03-25 13,1.833,0,65,0,16,155,2
2022-03-25 14,1.372,0,65,0,16,150,3
2022-03-25 15,0.562,0,70,0,16,156,2
2022-03-25 16,0.623,0,75,0,16,148,3
2022-03-25 17,0.728,0,75,0,16,153,3
2022-03-25 18,0.319,0,75,0,17,141,4
2022-03-25 19,0.691,5,75,0.2,17,144,4
2022-03-25 20,0.717,1,75,0.3,17,137,4
2022-03-25 21,0.805,1,85,1.3,16,141,4
2022-03-25 22,0.096,1,90,6.6,15,144,4
2022-03-25 23,0.001,1,95,7.9,15,130,2
2022-03-26 00,0.001,1,95,11.3,15,120,1
2022-03-26 01,0.001,1,95,8.6,15,135,2
2022-03-26 02,0.001,1,95,6.8,15,139,2
2022-03-26 03,0.001,1,95,6,16,190,3
2022-03-26 04,0.001,1,95,3.5,17,209,3
2022-03-26 05,0.001,1,90,1.8,17,240,3
2022-03-26 06,0.001,5,95,0.2,16,222,3
2022-03-26 07,0.001,0,85,0,16,270,3
2022-03-26 08,0.001,0,75,0,15,288,5
2022-03-26 09,0.001,0,70,0,15,271,4
2022-03-26 10,0.001,0,70,0,14,283,4
2022-03-26 11,0.001,0,70,0,15,288,5
2022-03-26 12,0.001,0,65,0,15,304,6
2022-03-26 13,0.001,0,60,0,16,294,4
2022-03-26 14,0.001,0,65,0,15,306,5
2022-03-26 15,0.001,0,65,0,14,318,6
2022-03-26 16,0.001,0,65,0,14,316,5
2022-03-26 17,0.001,0,65,0,13,320,5
2022-03-26 18,0.001,0,70,0,12,328,3
2022-03-26 19,0.001,0,70,0,12,329,4
2022-03-26 20,0.001,0,70,0,11,329,4
2022-03-26 21,0.001,0,70,0,11,330,2
2022-03-26 22,0.001,0,70,0,11,331,3
2022-03-26 23,0.001,0,70,0,10,328,3
2022-03-27 00,0.001,0,70,0,11,343,3
2022-03-27 01,0.001,0,65,0,11,319,3
2022-03-27 02,0.001,0,60,0,10,315,3
2022-03-27 03,0.001,0,50,0,10,324,3
2022-03-27 04,0.001,0,50,0,10,336,3
2022-03-27 05,0.001,0,55,0,9,333,3
2022-03-27 06,0.001,0,55,0,9,13,1
2022-03-27 07,0.001,0,50,0,10,48,0
2022-03-27 08,0.001,0,40,0,13,58,0
2022-03-27 09,0.001,0,30,0,15,304,0
2022-03-27 10,1.435,0,20,0,18,277,3
2022-03-27 11,1.034,0,15,0,19,303,3
2022-03-27 12,0.818,0,15,0,19,300,3
2022-03-27 13,0.924,0,15,0,20,298,4
2022-03-27 14,1.592,0,20,0,20,312,5
2022-03-27 15,1.042,0,20,0,19,299,4
2022-03-27 16,0.871,0,25,0,18,320,5
2022-03-27 17,1.06,0,30,0,16,323,5
2022-03-27 18,0.879,0,35,0,13,329,4
2022-03-27 19,1.044,0,30,0,11,319,4
2022-03-27 20,1.03,0,30,0,11,333,4
2022-03-27 21,0.81,0,25,0,9,332,5
2022-03-27 22,1.023,0,30,0,8,327,5
2022-03-27 23,0.725,0,35,0,7,332,5
2022-03-28 00,0.877,0,35,0,7,333,3
2022-03-28 01,1.504,0,35,0,7,334,3
2022-03-28 02,1.526,0,35,0,6,335,2
2022-03-28 03,1.284,0,45,0,5,334,2
2022-03-28 04,1.265,0,40,0,4,315,2
2022-03-28 05,1.409,0,45,0,4,310,2
2022-03-28 06,1.244,0,50,0,4,309,1
2022-03-28 07,1.28,0,35,0,6,340,1
2022-03-28 08,1.454,0,30,0,9,320,2
2022-03-28 09,2.536,0,25,0,12,96,1
2022-03-28 10,2.51,0,35,0,12,109,3
2022-03-28 11,1.324,0,35,0,13,104,2
2022-03-28 12,1.593,0,30,0,14,115,2
2022-03-28 13,0.842,0,35,0,14,130,1
2022-03-28 14,0.845,0,35,0,15,178,1
2022-03-28 15,0.582,0,35,0,14,193,1
2022-03-28 16,0.524,0,40,0,13,205,5
2022-03-28 17,0.35,0,45,0,12,187,3
2022-03-28 18,0.333,0,50,0,11,177,3
2022-03-28 19,0.434,0,50,0,10,181,2
2022-03-28 20,1.64,0,55,0,9,206,1
2022-03-28 21,1.304,0,55,0,9,220,1
2022-03-28 22,1.403,0,60,0,9,331,1
2022-03-28 23,1.375,0,65,0,7,309,2
2022-03-29 00,1.03,0,70,0,7,307,1
2022-03-29 01,0.915,0,75,0,5,308,1
2022-03-29 02,1.255,0,75,0,5,316,2
2022-03-29 03,0.81,0,75,0,5,319,1
2022-03-29 04,0.951,0,75,0,4,311,1
2022-03-29 05,0.8,0,80,0,4,313,1
2022-03-29 06,0.812,0,80,0,3,201,0
2022-03-29 07,1.058,0,70,0,7,328,1
2022-03-29 08,1.915,0,60,0,10,67,0
2022-03-29 09,2.828,0,45,0,12,340,1
2022-03-29 10,2.562,0,35,0,14,251,0
2022-03-29 11,0.496,0,30,0,16,173,0
2022-03-29 12,0.282,0,25,0,17,290,0
2022-03-29 13,0.295,0,30,0,18,195,2
2022-03-29 14,0.502,0,30,0,18,189,2
2022-03-29 15,0.473,0,30,0,17,184,4
2022-03-29 16,0.32,0,35,0,17,181,3
2022-03-29 17,0.582,0,40,0,15,190,3
2022-03-29 18,0.271,0,60,0,12,192,3
2022-03-29 19,0.228,0,65,0,11,198,1
2022-03-29 20,1.137,0,70,0,10,163,1
2022-03-29 21,1.71,0,70,0,9,251,0
2022-03-29 22,1.164,0,75,0,8,314,1
2022-03-29 23,0.909,0,80,0,7,322,1
2022-03-30 00,0.888,0,80,0,7,318,1
2022-03-30 01,1.041,0,85,0,6,300,1
2022-03-30 02,0.921,0,85,0,6,308,1
2022-03-30 03,0.883,0,80,0,6,319,1
2022-03-30 04,1.099,0,75,0,8,325,1
2022-03-30 05,0.862,0,75,0,8,302,1
2022-03-30 06,0.841,0,70,0,9,308,1
2022-03-30 07,0.815,0,65,0,10,37,0
2022-03-30 08,0.956,0,65,0,12,349,1
2022-03-30 09,0.836,0,60,0,14,141,1
2022-03-30 10,1.391,0,60,0,15,49,0
2022-03-30 11,1.713,0,65,0,17,325,0
2022-03-30 12,1.795,0,60,0,19,192,0
2022-03-30 13,1.685,0,60,0,20,217,1
2022-03-30 14,1.843,0,60,0,21,186,2
2022-03-30 15,2.121,0,55,0,21,209,3
2022-03-30 16,0.794,0,65,0,20,198,2
2022-03-30 17,0.497,0,70,0,19,205,2
2022-03-30 18,1.3,0,80,0,17,183,3
2022-03-30 19,0.421,0,80,0,16,172,2
2022-03-30 20,1.206,0,85,0,16,189,1
2022-03-30 21,1.387,0,85,0,15,207,1
2022-03-30 22,1.472,0,90,0,14,24,0
2022-03-30 23,1.461,0,90,0,14,114,0
2022-03-31 00,0.704,0,90,0,14,35,1
2022-03-31 01,0.49,0,85,0,15,317,2
2022-03-31 02,1.429,0,70,0,16,325,3
2022-03-31 03,1.374,0,70,0,15,338,3
2022-03-31 04,1.488,0,70,0,14,330,3
2022-03-31 05,1.347,0,70,0,13,330,3
2022-03-31 06,1.321,0,70,0,12,326,2
2022-03-31 07,1.266,0,65,0,14,334,3
2022-03-31 08,1.613,0,55,0,15,335,3
2022-03-31 09,2.443,0,50,0,17,334,3
2022-03-31 10,2.204,0,45,0,17,358,1
2022-03-31 11,1.567,0,45,0,19,6,1
2022-03-31 12,0.667,0,40,0,19,158,2
2022-03-31 13,0.463,0,45,0,18,179,2
2022-03-31 14,0.427,0,60,0,16,198,3
2022-03-31 15,1.218,0,65,0,15,193,4
2022-03-31 16,1.746,0,70,0,15,204,4
2022-03-31 17,1.294,0,70,0,14,224,3
2022-03-31 18,1.528,0,75,0,13,231,2
2022-03-31 19,0.993,0,70,0,12,217,3
2022-03-31 20,0.964,0,65,0,12,252,3
2022-03-31 21,1.962,0,65,0,12,279,2
2022-03-31 22,1.612,0,65,0,11,314,2
2022-03-31 23,1.155,0,70,0,11,9,2
2022-04-01 00,1.526,5,75,0.1,11,56,2
2022-04-01 01,1.355,0,70,0,10,72,2
2022-04-01 02,0.874,0,70,0,10,61,1
2022-04-01 03,0.98,0,65,0,10,72,2
2022-04-01 04,0.82,0,65,0,9,82,2
2022-04-01 05,0.806,0,65,0,9,68,2
2022-04-01 06,0.952,0,65,0,8,76,2
2022-04-01 07,1.158,0,55,0,10,82,2
2022-04-01 08,2.317,0,45,0,11,87,3
2022-04-01 09,1.978,0,40,0,13,109,2
2022-04-01 10,1.887,0,40,0,13,109,3
2022-04-01 11,1.736,0,35,0,14,145,2
2022-04-01 12,1.499,0,35,0,15,160,2
2022-04-01 13,0.451,0,30,0,15,145,2
2022-04-01 14,1.057,0,40,0,14,132,1
2022-04-01 15,1.038,0,40,0,14,204,4
2022-04-01 16,0.496,0,45,0,13,197,3
2022-04-01 17,0.669,0,50,0,12,203,3
2022-04-01 18,0.913,0,50,0,11,209,2
2022-04-01 19,0.497,0,50,0,11,193,2
2022-04-01 20,1.298,0,55,0,11,193,2
2022-04-01 21,1.322,0,55,0,11,193,2
2022-04-01 22,0.878,0,55,0,11,197,1
2022-04-01 23,0.855,0,55,0,10,197,1
2022-04-02 00,0.822,0,60,0,10,309,1
2022-04-02 01,0.982,0,60,0,9,313,1
2022-04-02 02,1.309,0,65,0,9,308,1
2022-04-02 03,1.24,0,65,0,9,311,1
2022-04-02 04,1.364,0,70,0,8,337,1
2022-04-02 05,1.212,0,70,0,7,312,1
2022-04-02 06,1.205,0,75,0,7,318,1
2022-04-02 07,0.862,0,65,0,10,317,1
2022-04-02 08,2.232,0,55,0,12,330,1
2022-04-02 09,1.912,0,45,0,13,96,1
2022-04-02 10,1.802,0,40,0,13,252,1
2022-04-02 11,1.664,0,35,0,15,237,2
2022-04-02 12,0.751,0,35,0,16,228,2
2022-04-02 13,1.071,0,35,0,16,226,2
2022-04-02 14,0.887,0,35,0,16,211,4
2022-04-02 15,1.416,0,35,0,16,226,4
2022-04-02 16,1.292,0,40,0,15,214,4
2022-04-02 17,0.625,0,35,0,14,223,3
2022-04-02 18,0.483,0,35,0,13,284,2
2022-04-02 19,1.471,0,30,0,12,309,2
2022-04-02 20,1.149,0,35,0,11,328,3
2022-04-02 21,0.941,0,40,0,10,326,2
2022-04-02 22,0.892,0,40,0,9,316,4
2022-04-02 23,1.444,0,35,0,8,334,4
2022-04-03 00,1.236,0,40,0,7,333,2
2022-04-03 01,1.188,0,40,0,6,315,2
2022-04-03 02,0.941,0,45,0,6,325,2
2022-04-03 03,0.769,0,45,0,5,348,2
2022-04-03 04,0.766,0,55,0,4,314,2
2022-04-03 05,0.889,0,55,0,4,325,2
2022-04-03 06,0.792,0,55,0,5,340,2
2022-04-03 07,1.203,0,50,0,8,316,1
2022-04-03 08,1.297,0,40,0,11,349,1
2022-04-03 09,1.241,0,35,0,13,84,1
2022-04-03 10,1.409,0,35,0,15,72,0
2022-04-03 11,0.872,0,30,0,16,349,0
2022-04-03 12,1.058,0,25,0,17,134,1
2022-04-03 13,1.726,0,25,0,18,223,1
2022-04-03 14,0.733,0,25,0,17,183,3
2022-04-03 15,0.944,0,25,0,17,181,4
2022-04-03 16,0.746,0,30,0,16,190,4
2022-04-03 17,0.764,0,35,0,15,205,2
2022-04-03 18,0.739,0,40,0,12,191,2
2022-04-03 19,1.038,0,50,0,11,193,1
2022-04-03 20,1.143,0,50,0,11,265,0
2022-04-03 21,0.786,0,55,0,9,354,1
2022-04-03 22,0.78,0,60,0,8,313,1
2022-04-03 23,0.874,0,65,0,8,317,1
2022-04-04 00,0.86,0,70,0,6,241,1
2022-04-04 01,1.3,0,70,0,6,311,1
2022-04-04 02,1.543,0,70,0,6,316,1
2022-04-04 03,1.558,0,65,0,6,324,1
2022-04-04 04,1.413,0,65,0,5,309,2
2022-04-04 05,0.849,0,70,0,5,311,1
2022-04-04 06,0.929,0,70,0,5,312,1
2022-04-04 07,0.796,0,55,0,9,308,1
2022-04-04 08,1.171,0,50,0,12,342,1
2022-04-04 09,1.935,0,35,0,15,97,1
2022-04-04 10,1.81,0,35,0,17,130,0
2022-04-04 11,1.479,0,25,0,18,175,0
2022-04-04 12,1.579,0,25,0,19,179,2
2022-04-04 13,1.508,0,25,0,20,233,3
2022-04-04 14,1.47,0,25,0,20,236,3
2022-04-04 15,1.509,0,25,0,19,210,3
2022-04-04 16,1.347,0,35,0,18,196,4
2022-04-04 17,1.453,0,45,0,16,185,4
2022-04-04 18,1.087,0,45,0,14,163,3
2022-04-04 19,1.378,0,40,0,14,241,2
2022-04-04 20,0.993,0,40,0,13,297,2
2022-04-04 21,0.864,0,45,0,11,302,2
2022-04-04 22,0.825,0,45,0,10,305,1
2022-04-04 23,0.775,0,50,0,9,261,1
2022-04-05 00,0.917,0,55,0,8,292,0
2022-04-05 01,1.389,0,60,0,7,222,0
2022-04-05 02,1.329,0,60,0,6,219,1
2022-04-05 03,1.465,0,65,0,5,268,0
2022-04-05 04,1.146,0,70,0,4,328,0
2022-04-05 05,0.761,0,65,0,4,264,0
2022-04-05 06,0.905,0,65,0,4,202,0
2022-04-05 07,1.071,0,55,0,8,309,0
2022-04-05 08,2.682,0,40,0,11,169,0
2022-04-05 09,2.188,0,30,0,15,154,1
2022-04-05 10,1.791,0,15,0,17,233,1
2022-04-05 11,1.825,0,15,0,18,228,3
2022-04-05 12,1.675,0,20,0,19,210,3
2022-04-05 13,1.143,0,15,0,19,231,3
2022-04-05 14,1.6,0,20,0,19,220,4
2022-04-05 15,0.884,0,20,0,19,213,4
2022-04-05 16,0.599,0,15,0,19,243,3
2022-04-05 17,0.517,0,15,0,18,261,3
2022-04-05 18,0.644,0,20,0,16,262,3
2022-04-05 19,0.289,0,25,0,15,271,4
2022-04-05 20,0.498,0,25,0,15,294,3
2022-04-05 21,1.264,0,30,0,13,317,2
2022-04-05 22,1.391,0,30,0,13,249,2
2022-04-05 23,1.41,0,35,0,11,306,1
2022-04-06 00,2.149,0,30,0,11,294,1
2022-04-06 01,0.855,0,40,0,10,288,1
2022-04-06 02,1.349,0,40,0,10,286,1
2022-04-06 03,1.31,0,45,0,11,287,2
2022-04-06 04,1.398,0,45,0,11,285,3
2022-04-06 05,0.997,0,40,0,10,309,2
2022-04-06 06,0.821,0,40,0,11,348,2
2022-04-06 07,1.145,0,25,0,13,322,1
2022-04-06 08,2.296,0,20,0,14,353,2
2022-04-06 09,2.165,0,15,0,17,18,1
2022-04-06 10,1.782,0,15,0,18,165,0
2022-04-06 11,1.547,0,15,0,19,246,1
2022-04-06 12,1.514,0,15,0,21,183,3
2022-04-06 13,1.159,0,20,0,21,199,4
2022-04-06 14,1.647,0,20,0,22,216,2
2022-04-06 15,0.721,0,25,0,22,206,3
2022-04-06 16,0.962,0,30,0,20,184,4
2022-04-06 17,1.09,0,40,0,17,175,4
2022-04-06 18,1.367,0,50,0,15,173,3
2022-04-06 19,1.329,0,60,0,15,173,2
2022-04-06 20,0.886,0,60,0,14,168,2
2022-04-06 21,1.482,0,65,0,12,300,1
2022-04-06 22,1.338,0,65,0,12,309,1
2022-04-06 23,1.176,0,70,0,11,328,0
2022-04-07 00,1.021,0,75,0,10,256,0
2022-04-07 01,0.833,0,80,0,9,241,1
2022-04-07 02,0.828,0,80,0,9,307,0
2022-04-07 03,0.798,0,80,0,9,278,1
2022-04-07 04,0.992,0,75,0,9,341,1
2022-04-07 05,0.838,0,75,0,9,265,1
2022-04-07 06,0.846,0,65,0,11,313,2
2022-04-07 07,1.278,0,60,0,13,300,1
2022-04-07 08,2.107,0,55,0,14,236,1
2022-04-07 09,2.142,0,35,0,17,14,2
2022-04-07 10,2.183,0,35,0,18,301,2
2022-04-07 11,1.329,0,30,0,19,321,3
2022-04-07 12,0.915,0,30,0,20,336,5
2022-04-07 13,1.251,0,25,0,21,337,5
2022-04-07 14,1.316,0,25,0,22,328,5
2022-04-07 15,1.288,0,20,0,22,327,6
2022-04-07 16,1.372,0,20,0,21,329,5
2022-04-07 17,1.231,0,20,0,20,329,4
2022-04-07 18,1.171,0,25,0,17,336,2
2022-04-07 19,0.225,0,30,0,16,317,1
2022-04-07 20,0.96,0,30,0,15,310,1
2022-04-07 21,2.427,0,40,0,13,313,2
2022-04-07 22,1.436,0,40,0,13,311,2
2022-04-07 23,1.044,0,35,0,13,297,2
2022-04-08 00,0.958,0,35,0,12,316,3
2022-04-08 01,1.222,0,30,0,12,309,3
2022-04-08 02,0.92,0,35,0,11,299,1
2022-04-08 03,0.845,0,45,0,10,286,1
2022-04-08 04,0.963,0,45,0,8,332,1
2022-04-08 05,0.828,0,45,0,8,331,1
2022-04-08 06,0.958,0,50,0,8,332,1
2022-04-08 07,1.254,0,35,0,12,334,1
2022-04-08 08,2.054,0,35,0,15,5,1
2022-04-08 09,1.845,0,30,0,18,136,1
2022-04-08 10,1.938,0,25,0,19,155,1
2022-04-08 11,1.193,0,25,0,19,170,0
2022-04-08 12,0.974,0,25,0,21,200,3
2022-04-08 13,0.945,0,30,0,20,183,4
2022-04-08 14,0.803,0,35,0,20,191,5
2022-04-08 15,0.85,0,40,0,19,187,4
2022-04-08 16,0.835,0,45,0,19,181,3
2022-04-08 17,1.201,0,50,0,17,186,3
2022-04-08 18,0.934,0,65,0,15,183,2
2022-04-08 19,1.205,0,70,0,14,216,1
2022-04-08 20,0.912,0,70,0,13,245,1
2022-04-08 21,2.075,0,70,0,12,301,1
2022-04-08 22,1.359,0,75,0,11,315,1
2022-04-08 23,0.834,0,80,0,10,307,0
2022-04-09 00,0.959,0,85,0,9,241,1
2022-04-09 01,0.794,0,85,0,9,306,1
2022-04-09 02,0.877,0,90,0,8,251,0
2022-04-09 03,0.973,0,85,0,8,299,1
2022-04-09 04,0.836,0,80,0,8,289,1
2022-04-09 05,1.272,0,80,0,7,311,1
2022-04-09 06,1.42,0,75,0,8,185,0
2022-04-09 07,1.276,0,65,0,12,237,0
2022-04-09 08,2.196,0,50,0,15,139,0
2022-04-09 09,1.72,0,40,0,19,143,1
2022-04-09 10,1.574,0,30,0,21,239,2
2022-04-09 11,1.624,0,30,0,22,209,3
2022-04-09 12,0.982,0,25,0,23,223,4
2022-04-09 13,0.841,0,25,0,24,223,3
2022-04-09 14,0.927,0,30,0,23,180,4
2022-04-09 15,0.883,0,30,0,23,228,3
2022-04-09 16,1.111,0,35,0,22,226,4
2022-04-09 17,1.732,0,35,0,21,202,2
2022-04-09 18,1.24,0,55,0,17,188,2
2022-04-09 19,0.397,0,65,0,16,202,2
2022-04-09 20,0.619,0,65,0,15,251,1
2022-04-09 21,1.213,0,65,0,13,208,0
2022-04-09 22,0.883,0,70,0,13,6,0
2022-04-09 23,0.861,0,70,0,12,297,1
2022-04-10 00,0.988,0,75,0,11,316,1
2022-04-10 01,0.961,0,80,0,9,152,0
2022-04-10 02,0.808,0,75,0,11,117,0
2022-04-10 03,0.786,0,75,0,10,224,14
2022-04-10 04,0.917,0,80,0,10,307,1
2022-04-10 05,0.771,0,80,0,9,273,1
2022-04-10 06,0.754,0,80,0,10,281,0
2022-04-10 07,0.905,0,65,0,14,309,1
2022-04-10 08,1.137,0,55,0,17,37,1
2022-04-10 09,0.894,0,50,0,20,205,2
2022-04-10 10,0.217,0,45,0,22,205,3
2022-04-10 11,0.36,0,45,0,23,219,4
2022-04-10 12,0.24,0,45,0,23,224,3
2022-04-10 13,0.283,0,40,0,24,213,3
2022-04-10 14,0.455,0,45,0,23,218,3
2022-04-10 15,0.9,0,45,0,23,214,4
2022-04-10 16,0.518,0,50,0,22,233,3
2022-04-10 17,0.456,0,55,0,21,215,2
2022-04-10 18,0.665,0,70,0,18,187,2
2022-04-10 19,0.425,0,75,0,17,199,2
2022-04-10 20,0.606,0,80,0,17,217,1
2022-04-10 21,0.404,0,80,0,17,290,1
2022-04-10 22,0.502,0,80,0,16,276,1
2022-04-10 23,0.405,0,80,0,16,325,1
2022-04-11 00,1.448,0,80,0,16,203,0
2022-04-11 01,1.553,0,80,0,16,335,1
2022-04-11 02,1.726,0,80,0,16,309,1
2022-04-11 03,1.454,0,80,0,16,294,1
2022-04-11 04,1.493,0,85,0,16,312,1
2022-04-11 05,1.406,0,80,0,16,313,1
2022-04-11 06,1.423,0,80,0,17,336,0
2022-04-11 07,1.529,0,80,0,18,135,0
2022-04-11 08,2.081,0,80,0,18,175,1
2022-04-11 09,2.321,0,75,0,19,46,0
2022-04-11 10,2.024,0,70,0,20,91,1
2022-04-11 11,1.747,0,70,0,20,68,1
2022-04-11 12,1.39,0,70,0,20,143,1
2022-04-11 13,1.43,0,70,0,21,189,1
2022-04-11 14,0.736,0,65,0,22,182,3
2022-04-11 15,0.897,0,70,0,21,186,4
2022-04-11 16,0.615,0,75,0,20,179,3
2022-04-11 17,0.481,0,75,0,19,185,2
2022-04-11 18,0.436,0,80,0,18,204,2
2022-04-11 19,0.312,0,80,0,18,275,1
2022-04-11 20,0.473,0,85,0,18,170,0
2022-04-11 21,1.425,0,85,0,18,301,1
2022-04-11 22,1.965,0,80,0,18,290,1
2022-04-11 23,1.093,0,85,0,18,150,0
2022-04-12 00,0.9,0,85,0,18,295,0
2022-04-12 01,1.02,0,85,0,18,210,0
2022-04-12 02,1.052,0,85,0,18,239,0
2022-04-12 03,0.784,0,85,0,18,315,1
2022-04-12 04,0.902,0,85,0,17,211,1
2022-04-12 05,0.769,0,90,0,16,293,1
2022-04-12 06,0.747,0,90,0,17,218,0
2022-04-12 07,0.932,0,80,0,18,176,1
2022-04-12 08,1.65,0,80,0,19,350,0
2022-04-12 09,1.814,0,70,0,21,225,2
2022-04-12 10,1.752,0,65,0,23,196,2
2022-04-12 11,1.764,0,60,0,23,212,2
2022-04-12 12,1.007,0,55,0,25,197,3
2022-04-12 13,0.616,0,50,0,25,197,3
2022-04-12 14,0.514,0,55,0,25,184,4
2022-04-12 15,0.68,0,60,0,24,187,4
2022-04-12 16,0.798,0,65,0,23,192,3
2022-04-12 17,0.768,0,70,0,21,180,4
2022-04-12 18,0.481,0,80,0,19,186,3
2022-04-12 19,0.568,0,80,0,18,179,2
2022-04-12 20,0.921,0,85,0,18,170,1
2022-04-12 21,1.236,0,85,0,17,212,1
2022-04-12 22,0.884,0,90,0,17,226,1
2022-04-12 23,1.103,0,90,0,16,203,1
2022-04-13 00,1.129,0,90,0,16,212,1
2022-04-13 01,1.042,0,90,0,17,194,0
2022-04-13 02,1.095,0,90,0,17,93,0
2022-04-13 03,0.901,0,95,0,16,181,1
2022-04-13 04,0.811,0,95,0,16,187,1
2022-04-13 05,0.958,0,95,0,16,349,0
2022-04-13 06,0.83,0,95,0,16,323,1
2022-04-13 07,1.587,0,90,0,17,228,0
2022-04-13 08,2.05,0,80,0,18,110,1
2022-04-13 09,1.44,0,75,0,19,169,2
2022-04-13 10,1.582,0,75,0,19,187,3
2022-04-13 11,1.936,0,75,0,18,190,3
2022-04-13 12,1.495,0,70,0,18,182,3
2022-04-13 13,1.451,0,70,0,18,188,3
2022-04-13 14,1.293,0,65,0,17,169,2
2022-04-13 15,0.592,0,65,0,17,188,1
2022-04-13 16,0.87,0,70,0,17,103,3
2022-04-13 17,0.454,0,75,0,16,105,2
2022-04-13 18,0.518,0,70,0,15,104,3
2022-04-13 19,0.609,0,70,0,14,75,2
2022-04-13 20,0.503,0,65,0,14,73,2
2022-04-13 21,0.503,0,65,0,14,77,3
2022-04-13 22,1.072,0,65,0,14,74,2
2022-04-13 23,1.085,1,70,0.5,13,78,2
2022-04-14 00,0.91,1,75,0.5,12,90,3
2022-04-14 01,0.91,5,75,0.2,12,75,2
2022-04-14 02,1.024,1,75,0.3,12,76,2
2022-04-14 03,1.341,5,75,0.1,12,83,2
2022-04-14 04,1.291,5,70,0.2,12,110,2
2022-04-14 05,1.274,0,70,0,12,87,2
2022-04-14 06,1.182,0,70,0,12,69,2
2022-04-14 07,0.787,0,70,0,12,87,3
2022-04-14 08,0.826,0,65,0,13,86,3
2022-04-14 09,1.026,0,65,0,14,83,3
2022-04-14 10,0.894,0,60,0,15,77,3
2022-04-14 11,0.736,0,55,0,16,79,3
2022-04-14 12,0.473,0,55,0,16,91,3
2022-04-14 13,0.483,0,50,0,16,70,3
2022-04-14 14,0.726,0,50,0,17,78,3
2022-04-14 15,0.528,0,50,0,18,85,2
2022-04-14 16,2.51,0,50,0,17,93,3
2022-04-14 17,2.579,0,50,0,17,89,3
2022-04-14 18,1.324,0,55,0,15,89,2
2022-04-14 19,1.032,0,60,0,15,88,2
2022-04-14 20,0.495,0,55,0,14,78,2
2022-04-14 21,0.632,0,60,0,14,79,1
2022-04-14 22,1.024,0,60,0,13,81,1
2022-04-14 23,1.568,0,60,0,13,65,1
2022-04-15 00,1.02,0,60,0,13,67,1
2022-04-15 01,0.982,0,60,0,13,72,2
2022-04-15 02,0.96,0,60,0,13,84,2
2022-04-15 03,0.999,0,60,0,12,84,2
2022-04-15 04,0.856,0,60,0,12,84,2
2022-04-15 05,0.838,0,60,0,12,84,1
2022-04-15 06,0.844,0,60,0,12,64,2
2022-04-15 07,0.982,0,60,0,12,78,2
2022-04-15 08,1.546,0,55,0,14,79,1
2022-04-15 09,2.163,0,55,0,15,27,1
2022-04-15 10,2.023,0,50,0,16,100,1
2022-04-15 11,1.797,0,45,0,18,145,1
2022-04-15 12,1.536,0,45,0,19,157,3
2022-04-15 13,1.317,0,45,0,19,159,1
2022-04-15 14,1.691,0,40,0,20,175,1
2022-04-15 15,1.682,0,45,0,19,188,4
2022-04-15 16,2.022,0,55,0,17,189,5
2022-04-15 17,1.878,0,60,0,15,183,5
2022-04-15 18,1.419,0,65,0,13,214,4
2022-04-15 19,1.781,0,70,0,12,219,3
2022-04-15 20,0.677,0,75,0,12,199,3
2022-04-15 21,1.395,0,65,0,12,200,3
2022-04-15 22,1.9,0,60,0,11,227,2
2022-04-15 23,0.537,0,55,0,11,249,1
2022-04-16 00,1.282,0,65,0,10,267,1
2022-04-16 01,1.237,0,70,0,10,331,1
2022-04-16 02,0.97,0,70,0,9,305,1
2022-04-16 03,0.968,0,75,0,8,310,1
2022-04-16 04,1.089,0,75,0,8,308,1
2022-04-16 05,0.965,0,75,0,8,306,2
2022-04-16 06,1.014,0,70,0,9,266,1
2022-04-16 07,1.263,0,65,0,11,336,1
2022-04-16 08,1.831,0,50,0,13,103,1
2022-04-16 09,1.865,0,45,0,15,112,1
2022-04-16 10,1.704,0,40,0,17,166,1
2022-04-16 11,1.508,0,35,0,18,150,2
2022-04-16 12,0.893,0,35,0,18,157,2
2022-04-16 13,0.788,0,35,0,19,157,2
2022-04-16 14,0.461,0,40,0,19,173,4
2022-04-16 15,0.617,0,40,0,18,184,5
2022-04-16 16,0.752,0,45,0,16,172,5
2022-04-16 17,2.522,0,50,0,15,207,4
2022-04-16 18,1.237,0,60,0,13,197,1
2022-04-16 19,1.092,0,65,0,12,175,1
2022-04-16 20,0.562,0,70,0,11,268,1
2022-04-16 21,0.453,0,65,0,11,225,0
2022-04-16 22,0.401,0,45,0,12,313,1
2022-04-16 23,0.384,0,45,0,10,309,2
2022-04-17 00,0.562,0,40,0,11,339,2
2022-04-17 01,0.444,0,40,0,10,338,2
2022-04-17 02,0.378,0,35,0,10,340,2
2022-04-17 03,0.391,0,30,0,10,327,1
2022-04-17 04,0.529,0,40,0,10,343,2
2022-04-17 05,0.379,0,45,0,7,316,1
2022-04-17 06,0.384,0,45,0,9,5,1
2022-04-17 07,0.5,0,30,0,13,7,1
2022-04-17 08,0.386,0,25,0,16,54,0
2022-04-17 09,0.392,0,15,0,19,359,1
2022-04-17 10,0.867,0,10,0,20,309,4
2022-04-17 11,0.601,0,10,0,21,329,4
2022-04-17 12,0.662,0,5,0,22,299,3
2022-04-17 13,0.619,0,10,0,22,343,3
2022-04-17 14,0.75,0,10,0,23,353,3
2022-04-17 15,0.753,0,10,0,23,309,4
2022-04-17 16,0.751,0,15,0,22,333,1
2022-04-17 17,0.468,0,25,0,20,202,1
2022-04-17 18,0.526,0,30,0,18,194,1
2022-04-17 19,0.464,0,30,0,16,290,1
2022-04-17 20,0.452,0,25,0,17,323,2
2022-04-17 21,0.451,0,35,0,15,325,1
2022-04-17 22,0.612,0,35,0,15,326,2
2022-04-17 23,1.214,0,45,0,14,12,1
2022-04-18 00,1.523,0,45,0,14,329,0
2022-04-18 01,1.937,0,40,0,13,348,1
2022-04-18 02,1.54,0,40,0,13,339,2
2022-04-18 03,1.037,0,40,0,12,352,1
2022-04-18 04,1.019,0,45,0,12,303,1
2022-04-18 05,1.127,0,50,0,11,341,1
2022-04-18 06,0.983,0,50,0,12,332,1
2022-04-18 07,0.96,0,40,0,14,316,1
2022-04-18 08,1.469,0,35,0,16,320,1
2022-04-18 09,1.954,0,30,0,19,124,0
2022-04-18 10,1.781,0,20,0,21,160,1
2022-04-18 11,1.71,0,15,0,23,76,0
2022-04-18 12,2.117,0,10,0,24,93,2
2022-04-18 13,1.179,0,15,0,24,176,2
2022-04-18 14,1.658,0,15,0,24,160,1
2022-04-18 15,1.646,0,20,0,23,205,3
2022-04-18 16,1.041,0,25,0,22,210,3
2022-04-18 17,0.973,0,25,0,20,213,3
2022-04-18 18,1.204,0,30,0,19,232,3
2022-04-18 19,0.267,0,30,0,17,245,3
2022-04-18 20,0.975,0,35,0,16,305,2
2022-04-18 21,1.655,0,30,0,16,330,3
2022-04-18 22,1.506,0,25,0,16,336,3
2022-04-18 23,1.787,0,25,0,15,325,2
2022-04-19 00,1.673,0,25,0,15,326,2
2022-04-19 01,1.441,0,25,0,15,313,2
2022-04-19 02,1.444,0,30,0,14,289,1
2022-04-19 03,0.931,0,35,0,13,295,1
2022-04-19 04,0.816,0,35,0,12,294,2
2022-04-19 05,0.828,0,35,0,12,311,2
2022-04-19 06,0.958,0,40,0,12,259,0
2022-04-19 07,0.843,0,35,0,16,357,1
2022-04-19 08,1.145,0,25,0,19,315,1
2022-04-19 09,1.356,0,20,0,21,81,1
2022-04-19 10,1.27,0,15,0,23,145,1
2022-04-19 11,1.59,0,10,0,24,179,1
2022-04-19 12,1.655,0,10,0,25,157,1
2022-04-19 13,1.32,0,10,0,25,218,4
2022-04-19 14,0.814,0,15,0,25,214,4
2022-04-19 15,0.818,0,15,0,24,207,5
2022-04-19 16,0.4,0,20,0,23,213,4
2022-04-19 17,0.513,0,20,0,21,203,2
2022-04-19 18,1.348,0,20,0,20,198,2
2022-04-19 19,0.855,0,30,0,18,252,3
2022-04-19 20,0.991,0,30,0,17,321,2
2022-04-19 21,0.873,0,35,0,15,324,2
2022-04-19 22,0.83,0,30,0,16,332,2
2022-04-19 23,0.95,0,35,0,15,326,2
2022-04-20 00,0.824,0,30,0,14,330,1
2022-04-20 01,0.875,0,30,0,14,322,2
2022-04-20 02,1.069,0,40,0,11,284,0
2022-04-20 03,1.381,0,50,0,9,295,0
2022-04-20 04,1.217,0,50,0,9,305,1
2022-04-20 05,1.276,0,50,0,8,274,0
2022-04-20 06,1.405,0,45,0,11,314,1
2022-04-20 07,1.297,0,30,0,14,324,1
2022-04-20 08,1.508,0,30,0,18,128,0
2022-04-20 09,1.746,0,25,0,21,149,1
2022-04-20 10,1.431,0,20,0,22,182,1
2022-04-20 11,1.435,0,15,0,24,210,3
2022-04-20 12,1.448,0,15,0,24,246,3
2022-04-20 13,1.328,0,15,0,24,213,3
2022-04-20 14,1.454,0,15,0,25,238,2
2022-04-20 15,1.407,0,15,0,24,219,4
2022-04-20 16,1.403,0,20,0,23,218,4
2022-04-20 17,1.25,0,25,0,22,232,4
2022-04-20 18,0.979,0,30,0,20,222,4
2022-04-20 19,0.74,0,35,0,18,231,3
2022-04-20 20,1.104,0,35,0,17,237,1
2022-04-20 21,1.58,0,40,0,15,244,1
2022-04-20 22,1.741,0,45,0,14,312,1
2022-04-20 23,1.361,0,50,0,13,320,1
2022-04-21 00,1.606,0,45,0,13,317,1
2022-04-21 01,1.808,0,50,0,12,328,0
2022-04-21 02,1.342,0,50,0,12,308,0
2022-04-21 03,1.463,0,55,0,12,306,0
2022-04-21 04,1.28,0,55,0,12,305,1
2022-04-21 05,1.284,0,55,0,12,294,1
2022-04-21 06,1.403,0,55,0,12,291,0
2022-04-21 07,1.054,0,50,0,13,321,1
2022-04-21 08,1.105,0,45,0,14,304,0
2022-04-21 09,1.343,1,55,0.5,15,213,1
2022-04-21 10,1.207,1,70,0.9,14,175,2
2022-04-21 11,1.321,1,80,0.9,13,316,2
2022-04-21 12,1.211,1,70,1,14,344,2
2022-04-21 13,1.063,1,70,1.1,13,310,1
2022-04-21 14,0.945,1,65,1,13,343,0
2022-04-21 15,0.977,0,65,0,16,27,0
2022-04-21 16,1.439,0,65,0,17,186,0
2022-04-21 17,1.312,0,70,0,16,173,1
2022-04-21 18,1.001,0,80,0,14,266,1
2022-04-21 19,1.654,0,85,0,13,280,0
2022-04-21 20,1.412,0,90,0,12,328,1
2022-04-21 21,0.94,0,90,0,11,272,1
2022-04-21 22,1.936,0,95,0,11,286,1
2022-04-21 23,0.901,0,95,0,10,294,1
2022-04-22 00,0.989,0,95,0,10,309,1
2022-04-22 01,1.158,0,95,0,10,250,0
2022-04-22 02,1.509,0,90,0,10,294,1
2022-04-22 03,1.3,0,95,0,9,303,1
2022-04-22 04,1.278,0,95,0,9,310,1
2022-04-22 05,1.402,0,95,0,8,248,0
2022-04-22 06,1.253,0,95,0,9,330,1
2022-04-22 07,1.461,0,90,0,12,329,1
2022-04-22 08,1.471,0,70,0,16,335,0
2022-04-22 09,0.754,0,55,0,19,213,2
2022-04-22 10,0.943,0,50,0,21,206,2
2022-04-22 11,1.615,0,50,0,22,228,3
2022-04-22 12,1.3,0,45,0,23,225,3
2022-04-22 13,1.331,0,45,0,24,202,4
2022-04-22 14,1.408,0,45,0,23,208,5
2022-04-22 15,1.295,0,45,0,23,215,5
2022-04-22 16,1.488,0,45,0,23,218,4
2022-04-22 17,1.21,0,50,0,21,201,4
2022-04-22 18,1.182,0,60,0,19,178,3
2022-04-22 19,1.569,0,55,0,19,224,3
2022-04-22 20,0.89,0,60,0,18,226,3
2022-04-22 21,0.996,0,70,0,17,257,2
2022-04-22 22,1.558,0,75,0,16,342,1
2022-04-22 23,0.895,0,80,0,15,247,1
2022-04-23 00,0.887,0,80,0,15,278,1
2022-04-23 01,1.281,0,85,0,14,308,1
2022-04-23 02,1.046,0,85,0,14,268,0
2022-04-23 03,0.784,0,90,0,14,245,2
2022-04-23 04,0.785,0,85,0,14,266,2
2022-04-23 05,0.762,0,85,0,14,265,0
2022-04-23 06,0.929,0,85,0,15,58,0
2022-04-23 07,1.147,0,80,0,16,12,0
2022-04-23 08,1.419,0,75,0,17,33,1
2022-04-23 09,1.482,0,70,0,18,15,0
2022-04-23 10,1.386,0,60,0,20,104,2
2022-04-23 11,1.274,0,55,0,21,106,3
2022-04-23 12,1.296,0,55,0,23,107,3
2022-04-23 13,1.288,0,55,0,23,110,2
2022-04-23 14,1.444,0,55,0,22,119,2
2022-04-23 15,1.432,0,55,0,22,179,4
2022-04-23 16,0.95,0,55,0,20,194,2
2022-04-23 17,1.643,0,55,0,20,180,2
2022-04-23 18,1.729,0,55,0,19,194,1
2022-04-23 19,1.106,0,60,0,18,185,1
2022-04-23 20,1.098,0,65,0,18,187,1
2022-04-23 21,0.961,0,70,0,17,299,1
2022-04-23 22,0.881,0,65,0,18,281,1
2022-04-23 23,0.801,0,70,0,17,259,1
2022-04-24 00,1.061,0,70,0,17,259,0
2022-04-24 01,0.862,0,70,0,17,316,1
2022-04-24 02,0.827,0,70,0,17,313,0
2022-04-24 03,0.841,0,70,0,17,339,2
2022-04-24 04,0.99,0,75,0,17,314,1
2022-04-24 05,0.849,0,80,0,17,308,1
2022-04-24 06,0.825,0,80,0,17,303,1
2022-04-24 07,0.947,0,70,0,19,221,0
2022-04-24 08,0.839,0,60,0,21,39,0
2022-04-24 09,0.825,0,55,0,23,27,1
2022-04-24 10,0.854,0,50,0,25,244,0
2022-04-24 11,0.998,0,50,0,26,174,2
2022-04-24 12,1.322,0,45,0,27,232,2
2022-04-24 13,1.43,0,45,0,27,239,3
2022-04-24 14,1.395,0,45,0,27,208,4
2022-04-24 15,1.452,0,50,0,27,219,4
2022-04-24 16,1.478,0,50,0,26,225,4
2022-04-24 17,1.473,0,55,0,26,229,4
2022-04-24 18,1.435,0,50,0,24,245,3
2022-04-24 19,0.955,0,50,0,24,272,3
2022-04-24 20,0.948,0,55,0,22,306,2
2022-04-24 21,1.091,0,60,0,21,284,1
2022-04-24 22,0.935,0,60,0,21,299,2
2022-04-24 23,0.863,0,70,0,19,322,0
2022-04-25 00,1.03,0,75,0,17,194,1
2022-04-25 01,1.284,0,80,0,17,239,1
2022-04-25 02,1.404,0,80,0,17,16,0
2022-04-25 03,1.031,0,85,0,16,69,0
2022-04-25 04,1.002,0,85,0,15,323,0
2022-04-25 05,1.137,0,90,0,15,254,1
2022-04-25 06,0.999,0,90,0,16,346,0
2022-04-25 07,0.975,0,75,0,18,301,1
2022-04-25 08,1.044,0,65,0,20,154,0
2022-04-25 09,1.265,0,60,0,23,74,1
2022-04-25 10,1.025,0,50,0,25,152,1
2022-04-25 11,1.423,0,40,0,26,103,1
2022-04-25 12,1.763,0,40,0,27,174,2
2022-04-25 13,1.52,0,45,0,26,180,4
2022-04-25 14,1.704,0,50,0,25,174,3
2022-04-25 15,1.276,0,50,0,25,179,3
2022-04-25 16,1.194,0,55,0,23,190,3
2022-04-25 17,1.117,0,55,0,22,178,2
2022-04-25 18,0.792,0,60,0,21,172,1
2022-04-25 19,0.388,0,60,0,21,69,0
2022-04-25 20,0.39,1,75,2.3,19,64,1
2022-04-25 21,0.377,1,95,6.5,17,96,2
2022-04-25 22,1.244,1,95,7.3,18,113,3
2022-04-25 23,1.625,1,95,14,17,96,0
2022-04-26 00,1.644,1,95,6.7,17,116,0
2022-04-26 01,0.957,1,95,0.5,18,195,1
2022-04-26 02,0.968,1,95,1.7,18,128,1
2022-04-26 03,0.937,5,95,0.2,18,193,1
2022-04-26 04,0.885,1,95,0.4,18,345,0
2022-04-26 05,0.889,5,95,0.2,18,33,0
2022-04-26 06,1.016,5,90,0.2,19,276,1
2022-04-26 07,0.886,0,95,0,19,240,1
2022-04-26 08,1.359,0,90,0,20,280,1
2022-04-26 09,1.779,5,95,0.1,20,210,1
2022-04-26 10,1.375,5,90,0.1,20,244,2
2022-04-26 11,0.847,1,95,0.6,20,226,2
2022-04-26 12,0.496,1,90,0.6,20,188,2
2022-04-26 13,0.589,0,95,0,19,199,2
2022-04-26 14,2.163,0,90,0,19,208,3
2022-04-26 15,1.67,0,90,0,20,242,3
2022-04-26 16,0.967,0,90,0,20,254,1
2022-04-26 17,1.181,0,90,0,20,355,1
2022-04-26 18,1.209,0,85,0,20,328,1
2022-04-26 19,0.808,0,80,0,20,302,2
2022-04-26 20,1.3,0,85,0,19,303,2
2022-04-26 21,1.235,0,85,0,19,335,3
2022-04-26 22,1.465,0,85,0,18,305,2
2022-04-26 23,1.29,0,85,0,18,308,2
2022-04-27 00,1.796,0,85,0,17,320,1
2022-04-27 01,1.292,0,70,0,19,312,2
2022-04-27 02,1.185,0,70,0,18,325,2
2022-04-27 03,1.056,0,65,0,17,314,4
2022-04-27 04,1.069,0,65,0,16,348,3
2022-04-27 05,1.126,0,60,0,16,342,1
2022-04-27 06,1.204,0,55,0,16,321,2
2022-04-27 07,1.049,0,60,0,17,339,1
2022-04-27 08,1.446,0,50,0,20,104,1
2022-04-27 09,1.671,0,40,0,21,86,0
2022-04-27 10,1.919,0,35,0,22,59,1
2022-04-27 11,1.688,0,20,0,23,101,2
2022-04-27 12,1.797,0,25,0,24,98,2
2022-04-27 13,1.694,0,30,0,23,183,3
2022-04-27 14,1.783,0,35,0,23,181,3
2022-04-27 15,1.307,0,45,0,21,178,3
2022-04-27 16,1.333,0,50,0,21,186,3
2022-04-27 17,1.082,0,50,0,20,193,2
2022-04-27 18,1.091,0,55,0,18,208,2
2022-04-27 19,1.883,0,60,0,17,246,1
2022-04-27 20,0.907,0,60,0,16,219,1
2022-04-27 21,1.66,0,65,0,16,217,1
2022-04-27 22,1.733,0,70,0,14,285,0
2022-04-27 23,0.681,0,75,0,13,263,0
2022-04-28 00,0.885,0,80,0,13,290,1
2022-04-28 01,1.285,0,80,0,13,316,1
2022-04-28 02,1.04,0,85,0,12,310,1
2022-04-28 03,1.006,0,85,0,12,311,1
2022-04-28 04,1.015,0,85,0,12,314,1
2022-04-28 05,1.141,0,90,0,12,304,1
2022-04-28 06,0.988,0,85,0,13,312,1
2022-04-28 07,0.978,0,70,0,15,82,1
2022-04-28 08,1.549,0,55,0,18,153,1
2022-04-28 09,1.461,0,50,0,20,124,2
2022-04-28 10,1.841,0,50,0,21,103,3
2022-04-28 11,1.877,0,45,0,21,120,3
2022-04-28 12,1.742,0,40,0,22,110,1
2022-04-28 13,2.172,0,40,0,22,107,2
2022-04-28 14,2.507,0,35,0,23,119,1
2022-04-28 15,2.647,0,35,0,23,117,2
2022-04-28 16,2.179,0,35,0,22,112,1
2022-04-28 17,1.8,0,45,0,21,137,1
2022-04-28 18,1.385,0,50,0,20,115,1
2022-04-28 19,1.271,0,55,0,19,168,1
2022-04-28 20,1.318,0,55,0,18,180,2
2022-04-28 21,2.152,0,55,0,17,187,2
2022-04-28 22,1.429,0,55,0,17,226,0
2022-04-28 23,2.022,0,55,0,16,101,1
2022-04-29 00,1.34,1,60,0.6,16,66,1
2022-04-29 01,1.208,1,70,0.6,15,5,1
2022-04-29 02,0.908,1,75,0.9,14,16,1
2022-04-29 03,0.923,1,90,2,13,75,1
2022-04-29 04,0.941,1,90,1.5,13,60,2
2022-04-29 05,0.857,1,95,6.6,12,109,0
2022-04-29 06,1.123,1,95,2.8,11,65,2
2022-04-29 07,0.997,1,85,0.5,11,68,2
2022-04-29 08,1.431,5,85,0.1,12,77,1
2022-04-29 09,1.549,5,85,0.1,12,125,0
2022-04-29 10,1.603,0,75,0,14,81,1
2022-04-29 11,1.361,0,65,0,16,133,2
2022-04-29 12,2.523,0,65,0,16,99,2
2022-04-29 13,1.959,0,60,0,16,85,1
2022-04-29 14,2.331,0,60,0,16,102,2
2022-04-29 15,2.492,0,60,0,16,105,2
2022-04-29 16,2.079,0,65,0,15,130,2
2022-04-29 17,1.884,0,60,0,14,126,1
2022-04-29 18,1.857,0,60,0,15,108,2
2022-04-29 19,1.546,0,60,0,14,111,3
2022-04-29 20,1.339,0,60,0,13,99,2
2022-04-29 21,1.228,0,60,0,13,105,2
2022-04-29 22,1.116,0,60,0,13,86,1
2022-04-29 23,1.526,0,60,0,13,106,2
2022-04-30 00,1.116,0,55,0,13,93,2
2022-04-30 01,1.222,0,60,0,13,102,2
2022-04-30 02,1.327,0,60,0,12,66,1
2022-04-30 03,1.614,0,65,0,12,40,1
2022-04-30 04,1.244,0,70,0,12,19,1
2022-04-30 05,1.46,0,70,0,12,83,1
2022-04-30 06,1.225,0,65,0,12,21,1
2022-04-30 07,1.135,0,55,0,14,66,1
2022-04-30 08,1.224,0,50,0,14,103,2
2022-04-30 09,1.123,0,50,0,15,13,1
2022-04-30 10,1.173,0,50,0,16,257,1
2022-04-30 11,1.417,0,45,0,17,234,1
2022-04-30 12,0.683,0,50,0,17,29,1
2022-04-30 13,2.189,0,45,0,18,253,2
2022-04-30 14,1.725,0,45,0,19,281,2
2022-04-30 15,2.18,0,50,0,18,295,3
2022-04-30 16,1.548,0,55,0,18,328,4
2022-04-30 17,1.671,0,55,0,17,341,3
2022-04-30 18,2.066,0,55,0,16,321,2
2022-04-30 19,1.422,0,60,0,16,312,3
2022-04-30 20,1.03,0,60,0,15,331,2
2022-04-30 21,1.077,0,65,0,14,326,3
2022-04-30 22,1.264,0,65,0,14,322,2
2022-04-30 23,1.226,0,65,0,13,323,3
2022-05-01 00,0.905,0,60,0,13,317,4
2022-05-01 01,1.053,0,60,0,12,336,4
2022-05-01 02,0.845,0,60,0,12,331,4
2022-05-01 03,1.156,0,65,0,11,340,2
2022-05-01 04,1.5,0,60,0,11,340,3
2022-05-01 05,0.946,0,70,0,10,330,3
2022-05-01 06,0.722,0,60,0,11,326,2
2022-05-01 07,0.625,0,50,0,13,354,2
2022-05-01 08,1.136,0,40,0,15,346,2
2022-05-01 09,0.871,0,35,0,17,25,1
2022-05-01 10,0.915,0,20,0,18,335,2
2022-05-01 11,1.266,0,20,0,19,310,3
2022-05-01 12,1.405,0,20,0,20,338,1
2022-05-01 13,1.514,0,20,0,21,63,1
2022-05-01 14,1.894,0,20,0,21,309,4
2022-05-01 15,1.762,0,20,0,21,339,5
2022-05-01 16,1.715,0,20,0,20,346,5
2022-05-01 17,1.701,0,20,0,20,352,4
2022-05-01 18,1.349,0,20,0,18,331,3
2022-05-01 19,1.531,0,25,0,16,308,3
2022-05-01 20,1.02,0,30,0,14,321,2
2022-05-01 21,0.831,0,40,0,12,309,2
2022-05-01 22,0.808,0,45,0,11,296,1
2022-05-01 23,1.338,0,50,0,10,238,1
2022-05-02 00,0.834,0,55,0,9,239,1
2022-05-02 01,1.111,0,65,0,8,327,1
2022-05-02 02,0.961,0,70,0,7,310,1
2022-05-02 03,1.663,0,70,0,7,308,1
2022-05-02 04,1.282,0,70,0,7,302,1
2022-05-02 05,1.461,0,75,0,6,326,1
2022-05-02 06,1.236,0,65,0,9,226,0
2022-05-02 07,1.179,0,55,0,13,97,0
2022-05-02 08,1.178,0,45,0,16,332,1
2022-05-02 09,1.397,0,45,0,17,291,1
2022-05-02 10,1.429,0,40,0,19,230,1
2022-05-02 11,1.592,0,45,0,20,178,2
2022-05-02 12,1.872,0,40,0,21,213,2
2022-05-02 13,1.979,0,25,0,22,291,2
2022-05-02 14,1.871,0,30,0,21,300,3
2022-05-02 15,1.902,0,25,0,21,293,3
2022-05-02 16,2.042,0,15,0,21,313,4
2022-05-02 17,1.712,0,20,0,20,316,4
2022-05-02 18,1.315,0,20,0,18,322,4
2022-05-02 19,1.077,0,25,0,16,323,3
2022-05-02 20,1.105,0,30,0,15,332,3
2022-05-02 21,0.962,0,30,0,13,321,2
2022-05-02 22,0.861,0,35,0,12,335,2
2022-05-02 23,1.272,0,45,0,11,320,2
2022-05-03 00,0.712,0,50,0,10,307,2
2022-05-03 01,1.099,0,55,0,9,316,2
2022-05-03 02,1.043,0,60,0,8,323,2
2022-05-03 03,0.911,0,65,0,7,308,1
2022-05-03 04,1.029,0,70,0,7,315,2
2022-05-03 05,0.904,0,75,0,6,318,1
2022-05-03 06,0.888,0,65,0,8,297,1
2022-05-03 07,0.933,0,55,0,12,328,1
2022-05-03 08,1.391,0,45,0,14,10,1
2022-05-03 09,1.535,0,40,0,16,43,1
2022-05-03 10,1.82,0,35,0,18,45,0
2022-05-03 11,1.796,0,25,0,19,206,3
2022-05-03 12,1.772,0,25,0,20,204,4
2022-05-03 13,1.371,0,25,0,20,207,4
2022-05-03 14,1.15,0,30,0,21,197,3
2022-05-03 15,1.19,0,35,0,20,212,4
2022-05-03 16,1.062,0,35,0,20,214,4
2022-05-03 17,1.165,0,35,0,19,215,3
2022-05-03 18,1.444,0,35,0,17,205,2
2022-05-03 19,1.054,0,40,0,16,201,2
2022-05-03 20,0.833,0,50,0,14,173,1
2022-05-03 21,1.383,0,55,0,13,260,1
2022-05-03 22,0.873,0,65,0,12,243,1
2022-05-03 23,1.732,0,70,0,11,283,1
2022-05-04 00,1.427,0,75,0,10,291,1
2022-05-04 01,1.22,0,80,0,9,315,1
2022-05-04 02,1.217,0,80,0,9,8,1
2022-05-04 03,1.104,0,85,0,7,269,0
2022-05-04 04,1.06,0,90,0,7,314,1
2022-05-04 05,1.037,0,90,0,6,256,0
2022-05-04 06,1.158,0,80,0,9,306,0
2022-05-04 07,0.997,0,65,0,12,347,1
2022-05-04 08,1.337,0,50,0,15,37,0
2022-05-04 09,1.873,0,45,0,18,356,0
2022-05-04 10,2.564,0,35,0,19,103,0
2022-05-04 11,2.514,0,30,0,22,194,3
2022-05-04 12,1.589,0,30,0,23,196,4
2022-05-04 13,2.789,0,40,0,22,182,5
2022-05-04 14,1.915,0,40,0,22,198,4
2022-05-04 15,1.503,0,45,0,22,185,4
2022-05-04 16,1.997,0,45,0,21,187,4
2022-05-04 17,2.784,0,50,0,20,179,3
2022-05-04 18,2.04,0,55,0,18,179,2
2022-05-04 19,1.401,0,65,0,16,172,1
2022-05-04 20,1.087,0,65,0,15,232,0
2022-05-04 21,1.169,0,65,0,15,298,1
2022-05-04 22,0.846,0,70,0,13,263,0
2022-05-04 23,0.82,0,75,0,13,297,1
2022-05-05 00,1.361,0,80,0,12,303,1
2022-05-05 01,0.669,0,80,0,11,313,1
2022-05-05 02,1.092,0,85,0,11,303,1
2022-05-05 03,1.186,0,85,0,10,307,1
2022-05-05 04,0.986,0,85,0,10,315,1
2022-05-05 05,1.128,0,90,0,10,303,1
2022-05-05 06,0.976,0,80,0,12,348,0
2022-05-05 07,0.822,0,70,0,15,343,1
2022-05-05 08,1.403,0,55,0,18,19,0
2022-05-05 09,1.004,0,50,0,20,335,0
2022-05-05 10,1.214,0,35,0,22,231,1
2022-05-05 11,1.542,0,25,0,23,202,2
2022-05-05 12,1.58,0,30,0,24,226,2
2022-05-05 13,0.628,0,35,0,24,212,2
2022-05-05 14,2.116,0,40,0,24,191,4
2022-05-05 15,1.479,0,40,0,24,209,3
2022-05-05 16,1.825,0,45,0,24,209,3
2022-05-05 17,2.034,0,50,0,22,189,4
2022-05-05 18,1.982,0,60,0,20,180,2
2022-05-05 19,1.261,0,70,0,18,164,1
2022-05-05 20,1.238,0,70,0,17,216,1
2022-05-05 21,1.188,0,75,0,17,293,1
2022-05-05 22,1.119,0,80,0,16,303,1
2022-05-05 23,0.813,0,80,0,15,294,1
2022-05-06 00,1.028,0,85,0,14,319,1
2022-05-06 01,0.87,0,85,0,14,312,1
2022-05-06 02,1.058,0,85,0,13,289,1
2022-05-06 03,1.339,0,90,0,13,323,1
2022-05-06 04,1.206,0,85,0,13,311,1
2022-05-06 05,1.208,0,90,0,12,322,1
2022-05-06 06,0.814,0,85,0,15,320,1
2022-05-06 07,0.811,0,65,0,18,357,0
2022-05-06 08,0.799,0,60,0,20,75,0
2022-05-06 09,1.09,0,55,0,23,95,0
2022-05-06 10,0.806,0,50,0,24,269,0
2022-05-06 11,1.694,0,55,0,25,177,2
2022-05-06 12,2.954,0,45,0,26,202,2
2022-05-06 13,2.892,0,45,0,26,197,3
2022-05-06 14,2.046,0,45,0,26,192,4
2022-05-06 15,1.545,0,50,0,25,195,4
2022-05-06 16,1.622,0,50,0,25,191,4
2022-05-06 17,1.44,0,55,0,23,194,3
2022-05-06 18,1.677,0,60,0,21,172,3
2022-05-06 19,0.769,0,65,0,20,180,2
2022-05-06 20,0.996,0,75,0,19,189,1
2022-05-06 21,0.97,0,75,0,18,293,1
2022-05-06 22,1.438,0,80,0,18,299,1
2022-05-06 23,0.844,0,80,0,17,336,0
2022-05-07 00,0.667,0,85,0,16,359,1
2022-05-07 01,1.009,0,90,0,15,276,1
2022-05-07 02,1.077,0,90,0,15,300,1
2022-05-07 03,1.244,0,90,0,14,112,0
2022-05-07 04,1.249,0,90,0,14,328,1
2022-05-07 05,1.19,0,90,0,14,252,0
2022-05-07 06,1.254,0,85,0,16,190,0
2022-05-07 07,0.994,0,70,0,19,192,1
2022-05-07 08,1.355,0,50,0,22,337,3
2022-05-07 09,1.748,0,50,0,24,338,4
2022-05-07 10,1.308,0,50,0,24,337,3
2022-05-07 11,1.472,0,45,0,25,342,3
2022-05-07 12,1.434,0,40,0,25,334,4
2022-05-07 13,1.473,0,35,0,26,340,4
2022-05-07 14,1.528,0,40,0,26,334,3
2022-05-07 15,1.301,0,35,0,27,315,3
2022-05-07 16,1.643,0,30,0,26,309,3
2022-05-07 17,1.63,0,40,0,26,321,3
2022-05-07 18,1.466,0,40,0,23,336,3
2022-05-07 19,0.987,0,45,0,21,323,3
2022-05-07 20,0.948,0,45,0,20,330,3
2022-05-07 21,1.363,0,50,0,19,340,2
2022-05-07 22,1.511,0,60,0,18,192,1
2022-05-07 23,1.051,0,60,0,17,189,2
2022-05-08 00,0.938,0,60,0,17,261,0
2022-05-08 01,1.159,0,60,0,17,353,1
2022-05-08 02,1.168,0,70,0,16,89,3
2022-05-08 03,1.171,0,75,0,16,93,3
2022-05-08 04,1.034,0,70,0,16,105,2
2022-05-08 05,1.312,0,65,0,16,94,2
2022-05-08 06,1.179,0,60,0,16,69,2
2022-05-08 07,1.05,0,50,0,18,70,2
2022-05-08 08,0.466,0,40,0,19,94,3
2022-05-08 09,0.746,0,35,0,19,97,3
2022-05-08 10,0.871,0,35,0,20,106,3
2022-05-08 11,0.657,0,35,0,21,87,2
2022-05-08 12,0.86,0,30,0,22,106,2
2022-05-08 13,0.979,0,30,0,22,120,2
2022-05-08 14,0.954,0,35,0,23,127,1
2022-05-08 15,0.901,0,35,0,22,146,1
2022-05-08 16,0.864,0,40,0,21,214,2
2022-05-08 17,0.911,0,45,0,20,219,3
2022-05-08 18,0.933,0,50,0,18,203,2
2022-05-08 19,0.666,0,60,0,17,207,2
2022-05-08 20,0.65,0,60,0,17,257,1
2022-05-08 21,0.59,0,60,0,16,225,2
2022-05-08 22,0.726,0,65,0,16,248,1
2022-05-08 23,0.357,0,65,0,15,266,1
2022-05-09 00,1.183,0,70,0,14,264,1
2022-05-09 01,1.5,0,75,0,14,303,1
2022-05-09 02,1.395,0,75,0,14,312,2
2022-05-09 03,0.989,0,75,0,14,314,1
2022-05-09 04,1.142,0,70,0,15,315,0
2022-05-09 05,1.124,0,65,0,15,87,1
2022-05-09 06,0.898,0,60,0,15,59,1
2022-05-09 07,1.135,0,50,0,16,81,2
2022-05-09 08,1.099,0,45,0,17,82,2
2022-05-09 09,1.474,0,40,0,18,93,1
2022-05-09 10,1.355,0,35,0,20,118,2
2022-05-09 11,1.492,0,30,0,20,92,2
2022-05-09 12,1.39,0,30,0,22,103,2
2022-05-09 13,1.495,0,30,0,22,127,2
2022-05-09 14,1.605,0,30,0,23,131,2
2022-05-09 15,1.232,0,35,0,23,193,3
2022-05-09 16,1.361,0,40,0,21,197,3
2022-05-09 17,1.25,0,40,0,20,215,3
2022-05-09 18,0.966,0,50,0,18,232,2
2022-05-09 19,0.767,0,55,0,17,306,1
2022-05-09 20,1.708,0,60,0,16,301,1
2022-05-09 21,0.569,0,60,0,16,306,1
2022-05-09 22,0.817,0,60,0,15,356,1
2022-05-09 23,0.553,0,65,0,14,309,2
2022-05-10 00,0.788,0,70,0,13,304,1
2022-05-10 01,1.245,0,60,0,13,32,1
2022-05-10 02,0.986,0,60,0,13,26,1
2022-05-10 03,1.04,0,60,0,13,13,1
2022-05-10 04,1.105,0,55,0,13,23,1
2022-05-10 05,0.99,0,60,0,12,54,0
2022-05-10 06,0.961,0,55,0,14,55,1
2022-05-10 07,0.981,0,45,0,16,70,1
2022-05-10 08,1.322,0,35,0,18,91,1
2022-05-10 09,1.306,0,30,0,19,110,2
2022-05-10 10,1.66,0,30,0,20,123,3
2022-05-10 11,1.863,0,30,0,21,101,4
2022-05-10 12,1.25,0,30,0,22,102,3
2022-05-10 13,1.135,0,30,0,23,97,2
2022-05-10 14,1.121,0,30,0,23,95,2
2022-05-10 15,1.333,0,30,0,22,95,2
2022-05-10 16,1.373,5,30,0.2,22,114,2
2022-05-10 17,1.566,0,40,0,20,197,2
2022-05-10 18,1.436,5,45,0.2,19,201,2
2022-05-10 19,0.925,5,55,0.1,18,193,2
2022-05-10 20,0.964,1,55,0.3,17,193,2
2022-05-10 21,1.01,1,70,0.6,17,188,2
2022-05-10 22,1.014,5,70,0.2,16,286,1
2022-05-10 23,0.861,0,70,0,16,306,1
2022-05-11 00,0.738,0,70,0,16,304,1
2022-05-11 01,1.024,0,75,0,15,203,1
2022-05-11 02,1.098,0,75,0,15,325,1
2022-05-11 03,1.04,0,70,0,16,313,1
2022-05-11 04,1.06,0,65,0,16,319,2
2022-05-11 05,0.994,0,65,0,16,311,1
2022-05-11 06,1.125,0,65,0,16,323,1
2022-05-11 07,0.997,0,55,0,18,322,1
2022-05-11 08,1.298,0,45,0,20,59,0
2022-05-11 09,1.232,0,40,0,21,94,1
2022-05-11 10,1.586,0,35,0,23,131,1
2022-05-11 11,1.118,0,35,0,24,18,1
2022-05-11 12,1.257,0,35,0,24,186,1
2022-05-11 13,1.062,0,45,0,23,191,1
2022-05-11 14,1.722,5,45,0.1,22,237,2
2022-05-11 15,1.47,1,65,0.4,20,341,0
2022-05-11 16,1.194,5,70,0.1,20,307,1
2022-05-11 17,2.265,0,70,0,20,355,1
2022-05-11 18,1.985,0,65,0,20,328,1
2022-05-11 19,1.333,0,70,0,19,322,1
2022-05-11 20,0.869,0,70,0,19,311,1
2022-05-11 21,0.878,0,75,0,19,316,1
2022-05-11 22,0.834,0,80,0,18,300,1
2022-05-11 23,1.453,0,80,0,17,311,1
2022-05-12 00,1.061,0,75,0,17,321,1
2022-05-12 01,1.05,0,75,0,18,341,1
2022-05-12 02,1.009,0,80,0,18,264,0
2022-05-12 03,0.885,0,75,0,18,333,0
2022-05-12 04,0.892,0,75,0,17,258,1
2022-05-12 05,0.888,0,80,0,17,311,0
2022-05-12 06,1.015,0,75,0,18,350,1
2022-05-12 07,1.037,0,70,0,20,275,0
2022-05-12 08,1.406,0,65,0,21,325,1
2022-05-12 09,1.203,0,55,0,22,96,0
2022-05-12 10,1.616,0,55,0,23,116,1
2022-05-12 11,1.622,0,50,0,25,85,2
2022-05-12 12,1.691,0,50,0,25,110,1
2022-05-12 13,2.155,0,50,0,26,114,2
2022-05-12 14,2.022,0,50,0,25,106,2
2022-05-12 15,3.647,0,50,0,26,73,1
2022-05-12 16,1.948,0,55,0,25,177,1
2022-05-12 17,1.802,0,60,0,24,205,2
2022-05-12 18,1.496,0,65,0,23,187,3
2022-05-12 19,0.972,0,75,0,21,195,2
2022-05-12 20,1.332,0,80,0,21,200,2
2022-05-12 21,1.104,0,80,0,20,226,2
2022-05-12 22,0.879,0,80,0,19,210,1
2022-05-12 23,0.909,0,80,0,20,193,1
2022-05-13 00,0.966,0,80,0,19,210,1
2022-05-13 01,1.038,0,75,0,19,197,1
2022-05-13 02,1.23,0,80,0,19,213,1
2022-05-13 03,1.355,0,80,0,19,232,1
2022-05-13 04,1.244,0,80,0,19,188,1
2022-05-13 05,1.239,0,80,0,19,195,1
2022-05-13 06,1.379,0,80,0,19,171,1
2022-05-13 07,1.235,0,80,0,19,187,1
2022-05-13 08,1.149,0,80,0,19,239,1
2022-05-13 09,0.987,0,75,0,20,143,0
2022-05-13 10,0.971,0,75,0,20,184,1
2022-05-13 11,1.016,0,75,0,20,169,1
2022-05-13 12,0.772,0,75,0,20,166,2
2022-05-13 13,0.844,0,70,0,21,172,1
2022-05-13 14,1.022,0,75,0,20,208,1
2022-05-13 15,1.014,5,80,0.1,20,239,2
2022-05-13 16,0.819,5,85,0.1,18,246,3
2022-05-13 17,0.943,0,80,0,19,321,1
2022-05-13 18,0.853,0,75,0,19,286,1
2022-05-13 19,1.05,0,80,0,18,269,1
2022-05-13 20,1.853,0,80,0,18,238,2
2022-05-13 21,1.448,0,70,0,18,284,2
2022-05-13 22,1.442,0,50,0,17,308,2
2022-05-13 23,1.375,0,50,0,16,305,2
2022-05-14 00,1.505,0,55,0,16,316,3
2022-05-14 01,1.255,0,55,0,15,322,4
2022-05-14 02,1.258,0,45,0,16,325,3
2022-05-14 03,1.237,0,50,0,14,323,2
2022-05-14 04,1.37,0,45,0,14,330,2
2022-05-14 05,1.241,0,55,0,14,336,2
2022-05-14 06,1.301,0,50,0,15,331,1
2022-05-14 07,0.81,0,45,0,17,316,1
2022-05-14 08,0.883,0,30,0,19,327,2
2022-05-14 09,1.349,0,20,0,21,328,3
2022-05-14 10,1.338,0,15,0,22,331,5
2022-05-14 11,0.976,0,20,0,23,353,5
2022-05-14 12,0.908,0,20,0,24,345,5
2022-05-14 13,1.137,0,15,0,24,344,4
2022-05-14 14,1.527,0,15,0,25,324,5
2022-05-14 15,1.587,0,15,0,23,320,4
2022-05-14 16,2.884,0,45,0,33,247,15
2022-05-14 17,1.411,0,25,0,21,328,5
2022-05-14 18,1.451,0,25,0,19,337,4
2022-05-14 19,1.375,0,25,0,18,327,5
2022-05-14 20,1.274,0,20,0,17,330,4
2022-05-14 21,0.978,0,20,0,16,326,4
2022-05-14 22,1.033,0,20,0,16,332,3
2022-05-14 23,1.564,0,20,0,15,310,3
2022-05-15 00,1.412,0,25,0,15,313,4
2022-05-15 01,1.245,0,30,0,15,319,3
2022-05-15 02,1.069,0,30,0,14,328,2
2022-05-15 03,0.839,0,35,0,14,304,3
2022-05-15 04,0.784,0,40,0,13,310,3
2022-05-15 05,0.774,0,40,0,13,317,2
2022-05-15 06,0.824,0,40,0,13,315,2
2022-05-15 07,1.183,0,40,0,15,314,3
2022-05-15 08,1.542,0,35,0,17,313,2
2022-05-15 09,1.282,0,30,0,18,347,1
2022-05-15 10,1.387,0,25,0,20,347,2
2022-05-15 11,1.151,0,25,0,20,25,2
2022-05-15 12,1.159,0,20,0,22,138,0
2022-05-15 13,1.387,0,20,0,22,242,1
2022-05-15 14,1.841,0,20,0,23,252,2
2022-05-15 15,1.826,0,20,0,23,226,3
2022-05-15 16,1.806,0,30,0,21,184,5
2022-05-15 17,1.536,0,35,0,19,175,4
2022-05-15 18,1.411,0,40,0,18,212,2
2022-05-15 19,1.313,0,45,0,17,259,1
2022-05-15 20,0.745,0,40,0,16,324,2
2022-05-15 21,0.956,0,35,0,16,330,2
2022-05-15 22,0.92,0,30,0,16,327,3
2022-05-15 23,0.774,0,35,0,15,327,2
2022-05-16 00,0.857,0,35,0,15,336,2
2022-05-16 01,0.97,0,35,0,14,338,2
2022-05-16 02,0.785,0,40,0,13,321,1
2022-05-16 03,1.244,0,40,0,13,328,2
2022-05-16 04,1.162,0,40,0,13,338,2
2022-05-16 05,1.241,0,40,0,13,294,1
2022-05-16 06,1.278,0,35,0,14,306,2
2022-05-16 07,1.034,0,30,0,17,335,2
2022-05-16 08,1.083,0,25,0,19,3,1
2022-05-16 09,1.27,0,15,0,22,329,2
2022-05-16 10,1.864,0,20,0,23,340,2
2022-05-16 11,1.999,0,20,0,24,281,3
2022-05-16 12,1.804,0,20,0,24,260,2
2022-05-16 13,2.03,0,20,0,25,302,2
2022-05-16 14,2.174,0,20,0,25,232,2
2022-05-16 15,2.726,0,25,0,24,242,3
2022-05-16 16,3.042,0,30,0,24,212,4
2022-05-16 17,1.274,0,30,0,23,212,3
2022-05-16 18,0.969,0,35,0,21,232,3
2022-05-16 19,0.984,0,40,0,20,244,2
2022-05-16 20,1.114,0,35,0,19,336,2
2022-05-16 21,1.247,0,40,0,18,304,1
2022-05-16 22,0.867,0,45,0,16,298,1
2022-05-16 23,0.796,0,55,0,14,268,0
2022-05-17 00,0.872,0,60,0,13,336,1
2022-05-17 01,1.002,0,60,0,13,351,0
2022-05-17 02,1.149,0,60,0,11,228,0
2022-05-17 03,1.236,0,65,0,11,322,1
2022-05-17 04,1.216,0,65,0,11,269,1
2022-05-17 05,1.176,0,75,0,10,307,1
2022-05-17 06,1.148,0,60,0,13,306,1
2022-05-17 07,0.949,0,50,0,16,342,1
2022-05-17 08,0.54,0,45,0,20,151,1
2022-05-17 09,0.74,0,40,0,23,148,0
2022-05-17 10,0.938,0,30,0,25,231,1
2022-05-17 11,1.75,0,30,0,26,210,3
2022-05-17 12,1.18,0,30,0,26,210,3
2022-05-17 13,1.242,0,35,0,26,199,4
2022-05-17 14,1.683,5,35,0.1,25,217,3
2022-05-17 15,1.222,0,35,0,25,243,4
2022-05-17 16,1.787,0,35,0,25,238,3
2022-05-17 17,1.671,0,35,0,24,227,3
2022-05-17 18,1.071,0,35,0,23,225,3
2022-05-17 19,0.854,0,45,0,21,205,2
2022-05-17 20,1.464,0,60,0,18,187,2
2022-05-17 21,1.403,0,60,0,17,313,1
2022-05-17 22,1.441,0,65,0,16,261,1
2022-05-17 23,1.156,0,70,0,15,273,1
2022-05-18 00,0.826,0,75,0,14,290,0
2022-05-18 01,1.163,0,75,0,14,335,1
2022-05-18 02,1.183,0,80,0,13,257,1
2022-05-18 03,0.95,0,80,0,12,301,0
2022-05-18 04,0.92,0,80,0,12,285,0
2022-05-18 05,1.026,0,80,0,12,330,1
2022-05-18 06,1.159,0,70,0,15,297,1
2022-05-18 07,1.035,0,55,0,18,216,0
2022-05-18 08,1.27,0,50,0,21,128,0
2022-05-18 09,1.769,0,35,0,24,230,1
2022-05-18 10,1.242,0,30,0,25,226,2
2022-05-18 11,1.307,0,35,0,26,225,2
2022-05-18 12,1.556,0,30,0,27,226,3
2022-05-18 13,1.461,0,30,0,28,220,4
2022-05-18 14,1.605,0,30,0,27,213,5
2022-05-18 15,1.632,0,30,0,27,220,5
2022-05-18 16,1.551,0,25,0,27,238,5
2022-05-18 17,1.108,0,25,0,26,237,3
2022-05-18 18,1.018,0,25,0,24,254,3
2022-05-18 19,0.661,0,30,0,23,252,3
2022-05-18 20,0.645,0,35,0,21,267,3
2022-05-18 21,1.249,0,40,0,20,249,2
2022-05-18 22,1.315,0,45,0,18,273,2
2022-05-18 23,0.602,0,50,0,17,314,1
2022-05-19 00,0.73,0,55,0,16,10,0
2022-05-19 01,1.199,0,60,0,15,309,1
2022-05-19 02,1.348,0,65,0,13,211,1
2022-05-19 03,0.855,0,65,0,13,304,0
2022-05-19 04,0.838,0,60,0,13,285,0
2022-05-19 05,0.822,0,70,0,13,249,0
2022-05-19 06,1.037,0,65,0,14,305,1
2022-05-19 07,0.938,0,55,0,17,321,1
2022-05-19 08,1.119,0,45,0,18,319,1
2022-05-19 09,1.35,0,40,0,21,309,1
2022-05-19 10,1.793,0,30,0,23,209,2
2022-05-19 11,1.937,0,30,0,24,228,2
2022-05-19 12,1.595,0,30,0,25,200,2
2022-05-19 13,1.492,0,30,0,25,201,2
2022-05-19 14,1.859,0,30,0,25,192,2
2022-05-19 15,1.897,0,30,0,25,211,3
2022-05-19 16,2.442,0,30,0,24,227,4
2022-05-19 17,1.827,0,35,0,23,225,4
2022-05-19 18,1.441,0,45,0,21,187,2
2022-05-19 19,1.073,0,50,0,20,180,1
2022-05-19 20,0.975,0,55,0,19,244,1
2022-05-19 21,1.182,0,55,0,18,289,1
2022-05-19 22,0.9,0,60,0,17,285,1
2022-05-19 23,0.968,0,60,0,17,178,0
2022-05-20 00,0.772,0,65,0,17,308,1
2022-05-20 01,1,0,70,0,15,223,1
2022-05-20 02,0.892,0,65,0,15,275,1
2022-05-20 03,0.811,0,70,0,15,305,1
2022-05-20 04,0.783,0,70,0,15,314,1
2022-05-20 05,0.785,0,65,0,15,283,1
2022-05-20 06,0.726,0,60,0,16,239,0
2022-05-20 07,0.764,0,60,0,17,320,1
2022-05-20 08,0.871,0,50,0,19,287,0
2022-05-20 09,1.377,0,45,0,21,84,1
2022-05-20 10,1.766,0,45,0,23,210,0
2022-05-20 11,1.579,0,40,0,25,145,0
2022-05-20 12,1.543,0,45,0,25,179,2
2022-05-20 13,1.388,0,50,0,23,193,4
2022-05-20 14,1.829,0,50,0,24,194,4
2022-05-20 15,1.483,0,50,0,24,201,3
2022-05-20 16,1.478,0,55,0,23,190,3
2022-05-20 17,2.1,0,55,0,23,224,2
2022-05-20 18,1.378,0,70,0,21,206,2
2022-05-20 19,0.879,0,70,0,20,218,1
2022-05-20 20,1.238,0,75,0,20,202,0
2022-05-20 21,0.702,0,75,0,20,288,2
2022-05-20 22,0.912,0,75,0,19,238,2
2022-05-20 23,0.977,0,75,0,18,241,2
2022-05-21 00,0.635,0,80,0,17,247,2
2022-05-21 01,1.141,0,80,0,17,299,2
2022-05-21 02,1.335,0,80,0,16,310,1
2022-05-21 03,1.232,0,90,0,15,335,0
2022-05-21 04,1.241,0,90,0,15,286,1
2022-05-21 05,1.254,0,80,0,16,317,2
2022-05-21 06,0.772,0,75,0,19,325,1
2022-05-21 07,0.8,0,60,0,21,5,1
2022-05-21 08,1.478,0,45,0,24,19,2
2022-05-21 09,1.605,0,40,0,26,13,1
2022-05-21 10,1.528,0,30,0,27,337,1
2022-05-21 11,1.782,0,25,0,28,334,3
2022-05-21 12,1.672,0,40,0,29,335,3
2022-05-21 13,1.841,0,40,0,30,317,3
2022-05-21 14,2.083,0,40,0,30,338,3
2022-05-21 15,1.664,0,40,0,30,324,4
2022-05-21 16,1.508,0,40,0,29,326,4
2022-05-21 17,2.082,0,30,0,28,322,4
2022-05-21 18,1.252,0,35,0,26,318,4
2022-05-21 19,1.075,0,40,0,24,323,3
2022-05-21 20,0.844,0,45,0,23,319,2
2022-05-21 21,0.808,0,50,0,22,327,3
2022-05-21 22,0.747,0,55,0,21,305,2
2022-05-21 23,0.614,0,55,0,20,311,3
2022-05-22 00,0.58,0,60,0,20,289,2
2022-05-22 01,0.778,0,55,0,19,292,2
2022-05-22 02,0.578,0,60,0,19,310,2
2022-05-22 03,0.919,0,65,0,18,292,1
2022-05-22 04,0.559,0,60,0,18,343,0
2022-05-22 05,0.746,0,60,0,17,321,0
2022-05-22 06,0.634,0,50,0,20,327,2
2022-05-22 07,0.729,0,40,0,23,322,3
2022-05-22 08,0.775,0,35,0,25,312,3
2022-05-22 09,0.721,0,30,0,27,299,3
2022-05-22 10,0.856,0,25,0,29,282,3
2022-05-22 11,0.725,0,25,0,30,314,4
2022-05-22 12,1.177,0,25,0,31,314,5
2022-05-22 13,1.308,0,25,0,32,327,3
2022-05-22 14,1.558,0,30,0,31,305,5
2022-05-22 15,1.411,0,30,0,31,324,4
2022-05-22 16,1.811,0,30,0,31,323,4
2022-05-22 17,1.55,0,30,0,29,314,4
2022-05-22 18,1.1,0,35,0,28,319,2
2022-05-22 19,1.086,0,40,0,26,306,2
2022-05-22 20,0.848,0,45,0,25,287,2
2022-05-22 21,0.912,0,45,0,24,273,1
2022-05-22 22,1.444,0,50,0,22,314,1
2022-05-22 23,0.685,0,55,0,21,266,1
2022-05-23 00,0.634,0,60,0,21,258,1
2022-05-23 01,0.886,0,65,0,20,266,1
2022-05-23 02,0.882,0,65,0,20,305,1
2022-05-23 03,1.135,0,75,0,18,222,1
2022-05-23 04,1.252,0,70,0,18,287,1
2022-05-23 05,0.828,0,70,0,18,59,1
2022-05-23 06,0.74,0,65,0,20,30,1
2022-05-23 07,0.667,0,55,0,23,21,1
2022-05-23 08,0.81,0,45,0,25,36,1
2022-05-23 09,1.106,0,45,0,26,55,1
2022-05-23 10,1.101,0,40,0,28,141,1
2022-05-23 11,1.448,0,40,0,29,142,1
2022-05-23 12,1.373,0,45,0,29,178,4
2022-05-23 13,1.606,0,45,0,29,176,4
2022-05-23 14,1.412,0,45,0,29,179,4
2022-05-23 15,1.614,0,45,0,28,189,3
2022-05-23 16,1.5,0,50,0,25,196,3
2022-05-23 17,1.077,0,60,0,23,165,4
2022-05-23 18,1.248,0,65,0,23,185,2
2022-05-23 19,1.245,0,65,0,22,196,1
2022-05-23 20,0.867,0,75,0,21,208,1
2022-05-23 21,1.108,0,75,0,20,244,1
2022-05-23 22,0.618,0,80,0,19,200,1
2022-05-23 23,0.868,0,75,0,19,309,0
2022-05-24 00,0.769,0,70,0,19,5,1
2022-05-24 01,1.004,0,55,0,20,337,2
2022-05-24 02,1.023,0,55,0,20,340,2
2022-05-24 03,0.594,0,55,0,19,349,2
2022-05-24 04,0.815,0,55,0,19,335,2
2022-05-24 05,0.529,0,55,0,19,351,1
2022-05-24 06,0.532,0,50,0,20,353,1
2022-05-24 07,0.634,0,40,0,23,342,1
2022-05-24 08,0.921,0,40,0,25,44,0
2022-05-24 09,1.133,0,35,0,26,43,1
2022-05-24 10,1.804,0,30,0,29,139,1
2022-05-24 11,1.974,0,25,0,30,108,2
2022-05-24 12,1.92,0,30,0,32,182,2
2022-05-24 13,2.408,0,25,0,31,169,3
2022-05-24 14,1.781,0,25,0,32,183,3
2022-05-24 15,1.983,0,30,0,30,176,4
2022-05-24 16,1.155,0,30,0,28,160,4
2022-05-24 17,1.065,0,35,0,27,172,3
2022-05-24 18,0.966,0,40,0,26,191,3
2022-05-24 19,0.915,0,50,0,23,193,2
2022-05-24 20,1.059,0,55,0,22,282,1
2022-05-24 21,0.842,0,60,0,20,304,1
2022-05-24 22,0.915,0,60,0,19,256,1
2022-05-24 23,1.756,0,65,0,18,335,0
2022-05-25 00,0.91,0,65,0,18,287,1
2022-05-25 01,0.921,0,75,0,16,256,1
2022-05-25 02,0.919,0,75,0,17,317,1
2022-05-25 03,0.776,0,80,0,15,287,1
2022-05-25 04,0.734,0,80,0,16,310,1
2022-05-25 05,0.565,0,80,0,15,295,0
2022-05-25 06,0.555,0,70,0,18,314,1
2022-05-25 07,0.882,0,60,0,21,343,1
2022-05-25 08,0.833,0,50,0,24,65,0
2022-05-25 09,1.155,0,45,0,26,90,1
2022-05-25 10,1.238,0,45,0,28,123,2
2022-05-25 11,1.758,0,35,0,30,206,2
2022-05-25 12,2.318,0,35,0,30,169,3
2022-05-25 13,1.404,0,40,0,29,179,2
2022-05-25 14,2.443,0,40,0,28,157,3
2022-05-25 15,2.639,0,45,0,27,172,2
2022-05-25 16,1.63,0,45,0,27,186,2
2022-05-25 17,1.339,0,45,0,25,216,1
2022-05-25 18,1.195,0,55,0,24,180,1
2022-05-25 19,1.069,0,55,0,23,242,2
2022-05-25 20,1.373,0,60,0,23,257,2
2022-05-25 21,1.061,0,50,0,23,253,0
2022-05-25 22,0.873,0,55,0,22,277,1
2022-05-25 23,1.353,0,55,0,21,269,1
2022-05-26 00,0.827,0,55,0,21,290,1
2022-05-26 01,1.126,0,55,0,20,252,0
2022-05-26 02,0.919,0,60,0,20,264,1
2022-05-26 03,0.727,0,65,0,19,201,1
2022-05-26 04,0.744,0,65,0,20,215,1
2022-05-26 05,0.741,0,70,0,20,283,0
2022-05-26 06,0.722,0,60,0,20,335,1
2022-05-26 07,1.196,0,50,0,20,348,1
2022-05-26 08,1.29,0,40,0,21,287,2
2022-05-26 09,1.354,0,35,0,22,311,1
2022-05-26 10,1.167,0,30,0,24,294,1
2022-05-26 11,1.632,0,25,0,26,274,1
2022-05-26 12,2.226,0,20,0,27,317,2
2022-05-26 13,2.023,0,20,0,28,275,2
2022-05-26 14,1.832,0,15,0,28,271,3
2022-05-26 15,1.93,0,15,0,28,294,4
2022-05-26 16,1.502,0,20,0,27,311,3
2022-05-26 17,1.777,0,20,0,27,320,3
2022-05-26 18,1.347,0,25,0,26,278,2
2022-05-26 19,1.196,0,30,0,23,266,2
2022-05-26 20,0.973,0,35,0,21,289,1
2022-05-26 21,0.958,0,40,0,21,294,2
2022-05-26 22,0.994,0,45,0,19,269,2
2022-05-26 23,0.863,0,45,0,19,258,2
2022-05-27 00,1.478,0,50,0,17,217,1
2022-05-27 01,0.704,0,50,0,16,233,1
2022-05-27 02,0.657,0,55,0,15,259,1
2022-05-27 03,0.637,0,60,0,14,175,1
2022-05-27 04,0.825,0,60,0,13,145,1
2022-05-27 05,0.962,0,60,0,13,247,0
2022-05-27 06,1.103,0,50,0,17,210,1
2022-05-27 07,0.909,0,40,0,21,236,1
2022-05-27 08,1.063,0,35,0,23,205,2
2022-05-27 09,1.288,0,35,0,25,212,3
2022-05-27 10,1.812,0,30,0,26,238,3
2022-05-27 11,2.321,0,30,0,27,232,2
2022-05-27 12,2.265,0,30,0,28,238,3
2022-05-27 13,2.718,0,30,0,29,256,2
2022-05-27 14,2.198,0,35,0,29,241,3
2022-05-27 15,2.082,0,30,0,29,260,4
2022-05-27 16,3.218,0,25,0,29,250,4
2022-05-27 17,2.652,0,30,0,28,261,3
2022-05-27 18,2.205,0,35,0,26,236,3
2022-05-27 19,1.786,0,40,0,25,238,2
2022-05-27 20,1.385,0,45,0,23,245,2
2022-05-27 21,1.3,0,50,0,22,233,2
2022-05-27 22,1.04,0,55,0,21,261,1
2022-05-27 23,1.975,0,55,0,20,258,1
2022-05-28 00,0.918,0,60,0,19,223,1
2022-05-28 01,1.111,0,70,0,18,262,1
2022-05-28 02,0.767,0,70,0,17,56,1
2022-05-28 03,0.734,0,75,0,16,211,0
2022-05-28 04,0.757,0,80,0,15,52,0
2022-05-28 05,0.906,0,80,0,15,301,1
2022-05-28 06,0.782,0,70,0,17,299,1
2022-05-28 07,0.673,0,60,0,20,139,1
2022-05-28 08,1.159,0,45,0,23,101,1
2022-05-28 09,1.598,0,40,0,25,108,1
2022-05-28 10,1.891,0,20,0,28,258,0
2022-05-28 11,2.328,0,25,0,29,352,0
2022-05-28 12,2.323,0,25,0,30,259,1
2022-05-28 13,2.399,0,25,0,30,175,2
2022-05-28 14,2.961,0,35,0,28,169,3
2022-05-28 15,2.073,0,35,0,28,178,4
2022-05-28 16,3.136,0,30,0,28,198,3
2022-05-28 17,2.498,0,25,0,27,206,3
2022-05-28 18,1.644,0,35,0,25,194,2
2022-05-28 19,1.637,0,35,0,23,257,2
2022-05-28 20,1.599,0,45,0,21,285,1
2022-05-28 21,1.222,0,50,0,20,236,1
2022-05-28 22,1.4,0,55,0,19,226,0
2022-05-28 23,1.133,0,60,0,18,277,1
2022-05-29 00,0.97,0,65,0,17,204,0
2022-05-29 01,1.054,0,65,0,16,219,1
2022-05-29 02,0.761,0,70,0,15,286,1
2022-05-29 03,0.912,0,70,0,14,325,1
2022-05-29 04,0.908,0,70,0,13,203,1
2022-05-29 05,1.187,0,70,0,14,313,0
2022-05-29 06,1.265,0,50,0,17,325,1
2022-05-29 07,0.763,0,45,0,19,2,0
2022-05-29 08,1.331,0,50,0,21,119,0
2022-05-29 09,1.437,0,45,0,25,64,1
2022-05-29 10,1.637,0,35,0,26,33,2
2022-05-29 11,1.938,0,40,0,26,139,3
2022-05-29 12,1.992,0,40,0,27,136,4
2022-05-29 13,2.9,0,40,0,28,157,3
2022-05-29 14,2.338,0,40,0,27,125,3
2022-05-29 15,2.072,0,35,0,27,142,3
2022-05-29 16,1.782,0,40,0,26,139,2
2022-05-29 17,1.472,0,45,0,24,149,2
2022-05-29 18,1.271,0,45,0,24,158,2
2022-05-29 19,0.939,5,50,0.1,23,131,1
2022-05-29 20,0.881,1,50,0.3,23,137,1
2022-05-29 21,0.823,0,55,0,22,138,2
2022-05-29 22,0.809,5,60,0.1,21,130,2
2022-05-29 23,0.74,5,75,0.2,19,130,1
2022-05-30 00,1.125,0,80,0,19,18,1
2022-05-30 01,1.363,1,80,0.5,19,23,1
2022-05-30 02,1.279,5,85,0.2,18,53,0
2022-05-30 03,1.272,0,85,0,19,67,1
2022-05-30 04,1.242,0,80,0,19,77,1
2022-05-30 05,1.27,0,75,0,19,59,1
2022-05-30 06,1.134,0,75,0,19,76,1
2022-05-30 07,1.059,0,70,0,20,51,1
2022-05-30 08,0.652,0,65,0,21,55,1
2022-05-30 09,1.319,0,60,0,22,21,1
2022-05-30 10,1.762,0,55,0,23,55,1
2022-05-30 11,1.475,0,50,0,24,300,1
2022-05-30 12,2.189,0,55,0,25,265,0
2022-05-30 13,1.054,0,55,0,25,264,1
2022-05-30 14,1.7,0,60,0,25,248,3
2022-05-30 15,2.128,0,60,0,25,242,3
2022-05-30 16,2.221,0,60,0,25,260,3
2022-05-30 17,1.447,0,65,0,24,272,3
2022-05-30 18,1.639,0,65,0,23,286,2
2022-05-30 19,1.437,0,70,0,22,282,2
2022-05-30 20,1.353,0,70,0,22,276,2
2022-05-30 21,1.144,0,65,0,22,295,3
2022-05-30 22,1.308,0,65,0,22,308,3
2022-05-30 23,0.865,0,95,0,26,195,8
2022-05-31 00,1.038,0,70,0,20,259,1
2022-05-31 01,0.89,0,70,0,20,278,1
2022-05-31 02,0.855,0,55,0,19,291,3
2022-05-31 03,0.935,0,55,0,18,285,3
2022-05-31 04,0.746,0,55,0,17,271,1
2022-05-31 05,0.598,0,60,0,17,235,1
2022-05-31 06,1.529,0,50,0,19,332,1
2022-05-31 07,1.296,0,45,0,21,9,1
2022-05-31 08,0.95,0,35,0,23,267,0
2022-05-31 09,0.962,0,25,0,26,184,1
2022-05-31 10,1.294,0,25,0,27,111,2
2022-05-31 11,1.673,0,25,0,28,122,3
2022-05-31 12,1.028,0,25,0,29,140,3
2022-05-31 13,1.268,0,25,0,29,138,4
2022-05-31 14,1.155,0,30,0,28,141,5
2022-05-31 15,1.609,0,25,0,28,166,3
2022-05-31 16,1.388,0,25,0,28,151,2
2022-05-31 17,1.563,0,30,0,27,190,2
2022-05-31 18,1.312,0,30,0,26,196,2
2022-05-31 19,1.222,0,40,0,24,227,1
2022-05-31 20,1.191,0,45,0,22,197,2
2022-05-31 21,1.026,0,50,0,21,193,2
2022-05-31 22,1.26,0,60,0,20,158,2
2022-05-31 23,1.145,0,60,0,19,138,1
2022-06-01 00,0.986,0,60,0,19,190,1
2022-06-01 01,1.129,0,65,0,19,287,1
2022-06-01 02,0.875,0,65,0,18,252,0
2022-06-01 03,1.246,0,65,0,18,328,0
2022-06-01 04,0.823,0,65,0,18,294,1
2022-06-01 05,1.044,0,70,0,18,297,0
2022-06-01 06,0.795,0,65,0,19,288,1
2022-06-01 07,0.997,0,55,0,21,11,1
2022-06-01 08,1.027,0,40,0,24,80,0
2022-06-01 09,1.352,0,35,0,26,124,1
2022-06-01 10,1.595,0,20,0,28,156,2
2022-06-01 11,1.724,0,25,0,28,158,2
2022-06-01 12,2.599,0,25,0,29,146,2
2022-06-01 13,1.911,0,20,0,29,143,3
2022-06-01 14,2.764,0,25,0,29,133,3
2022-06-01 15,1.986,0,30,0,28,163,3
2022-06-01 16,2.603,0,25,0,27,165,3
2022-06-01 17,2.252,0,30,0,26,151,3
2022-06-01 18,2.05,0,40,0,24,171,2
2022-06-01 19,1.393,0,55,0,22,186,2
2022-06-01 20,1.317,0,70,0,21,204,1
2022-06-01 21,0.001,0,70,0,20,185,1
2022-06-01 22,0.001,0,75,0,18,197,1
2022-06-01 23,0.001,0,75,0,18,210,1
2022-06-02 00,0.001,0,80,0,17,189,0
2022-06-02 01,0.001,0,80,0,16,274,0
2022-06-02 02,0.001,0,85,0,16,247,0
2022-06-02 03,0.001,0,85,0,15,310,1
2022-06-02 04,0.001,0,90,0,15,305,0
2022-06-02 05,0.001,0,85,0,14,303,1
2022-06-02 06,0.001,0,75,0,17,320,1
2022-06-02 07,0.001,0,65,0,20,58,1
2022-06-02 08,1.391,0,60,0,22,95,1
2022-06-02 09,1.838,0,55,0,24,66,1
2022-06-02 10,1.088,0,40,0,26,110,2
2022-06-02 11,1.156,0,35,0,27,132,1
2022-06-02 12,1.504,0,35,0,29,87,1
2022-06-02 13,1.604,0,35,0,30,166,1
2022-06-02 14,1.421,0,45,0,29,155,3
2022-06-02 15,1.675,0,55,0,28,162,5
2022-06-02 16,1.433,0,55,0,27,152,4
2022-06-02 17,2.062,0,60,0,26,140,3
2022-06-02 18,1.556,0,65,0,25,152,3
2022-06-02 19,1.689,0,70,0,23,163,2
2022-06-02 20,1.316,0,75,0,23,236,1
2022-06-02 21,1.125,0,75,0,22,77,0
2022-06-02 22,1.361,0,80,0,22,95,0
2022-06-02 23,1.211,0,80,0,22,300,1
2022-06-03 00,1.274,0,75,0,22,245,1
2022-06-03 01,1.158,0,80,0,21,259,1
2022-06-03 02,0.99,0,80,0,21,284,1
2022-06-03 03,0.885,0,80,0,20,303,1
2022-06-03 04,0.69,0,80,0,20,306,0
2022-06-03 05,0.926,0,85,0,18,171,1
2022-06-03 06,0.708,0,75,0,21,352,1
2022-06-03 07,1.034,0,65,0,23,52,1
2022-06-03 08,1.853,0,60,0,25,90,1
2022-06-03 09,1.785,0,55,0,27,94,1
2022-06-03 10,2.136,0,45,0,28,91,2
2022-06-03 11,1.269,0,35,0,30,64,2
2022-06-03 12,2.041,0,40,0,31,141,3
2022-06-03 13,2.101,0,45,0,29,149,4
2022-06-03 14,2.295,0,45,0,28,156,5
2022-06-03 15,2.031,0,45,0,27,148,4
2022-06-03 16,1.927,0,50,0,26,152,3
2022-06-03 17,1.819,0,60,0,25,157,4
2022-06-03 18,1.204,0,60,0,23,185,3
2022-06-03 19,1.731,0,70,0,22,180,2
2022-06-03 20,1.233,0,75,0,21,183,2
2022-06-03 21,1.308,0,75,0,21,200,1
2022-06-03 22,1.007,0,75,0,20,166,0
2022-06-03 23,0.971,0,75,0,20,269,1
2022-06-04 00,1.123,0,80,0,19,26,1
2022-06-04 01,0.986,0,85,0,18,150,0
2022-06-04 02,0.904,0,85,0,18,276,1
2022-06-04 03,0.706,0,85,0,18,203,0
2022-06-04 04,0.881,0,80,0,18,57,0
2022-06-04 05,0.89,0,80,0,18,104,1
2022-06-04 06,0.629,0,75,0,20,96,1
2022-06-04 07,0.843,0,60,0,22,84,3
2022-06-04 08,0.001,0,50,0,24,63,3
2022-06-04 09,0.001,0,45,0,25,73,3
2022-06-04 10,0.54,0,45,0,26,64,3
2022-06-04 11,1.619,0,40,0,27,64,2
2022-06-04 12,2.602,0,35,0,28,65,2
2022-06-04 13,2.065,0,35,0,28,72,3
2022-06-04 14,2.284,0,35,0,28,73,3
2022-06-04 15,1.951,0,30,0,27,76,3
2022-06-04 16,1.97,0,30,0,27,78,2
2022-06-04 17,1.657,0,35,0,27,69,2
2022-06-04 18,1.258,0,40,0,25,75,1
2022-06-04 19,1.823,0,45,0,24,133,1
2022-06-04 20,1.503,0,45,0,23,149,1
2022-06-04 21,1.427,0,50,0,23,121,1
2022-06-04 22,1.396,0,50,0,22,132,1
2022-06-04 23,1.008,0,50,0,22,113,1
2022-06-05 00,1.407,5,55,0.1,21,123,1
2022-06-05 01,1.276,5,60,0.1,22,43,1
2022-06-05 02,0.891,1,60,0.4,22,64,2
2022-06-05 03,0.847,1,65,0.4,21,39,2
2022-06-05 04,0.823,1,65,0.5,21,26,1
2022-06-05 05,0.82,1,65,0.6,20,47,2
2022-06-05 06,0.746,1,65,0.4,20,53,2
2022-06-05 07,0.986,1,80,1.3,19,64,1
2022-06-05 08,1.041,1,90,3.1,18,59,2
2022-06-05 09,1.569,1,90,0.7,19,72,2
2022-06-05 10,1.123,1,80,0.3,19,54,2
2022-06-05 11,1.298,1,85,0.4,19,59,2
2022-06-05 12,1.46,1,90,0.8,18,67,2
2022-06-05 13,1.719,1,90,1.1,18,115,2
2022-06-05 14,2.271,1,95,0.9,18,108,2
2022-06-05 15,2.554,1,90,0.9,18,47,2
2022-06-05 16,2.053,1,95,1.2,17,68,2
2022-06-05 17,2.208,1,95,2.9,18,29,2
2022-06-05 18,1.444,1,95,2.9,17,57,1
2022-06-05 19,1.573,1,95,1.4,18,76,1
2022-06-05 20,1.075,1,90,2.6,18,64,2
2022-06-05 21,0.635,1,85,0.9,18,40,2
2022-06-05 22,0.952,0,80,0,19,68,0
2022-06-05 23,0.587,0,85,0,18,1,1
2022-06-06 00,0.807,0,90,0,19,4,1
2022-06-06 01,1.038,0,85,0,19,338,1
2022-06-06 02,0.899,0,85,0,19,327,1
2022-06-06 03,1.056,0,90,0,18,316,1
2022-06-06 04,0.871,0,95,0,17,303,0
2022-06-06 05,0.934,0,90,0,17,316,1
2022-06-06 06,0.911,0,85,0,19,292,1
2022-06-06 07,1.213,0,75,0,21,226,0
2022-06-06 08,1.865,0,70,0,22,199,1
2022-06-06 09,2.268,0,85,0,19,262,3
2022-06-06 10,2.475,0,65,0,23,339,5
2022-06-06 11,1.991,0,60,0,23,278,3
2022-06-06 12,3.018,0,60,0,24,321,2
2022-06-06 13,2.158,0,55,0,26,263,2
2022-06-06 14,2.163,0,50,0,26,282,3
2022-06-06 15,2.275,0,50,0,26,323,4
2022-06-06 16,3.183,0,50,0,26,292,3
2022-06-06 17,4.119,0,50,0,26,313,4
2022-06-06 18,1.917,0,55,0,25,317,2
2022-06-06 19,2.433,0,60,0,23,50,2
2022-06-06 20,1.975,0,70,0,21,148,1
2022-06-06 21,1.234,0,75,0,21,155,1
2022-06-06 22,1.607,0,75,0,20,169,1
2022-06-06 23,0.908,0,75,0,19,166,2
2022-06-07 00,1.328,1,80,0.3,19,185,2
2022-06-07 01,1.197,0,80,0,19,157,0
2022-06-07 02,1.165,0,75,0,19,174,0
2022-06-07 03,0.684,0,75,0,19,145,1
2022-06-07 04,0.888,0,70,0,19,112,1
2022-06-07 05,0.904,0,75,0,19,132,1
2022-06-07 06,0.655,0,65,0,19,94,2
2022-06-07 07,0.99,0,65,0,19,160,1
2022-06-07 08,1.67,0,65,0,20,66,2
2022-06-07 09,2.038,0,65,0,20,150,2
2022-06-07 10,2.551,0,60,0,21,147,1
2022-06-07 11,2.191,0,60,0,21,141,1
2022-06-07 12,4.062,0,55,0,22,155,2
2022-06-07 13,2.527,0,50,0,23,165,3
2022-06-07 14,2.577,0,55,0,23,156,3
2022-06-07 15,3.038,0,55,0,22,139,2
2022-06-07 16,2.925,0,60,0,21,157,2
2022-06-07 17,2.303,0,60,0,20,168,2
2022-06-07 18,1.998,0,65,0,20,162,1
2022-06-07 19,2.239,1,70,0.3,19,152,2
2022-06-07 20,2.05,0,75,0,19,193,1
2022-06-07 21,1.579,1,75,0.3,19,65,0
2022-06-07 22,1.632,1,75,0.3,18,45,2
2022-06-07 23,1.146,1,80,0.3,18,38,1
2022-06-08 00,1.14,5,80,0.1,17,34,1
2022-06-08 01,1.124,1,85,0.8,17,37,1
2022-06-08 02,1.108,0,80,0,17,19,1
2022-06-08 03,0.993,0,80,0,17,38,1
2022-06-08 04,0.932,0,80,0,17,45,1
2022-06-08 05,0.918,0,80,0,17,31,1
2022-06-08 06,0.718,0,75,0,18,44,2
2022-06-08 07,0.97,1,80,0.6,17,51,1
2022-06-08 08,1.389,1,75,0.6,18,61,1
2022-06-08 09,1.578,0,70,0,19,40,1
2022-06-08 10,2.168,0,65,0,20,65,1
2022-06-08 11,2.12,0,60,0,21,69,2
2022-06-08 12,2.162,0,60,0,21,102,2
2022-06-08 13,3.06,0,60,0,21,88,1
2022-06-08 14,2.849,0,65,0,21,166,1
2022-06-08 15,2.915,0,55,0,23,165,2
2022-06-08 16,2.616,0,60,0,22,150,1
2022-06-08 17,3.778,0,60,0,22,144,1
2022-06-08 18,2.104,0,65,0,21,146,2
2022-06-08 19,1.695,0,70,0,19,170,2
2022-06-08 20,1.557,0,75,0,19,169,1
2022-06-08 21,1.415,0,75,0,18,200,1
2022-06-08 22,1.438,0,85,0,17,198,1
2022-06-08 23,1.131,0,85,0,17,276,1
2022-06-09 00,1.475,0,85,0,17,325,0
2022-06-09 01,1.326,0,85,0,17,325,1
2022-06-09 02,1.276,0,85,0,18,301,1
2022-06-09 03,1.123,0,80,0,18,41,1
2022-06-09 04,1.133,0,80,0,18,62,1
2022-06-09 05,1.196,0,80,0,18,85,1
2022-06-09 06,1.02,0,75,0,19,59,1
2022-06-09 07,1.542,0,70,0,20,73,2
2022-06-09 08,1.811,0,65,0,21,72,2
2022-06-09 09,1.863,0,60,0,22,64,2
2022-06-09 10,2.362,0,55,0,24,92,1
2022-06-09 11,2.118,0,50,0,24,97,2
2022-06-09 12,3.284,0,50,0,25,103,2
2022-06-09 13,2.435,0,50,0,25,160,2
2022-06-09 14,2.731,0,50,0,25,152,2
2022-06-09 15,2.512,0,50,0,25,144,2
2022-06-09 16,2.995,0,50,0,25,170,2
2022-06-09 17,2.481,0,50,0,24,174,2
2022-06-09 18,1.815,0,55,0,22,180,2
2022-06-09 19,2.527,0,65,0,21,181,2
2022-06-09 20,1.399,0,65,0,20,195,2
2022-06-09 21,1.366,0,70,0,19,225,1
2022-06-09 22,1.389,0,75,0,18,261,1
2022-06-09 23,0.95,0,75,0,17,233,0
2022-06-10 00,1.353,0,85,0,17,228,1
2022-06-10 01,0.949,0,80,0,17,264,1
2022-06-10 02,1.194,0,85,0,16,266,0
2022-06-10 03,0.727,0,85,0,15,308,1
2022-06-10 04,0.913,0,90,0,16,295,1
2022-06-10 05,0.821,0,90,0,16,301,1
2022-06-10 06,0.744,0,80,0,18,296,1
2022-06-10 07,0.903,0,70,0,20,159,0
2022-06-10 08,1.077,0,60,0,22,107,1
2022-06-10 09,1.712,0,50,0,24,26,2
2022-06-10 10,1.627,0,45,0,26,90,2
2022-06-10 11,1.744,0,45,0,27,130,2
2022-06-10 12,2.103,0,45,0,26,146,2
2022-06-10 13,1.627,0,50,0,26,157,2
2022-06-10 14,1.977,0,50,0,25,157,2
2022-06-10 15,2.33,0,50,0,25,169,2
2022-06-10 16,1.982,0,55,0,23,179,1
2022-06-10 17,2.337,0,60,0,24,199,1
2022-06-10 18,1.568,0,60,0,23,208,1
2022-06-10 19,1.983,0,65,0,22,285,0
2022-06-10 20,1.345,0,70,0,21,286,1
2022-06-10 21,1.044,0,75,0,21,256,1
2022-06-10 22,1.438,0,70,0,20,274,1
2022-06-10 23,1.122,0,75,0,20,336,1
2022-06-11 00,1.095,0,80,0,19,291,1
2022-06-11 01,1.037,0,85,0,18,314,0
2022-06-11 02,0.842,0,85,0,18,206,0
2022-06-11 03,0.825,0,85,0,18,302,1
2022-06-11 04,0.774,0,85,0,18,216,1
2022-06-11 05,0.827,0,80,0,19,222,1
2022-06-11 06,0.839,0,80,0,20,319,1
2022-06-11 07,0.943,0,75,0,21,319,1
2022-06-11 08,1.389,0,65,0,23,319,1
2022-06-11 09,1.809,0,60,0,25,101,2
2022-06-11 10,1.896,0,50,0,27,49,2
2022-06-11 11,2.031,0,45,0,28,99,1
2022-06-11 12,2.657,0,40,0,29,71,2
2022-06-11 13,4.342,0,35,0,29,75,3
2022-06-11 14,2.502,0,45,0,29,85,3
2022-06-11 15,2.965,0,50,0,28,89,2
2022-06-11 16,3.288,0,50,0,27,99,2
2022-06-11 17,2.49,0,55,0,26,151,1
2022-06-11 18,1.8,0,60,0,25,156,1
2022-06-11 19,2.2,0,65,0,24,147,0
2022-06-11 20,1.875,0,75,0,23,151,1
2022-06-11 21,2.226,0,75,0,22,157,2
2022-06-11 22,1.635,0,75,0,22,216,1
2022-06-11 23,1.387,0,80,0,22,168,0
2022-06-12 00,1.206,0,80,0,21,336,1
2022-06-12 01,1.375,0,85,0,20,264,0
2022-06-12 02,0.944,0,85,0,20,6,1
2022-06-12 03,1.097,0,80,0,19,135,0
2022-06-12 04,1.006,0,85,0,19,88,0
2022-06-12 05,0.924,0,80,0,19,88,1
2022-06-12 06,0.925,0,70,0,21,47,1
2022-06-12 07,1.168,0,55,0,22,87,2
2022-06-12 08,0.943,0,50,0,24,64,2
2022-06-12 09,1.435,0,45,0,25,92,2
2022-06-12 10,1.486,0,45,0,25,108,2
2022-06-12 11,1.035,0,50,0,26,101,2
2022-06-12 12,1.655,0,50,0,26,162,3
2022-06-12 13,1.901,0,50,0,25,140,3
2022-06-12 14,2.817,0,50,0,26,143,2
2022-06-12 15,2.684,0,50,0,26,150,2
2022-06-12 16,2.072,0,60,0,23,185,2
2022-06-12 17,1.879,0,65,0,23,184,2
2022-06-12 18,3.015,0,70,0,22,184,2
2022-06-12 19,2.312,0,70,0,21,172,1
2022-06-12 20,1.489,0,75,0,21,174,1
2022-06-12 21,1.057,0,75,0,21,149,0
2022-06-12 22,1.127,0,75,0,20,70,1
2022-06-12 23,0.667,0,75,0,20,68,1
2022-06-13 00,1.039,0,75,0,20,57,1
2022-06-13 01,1.309,0,80,0,20,91,1
2022-06-13 02,0.959,0,70,0,20,84,1
2022-06-13 03,0.926,0,70,0,20,75,1
2022-06-13 04,0.6,0,70,0,20,85,2
2022-06-13 05,0.806,0,70,0,20,62,1
2022-06-13 06,0.619,0,65,0,21,47,2
2022-06-13 07,0.84,0,65,0,21,70,2
2022-06-13 08,0.946,0,65,0,21,64,2
2022-06-13 09,1.54,0,60,0,21,63,2
2022-06-13 10,1.982,0,55,0,23,71,2
2022-06-13 11,2.144,0,55,0,23,66,2
2022-06-13 12,2.667,0,55,0,23,53,2
2022-06-13 13,2.768,0,55,0,23,63,2
2022-06-13 14,2.107,5,55,0.1,23,75,2
2022-06-13 15,2.218,5,55,0.1,24,69,3
2022-06-13 16,1.894,1,55,0.4,23,77,2
2022-06-13 17,1.875,1,65,0.6,22,91,2
2022-06-13 18,1.478,0,60,0,22,68,2
2022-06-13 19,1.854,1,60,0.4,22,76,2
2022-06-13 20,1.142,1,70,1,20,81,2
2022-06-13 21,1.337,1,75,1,20,69,2
2022-06-13 22,1.014,1,80,1.3,19,29,1
2022-06-13 23,0.937,1,85,1,19,62,2
2022-06-14 00,1.012,1,85,0.7,18,71,1
2022-06-14 01,1.222,1,80,0.4,19,59,2
2022-06-14 02,1.024,1,85,0.7,18,39,2
2022-06-14 03,1.035,1,80,0.4,18,61,2
2022-06-14 04,1.075,1,75,0.3,19,56,2
2022-06-14 05,0.924,1,80,0.7,18,45,2
2022-06-14 06,0.884,1,80,0.4,18,40,2
2022-06-14 07,1.081,1,75,0.3,19,41,2
2022-06-14 08,1.256,0,70,0,20,45,3
2022-06-14 09,1.751,0,65,0,20,36,3
2022-06-14 10,2.147,0,65,0,20,45,3
2022-06-14 11,1.822,0,60,0,21,51,3
2022-06-14 12,2.555,0,65,0,21,46,3
2022-06-14 13,2.234,0,60,0,21,54,3
2022-06-14 14,1.885,0,65,0,21,54,2
2022-06-14 15,3.055,0,60,0,21,62,3
2022-06-14 16,3.368,0,60,0,21,64,3
2022-06-14 17,3.71,0,65,0,20,61,2
2022-06-14 18,1.983,0,65,0,20,59,3
2022-06-14 19,2.667,0,70,0,19,52,1
2022-06-14 20,1.617,0,70,0,19,57,2
2022-06-14 21,1.506,0,70,0,19,67,2
2022-06-14 22,1.407,0,70,0,19,76,2
2022-06-14 23,1.076,0,75,0,19,99,1
2022-06-15 00,1.205,5,80,0.1,18,108,1
2022-06-15 01,1.088,0,80,0,18,108,1
2022-06-15 02,1.107,5,85,0.1,18,93,0
2022-06-15 03,1.006,0,85,0,18,114,0
2022-06-15 04,0.717,0,85,0,18,289,0
2022-06-15 05,0.937,0,85,0,18,119,0
2022-06-15 06,0.766,0,85,0,18,153,0
2022-06-15 07,0.964,0,80,0,19,95,0
2022-06-15 08,1.518,0,75,0,20,27,1
2022-06-15 09,1.57,0,75,0,21,297,0
2022-06-15 10,2.361,0,70,0,22,190,2
2022-06-15 11,2.213,0,65,0,24,139,1
2022-06-15 12,2.72,0,65,0,25,187,3
2022-06-15 13,3.077,0,65,0,25,190,2
2022-06-15 14,3.532,0,60,0,26,197,2
2022-06-15 15,3.673,0,60,0,27,197,3
2022-06-15 16,3.45,0,60,0,26,215,2
2022-06-15 17,2.091,0,65,0,25,173,2
2022-06-15 18,1.31,0,65,0,24,167,2
2022-06-15 19,1.621,0,70,0,23,191,3
2022-06-15 20,1.613,0,75,0,22,201,2
2022-06-15 21,1.635,0,80,0,22,215,2
2022-06-15 22,1.345,0,80,0,21,233,2
2022-06-15 23,0.976,0,80,0,21,245,2
2022-06-16 00,1.27,0,85,0,21,249,1
2022-06-16 01,1.135,0,85,0,19,180,1
2022-06-16 02,0.898,0,90,0,19,201,1
2022-06-16 03,0.986,0,90,0,19,217,1
2022-06-16 04,0.944,0,85,0,20,225,2
2022-06-16 05,0.723,0,85,0,19,224,1
2022-06-16 06,0.9,0,85,0,20,245,1
2022-06-16 07,1.085,0,70,0,22,246,2
2022-06-16 08,1.144,0,60,0,24,273,2
2022-06-16 09,2.319,0,55,0,25,237,2
2022-06-16 10,1.456,0,50,0,26,232,3
2022-06-16 11,2.114,0,45,0,27,221,2
2022-06-16 12,2.039,0,40,0,28,242,3
2022-06-16 13,1.66,0,40,0,29,255,3
2022-06-16 14,1.9,0,35,0,30,245,3
2022-06-16 15,1.762,0,35,0,30,257,3
2022-06-16 16,3.145,0,40,0,29,206,3
2022-06-16 17,2.455,0,45,0,28,211,3
2022-06-16 18,2.479,0,50,0,27,216,2
2022-06-16 19,2.942,0,60,0,26,202,2
2022-06-16 20,1.331,0,65,0,24,167,1
2022-06-16 21,1.45,0,75,0,23,156,2
2022-06-16 22,1.393,0,75,0,22,169,2
2022-06-16 23,1.065,0,75,0,22,155,1
2022-06-17 00,1.05,0,80,0,22,183,1
2022-06-17 01,1.062,0,80,0,21,196,1
2022-06-17 02,1.031,0,85,0,20,249,0
2022-06-17 03,1.344,0,85,0,19,184,1
2022-06-17 04,1.077,0,90,0,19,234,1
2022-06-17 05,0.979,0,90,0,19,240,1
2022-06-17 06,0.968,0,80,0,21,172,1
2022-06-17 07,0.967,0,75,0,22,269,1
2022-06-17 08,1.213,0,70,0,24,125,0
2022-06-17 09,2.277,0,65,0,25,134,2
2022-06-17 10,1.938,5,65,0.2,25,149,3
2022-06-17 11,1.433,1,70,3.3,25,167,2
2022-06-17 12,2.317,0,60,0,27,138,3
2022-06-17 13,2.527,0,55,0,28,138,3
2022-06-17 14,3.222,0,55,0,28,142,3
2022-06-17 15,4.233,0,55,0,28,166,2
2022-06-17 16,3.444,0,60,0,26,147,2
2022-06-17 17,2.532,0,65,0,25,171,3
2022-06-17 18,2.308,0,70,0,24,138,2
2022-06-17 19,2.268,0,75,0,24,162,1
2022-06-17 20,2.203,0,75,0,24,69,0
2022-06-17 21,1.392,0,75,0,24,95,0
2022-06-17 22,1.614,0,80,0,24,194,1
2022-06-17 23,1.162,0,80,0,24,222,0
2022-06-18 00,1.282,0,80,0,23,154,1
2022-06-18 01,1.208,0,80,0,23,232,0
2022-06-18 02,0.819,0,85,0,23,201,1
2022-06-18 03,1.062,0,85,0,23,68,0
2022-06-18 04,1.079,0,85,0,22,236,1
2022-06-18 05,0.823,0,85,0,22,222,1
2022-06-18 06,0.96,0,85,0,23,267,1
2022-06-18 07,1.153,0,75,0,25,83,0
2022-06-18 08,1.369,0,65,0,27,76,0
2022-06-18 09,1.526,0,60,0,27,224,0
2022-06-18 10,1.871,0,60,0,28,192,1
2022-06-18 11,2.022,0,55,0,29,185,1
2022-06-18 12,3.038,0,55,0,29,176,2
2022-06-18 13,2.356,0,55,0,29,182,2
2022-06-18 14,2.345,0,50,0,30,212,2
2022-06-18 15,2.449,0,50,0,30,203,2
2022-06-18 16,2.202,0,55,0,29,222,3
2022-06-18 17,2.009,0,55,0,29,211,3
2022-06-18 18,2.295,0,65,0,27,198,3
2022-06-18 19,3.05,0,65,0,25,217,3
2022-06-18 20,2.26,0,70,0,25,225,2
2022-06-18 21,1.661,0,75,0,24,286,1
2022-06-18 22,1.337,0,75,0,24,224,2
2022-06-18 23,1.002,0,75,0,24,270,1
2022-06-19 00,1.3,0,75,0,23,258,0
2022-06-19 01,1.189,0,80,0,23,206,1
2022-06-19 02,0.922,0,85,0,23,116,1
2022-06-19 03,0.981,0,85,0,22,173,1
2022-06-19 04,0.747,0,85,0,22,159,1
2022-06-19 05,0.977,1,85,0.4,22,135,1
2022-06-19 06,0.726,0,85,0,23,143,1
2022-06-19 07,0.959,0,75,0,24,123,1
2022-06-19 08,1.044,0,70,0,25,32,1
2022-06-19 09,1.78,0,65,0,27,188,1
2022-06-19 10,1.842,0,65,0,28,212,1
2022-06-19 11,2.055,0,60,0,29,328,1
2022-06-19 12,2.552,0,55,0,30,216,1
2022-06-19 13,2.475,0,50,0,31,168,1
2022-06-19 14,2.779,0,50,0,30,174,1
2022-06-19 15,3.522,0,50,0,30,179,2
2022-06-19 16,3.91,0,55,0,29,206,1
2022-06-19 17,3.188,0,65,0,28,149,3
2022-06-19 18,2.32,0,70,0,26,150,2
2022-06-19 19,2.143,0,80,0,25,171,2
2022-06-19 20,1.711,0,80,0,24,179,1
2022-06-19 21,1.268,0,80,0,24,193,1
2022-06-19 22,1.133,0,80,0,24,120,1
2022-06-19 23,0.748,0,85,0,23,151,1
2022-06-20 00,1.124,0,85,0,23,196,0
2022-06-20 01,0.872,0,85,0,24,162,1
2022-06-20 02,1.147,0,85,0,24,141,1
2022-06-20 03,0.757,0,85,0,24,114,0
2022-06-20 04,0.963,0,85,0,24,47,0
2022-06-20 05,0.8,0,80,0,24,297,0
2022-06-20 06,0.717,0,80,0,25,282,1
2022-06-20 07,0.896,0,70,0,26,318,0
2022-06-20 08,1.803,0,70,0,27,129,1
2022-06-20 09,2.588,0,70,0,26,93,2
2022-06-20 10,3.395,0,60,0,29,82,2
2022-06-20 11,2.931,0,60,0,29,119,2
2022-06-20 12,4.537,0,55,0,30,119,2
2022-06-20 13,4.316,0,55,0,31,131,2
2022-06-20 14,3.825,0,60,0,30,138,3
2022-06-20 15,2.43,0,60,0,30,160,4
2022-06-20 16,2.625,0,65,0,28,161,3
2022-06-20 17,3.05,0,65,0,27,158,3
2022-06-20 18,2.174,0,70,0,26,161,3
2022-06-20 19,2.571,0,75,0,25,180,2
2022-06-20 20,2.139,0,75,0,24,175,2
2022-06-20 21,2.176,0,75,0,24,155,0
2022-06-20 22,1.704,0,80,0,24,177,1
2022-06-20 23,1.419,0,80,0,23,160,1
2022-06-21 00,1.424,0,85,0,23,140,0
2022-06-21 01,1.147,0,85,0,24,60,1
2022-06-21 02,1.073,0,80,0,24,74,1
2022-06-21 03,1.242,0,80,0,24,42,1
2022-06-21 04,1.186,0,80,0,24,33,1
2022-06-21 05,1.141,0,75,0,24,18,2
2022-06-21 06,1.058,0,70,0,25,40,1
2022-06-21 07,1.11,0,70,0,25,37,1
2022-06-21 08,1.677,0,65,0,27,42,2
2022-06-21 09,2.145,0,60,0,29,46,2
2022-06-21 10,3.064,0,55,0,30,74,2
2022-06-21 11,2.479,0,50,0,32,93,2
2022-06-21 12,3.665,0,45,0,33,117,1
2022-06-21 13,2.63,0,45,0,33,116,2
2022-06-21 14,1.997,0,55,0,31,157,3
2022-06-21 15,2.167,0,55,0,31,154,3
2022-06-21 16,1.861,0,60,0,30,162,3
2022-06-21 17,3.46,0,70,0,28,192,3
2022-06-21 18,2.541,0,70,0,26,211,2
2022-06-21 19,2.397,0,70,0,26,212,1
2022-06-21 20,1.822,0,70,0,26,171,2
2022-06-21 21,1.477,0,70,0,26,174,1
2022-06-21 22,1.281,0,70,0,26,201,1
2022-06-21 23,1.544,0,70,0,26,187,1
2022-06-22 00,1.514,0,75,0,25,258,1
2022-06-22 01,1.157,0,80,0,25,161,0
2022-06-22 02,1.351,0,80,0,24,177,1
2022-06-22 03,1.199,0,85,0,23,177,1
2022-06-22 04,1.107,0,90,0,23,182,0
2022-06-22 05,1.114,0,90,0,23,307,1
2022-06-22 06,1.079,0,80,0,25,19,0
2022-06-22 07,1.372,0,70,0,27,282,0
2022-06-22 08,1.921,0,65,0,28,80,0
2022-06-22 09,1.519,0,65,0,29,98,1
2022-06-22 10,1.394,0,55,0,31,185,1
2022-06-22 11,0.892,0,55,0,31,288,0
2022-06-22 12,1.415,0,50,0,32,173,2
2022-06-22 13,1.042,0,55,0,33,172,2
2022-06-22 14,1.197,0,55,0,32,166,2
2022-06-22 15,1.187,0,55,0,32,148,3
2022-06-22 16,1.06,0,55,0,31,144,3
2022-06-22 17,2.627,0,60,0,29,146,3
2022-06-22 18,1.149,0,70,0,26,145,3
2022-06-22 19,1.301,0,80,0,24,158,3
2022-06-22 20,1.231,0,85,0,24,168,3
2022-06-22 21,1.131,0,80,0,24,161,2
2022-06-22 22,1.12,0,85,0,24,284,0
2022-06-22 23,0.87,0,80,0,24,174,1
2022-06-23 00,1.219,0,80,0,24,325,1
2022-06-23 01,1.104,0,80,0,24,288,0
2022-06-23 02,1.027,0,85,0,24,325,1
2022-06-23 03,0.982,0,85,0,24,51,0
2022-06-23 04,0.874,0,85,0,24,206,1
2022-06-23 05,1.073,0,90,0,24,6,0
2022-06-23 06,1.124,0,90,0,24,127,1
2022-06-23 07,1.533,0,85,0,25,168,1
2022-06-23 08,1.418,0,85,0,25,157,1
2022-06-23 09,1.462,0,90,0,25,136,1
2022-06-23 10,1.317,0,85,0,25,140,2
2022-06-23 11,1.11,0,80,0,27,137,2
2022-06-23 12,1.335,0,75,0,28,148,3
2022-06-23 13,1.38,0,75,0,28,150,3
2022-06-23 14,1.343,0,75,0,28,163,3
2022-06-23 15,1.527,5,75,0.1,27,190,3
2022-06-23 16,1.589,0,80,0,27,185,2
2022-06-23 17,1.462,0,80,0,26,179,2
2022-06-23 18,1.007,0,80,0,27,187,2
2022-06-23 19,1.324,0,80,0,26,180,2
2022-06-23 20,1.129,0,80,0,26,180,3
2022-06-23 21,1.083,0,80,0,26,171,2
2022-06-23 22,1.111,0,80,0,26,185,1
2022-06-23 23,0.852,0,80,0,25,162,2
2022-06-24 00,1.268,1,85,1.4,25,195,2
2022-06-24 01,1.155,1,90,17.1,24,188,2
2022-06-24 02,0.863,1,95,7.6,24,206,3
2022-06-24 03,1.133,1,90,1.1,24,202,3
2022-06-24 04,1.051,1,90,1.2,24,205,4
2022-06-24 05,0.78,1,95,6.4,23,188,3
2022-06-24 06,0.995,1,90,2.3,24,221,2
2022-06-24 07,0.976,1,95,6.7,24,215,3
2022-06-24 08,1.03,1,95,0.5,24,253,1
2022-06-24 09,1.051,1,90,0.4,25,250,1
2022-06-24 10,1.166,0,85,0,27,201,2
2022-06-24 11,1.585,0,80,0,27,210,2
2022-06-24 12,1.543,0,75,0,27,206,3
2022-06-24 13,1.853,0,70,0,28,255,2
2022-06-24 14,1.608,0,65,0,29,190,2
2022-06-24 15,1.645,0,70,0,29,183,1
2022-06-24 16,1.897,0,65,0,29,181,2
2022-06-24 17,3.988,0,70,0,28,206,1
2022-06-24 18,2.508,0,75,0,27,251,2
2022-06-24 19,1.902,0,80,0,26,258,1
2022-06-24 20,1.606,0,85,0,25,261,2
2022-06-24 21,2.25,0,85,0,25,208,1
2022-06-24 22,1.578,0,85,0,25,231,1
2022-06-24 23,1.338,0,85,0,24,205,1
2022-06-25 00,1.299,0,85,0,24,214,0
2022-06-25 01,1.072,0,85,0,24,232,1
2022-06-25 02,1.033,0,90,0,23,198,1
2022-06-25 03,0.894,5,90,0.1,24,196,1
2022-06-25 04,0.793,0,90,0,23,195,2
2022-06-25 05,0.969,0,90,0,23,182,1
2022-06-25 06,0.947,0,90,0,24,175,2
2022-06-25 07,1.077,0,85,0,24,171,1
2022-06-25 08,1.145,5,85,0.1,25,113,1
2022-06-25 09,1.357,0,80,0,27,45,1
2022-06-25 10,2.099,0,75,0,28,85,1
2022-06-25 11,2.03,0,70,0,28,146,2
2022-06-25 12,2.778,0,65,0,30,143,2
2022-06-25 13,4.382,0,65,0,29,150,3
2022-06-25 14,1.526,0,75,0,27,144,3
2022-06-25 15,3.206,0,70,0,28,196,3
2022-06-25 16,2.221,0,65,0,29,182,3
2022-06-25 17,3.438,0,70,0,28,146,2
2022-06-25 18,1.486,0,75,0,27,168,2
2022-06-25 19,1.818,0,80,0,26,144,2
2022-06-25 20,1.815,0,85,0,25,137,2
2022-06-25 21,1.389,0,85,0,25,157,2
2022-06-25 22,1.13,0,85,0,25,191,1
2022-06-25 23,1.021,0,90,0,24,191,1
2022-06-26 00,1.051,0,90,0,24,158,0
2022-06-26 01,1.133,0,90,0,24,149,1
2022-06-26 02,1.126,0,90,0,24,140,1
2022-06-26 03,1.002,0,95,0,24,131,1
2022-06-26 04,0.861,0,95,0,24,179,1
2022-06-26 05,0.877,0,95,0,23,178,1
2022-06-26 06,1.218,0,95,0,24,149,1
2022-06-26 07,0.966,0,90,0,25,167,1
2022-06-26 08,1.482,0,85,0,25,157,1
2022-06-26 09,1.192,0,85,0,26,133,2
2022-06-26 10,2.359,0,80,0,27,153,1
2022-06-26 11,1.844,0,80,0,27,234,1
2022-06-26 12,2.123,0,75,0,29,223,1
2022-06-26 13,1.756,0,70,0,30,210,2
2022-06-26 14,2.205,0,70,0,29,156,3
2022-06-26 15,2.443,0,70,0,29,153,3
2022-06-26 16,2.412,0,75,0,29,148,3
2022-06-26 17,2.261,0,80,0,28,156,3
2022-06-26 18,2.628,0,85,0,26,155,4
2022-06-26 19,1.737,0,85,0,26,137,2
2022-06-26 20,1.496,0,85,0,26,176,2
2022-06-26 21,0.927,0,85,0,26,182,1
2022-06-26 22,1.174,0,85,0,26,159,1
2022-06-26 23,0.764,0,90,0,26,141,1
2022-06-27 00,1.47,0,90,0,26,138,1
2022-06-27 01,1.037,0,90,0,26,147,1
2022-06-27 02,1.149,0,90,0,26,187,1
2022-06-27 03,0.916,5,90,0.1,26,185,1
2022-06-27 04,1.013,0,90,0,26,180,2
2022-06-27 05,0.857,0,90,0,26,182,2
2022-06-27 06,0.823,1,90,0.3,26,182,2
2022-06-27 07,1.158,0,90,0,26,170,1
2022-06-27 08,1.388,0,85,0,26,195,2
2022-06-27 09,2.357,0,85,0,27,166,2
2022-06-27 10,1.809,5,85,0.1,26,162,2
2022-06-27 11,2.002,5,85,0.2,27,165,2
2022-06-27 12,2.421,0,85,0,28,181,3
2022-06-27 13,1.685,5,80,0.1,28,183,2
2022-06-27 14,2.088,0,80,0,28,172,2
2022-06-27 15,2.851,0,80,0,28,167,2
2022-06-27 16,2.541,0,80,0,27,150,2
2022-06-27 17,1.841,0,85,0,27,159,2
2022-06-27 18,1.353,5,85,0.1,26,181,2
2022-06-27 19,1.413,0,85,0,26,144,2
2022-06-27 20,1.579,1,90,0.6,26,151,2
2022-06-27 21,1.18,5,85,0.2,26,156,2
2022-06-27 22,1.17,1,90,0.5,26,180,3
2022-06-27 23,0.917,1,90,0.7,26,179,3
2022-06-28 00,1.486,0,90,0,26,161,3
2022-06-28 01,1.117,5,90,0.1,26,179,3
2022-06-28 02,0.982,5,90,0.2,26,212,2
2022-06-28 03,0.73,5,85,0.1,26,170,2
2022-06-28 04,0.96,0,85,0,26,157,2
2022-06-28 05,0.666,0,85,0,26,172,2
2022-06-28 06,0.897,0,85,0,26,170,2
2022-06-28 07,0.925,0,85,0,27,175,2
2022-06-28 08,1.168,0,80,0,27,170,2
2022-06-28 09,1.381,0,80,0,27,166,2
2022-06-28 10,1.189,0,80,0,27,158,1
2022-06-28 11,1.165,0,75,0,29,169,2
2022-06-28 12,1.184,0,80,0,28,163,3
2022-06-28 13,1.33,0,80,0,28,151,2
2022-06-28 14,1.224,0,80,0,27,169,2
2022-06-28 15,1.501,0,80,0,27,161,2
2022-06-28 16,1.263,0,80,0,27,170,3
2022-06-28 17,1.253,5,85,0.2,27,175,2
2022-06-28 18,1.028,1,90,0.7,26,163,2
2022-06-28 19,1.105,1,90,0.5,26,163,2
2022-06-28 20,1.002,1,90,0.5,26,178,3
2022-06-28 21,1.147,5,90,0.2,26,171,3
2022-06-28 22,1.048,1,90,0.4,26,179,3
2022-06-28 23,0.866,0,85,0,26,180,3
2022-06-29 00,1.114,0,85,0,26,169,3
2022-06-29 01,0.959,5,85,0.1,26,177,3
2022-06-29 02,1.066,1,90,0.5,26,188,2
2022-06-29 03,1.038,0,90,0,25,180,2
2022-06-29 04,0.962,0,90,0,26,172,2
2022-06-29 05,0.785,5,90,0.1,26,178,2
2022-06-29 06,0.903,1,90,0.4,26,180,2
2022-06-29 07,0.874,5,85,0.1,26,185,2
2022-06-29 08,0.857,0,85,0,26,186,2
2022-06-29 09,0.99,0,85,0,27,187,4
2022-06-29 10,1.421,1,85,1.1,27,205,4
2022-06-29 11,1.146,1,90,1.2,27,209,3
2022-06-29 12,1.445,5,85,0.2,28,194,3
2022-06-29 13,1.327,1,90,0.7,27,193,3
2022-06-29 14,1.511,1,85,0.6,26,193,3
2022-06-29 15,1.47,1,90,1.2,26,183,3
2022-06-29 16,1.809,0,90,0,26,171,2
2022-06-29 17,1.426,1,90,0.5,26,221,1
2022-06-29 18,1.254,5,90,0.1,26,213,1
2022-06-29 19,1.562,0,90,0,26,257,1
2022-06-29 20,1.187,0,90,0,26,212,1
2022-06-29 21,1.182,1,90,0.4,26,220,1
2022-06-29 22,1.132,0,90,0,26,230,0
2022-06-29 23,0.844,1,90,0.3,26,221,1
2022-06-30 00,1.052,1,90,0.5,26,247,1
2022-06-30 01,0.882,1,90,0.3,26,221,1
2022-06-30 02,0.884,1,90,0.3,25,214,1
2022-06-30 03,0.877,1,95,0.3,25,191,0
2022-06-30 04,0.71,0,95,0,25,205,0
2022-06-30 05,0.89,0,90,0,25,268,0
2022-06-30 06,0.878,0,90,0,26,243,1
2022-06-30 07,1.004,0,85,0,26,197,0
2022-06-30 08,1.232,0,80,0,28,188,1
2022-06-30 09,1.523,0,75,0,28,139,2
2022-06-30 10,1.766,0,75,0,29,134,1
2022-06-30 11,1.196,0,75,0,29,168,1
2022-06-30 12,2.276,0,70,0,30,251,1
2022-06-30 13,1.922,0,65,0,31,191,1
2022-06-30 14,2.391,0,65,0,30,179,1
2022-06-30 15,3.386,0,65,0,31,229,1
2022-06-30 16,3.691,0,70,0,30,150,2
2022-06-30 17,3.62,0,75,0,28,160,2
2022-06-30 18,2.3,0,80,0,28,154,1
2022-06-30 19,3.601,0,80,0,27,196,0
2022-06-30 20,1.903,0,80,0,26,267,0
2022-06-30 21,1.597,0,85,0,26,150,1
2022-06-30 22,1.659,0,85,0,26,154,0
2022-06-30 23,1.336,0,90,0,26,140,1
2022-07-01 00,1.402,0,90,0,25,176,1
2022-07-01 01,1.289,0,90,0,25,181,1
2022-07-01 02,1.148,0,90,0,25,185,1
2022-07-01 03,1.193,0,90,0,25,218,1
2022-07-01 04,0.94,0,90,0,25,277,1
2022-07-01 05,0.936,0,95,0,25,295,1
2022-07-01 06,1.063,0,90,0,26,293,0
2022-07-01 07,1.302,0,80,0,27,141,0
2022-07-01 08,1.351,0,75,0,29,112,1
2022-07-01 09,1.928,0,70,0,30,66,1
2022-07-01 10,2.379,0,65,0,30,155,2
2022-07-01 11,2.179,0,60,0,31,102,2
2022-07-01 12,4.123,0,65,0,31,118,2
2022-07-01 13,2.774,0,65,0,31,126,1
2022-07-01 14,3.572,0,60,0,31,181,1
2022-07-01 15,4.153,0,55,0,31,284,0
2022-07-01 16,2.817,0,60,0,31,223,0
2022-07-01 17,3.579,0,60,0,30,259,1
2022-07-01 18,1.997,0,70,0,29,215,1
2022-07-01 19,2.014,0,75,0,27,143,0
2022-07-01 20,1.706,0,85,0,26,242,1
2022-07-01 21,1.44,0,85,0,25,12,0
2022-07-01 22,1.522,0,90,0,25,341,0
2022-07-01 23,1.212,0,90,0,24,306,1
2022-07-02 00,1.101,0,90,0,24,302,1
2022-07-02 01,1.192,0,90,0,23,314,1
2022-07-02 02,0.825,0,90,0,23,320,1
2022-07-02 03,0.817,0,95,0,23,307,0
2022-07-02 04,0.832,0,90,0,22,306,1
2022-07-02 05,1.044,0,95,0,23,303,1
2022-07-02 06,0.808,0,85,0,24,297,0
2022-07-02 07,1.054,0,75,0,27,293,0
2022-07-02 08,1.178,0,65,0,29,66,0
2022-07-02 09,1.558,0,55,0,31,85,1
2022-07-02 10,2.213,0,55,0,31,66,1
2022-07-02 11,1.885,0,50,0,33,21,1
2022-07-02 12,2.454,0,50,0,33,57,2
2022-07-02 13,2.315,0,50,0,33,61,2
2022-07-02 14,1.897,0,45,0,34,18,2
2022-07-02 15,2.497,0,45,0,34,38,1
2022-07-02 16,2.677,0,45,0,33,74,2
2022-07-02 17,3.08,0,40,0,33,75,1
2022-07-02 18,3.568,0,50,0,32,174,1
2022-07-02 19,1.525,0,65,0,29,129,1
2022-07-02 20,1.385,0,70,0,27,205,1
2022-07-02 21,1.542,0,75,0,26,208,1
2022-07-02 22,1.326,0,80,0,25,178,1
2022-07-02 23,1.014,0,80,0,25,292,1
2022-07-03 00,1.123,0,80,0,25,313,0
2022-07-03 01,1.049,0,85,0,25,304,1
2022-07-03 02,1.151,0,80,0,25,308,1
2022-07-03 03,0.966,5,85,0.1,25,316,1
2022-07-03 04,0.917,0,85,0,24,306,1
2022-07-03 05,0.872,0,85,0,24,307,1
2022-07-03 06,0.913,0,75,0,26,316,1
2022-07-03 07,0.847,0,70,0,27,0,1
2022-07-03 08,0.837,0,60,0,29,26,0
2022-07-03 09,1.704,0,55,0,30,35,1
2022-07-03 10,2.514,0,50,0,31,115,1
2022-07-03 11,1.186,0,50,0,33,75,1
2022-07-03 12,2.595,0,50,0,32,140,1
2022-07-03 13,2.258,0,50,0,33,128,1
2022-07-03 14,2.083,0,50,0,33,340,0
2022-07-03 15,1.789,0,50,0,33,131,2
2022-07-03 16,1.941,0,55,0,32,132,1
2022-07-03 17,2.316,0,55,0,31,162,1
2022-07-03 18,1.93,0,60,0,30,186,1
2022-07-03 19,1.666,0,65,0,29,149,1
2022-07-03 20,1.437,0,70,0,28,317,0
2022-07-03 21,1.392,0,75,0,28,179,1
2022-07-03 22,0.68,0,65,0,29,175,1
2022-07-03 23,0.98,0,70,0,28,185,1
2022-07-04 00,1.285,0,75,0,28,180,1
2022-07-04 01,1.125,5,75,0.2,28,40,1
2022-07-04 02,0.785,0,80,0,26,197,1
2022-07-04 03,1.037,1,85,0.3,26,322,0
2022-07-04 04,1.018,0,90,0,25,268,0
2022-07-04 05,0.861,0,90,0,25,249,1
2022-07-04 06,0.839,1,90,0.7,25,308,1
2022-07-04 07,1.075,5,90,0.1,26,316,1
2022-07-04 08,1.591,5,85,0.1,27,33,1
2022-07-04 09,2.37,5,75,0.1,28,350,1
2022-07-04 10,2.153,0,75,0,28,308,1
2022-07-04 11,1.851,0,70,0,29,118,1
2022-07-04 12,1.902,0,65,0,30,245,0
2022-07-04 13,2.455,0,65,0,30,198,0
2022-07-04 14,2.385,0,60,0,31,131,1
2022-07-04 15,3.74,0,60,0,31,167,2
2022-07-04 16,4.13,0,60,0,31,175,2
2022-07-04 17,2.688,0,60,0,31,188,2
2022-07-04 18,1.833,0,65,0,29,190,2
2022-07-04 19,1.787,0,70,0,28,225,2
2022-07-04 20,1.378,0,80,0,27,231,1
2022-07-04 21,1.432,0,80,0,27,286,0
2022-07-04 22,1.629,0,80,0,26,291,1
2022-07-04 23,1.234,0,85,0,26,309,1
2022-07-05 00,1.273,0,90,0,25,296,1
2022-07-05 01,1.379,0,85,0,25,317,2
2022-07-05 02,1.044,0,85,0,26,307,1
2022-07-05 03,1.004,0,85,0,25,304,1
2022-07-05 04,1.302,0,90,0,25,294,1
2022-07-05 05,0.994,0,85,0,25,337,1
2022-07-05 06,1.002,0,85,0,26,302,1
2022-07-05 07,1.33,0,75,0,28,8,1
2022-07-05 08,1.873,0,65,0,30,3,1
2022-07-05 09,1.696,0,65,0,31,58,0
2022-07-05 10,2.321,0,60,0,32,327,0
2022-07-05 11,1.82,0,60,0,32,213,0
2022-07-05 12,1.998,0,55,0,33,185,2
2022-07-05 13,1.936,0,55,0,33,176,4
2022-07-05 14,1.749,0,60,0,33,175,4
2022-07-05 15,1.737,0,60,0,32,179,4
2022-07-05 16,1.632,0,65,0,30,176,4
2022-07-05 17,1.598,1,70,0.7,29,182,3
2022-07-05 18,1.363,1,80,0.5,27,196,1
2022-07-05 19,1.93,1,85,1,27,292,0
2022-07-05 20,1.503,0,90,0,27,235,1
2022-07-05 21,1.162,0,90,0,26,284,1
2022-07-05 22,1.317,0,90,0,26,251,1
2022-07-05 23,1.018,0,90,0,26,204,1
2022-07-06 00,1.08,0,90,0,26,224,0
2022-07-06 01,1.325,0,90,0,26,237,1
2022-07-06 02,1.082,0,90,0,26,255,1
2022-07-06 03,1.219,0,90,0,26,156,0
2022-07-06 04,0.984,0,90,0,26,304,1
2022-07-06 05,0.961,0,90,0,26,42,1
2022-07-06 06,0.984,0,85,0,26,176,0
2022-07-06 07,1.192,0,80,0,28,16,1
2022-07-06 08,1.413,0,75,0,30,80,0
2022-07-06 09,1.587,0,70,0,30,159,1
2022-07-06 10,1.899,0,70,0,31,200,2
2022-07-06 11,2.796,0,65,0,32,193,3
2022-07-06 12,4.028,1,65,0.6,32,184,3
2022-07-06 13,5.331,0,60,0,32,188,3
2022-07-06 14,4.75,0,60,0,33,176,3
2022-07-06 15,3.756,0,65,0,32,195,4
2022-07-06 16,3.703,0,65,0,31,188,4
2022-07-06 17,3.717,0,65,0,31,186,3
2022-07-06 18,2.354,0,70,0,30,157,2
2022-07-06 19,3.171,0,75,0,29,155,2
2022-07-06 20,1.834,0,75,0,29,161,2
2022-07-06 21,1.487,0,80,0,28,158,1
2022-07-06 22,1.538,0,80,0,28,165,1
2022-07-06 23,1.22,0,85,0,28,139,1
2022-07-07 00,1.179,0,85,0,28,138,2
2022-07-07 01,1.735,0,85,0,28,164,2
2022-07-07 02,1.051,0,85,0,28,154,1
2022-07-07 03,1.201,0,85,0,27,175,1
2022-07-07 04,0.974,0,85,0,27,134,1
2022-07-07 05,0.898,0,85,0,27,90,0
2022-07-07 06,0.899,0,80,0,28,142,1
2022-07-07 07,1.226,0,75,0,29,157,2
2022-07-07 08,1.241,0,70,0,30,177,3
2022-07-07 09,1.545,0,70,0,31,179,3
2022-07-07 10,2.039,0,65,0,32,177,4
2022-07-07 11,2.682,0,65,0,32,180,4
2022-07-07 12,3.831,0,65,0,31,181,5
2022-07-07 13,4.363,0,65,0,31,196,4
2022-07-07 14,4.88,0,70,0,31,195,4
2022-07-07 15,6.246,0,75,0,30,191,4
2022-07-07 16,5.641,0,75,0,30,189,3
2022-07-07 17,4.048,0,80,0,29,181,3
2022-07-07 18,4.472,0,80,0,29,189,3
2022-07-07 19,0.71,0,80,0,29,195,2
2022-07-07 20,0.925,0,85,0,28,174,2
2022-07-07 21,0.599,0,85,0,28,175,2
2022-07-07 22,0.664,0,85,0,28,178,2
2022-07-07 23,0.617,0,80,0,28,198,2
2022-07-08 00,0.55,0,85,0,28,173,2
2022-07-08 01,0.553,0,80,0,28,196,2
2022-07-08 02,0.53,0,80,0,28,210,2
2022-07-08 03,0.463,0,80,0,28,214,1
2022-07-08 04,0.423,0,80,0,28,235,2
2022-07-08 05,0.407,1,85,0.3,28,226,2
2022-07-08 06,0.407,1,90,0.5,27,231,1
2022-07-08 07,1.511,1,90,3.6,27,241,3
2022-07-08 08,3.849,0,90,0,27,215,3
2022-07-08 09,2.29,0,85,0,28,218,2
2022-07-08 10,2.269,0,85,0,29,218,2
2022-07-08 11,2.151,1,80,0.3,30,212,3
2022-07-08 12,2.423,1,80,0.6,29,207,2
2022-07-08 13,1.905,1,80,0.9,29,219,2
2022-07-08 14,1.832,1,80,0.5,30,245,2
2022-07-08 15,3.464,1,75,5.6,29,0,1
2022-07-08 16,1.969,1,75,0.3,30,264,1
2022-07-08 17,1.333,0,70,0,30,329,1
2022-07-08 18,1.218,0,75,0,30,316,0
2022-07-08 19,1.694,0,80,0,28,293,1
2022-07-08 20,3.452,0,85,0,27,294,1
2022-07-08 21,1.987,0,90,0,26,338,1
2022-07-08 22,1.66,0,90,0,26,288,1
2022-07-08 23,1.407,0,90,0,25,279,1
2022-07-09 00,1.641,0,90,0,25,284,2
2022-07-09 01,1.248,0,90,0,24,284,1
2022-07-09 02,1.338,0,85,0,24,278,2
2022-07-09 03,1.324,0,85,0,24,269,1
2022-07-09 04,1.114,0,85,0,23,306,1
2022-07-09 05,1.278,0,85,0,23,304,1
2022-07-09 06,1.053,0,75,0,25,309,1
2022-07-09 07,1.27,0,65,0,28,332,2
2022-07-09 08,1.494,0,60,0,29,347,3
2022-07-09 09,1.949,0,60,0,30,321,3
2022-07-09 10,2.518,0,55,0,31,343,3
2022-07-09 11,1.696,0,55,0,32,332,2
2022-07-09 12,2.405,0,50,0,33,319,2
2022-07-09 13,2.469,0,50,0,33,316,2
2022-07-09 14,3.059,0,50,0,33,285,4
2022-07-09 15,2.555,0,55,0,33,287,4
2022-07-09 16,2.929,0,50,0,33,322,3
2022-07-09 17,2.881,0,55,0,33,318,3
2022-07-09 18,1.987,0,55,0,31,299,2
2022-07-09 19,3.042,0,65,0,29,279,2
2022-07-09 20,1.644,0,70,0,28,286,1
2022-07-09 21,1.619,0,75,0,27,220,0
2022-07-09 22,1.389,0,75,0,27,155,0
2022-07-09 23,1.03,0,80,0,26,272,0
2022-07-10 00,1.215,0,80,0,26,324,1
2022-07-10 01,0.876,0,85,0,26,316,1
2022-07-10 02,1.046,0,85,0,25,340,1
2022-07-10 03,0.938,0,90,0,25,310,0
2022-07-10 04,0.984,0,85,0,25,304,1
2022-07-10 05,0.852,0,90,0,25,322,1
2022-07-10 06,0.883,0,80,0,26,303,1
2022-07-10 07,1.083,0,75,0,28,357,1
2022-07-10 08,1.068,0,70,0,30,100,1
2022-07-10 09,1.091,0,60,0,31,110,2
2022-07-10 10,1.506,0,65,0,31,201,2
2022-07-10 11,1.306,0,60,0,31,195,3
2022-07-10 12,1.8,0,60,0,32,177,3
2022-07-10 13,1.653,0,60,0,33,192,3
2022-07-10 14,1.802,0,60,0,33,188,3
2022-07-10 15,1.534,0,65,0,31,204,5
2022-07-10 16,3.315,0,70,0,31,187,4
2022-07-10 17,3.24,0,65,0,30,189,4
2022-07-10 18,1.482,0,70,0,28,190,3
2022-07-10 19,1.447,0,75,0,27,174,2
2022-07-10 20,1.261,0,80,0,27,167,1
2022-07-10 21,1.148,0,80,0,27,169,1
2022-07-10 22,0.769,0,80,0,26,157,1
2022-07-10 23,1.148,0,80,0,26,197,1
2022-07-11 00,1.133,0,80,0,26,200,1
2022-07-11 01,1.157,0,80,0,26,166,1
2022-07-11 02,1.506,1,85,0.7,26,136,1
2022-07-11 03,0.885,1,90,1.2,26,57,0
2022-07-11 04,0.777,1,90,1.5,26,115,1
2022-07-11 05,1.083,1,90,2.1,25,53,1
2022-07-11 06,0.765,1,95,2,25,46,1
2022-07-11 07,1.139,1,95,1.8,25,76,1
2022-07-11 08,1.186,1,90,1.1,25,14,1
2022-07-11 09,1.726,1,90,0.5,25,42,2
2022-07-11 10,1.482,5,90,0.1,26,63,2
2022-07-11 11,1.056,0,85,0,26,44,2
2022-07-11 12,1.554,0,80,0,28,51,2
2022-07-11 13,1.801,0,70,0,29,52,1
2022-07-11 14,1.523,0,65,0,30,117,1
2022-07-11 15,1.583,0,70,0,30,167,2
2022-07-11 16,1.671,0,75,0,29,192,3
2022-07-11 17,1.411,0,75,0,29,211,2
2022-07-11 18,0.968,0,75,0,28,231,1
2022-07-11 19,1.183,0,85,0,27,174,1
2022-07-11 20,1.057,0,85,0,27,205,1
2022-07-11 21,1.05,0,85,0,27,185,1
2022-07-11 22,1.169,0,90,0,27,208,1
2022-07-11 23,0.921,0,90,0,26,198,0
2022-07-12 00,1.279,0,90,0,27,312,1
2022-07-12 01,1.208,0,90,0,26,129,0
2022-07-12 02,1.13,0,90,0,26,265,0
2022-07-12 03,0.856,0,90,0,26,29,0
2022-07-12 04,1.077,0,90,0,26,48,1
2022-07-12 05,1.071,0,90,0,27,81,0
2022-07-12 06,0.864,5,85,0.2,27,141,1
2022-07-12 07,1.046,1,85,1.4,26,158,3
2022-07-12 08,1.2,0,80,0,26,182,2
2022-07-12 09,1.116,0,75,0,27,210,1
2022-07-12 10,1.273,0,75,0,27,203,3
2022-07-12 11,1.089,0,70,0,28,191,2
2022-07-12 12,1.56,0,65,0,29,202,2
2022-07-12 13,0.532,0,65,0,29,181,2
2022-07-12 14,0.539,0,65,0,29,206,3
2022-07-12 15,0.69,0,65,0,29,209,3
2022-07-12 16,0.727,0,65,0,28,195,3
2022-07-12 17,0.7,0,70,0,27,201,3
2022-07-12 18,0.823,0,70,0,27,200,2
2022-07-12 19,3.442,0,70,0,26,186,2
2022-07-12 20,2.298,0,75,0,25,193,1
2022-07-12 21,1.404,0,80,0,25,188,1
2022-07-12 22,1.387,0,80,0,25,173,1
2022-07-12 23,1.09,0,80,0,25,153,1
2022-07-13 00,1.112,0,80,0,25,213,1
2022-07-13 01,1.115,0,80,0,25,122,1
2022-07-13 02,1.125,0,80,0,24,195,1
2022-07-13 03,0.861,0,85,0,24,297,1
2022-07-13 04,0.91,0,85,0,24,183,1
2022-07-13 05,0.841,0,85,0,24,281,1
2022-07-13 06,0.699,0,85,0,25,35,0
2022-07-13 07,1.118,0,75,0,26,77,0
2022-07-13 08,1.605,0,70,0,26,92,1
2022-07-13 09,1.844,0,70,0,27,169,1
2022-07-13 10,2.079,0,70,0,27,202,2
2022-07-13 11,1.931,0,70,0,27,182,3
2022-07-13 12,2.404,0,75,0,27,168,3
2022-07-13 13,1.954,0,70,0,27,159,2
2022-07-13 14,2.829,0,75,0,26,158,2
2022-07-13 15,4.603,0,75,0,26,136,2
2022-07-13 16,2.654,0,75,0,26,160,2
2022-07-13 17,2.439,0,75,0,26,169,1
2022-07-13 18,1.887,0,80,0,26,131,1
2022-07-13 19,1.935,0,80,0,26,153,1
2022-07-13 20,1.442,5,80,0.1,26,201,1
2022-07-13 21,1.056,0,85,0,25,185,1
2022-07-13 22,1.365,0,85,0,25,272,0
2022-07-13 23,1.162,0,85,0,25,278,1
2022-07-14 00,1.097,0,85,0,25,323,1
2022-07-14 01,0.979,0,85,0,26,306,0
2022-07-14 02,0.83,0,90,0,25,226,0
2022-07-14 03,0.795,1,90,1.3,25,346,1
2022-07-14 04,0.806,5,90,0.1,26,277,1
2022-07-14 05,0.78,1,90,0.8,26,243,1
2022-07-14 06,0.909,1,90,7.6,26,303,2
2022-07-14 07,1.239,1,90,2.9,27,259,2
2022-07-14 08,1.638,0,85,0,29,236,3
2022-07-14 09,1.788,0,75,0,31,253,3
2022-07-14 10,2.034,0,65,0,31,272,4
2022-07-14 11,1.478,0,60,0,32,271,3
2022-07-14 12,3.117,0,60,0,32,287,4
2022-07-14 13,3.701,0,55,0,33,312,4
2022-07-14 14,3.683,0,55,0,34,305,4
2022-07-14 15,4.763,0,50,0,34,313,3
2022-07-14 16,5.839,0,50,0,33,302,4
2022-07-14 17,2.667,0,55,0,32,307,3
2022-07-14 18,3.091,0,55,0,31,332,3
2022-07-14 19,3.734,0,65,0,29,329,2
2022-07-14 20,2.111,0,70,0,28,295,2
2022-07-14 21,1.798,0,70,0,28,325,1
2022-07-14 22,1.458,0,70,0,27,272,1
2022-07-14 23,1.352,0,70,0,27,295,1
2022-07-15 00,1.345,0,75,0,27,291,2
2022-07-15 01,1.216,0,75,0,26,283,1
2022-07-15 02,0.839,0,75,0,26,277,1
2022-07-15 03,1.046,0,75,0,25,303,2
2022-07-15 04,1.09,0,75,0,25,352,1
2022-07-15 05,0.828,0,75,0,25,337,2
2022-07-15 06,1.168,0,70,0,26,320,1
2022-07-15 07,1.075,0,65,0,27,346,1
2022-07-15 08,1.49,0,55,0,29,291,1
2022-07-15 09,2.298,0,55,0,31,271,2
2022-07-15 10,2.722,0,55,0,31,230,1
2022-07-15 11,3.731,0,45,0,32,280,3
2022-07-15 12,5.531,0,45,0,33,235,2
2022-07-15 13,4.692,0,50,0,32,232,2
2022-07-15 14,4.979,0,50,0,32,237,2
2022-07-15 15,5.929,0,60,0,32,233,2
2022-07-15 16,4.319,0,50,0,32,253,1
2022-07-15 17,5.445,0,55,0,32,208,2
2022-07-15 18,4.397,0,65,0,30,210,2
2022-07-15 19,4.8,0,70,0,28,243,1
2022-07-15 20,2.514,0,75,0,27,267,1
2022-07-15 21,1.82,0,75,0,26,282,1
2022-07-15 22,1.657,0,75,0,26,281,1
2022-07-15 23,1.482,0,75,0,25,288,1
2022-07-16 00,1.308,0,80,0,24,298,1
2022-07-16 01,1.497,0,85,0,24,304,2
2022-07-16 02,1.024,0,80,0,24,317,2
2022-07-16 03,1.001,0,80,0,23,305,1
2022-07-16 04,1.158,0,85,0,22,317,1
2022-07-16 05,1.329,0,85,0,22,322,1
2022-07-16 06,0.986,0,75,0,24,11,0
2022-07-16 07,1.125,0,65,0,26,343,2
2022-07-16 08,1.549,0,60,0,28,343,2
2022-07-16 09,1.502,0,50,0,30,314,1
2022-07-16 10,2.362,0,50,0,32,267,2
2022-07-16 11,1.999,0,45,0,32,313,3
2022-07-16 12,2.366,0,45,0,33,301,2
2022-07-16 13,2.174,0,40,0,32,299,3
2022-07-16 14,2.506,0,45,0,32,296,3
2022-07-16 15,3.8,0,40,0,33,299,2
2022-07-16 16,3.719,0,45,0,33,280,4
2022-07-16 17,4.435,0,50,0,31,283,3
2022-07-16 18,3.477,0,50,0,30,282,3
2022-07-16 19,3.153,0,60,0,28,275,2
2022-07-16 20,1.953,0,55,0,28,314,3
2022-07-16 21,1.9,0,65,0,26,288,3
2022-07-16 22,1.486,0,65,0,26,285,2
2022-07-16 23,1.476,0,65,0,25,290,2
2022-07-17 00,1.636,0,70,0,25,292,2
2022-07-17 01,1.456,0,75,0,24,254,1
2022-07-17 02,1.5,0,75,0,24,278,2
2022-07-17 03,1.243,0,75,0,24,275,2
2022-07-17 04,1.331,0,80,0,23,273,1
2022-07-17 05,1.352,0,80,0,23,254,0
2022-07-17 06,1,0,80,0,24,277,1
2022-07-17 07,1.197,0,80,0,25,236,1
2022-07-17 08,1.065,0,70,0,27,256,1
2022-07-17 09,1.141,0,60,0,28,282,3
2022-07-17 10,1.425,0,60,0,30,252,3
2022-07-17 11,1.446,0,60,0,29,278,3
2022-07-17 12,1.488,0,55,0,29,270,3
2022-07-17 13,1.616,0,55,0,30,251,2
2022-07-17 14,1.861,0,55,0,30,281,2
2022-07-17 15,2.522,5,60,0.2,30,246,2
2022-07-17 16,3.921,0,65,0,29,239,2
2022-07-17 17,2.615,0,70,0,28,222,3
2022-07-17 18,1.486,0,75,0,28,220,2
2022-07-17 19,1.902,5,80,0.1,27,204,2
2022-07-17 20,1.46,1,80,0.4,27,228,1
2022-07-17 21,1.745,1,90,0.8,26,177,1
2022-07-17 22,1.422,1,90,0.7,26,227,1
2022-07-17 23,1.226,0,90,0,25,8,0
2022-07-18 00,1.608,1,90,0.6,25,205,0
2022-07-18 01,1.743,1,90,1.3,24,345,2
2022-07-18 02,1.51,5,90,0.2,24,350,1
2022-07-18 03,1.381,1,95,13.9,23,343,1
2022-07-18 04,1.605,1,95,16.799999,22,21,2
2022-07-18 05,1.453,1,95,18.299999,22,56,2
2022-07-18 06,1.24,1,95,6.9,22,72,2
2022-07-18 07,1.385,1,95,2.9,22,88,2
2022-07-18 08,1.294,1,95,10.4,22,88,2
2022-07-18 09,1.427,1,95,1.5,23,56,2
2022-07-18 10,1.843,1,95,0.5,22,119,2
2022-07-18 11,1.877,1,95,0.8,23,131,1
2022-07-18 12,1.778,1,90,0.7,23,129,1
2022-07-18 13,1.137,1,95,1.2,23,66,1
2022-07-18 14,1.606,1,90,1.1,24,87,1
2022-07-18 15,1.782,5,90,0.2,24,60,1
2022-07-18 16,1.634,5,90,0.1,23,96,1
2022-07-18 17,1.146,0,90,0,24,94,1
2022-07-18 18,0.945,0,90,0,24,114,1
2022-07-18 19,3.514,1,90,0.4,24,72,1
2022-07-18 20,2.143,1,95,14,23,34,1
2022-07-18 21,1.623,1,95,2.3,23,335,0
2022-07-18 22,1.371,1,95,0.3,23,75,0
2022-07-18 23,1.404,5,95,0.1,24,329,0
2022-07-19 00,1.429,0,95,0,24,14,0
2022-07-19 01,1.371,5,95,0.1,24,352,1
2022-07-19 02,1.249,5,95,0.1,24,130,0
2022-07-19 03,1.129,0,95,0,24,259,1
2022-07-19 04,1.169,0,95,0,24,316,0
2022-07-19 05,1.223,0,95,0,24,254,1
2022-07-19 06,1.077,0,90,0,26,277,1
2022-07-19 07,1.15,0,90,0,27,289,2
2022-07-19 08,1.397,0,75,0,27,296,3
2022-07-19 09,1.927,0,65,0,29,299,3
2022-07-19 10,2.176,0,60,0,31,319,3
2022-07-19 11,1.848,0,55,0,31,326,3
2022-07-19 12,0.429,0,55,0,32,294,3
2022-07-19 13,2.965,0,50,0,32,283,3
2022-07-19 14,1.346,0,50,0,32,300,4
2022-07-19 15,3.496,0,45,0,33,299,3
2022-07-19 16,1.696,0,45,0,33,292,3
2022-07-19 17,1.701,0,50,0,31,270,3
2022-07-19 18,1.545,0,60,0,29,273,2
2022-07-19 19,2.995,0,65,0,27,259,2
2022-07-19 20,2.069,0,70,0,26,276,2
2022-07-19 21,2.034,0,75,0,26,277,2
2022-07-19 22,1.68,0,75,0,25,267,2
2022-07-19 23,1.086,0,75,0,25,277,2
2022-07-20 00,1.406,0,75,0,25,277,2
2022-07-20 01,1.329,0,80,0,24,243,1
2022-07-20 02,1.394,0,80,0,24,262,2
2022-07-20 03,1.174,0,85,0,23,265,1
2022-07-20 04,1.216,0,90,0,22,343,0
2022-07-20 05,1.239,0,90,0,22,165,0
2022-07-20 06,1.009,0,85,0,24,143,0
2022-07-20 07,1.364,0,70,0,27,359,2
2022-07-20 08,1.811,0,65,0,28,67,1
2022-07-20 09,1.603,0,60,0,29,40,1
2022-07-20 10,1.849,0,55,0,31,153,1
2022-07-20 11,1.542,0,60,0,31,200,1
2022-07-20 12,1.782,0,50,0,31,189,1
2022-07-20 13,1.908,0,55,0,32,206,2
2022-07-20 14,2.462,0,50,0,32,208,2
2022-07-20 15,3.203,0,50,0,32,211,3
2022-07-20 16,2.183,0,50,0,32,208,3
2022-07-20 17,1.737,0,60,0,30,188,2
2022-07-20 18,1.862,0,65,0,29,195,2
2022-07-20 19,1.868,1,70,0.5,28,197,2
2022-07-20 20,1.444,1,75,0.5,27,206,1
2022-07-20 21,1.304,0,75,0,27,216,1
2022-07-20 22,1.365,0,80,0,26,207,1
2022-07-20 23,1.361,0,80,0,26,158,1
2022-07-21 00,1.445,1,85,4.3,25,218,1
2022-07-21 01,1.343,1,90,1.2,25,4,1
2022-07-21 02,1.346,1,95,0.8,24,42,1
2022-07-21 03,1.311,1,90,1.9,24,338,0
2022-07-21 04,1.304,1,90,1.7,23,346,1
2022-07-21 05,1.279,1,90,0.6,23,347,1
2022-07-21 06,1.171,1,95,0.8,24,355,1
2022-07-21 07,1.362,0,90,0,25,226,1
2022-07-21 08,1.584,0,85,0,28,230,4
2022-07-21 09,1.721,0,70,0,29,227,4
2022-07-21 10,2.442,0,65,0,30,232,4
2022-07-21 11,2.135,0,65,0,30,253,4
2022-07-21 12,2.583,0,70,0,29,258,4
2022-07-21 13,3.156,0,65,0,30,278,5
2022-07-21 14,1.874,0,60,0,29,287,5
2022-07-21 15,2.04,0,60,0,28,306,5
2022-07-21 16,2.157,0,60,0,27,303,5
2022-07-21 17,1.835,0,60,0,27,309,5
2022-07-21 18,0.946,0,65,0,26,303,4
2022-07-21 19,2.277,0,65,0,26,309,3
2022-07-21 20,1.338,0,75,0,24,280,1
2022-07-21 21,1.345,0,80,0,23,223,1
2022-07-21 22,1.321,0,80,0,24,222,1
2022-07-21 23,0.855,0,75,0,24,296,2
2022-07-22 00,1.179,0,75,0,24,293,2
2022-07-22 01,1.171,0,75,0,24,282,2
2022-07-22 02,0.788,0,75,0,24,288,2
2022-07-22 03,1.2,0,75,0,24,290,2
2022-07-22 04,1.214,0,75,0,23,307,2
2022-07-22 05,0.778,0,75,0,23,297,2
2022-07-22 06,1.089,0,70,0,25,297,1
2022-07-22 07,0.995,0,65,0,26,295,3
2022-07-22 08,1.37,0,60,0,28,303,4
2022-07-22 09,1.549,0,55,0,28,311,3
2022-07-22 10,1.457,0,55,0,29,305,3
2022-07-22 11,1.286,0,55,0,29,312,3
2022-07-22 12,2.079,0,55,0,30,304,3
2022-07-22 13,1.126,0,55,0,30,328,2
2022-07-22 14,1.46,0,50,0,30,326,3
2022-07-22 15,1.551,0,55,0,30,306,2
2022-07-22 16,1.573,0,55,0,30,333,2
2022-07-22 17,1.534,0,55,0,30,311,2
2022-07-22 18,1.314,0,65,0,28,320,2
2022-07-22 19,1.549,0,70,0,26,297,1
2022-07-22 20,1.39,0,75,0,25,288,2
2022-07-22 21,1.054,0,80,0,25,276,0
2022-07-22 22,1.075,0,85,0,24,280,1
2022-07-22 23,1.206,0,85,0,24,298,0
2022-07-23 00,1.079,0,90,0,23,318,0
2022-07-23 01,0.989,0,90,0,23,137,0
2022-07-23 02,1.006,0,90,0,22,313,0
2022-07-23 03,0.945,0,90,0,22,284,1
2022-07-23 04,0.922,0,90,0,23,340,1
2022-07-23 05,0.918,0,90,0,23,299,0
2022-07-23 06,0.933,0,85,0,24,343,1
2022-07-23 07,1.234,0,80,0,25,43,0
2022-07-23 08,0.989,0,75,0,26,128,1
2022-07-23 09,1.011,0,70,0,28,97,1
2022-07-23 10,1.492,0,65,0,28,173,1
2022-07-23 11,0.888,0,70,0,28,178,2
2022-07-23 12,1.084,0,60,0,29,179,2
2022-07-23 13,0.392,0,70,0,28,186,3
2022-07-23 14,0.385,0,70,0,28,181,3
2022-07-23 15,2.07,0,70,0,28,181,2
2022-07-23 16,2.666,0,75,0,27,162,2
2022-07-23 17,2.257,0,75,0,26,159,2
2022-07-23 18,2.087,0,75,0,26,156,2
2022-07-23 19,1.631,1,80,0.6,25,134,2
2022-07-23 20,1.264,1,90,3.6,24,275,1
2022-07-23 21,1.433,1,95,5.9,23,101,1
2022-07-23 22,1.054,0,95,0,23,29,1
2022-07-23 23,1.031,1,95,1.6,23,234,1
2022-07-24 00,1.131,1,95,0.6,24,350,1
2022-07-24 01,1.315,1,95,0.1,24,40,0
2022-07-24 02,0.998,1,95,6.8,24,296,0
2022-07-24 03,1.028,1,95,6.7,24,323,1
2022-07-24 04,1.171,1,95,0.6,24,14,1
2022-07-24 05,0.945,1,95,0.5,24,330,1
2022-07-24 06,0.703,0,95,0,25,337,1
2022-07-24 07,1.492,0,90,0,27,234,1
2022-07-24 08,3.904,0,80,0,27,234,2
2022-07-24 09,1.894,0,80,0,27,225,3
2022-07-24 10,2.958,0,85,0.1,26,229,2
2022-07-24 11,1.873,0,75,0,27,229,2
2022-07-24 12,2.326,0,70,0,28,264,3
2022-07-24 13,2.175,0,70,0,29,270,3
2022-07-24 14,1.717,0,65,0,30,271,3
2022-07-24 15,3.008,0,70,0,29,256,3
2022-07-24 16,2.884,0,70,0,28,272,3
2022-07-24 17,2.781,0,75,0,27,255,3
2022-07-24 18,1.566,0,75,0,27,269,2
2022-07-24 19,1.53,0,75,0,26,251,2
2022-07-24 20,1.41,0,80,0,26,236,2
2022-07-24 21,1.116,0,80,0,26,249,2
2022-07-24 22,1.225,0,85,0,26,235,2
2022-07-24 23,1.018,0,80,0,25,251,2
2022-07-25 00,1.48,0,85,0,25,255,2
2022-07-25 01,1.514,0,85,0,24,221,1
2022-07-25 02,1.651,0,90,0,24,237,1
2022-07-25 03,1.113,0,85,0,23,244,1
2022-07-25 04,1.127,0,90,0,23,243,1
2022-07-25 05,1.46,0,90,0,23,198,0
2022-07-25 06,0.991,0,85,0,25,264,0
2022-07-25 07,1.507,0,75,0,27,335,1
2022-07-25 08,1.95,0,70,0,28,357,1
2022-07-25 09,2.128,0,70,0,28,210,1
2022-07-25 10,2.255,0,65,0,30,331,1
2022-07-25 11,1.963,0,60,0,31,347,1
2022-07-25 12,2.235,0,60,0,31,206,0
2022-07-25 13,1.951,0,60,0,32,250,0
2022-07-25 14,2.069,0,60,0,32,188,2
2022-07-25 15,3.074,0,60,0,31,198,3
2022-07-25 16,2.482,0,60,0,32,221,3
2022-07-25 17,2.323,0,65,0,31,189,3
2022-07-25 18,1.607,0,70,0,29,191,3
2022-07-25 19,1.627,0,75,0,27,201,2
2022-07-25 20,1.109,0,80,0,27,177,1
2022-07-25 21,1.405,0,85,0,26,199,1
2022-07-25 22,1.429,0,85,0,26,218,0
2022-07-25 23,1.242,0,85,0,26,203,1
2022-07-26 00,1.226,0,90,0,25,204,0
2022-07-26 01,1.521,0,90,0,24,277,0
2022-07-26 02,1.24,0,90,0,24,338,0
2022-07-26 03,1.219,0,95,0,24,282,0
2022-07-26 04,1.386,0,95,0,24,182,0
2022-07-26 05,1.05,0,90,0,24,210,1
2022-07-26 06,1.061,0,85,0,25,169,1
2022-07-26 07,1.097,0,85,0,26,156,2
2022-07-26 08,1.76,0,80,0,26,174,1
2022-07-26 09,1.982,0,80,0,27,184,1
2022-07-26 10,1.98,0,70,0,28,168,0
2022-07-26 11,1.79,0,70,0,29,206,2
2022-07-26 12,1.982,0,65,0,30,190,2
2022-07-26 13,3.106,0,65,0,30,207,1
2022-07-26 14,2.071,0,65,0,30,171,2
2022-07-26 15,2.266,0,65,0,30,194,2
2022-07-26 16,2.92,0,65,0,30,184,2
2022-07-26 17,1.606,0,65,0,29,190,2
2022-07-26 18,1.29,0,75,0,28,212,3
2022-07-26 19,2.053,0,80,0,26,206,2
2022-07-26 20,1.675,0,85,0,26,200,2
2022-07-26 21,1.595,0,85,0,25,204,2
2022-07-26 22,1.578,0,85,0,25,210,1
2022-07-26 23,1.448,0,90,0,24,151,0
2022-07-27 00,1.442,0,90,0,24,249,0
2022-07-27 01,1.569,0,85,0,25,42,1
2022-07-27 02,1.689,0,85,0,25,82,1
2022-07-27 03,1.266,0,80,0,25,80,2
2022-07-27 04,1.397,0,85,0,24,33,1
2022-07-27 05,1.457,0,80,0,24,69,1
2022-07-27 06,1.075,0,80,0,25,49,1
2022-07-27 07,1.495,0,70,0,26,66,1
2022-07-27 08,1.895,0,65,0,27,85,2
2022-07-27 09,2.135,0,65,0,28,102,3
2022-07-27 10,1.758,0,60,0,29,100,3
2022-07-27 11,0.724,0,55,0,29,106,3
2022-07-27 12,0.613,0,55,0,30,100,3
2022-07-27 13,0.665,0,55,0,31,112,2
2022-07-27 14,1.078,0,60,0,31,197,2
2022-07-27 15,3.902,0,55,0,31,184,2
2022-07-27 16,4.319,0,60,0,30,190,2
2022-07-27 17,2.71,0,65,0,29,210,3
2022-07-27 18,1.893,0,75,0,28,208,2
2022-07-27 19,1.912,0,75,0,27,215,2
2022-07-27 20,1.995,0,80,0,26,195,1
2022-07-27 21,1.839,0,80,0,26,122,0
2022-07-27 22,1.937,0,85,0,25,79,0
2022-07-27 23,1.719,0,85,0,25,15,0
2022-07-28 00,2.076,0,85,0,25,96,1
2022-07-28 01,1.802,0,85,0,24,4,0
2022-07-28 02,1.529,0,90,0,24,275,0
2022-07-28 03,1.438,5,90,0.1,24,358,0
2022-07-28 04,1.398,1,85,0.3,24,4,1
2022-07-28 05,1.418,1,85,0.4,24,28,0
2022-07-28 06,1.256,1,85,0.3,25,26,1
2022-07-28 07,1.617,5,75,0.1,28,73,2
2022-07-28 08,2.464,1,65,0.3,29,100,3
2022-07-28 09,2.617,0,65,0,29,103,3
2022-07-28 10,2.429,0,65,0,30,97,3
2022-07-28 11,1.985,0,65,0,31,100,3
2022-07-28 12,2.48,0,60,0,31,100,3
2022-07-28 13,3.14,0,65,0,31,104,2
2022-07-28 14,3.183,0,65,0,31,105,2
2022-07-28 15,4.79,0,65,0,31,148,2
2022-07-28 16,4.021,0,65,0,31,175,2
2022-07-28 17,2.902,0,70,0,30,180,2
2022-07-28 18,2.055,0,75,0,29,182,2
2022-07-28 19,2.343,0,80,0,28,194,1
2022-07-28 20,1.851,0,80,0,28,137,0
2022-07-28 21,1.76,0,80,0,27,149,1
2022-07-28 22,1.574,0,85,0,27,289,0
2022-07-28 23,1.574,0,85,0,27,357,0
2022-07-29 00,1.549,0,90,0,26,12,0
2022-07-29 01,1.308,0,90,0,26,81,0
2022-07-29 02,1.39,0,90,0,26,85,0
2022-07-29 03,1.391,0,90,0,26,258,0
2022-07-29 04,1.339,0,85,0,26,66,2
2022-07-29 05,1.348,0,90,0,25,8,1
2022-07-29 06,1.167,0,85,0,27,21,1
2022-07-29 07,1.739,0,70,0,30,63,2
2022-07-29 08,2.634,0,65,0,31,82,3
2022-07-29 09,2.223,0,65,0,32,82,3
2022-07-29 10,2.437,0,60,0,32,83,3
2022-07-29 11,2.523,0,60,0,33,92,3
2022-07-29 12,3.615,0,55,0,33,97,4
2022-07-29 13,2.88,0,55,0,33,97,4
2022-07-29 14,2.937,0,55,0,34,95,4
2022-07-29 15,3.308,0,55,0,33,97,3
2022-07-29 16,2.143,0,55,0,34,105,3
2022-07-29 17,2.28,0,55,0,33,100,3
2022-07-29 18,1.7,0,55,0,32,102,3
2022-07-29 19,2.7,0,60,0,31,86,3
2022-07-29 20,2.78,0,60,0,30,74,2
2022-07-29 21,1.817,0,60,0,30,84,2
2022-07-29 22,1.635,0,65,0,30,70,2
2022-07-29 23,2.042,0,65,0,29,80,2
2022-07-30 00,1.933,0,70,0,29,63,2
2022-07-30 01,1.812,0,70,0,29,62,2
2022-07-30 02,1.635,0,65,0,29,75,2
2022-07-30 03,1.599,0,65,0,29,71,2
2022-07-30 04,1.567,0,65,0,28,79,3
2022-07-30 05,1.603,0,65,0,29,85,3
2022-07-30 06,1.097,0,65,0,29,81,3
2022-07-30 07,1.589,0,65,0,29,73,3
2022-07-30 08,1.586,0,70,0,29,85,3
2022-07-30 09,1.921,0,65,0,30,66,3
2022-07-30 10,1.932,0,65,0,30,71,4
2022-07-30 11,1.625,1,70,0.4,30,83,3
2022-07-30 12,2.651,1,75,0.7,29,75,3
2022-07-30 13,2.068,0,70,0,30,77,3
2022-07-30 14,2.792,0,65,0,30,72,3
2022-07-30 15,2.993,0,70,0,30,69,4
2022-07-30 16,2.539,0,65,0,30,72,3
2022-07-30 17,3.536,0,65,0,30,74,4
2022-07-30 18,2.047,0,65,0,30,79,3
2022-07-30 19,1.992,0,70,0,29,84,3
2022-07-30 20,1.949,0,65,0,29,79,3
2022-07-30 21,1.781,0,70,0,29,93,3
2022-07-30 22,1.655,0,70,0,29,73,3
2022-07-30 23,1.707,0,70,0,29,80,2
2022-07-31 00,1.565,0,75,0,28,88,2
2022-07-31 01,1.35,1,80,0.3,28,89,2
2022-07-31 02,1.474,5,80,0.1,28,86,2
2022-07-31 03,1.235,1,80,0.4,27,116,3
2022-07-31 04,1.272,1,85,0.3,27,137,3
2022-07-31 05,1.313,1,85,0.9,28,123,3
2022-07-31 06,1.175,1,90,1.1,27,127,3
2022-07-31 07,1.334,1,85,0.4,27,124,3
2022-07-31 08,1.392,1,85,0.4,27,102,3
2022-07-31 09,1.285,1,90,3.3,26,110,3
2022-07-31 10,1.28,1,95,10.4,26,141,3
2022-07-31 11,1.063,1,90,2.7,27,132,4
2022-07-31 12,1.623,1,90,8,26,169,5
2022-07-31 13,1.339,1,90,2.8,26,111,2
2022-07-31 14,1.385,1,85,1.8,27,151,4
2022-07-31 15,1.541,1,90,1.9,27,137,4
2022-07-31 16,1.542,1,85,1.1,27,136,4
2022-07-31 17,1.18,1,90,6,27,145,5
2022-07-31 18,0.898,1,85,1.4,27,128,3
2022-07-31 19,1.305,1,85,2.1,28,140,4
2022-07-31 20,1.176,1,90,10.2,27,157,4
2022-07-31 21,1.187,1,80,2.4,28,151,5
2022-07-31 22,1.228,1,80,0.5,29,148,4
2022-07-31 23,1.206,1,80,0.5,29,150,4
2022-08-01 00,1.352,1,80,1.3,28,150,5
2022-08-01 01,1.691,1,75,0.3,29,148,5
2022-08-01 02,1.53,0,80,0,29,152,5
2022-08-01 03,1.48,0,75,0,29,154,4
2022-08-01 04,1.341,0,80,0,28,151,4
2022-08-01 05,1.423,1,80,0.6,28,138,3
2022-08-01 06,1.226,1,85,0.8,27,144,4
2022-08-01 07,1.497,1,90,4.6,27,174,3
2022-08-01 08,1.561,1,85,0.3,28,122,3
2022-08-01 09,1.612,5,80,0.2,29,121,4
2022-08-01 10,2.036,1,75,0.3,29,126,5
2022-08-01 11,1.538,0,75,0,29,128,4
2022-08-01 12,1.797,1,75,0.6,29,136,5
2022-08-01 13,1.779,1,85,0.6,28,133,4
2022-08-01 14,1.881,1,90,1,27,141,4
2022-08-01 15,2.356,1,90,0.3,28,139,4
2022-08-01 16,2.151,1,90,2.3,28,166,4
2022-08-01 17,1.44,1,90,0.7,28,170,4
2022-08-01 18,1.351,5,90,0.1,27,171,5
2022-08-01 19,1.376,1,90,0.5,27,178,4
2022-08-01 20,1.222,1,95,0.6,26,189,3
2022-08-01 21,1.399,1,90,0.9,26,171,2
2022-08-01 22,1.561,1,90,3.8,27,197,4
2022-08-01 23,1.284,0,90,0,27,185,4
2022-08-02 00,1.498,1,90,0.5,27,184,3
2022-08-02 01,1.419,1,90,3,27,183,3
2022-08-02 02,1.43,0,85,0,27,187,3
2022-08-02 03,1.367,0,85,0,27,182,4
2022-08-02 04,1.393,1,85,0.5,27,184,2
2022-08-02 05,1.377,1,90,10.6,27,199,2
2022-08-02 06,1.24,1,95,1.8,27,189,3
2022-08-02 07,1.621,1,90,0.8,28,186,4
2022-08-02 08,2.131,1,90,3.4,28,194,4
2022-08-02 09,1.964,1,90,1.4,28,208,3
2022-08-02 10,2.086,1,90,11.8,28,199,3
2022-08-02 11,1.72,1,95,2.1,27,230,1
2022-08-02 12,2.725,0,85,0,29,154,1
2022-08-02 13,1.911,0,75,0,31,209,2
2022-08-02 14,2.731,0,75,0,31,198,3
2022-08-02 15,2.837,0,75,0,30,183,3
2022-08-02 16,4.044,0,75,0,30,176,3
2022-08-02 17,2.179,0,80,0,29,181,2
2022-08-02 18,1.977,0,85,0,28,159,2
2022-08-02 19,2.082,0,90,0,27,166,2
2022-08-02 20,2.164,0,90,0,27,176,2
2022-08-02 21,2.085,0,85,0,27,188,2
2022-08-02 22,1.993,0,90,0,27,192,1
2022-08-02 23,1.474,5,85,0.2,27,245,1
2022-08-03 00,1.788,5,90,0.2,27,176,1
2022-08-03 01,1.939,1,90,1.3,26,172,2
2022-08-03 02,2.043,5,95,0.2,26,177,1
2022-08-03 03,1.428,0,95,0,26,219,1
2022-08-03 04,1.411,0,95,0,26,341,1
2022-08-03 05,1.681,0,95,0,26,239,1
2022-08-03 06,1.325,0,95,0,26,325,1
2022-08-03 07,1.648,0,85,0,28,151,0
2022-08-03 08,1.623,0,80,0,29,152,0
2022-08-03 09,1.487,1,80,0.6,30,191,1
2022-08-03 10,1.881,1,85,2,28,282,2
2022-08-03 11,1.496,1,85,4.3,28,309,1
2022-08-03 12,2.417,1,95,0.4,28,246,0
2022-08-03 13,2.314,5,85,0.2,29,229,1
2022-08-03 14,1.698,1,85,0.3,29,273,1
2022-08-03 15,2.119,1,85,3,29,272,1
2022-08-03 16,2.204,1,80,0.5,29,305,0
2022-08-03 17,1.9,1,85,0.4,29,275,0
2022-08-03 18,1.366,5,90,0.2,28,190,2
2022-08-03 19,1.924,0,90,0,28,210,2
2022-08-03 20,2.07,0,95,0,27,341,0
2022-08-03 21,2.133,0,90,0,27,189,0
2022-08-03 22,1.736,0,95,0,27,233,1
2022-08-03 23,1.714,0,95,0,27,192,0
2022-08-04 00,2.041,0,95,0,27,274,1
2022-08-04 01,1.808,0,95,0,26,243,1
2022-08-04 02,2.022,0,95,0,26,259,1
2022-08-04 03,1.478,0,95,0,26,285,1
2022-08-04 04,1.409,0,95,0,26,208,1
2022-08-04 05,1.358,5,95,0.1,26,260,1
2022-08-04 06,1.341,0,95,0,27,265,1
2022-08-04 07,1.408,0,85,0,28,223,1
2022-08-04 08,1.508,0,85,0,29,210,1
2022-08-04 09,1.835,0,75,0,31,242,1
2022-08-04 10,1.522,0,70,0,31,233,2
2022-08-04 11,1.112,0,70,0,32,233,2
2022-08-04 12,1.54,0,65,0,32,210,2
2022-08-04 13,1.747,1,70,0.3,31,199,3
2022-08-04 14,2.829,0,70,0,32,212,3
2022-08-04 15,2.893,1,70,0.9,31,206,4
2022-08-04 16,2.109,0,75,0,31,209,4
2022-08-04 17,2.203,1,70,1,31,210,3
2022-08-04 18,1.387,0,75,0,30,214,2
2022-08-04 19,1.82,0,80,0,29,231,2
2022-08-04 20,1.417,0,85,0,29,235,3
2022-08-04 21,1.601,0,85,0,28,258,2
2022-08-04 22,1.595,0,85,0,28,246,2
2022-08-04 23,1.305,0,90,0,27,257,2
2022-08-05 00,1.294,0,90,0,27,254,1
2022-08-05 01,1.308,0,90,0,26,239,1
2022-08-05 02,1.29,0,90,0,26,301,1
2022-08-05 03,1.144,0,95,0,26,305,0
2022-08-05 04,1.097,0,90,0,26,91,1
2022-08-05 05,1.337,5,95,0.1,26,271,0
2022-08-05 06,0.911,1,90,0.5,26,6,0
2022-08-05 07,1.267,0,85,0,28,135,0
2022-08-05 08,1.739,0,80,0,30,219,2
2022-08-05 09,1.856,0,75,0,31,223,2
2022-08-05 10,1.518,1,75,0.8,31,251,1
2022-08-05 11,1.4,1,70,0.3,32,246,2
2022-08-05 12,2.155,1,65,0.3,32,210,2
2022-08-05 13,1.999,1,65,0.4,32,232,2
2022-08-05 14,2.093,0,65,0,33,217,2
2022-08-05 15,2.985,1,65,0.6,33,219,3
2022-08-05 16,2.674,0,65,0,33,224,3
2022-08-05 17,1.968,0,70,0,32,220,4
2022-08-05 18,2.347,0,70,0,31,231,3
2022-08-05 19,2.253,0,80,0,29,233,3
2022-08-05 20,1.835,0,80,0,29,224,3
2022-08-05 21,1.558,0,85,0,28,239,2
2022-08-05 22,1.638,0,90,0,28,229,2
2022-08-05 23,1.365,0,90,0,27,232,2
2022-08-06 00,1.516,0,90,0,27,244,1
2022-08-06 01,1.439,0,85,0,28,276,2
2022-08-06 02,1.109,0,85,0,28,233,2
2022-08-06 03,1.393,0,85,0,28,246,2
2022-08-06 04,1.315,0,90,0,27,275,1
2022-08-06 05,1.09,0,90,0,27,252,1
2022-08-06 06,1.114,0,90,0,27,274,1
2022-08-06 07,1.391,0,80,0,30,244,1
2022-08-06 08,1.875,0,70,0,31,242,2
2022-08-06 09,1.716,0,70,0,31,230,2
2022-08-06 10,1.667,0,70,0,32,207,3
2022-08-06 11,1.341,0,65,0,33,239,2
2022-08-06 12,1.994,0,65,0,33,222,2
2022-08-06 13,1.529,0,65,0,33,213,3
2022-08-06 14,1.583,0,65,0,34,210,3
2022-08-06 15,1.838,0,65,0,33,207,4
2022-08-06 16,1.69,0,65,0,33,218,4
2022-08-06 17,1.567,0,70,0,33,224,3
2022-08-06 18,1.595,0,70,0,31,209,3
2022-08-06 19,1.706,0,75,0,30,200,3
2022-08-06 20,1.804,0,80,0,29,194,2
2022-08-06 21,1.58,0,80,0,29,195,1
2022-08-06 22,1.608,0,80,0,29,233,1
2022-08-06 23,1.405,0,85,0,28,243,1
2022-08-07 00,1.536,0,90,0,28,261,1
2022-08-07 01,1.472,0,90,0,27,244,1
2022-08-07 02,1.482,0,90,0,27,190,0
2022-08-07 03,1.379,0,90,0,27,9,0
2022-08-07 04,1.398,0,90,0,27,267,0
2022-08-07 05,1.385,0,90,0,27,232,1
2022-08-07 06,1.425,0,90,0,28,359,0
2022-08-07 07,1.599,0,85,0,30,173,0
2022-08-07 08,1.413,0,75,0,31,163,1
2022-08-07 09,1.308,0,70,0,31,187,1
2022-08-07 10,1.276,0,70,0,32,212,2
2022-08-07 11,0.891,0,70,0,33,209,2
2022-08-07 12,1.498,0,70,0,33,214,3
2022-08-07 13,1.486,0,65,0,34,196,3
2022-08-07 14,1.243,0,70,0,33,189,4
2022-08-07 15,1.011,0,70,0,32,200,4
2022-08-07 16,1.027,0,75,0,31,194,2
2022-08-07 17,1.355,0,75,0,31,216,2
2022-08-07 18,0.967,0,80,0,30,196,2
2022-08-07 19,1.457,0,80,0,29,152,1
2022-08-07 20,1.284,0,80,0,29,212,1
2022-08-07 21,1.22,0,75,0,29,223,2
2022-08-07 22,1.22,0,80,0,29,218,2
2022-08-07 23,1.084,0,85,0,28,216,1
2022-08-08 00,1.496,0,85,0,28,228,2
2022-08-08 01,1.548,0,85,0,28,238,1
2022-08-08 02,1.914,0,85,0,28,252,1
2022-08-08 03,1.37,0,90,0,27,247,1
2022-08-08 04,1.396,0,90,0,27,242,0
2022-08-08 05,1.326,5,90,0.1,27,274,1
2022-08-08 06,1.213,0,85,0,28,246,2
2022-08-08 07,1.378,0,80,0,30,231,2
2022-08-08 08,1.621,0,75,0,30,245,2
2022-08-08 09,1.651,0,70,0,31,231,3
2022-08-08 10,2.108,0,65,0,31,234,3
2022-08-08 11,2.282,0,65,0,32,210,4
2022-08-08 12,4.056,0,65,0,33,216,3
2022-08-08 13,3.351,0,60,0,33,229,3
2022-08-08 14,2.606,0,60,0,33,225,3
2022-08-08 15,3.236,0,65,0,32,213,3
2022-08-08 16,3.44,0,65,0,31,233,3
2022-08-08 17,2.649,0,65,0,31,219,3
2022-08-08 18,1.881,0,70,0,30,218,2
2022-08-08 19,1.982,0,75,0,29,246,2
2022-08-08 20,2.077,0,75,0,28,238,2
2022-08-08 21,1.578,0,80,0,28,247,2
2022-08-08 22,2.065,0,85,0,27,284,1
2022-08-08 23,1.374,0,85,0,27,278,1
2022-08-09 00,1.473,0,90,0,26,266,1
2022-08-09 01,1.825,0,90,0,26,316,1
2022-08-09 02,1.948,5,90,0.1,26,284,0
2022-08-09 03,1.451,5,90,0.1,26,257,1
2022-08-09 04,1.712,0,90,0,26,309,0
2022-08-09 05,1.523,0,90,0,26,326,1
2022-08-09 06,1.363,0,90,0,26,338,1
2022-08-09 07,1.376,0,85,0,28,31,0
2022-08-09 08,1.728,0,80,0,29,224,2
2022-08-09 09,1.712,0,75,0,30,216,2
2022-08-09 10,2.072,0,70,0,31,215,2
2022-08-09 11,1.78,0,65,0,32,232,3
2022-08-09 12,2.783,0,65,0,32,218,4
2022-08-09 13,2.688,0,65,0,32,226,4
2022-08-09 14,2.05,0,65,0,32,233,3
2022-08-09 15,1.959,0,65,0,32,223,4
2022-08-09 16,1.747,0,60,0,32,219,3
2022-08-09 17,1.682,0,65,0,31,209,3
2022-08-09 18,1.596,0,70,0,30,207,2
2022-08-09 19,2.492,0,75,0,29,204,1
2022-08-09 20,2.605,0,75,0,29,214,1
2022-08-09 21,2.613,0,80,0,28,230,2
2022-08-09 22,1.722,0,85,0,27,231,1
2022-08-09 23,1.646,0,85,0,27,288,1
2022-08-10 00,1.656,0,90,0,27,279,0
2022-08-10 01,1.572,0,85,0,27,224,1
2022-08-10 02,1.655,0,85,0,27,257,1
2022-08-10 03,1.257,0,90,0,26,275,1
2022-08-10 04,1.508,0,90,0,26,285,1
2022-08-10 05,1.341,0,90,0,26,279,1
2022-08-10 06,1.222,0,90,0,26,300,1
2022-08-10 07,1.563,0,85,0,28,326,1
2022-08-10 08,2.36,0,80,0,29,246,1
2022-08-10 09,2.272,0,75,0,30,252,2
2022-08-10 10,3.053,0,70,0,30,216,3
2022-08-10 11,2.03,0,70,0,31,215,2
2022-08-10 12,2.335,0,65,0,32,230,3
2022-08-10 13,3.877,0,65,0,31,218,4
2022-08-10 14,2.966,0,70,0,31,221,2
2022-08-10 15,3.127,0,70,0,31,213,3
2022-08-10 16,4.038,0,70,0,30,214,3
2022-08-10 17,3.318,0,70,0,30,202,3
2022-08-10 18,1.89,0,75,0,28,171,2
2022-08-10 19,2.377,0,75,0,28,192,1
2022-08-10 20,1.759,0,75,0,28,231,1
2022-08-10 21,2.337,0,80,0,28,349,0
2022-08-10 22,2.609,0,85,0,27,145,1
2022-08-10 23,1.667,0,85,0,27,260,0
2022-08-11 00,2.018,0,85,0,27,339,1
2022-08-11 01,2.253,0,90,0,26,207,0
2022-08-11 02,1.412,0,90,0,26,324,0
2022-08-11 03,1.764,0,90,0,26,273,0
2022-08-11 04,1.355,1,90,0.3,27,264,1
2022-08-11 05,1.386,5,90,0.1,26,177,0
2022-08-11 06,1.431,0,90,0,27,285,1
2022-08-11 07,1.629,0,85,0,27,303,1
2022-08-11 08,1.653,0,80,0,29,263,1
2022-08-11 09,1.857,5,80,0.1,29,247,2
2022-08-11 10,2.171,0,80,0,29,228,1
2022-08-11 11,1.95,5,80,0.1,29,255,2
2022-08-11 12,3.046,5,75,0.1,29,233,1
2022-08-11 13,3.46,5,75,0.2,29,234,2
2022-08-11 14,1.865,1,85,0.9,29,240,2
2022-08-11 15,2.295,1,85,1,29,243,2
2022-08-11 16,3.536,1,85,1,28,233,2
2022-08-11 17,5.205,1,90,1,28,211,2
2022-08-11 18,2.369,1,90,0.9,28,219,1
2022-08-11 19,3.103,1,90,0.4,27,243,0
2022-08-11 20,2.548,0,90,0,27,219,1
2022-08-11 21,1.955,0,90,0,28,235,2
2022-08-11 22,2.029,0,90,0,27,239,1
2022-08-11 23,1.843,0,90,0,28,225,1
2022-08-12 00,2.439,0,90,0,28,231,1
2022-08-12 01,2.03,0,90,0,28,249,1
2022-08-12 02,2.188,0,90,0,27,243,1
2022-08-12 03,1.901,0,90,0,27,252,1
2022-08-12 04,1.492,5,90,0.2,27,243,1
2022-08-12 05,1.518,0,90,0,27,225,1
2022-08-12 06,1.448,0,90,0,28,307,0
2022-08-12 07,1.585,0,90,0,28,269,0
2022-08-12 08,3.881,0,85,0,29,227,2
2022-08-12 09,4.28,0,75,0,31,260,2
2022-08-12 10,3.312,0,70,0,31,296,2
2022-08-12 11,1.967,0,70,0,32,271,2
2022-08-12 12,2.298,0,70,0,32,245,2
2022-08-12 13,2.304,0,70,0,31,223,3
2022-08-12 14,1.66,0,65,0,33,293,3
2022-08-12 15,2.397,0,60,0,32,264,2
2022-08-12 16,2.495,0,70,0,32,240,2
2022-08-12 17,2.826,0,75,0,31,226,2
2022-08-12 18,2.04,0,70,0,30,301,2
2022-08-12 19,2.3,0,80,0,28,308,1
2022-08-12 20,2.351,0,80,0,28,259,1
2022-08-12 21,1.802,0,85,0,28,250,2
2022-08-12 22,2.274,0,85,0,27,309,1
2022-08-12 23,2.092,0,90,0,26,306,1
2022-08-13 00,1.89,0,90,0,26,244,1
2022-08-13 01,2.182,0,90,0,25,269,1
2022-08-13 02,1.698,0,90,0,25,95,0
2022-08-13 03,1.702,0,90,0,26,222,1
2022-08-13 04,1.602,0,90,0,25,310,1
2022-08-13 05,1.411,0,90,0,25,305,0
2022-08-13 06,1.488,0,90,0,26,319,0
2022-08-13 07,1.516,0,80,0,28,223,1
2022-08-13 08,1.869,0,70,0,30,206,1
2022-08-13 09,2.595,0,70,0,30,216,2
2022-08-13 10,2.873,0,70,0,31,219,2
2022-08-13 11,1.73,0,65,0,32,227,2
2022-08-13 12,2.885,0,70,0,32,201,4
2022-08-13 13,2.321,0,70,0,32,211,3
2022-08-13 14,1.649,0,70,0,32,214,3
2022-08-13 15,1.748,0,70,0,32,216,3
2022-08-13 16,2.028,0,70,0,31,226,3
2022-08-13 17,1.999,5,70,0.1,30,215,3
2022-08-13 18,1.928,5,75,0.2,30,212,3
2022-08-13 19,2.039,5,80,0.2,29,215,2
2022-08-13 20,1.722,0,80,0,29,222,1
2022-08-13 21,1.714,0,85,0,28,189,1
2022-08-13 22,2.29,0,85,0,28,208,1
2022-08-13 23,1.814,0,85,0,28,176,1
2022-08-14 00,2.01,0,85,0,28,174,1
2022-08-14 01,2.29,0,85,0,28,225,1
2022-08-14 02,2.061,5,85,0.1,28,230,2
2022-08-14 03,1.686,0,85,0,28,283,2
2022-08-14 04,1.668,0,90,0,28,280,1
2022-08-14 05,1.568,0,90,0,28,232,1
2022-08-14 06,1.274,0,90,0,28,222,0
2022-08-14 07,1.628,0,80,0,29,225,2
2022-08-14 08,1.677,0,75,0,30,195,1
2022-08-14 09,1.705,0,70,0,31,202,2
2022-08-14 10,2.235,0,70,0,32,203,3
2022-08-14 11,2.122,0,70,0,31,205,2
2022-08-14 12,2.133,0,60,0,33,213,3
2022-08-14 13,2.534,0,60,0,33,231,3
2022-08-14 14,2.236,0,60,0,33,219,4
2022-08-14 15,2.375,0,60,0,33,215,3
2022-08-14 16,3.533,0,65,0,32,219,3
2022-08-14 17,3.559,0,65,0,31,220,3
2022-08-14 18,2.079,0,70,0,30,221,2
2022-08-14 19,2.181,0,75,0,29,223,2
2022-08-14 20,1.692,0,75,0,29,228,2
2022-08-14 21,2.321,0,85,0,27,242,1
2022-08-14 22,2.353,0,85,0,28,204,1
2022-08-14 23,1.641,0,85,0,27,178,1
2022-08-15 00,1.933,0,85,0,28,52,0
2022-08-15 01,2.033,0,90,0,27,139,0
2022-08-15 02,1.882,0,90,0,27,293,1
2022-08-15 03,1.71,0,90,0,27,325,1
2022-08-15 04,1.476,0,90,0,26,285,1
2022-08-15 05,1.57,0,95,0,26,262,0
2022-08-15 06,1.494,0,90,0,27,243,0
2022-08-15 07,1.851,0,80,0,29,121,0
2022-08-15 08,2.216,0,75,0,30,215,2
2022-08-15 09,3.803,0,70,0,31,220,3
2022-08-15 10,3.477,0,65,0,32,228,4
2022-08-15 11,1.8,0,65,0,32,229,5
2022-08-15 12,3.255,0,60,0,32,224,5
2022-08-15 13,3.718,0,60,0,33,237,4
2022-08-15 14,2.233,0,60,0,33,222,4
2022-08-15 15,2.817,0,60,0,33,221,4
2022-08-15 16,2.667,0,60,0,32,216,4
2022-08-15 17,2.708,0,65,0,31,213,4
2022-08-15 18,2.144,0,75,0,30,218,3
2022-08-15 19,3.209,0,75,0,29,218,4
2022-08-15 20,1.945,0,75,0,29,218,3
2022-08-15 21,1.991,0,75,0,29,225,4
2022-08-15 22,2.557,0,75,0,29,222,3
2022-08-15 23,1.387,0,75,0,29,223,3
2022-08-16 00,1.765,0,80,0,28,219,3
2022-08-16 01,1.752,0,75,0,28,221,3
2022-08-16 02,1.622,0,80,0,28,224,3
2022-08-16 03,1.421,0,80,0,28,225,2
2022-08-16 04,1.365,0,80,0,29,217,3
2022-08-16 05,1.497,0,80,0,29,222,3
2022-08-16 06,1.107,5,80,0.1,28,221,2
2022-08-16 07,1.498,1,85,0.5,28,239,3
2022-08-16 08,1.745,1,85,0.8,27,291,2
2022-08-16 09,1.608,1,85,0.9,28,321,1
2022-08-16 10,2.237,1,90,4.9,27,198,0
2022-08-16 11,1.807,1,85,0.4,28,219,2
2022-08-16 12,4.004,1,90,5.2,27,240,0
2022-08-16 13,4.715,1,90,0.6,28,156,1
2022-08-16 14,3.298,1,90,3.4,28,262,1
2022-08-16 15,4.589,1,90,3,27,258,1
2022-08-16 16,3.878,1,90,1.7,28,258,1
2022-08-16 17,3.87,1,95,16.700001,26,216,1
2022-08-16 18,1.464,1,95,0.9,26,197,2
2022-08-16 19,1.976,1,95,2.1,26,323,1
2022-08-16 20,1.708,1,95,6.7,25,270,0
2022-08-16 21,1.728,1,95,2.6,25,76,1
2022-08-16 22,1.675,5,95,0.1,25,168,1
2022-08-16 23,1.215,1,95,0.9,25,344,1
2022-08-17 00,1.995,0,95,0,25,97,0
2022-08-17 01,1.48,0,95,0,25,335,1
2022-08-17 02,1.487,1,90,1.8,25,21,0
2022-08-17 03,1.381,1,95,7.1,25,20,2
2022-08-17 04,1.171,1,95,11.4,25,27,1
2022-08-17 05,1.403,0,95,0,25,43,1
2022-08-17 06,1.086,1,95,0.5,25,36,1
2022-08-17 07,1.36,5,95,0.2,26,65,0
2022-08-17 08,1.554,0,85,0,27,41,1
2022-08-17 09,1.99,0,80,0,28,67,2
2022-08-17 10,2.481,1,80,0.9,27,83,2
2022-08-17 11,2.005,1,80,0.4,27,116,1
2022-08-17 12,4.521,1,85,1,27,123,1
2022-08-17 13,4.519,5,85,0.2,27,152,1
2022-08-17 14,3.088,0,85,0,28,227,1
2022-08-17 15,4.136,0,80,0,28,201,2
2022-08-17 16,3.084,0,75,0,29,209,2
2022-08-17 17,2.674,0,75,0,28,216,2
2022-08-17 18,2.83,0,85,0,27,193,2
2022-08-17 19,2.902,0,90,0,26,170,1
2022-08-17 20,2.175,0,90,0,26,199,2
2022-08-17 21,2.042,0,90,0,25,255,1
2022-08-17 22,1.935,0,90,0,25,300,1
2022-08-17 23,1.585,0,85,0,23,279,1
2022-08-18 00,1.77,0,85,0,23,296,1
2022-08-18 01,1.641,0,90,0,22,258,1
2022-08-18 02,1.557,0,90,0,22,279,2
2022-08-18 03,1.524,0,90,0,22,270,1
2022-08-18 04,1.331,0,90,0,22,303,1
2022-08-18 05,1.393,0,90,0,21,281,1
2022-08-18 06,1.077,0,90,0,22,266,0
2022-08-18 07,1.342,0,80,0,25,308,1
2022-08-18 08,2.292,0,70,0,26,11,1
2022-08-18 09,2.219,0,60,0,28,55,1
2022-08-18 10,4.119,0,60,0,29,128,1
2022-08-18 11,2.104,0,55,0,30,129,1
2022-08-18 12,4.109,0,60,0,29,173,2
2022-08-18 13,4.498,0,60,0,30,202,3
2022-08-18 14,3.95,0,60,0,30,192,3
2022-08-18 15,3.427,0,60,0,30,209,3
2022-08-18 16,3.424,0,65,0,29,197,4
2022-08-18 17,2.774,0,65,0,28,192,3
2022-08-18 18,2.038,0,70,0,26,205,2
2022-08-18 19,2.246,0,75,0,25,205,1
2022-08-18 20,2.165,0,80,0,25,170,0
2022-08-18 21,2.414,0,85,0,24,231,1
2022-08-18 22,1.978,0,85,0,23,217,1
2022-08-18 23,2.051,0,85,0,23,258,1
2022-08-19 00,1.754,0,90,0,22,222,1
2022-08-19 01,1.657,0,85,0,22,295,0
2022-08-19 02,1.905,0,90,0,22,211,0
2022-08-19 03,1.542,0,90,0,22,302,1
2022-08-19 04,1.387,0,90,0,22,318,1
2022-08-19 05,1.539,0,90,0,22,311,1
2022-08-19 06,1.247,0,90,0,23,326,1
2022-08-19 07,1.589,0,85,0,24,317,1
2022-08-19 08,1.652,0,80,0,25,10,1
2022-08-19 09,2.607,0,70,0,27,20,0
2022-08-19 10,2.36,0,65,0,29,93,1
2022-08-19 11,2.461,0,65,0,30,199,1
2022-08-19 12,4.649,0,65,0,31,212,2
2022-08-19 13,4.535,0,65,0,31,213,3
2022-08-19 14,3.372,0,65,0,31,216,3
2022-08-19 15,4.225,0,65,0,30,209,2
2022-08-19 16,3.319,0,65,0,31,221,3
2022-08-19 17,4.277,0,65,0,30,223,3
2022-08-19 18,3.513,0,70,0,29,215,3
2022-08-19 19,2.373,0,70,0,29,212,2
2022-08-19 20,2.405,0,75,0,29,218,2
2022-08-19 21,2.257,0,75,0,28,208,2
2022-08-19 22,2.141,0,75,0,28,214,2
2022-08-19 23,1.721,0,80,0,28,220,2
2022-08-20 00,1.738,0,80,0,28,230,1
2022-08-20 01,1.888,0,75,0,28,239,1
2022-08-20 02,1.482,0,80,0,28,260,2
2022-08-20 03,1.839,0,80,0,27,246,1
2022-08-20 04,1.359,0,85,0,27,220,1
2022-08-20 05,1.327,0,85,0,27,225,1
2022-08-20 06,1.247,5,85,0.1,28,278,1
2022-08-20 07,1.494,1,80,0.4,28,206,2
2022-08-20 08,3.028,1,80,0.6,28,231,2
2022-08-20 09,4,5,80,0.2,29,218,3
2022-08-20 10,3.591,1,80,1,28,227,2
2022-08-20 11,2.01,1,80,2.2,28,215,2
2022-08-20 12,3.958,1,85,3.4,27,262,2
2022-08-20 13,3.868,5,80,0.1,29,180,2
2022-08-20 14,3.084,5,75,0.2,30,197,2
2022-08-20 15,2.793,0,75,0,29,234,2
2022-08-20 16,2.09,0,75,0,29,256,2
2022-08-20 17,2.036,0,75,0,29,278,1
2022-08-20 18,1.103,0,70,0,28,264,1
2022-08-20 19,1.801,0,85,0,27,199,1
2022-08-20 20,1.748,0,85,0,27,233,1
2022-08-20 21,1.355,0,85,0,26,345,0
2022-08-20 22,1.287,0,85,0,26,234,0
2022-08-20 23,1.237,0,85,0,26,346,1
2022-08-21 00,1.377,0,90,0,25,340,1
2022-08-21 01,1.675,0,85,0,25,298,1
2022-08-21 02,1.429,0,85,0,25,318,1
2022-08-21 03,1.262,0,90,0,25,311,1
2022-08-21 04,1.173,0,85,0,25,356,0
2022-08-21 05,1.631,0,85,0,25,297,1
2022-08-21 06,1.18,0,90,0,25,323,1
2022-08-21 07,1.093,0,80,0,27,32,1
2022-08-21 08,1.325,0,70,0,28,76,2
2022-08-21 09,2.325,0,70,0,29,95,2
2022-08-21 10,1.976,0,65,0,30,63,2
2022-08-21 11,1.827,0,60,0,30,98,2
2022-08-21 12,3.792,0,55,0,31,77,2
2022-08-21 13,3.735,0,55,0,31,108,2
2022-08-21 14,2.845,0,55,0,31,164,2
2022-08-21 15,3.773,0,55,0,30,190,3
2022-08-21 16,3.739,0,60,0,30,193,3
2022-08-21 17,3.661,0,65,0,29,209,3
2022-08-21 18,3.099,0,65,0,27,215,3
2022-08-21 19,3.292,0,70,0,26,209,1
2022-08-21 20,3.421,0,70,0,26,204,1
2022-08-21 21,3.294,0,70,0,25,239,1
2022-08-21 22,3.166,0,75,0,25,216,1
2022-08-21 23,2.85,0,75,0,24,243,0
2022-08-22 00,3.028,0,80,0,23,273,0
2022-08-22 01,3.319,0,85,0,23,253,0
2022-08-22 02,3.456,0,80,0,23,322,1
2022-08-22 03,3.203,0,85,0,22,249,0
2022-08-22 04,3.181,0,85,0,22,327,0
2022-08-22 05,3.166,0,90,0,22,313,1
2022-08-22 06,2.416,0,85,0,23,313,1
2022-08-22 07,3.159,0,75,0,25,349,1
2022-08-22 08,3.119,0,70,0,27,46,1
2022-08-22 09,3.182,0,55,0,29,118,1
2022-08-22 10,3.201,0,55,0,30,193,1
2022-08-22 11,1.739,0,55,0,31,212,2
2022-08-22 12,3.46,0,40,0,31,204,3
2022-08-22 13,3.424,0,45,0,31,211,3
2022-08-22 14,2.653,0,45,0,31,216,3
2022-08-22 15,4.279,0,40,0,31,208,4
2022-08-22 16,4.495,0,50,0,30,203,3
2022-08-22 17,3.688,0,55,0,28,202,3
2022-08-22 18,3.227,0,60,0,27,194,2
2022-08-22 19,3.263,0,65,0,26,189,1
2022-08-22 20,3.388,0,70,0,25,211,1
2022-08-22 21,3.667,0,80,0,24,196,1
2022-08-22 22,3.709,0,80,0,23,250,1
2022-08-22 23,3.071,0,80,0,24,306,0
2022-08-23 00,2.977,0,80,0,23,138,0
2022-08-23 01,3.469,0,80,0,24,214,0
2022-08-23 02,3.418,0,80,0,24,155,0
2022-08-23 03,3.204,0,85,0,24,319,0
2022-08-23 04,3.16,0,80,0,24,277,0
2022-08-23 05,3.184,0,80,0,24,318,1
2022-08-23 06,2.372,0,85,0,24,317,1
2022-08-23 07,3.135,0,80,0,25,306,1
2022-08-23 08,3.211,0,75,0,26,142,0
2022-08-23 09,3.279,0,65,0,28,122,1
2022-08-23 10,3.268,0,60,0,29,180,1
2022-08-23 11,1.554,0,60,0,30,235,2
2022-08-23 12,3.469,0,60,0,30,209,2
2022-08-23 13,1.111,0,65,0,30,207,2
2022-08-23 14,1.541,0,65,0,29,217,2
2022-08-23 15,5.104,0,75,0,29,209,2
2022-08-23 16,5.067,0,70,0,29,221,3
2022-08-23 17,4.468,0,65,0,29,223,1
2022-08-23 18,2.671,0,80,0,28,185,2
2022-08-23 19,2.806,5,75,0.1,28,208,2
2022-08-23 20,2.985,1,80,0.9,27,321,1
2022-08-23 21,2.532,1,85,2.4,26,326,1
2022-08-23 22,2.272,1,90,1.1,26,307,1
2022-08-23 23,2.666,1,90,0.6,26,333,1
2022-08-24 00,2.064,1,90,3.7,25,108,0
2022-08-24 01,2.085,1,85,0.6,26,314,1
2022-08-24 02,2.148,0,90,0,26,300,1
2022-08-24 03,1.693,0,90,0,26,116,0
2022-08-24 04,1.514,1,85,0.5,26,159,1
2022-08-24 05,1.477,1,85,3.8,25,84,2
2022-08-24 06,1.348,1,90,20.299999,24,92,2
2022-08-24 07,1.635,1,90,1.8,24,55,2
2022-08-24 08,2.023,1,85,0.5,24,72,3
2022-08-24 09,2.97,0,80,0,25,66,3
2022-08-24 10,2.758,0,75,0,26,67,3
2022-08-24 11,2.843,0,70,0,27,68,2
2022-08-24 12,4.11,0,70,0,27,89,2
2022-08-24 13,3.555,0,70,0,26,96,3
2022-08-24 14,4.038,0,70,0,26,93,2
2022-08-24 15,4.942,0,70,0,26,96,3
2022-08-24 16,3.651,0,70,0,25,96,3
2022-08-24 17,3.426,0,70,0,25,87,2
2022-08-24 18,2.198,0,75,0,24,97,2
2022-08-24 19,3.108,0,70,0,24,81,2
2022-08-24 20,2.396,0,70,0,23,90,2
2022-08-24 21,2.849,0,70,0,23,59,2
2022-08-24 22,2.393,0,70,0,23,53,1
2022-08-24 23,2.513,0,75,0,22,131,0
2022-08-25 00,2.348,0,80,0,21,299,1
2022-08-25 01,1.761,0,85,0,21,230,0
2022-08-25 02,1.651,0,85,0,21,309,1
2022-08-25 03,1.419,0,85,0,21,304,1
2022-08-25 04,1.447,0,85,0,20,295,1
2022-08-25 05,1.566,0,90,0,20,294,1
2022-08-25 06,1.377,0,85,0,21,273,0
2022-08-25 07,1.665,0,80,0,23,285,1
2022-08-25 08,2.473,0,70,0,26,167,0
2022-08-25 09,2.88,0,60,0,27,239,1
2022-08-25 10,1.885,0,60,0,28,243,1
2022-08-25 11,1.733,0,60,0,28,216,2
2022-08-25 12,2.269,0,60,0,29,220,2
2022-08-25 13,2.015,0,55,0,29,235,2
2022-08-25 14,2.467,0,50,0,29,220,3
2022-08-25 15,2.505,0,50,0,30,216,2
2022-08-25 16,2.936,0,60,0,28,199,4
2022-08-25 17,2.512,0,65,0,27,207,3
2022-08-25 18,1.924,0,65,0,27,215,3
2022-08-25 19,2.075,0,65,0,26,265,3
2022-08-25 20,1.642,0,65,0,25,291,2
2022-08-25 21,2.132,0,65,0,23,298,1
2022-08-25 22,1.919,0,60,0,24,301,2
2022-08-25 23,1.507,0,50,0,24,324,2
2022-08-26 00,2.139,0,50,0,23,316,2
2022-08-26 01,1.745,0,45,0,23,322,1
2022-08-26 02,2.001,0,50,0,22,287,1
2022-08-26 03,1.562,0,50,0,22,302,2
2022-08-26 04,1.394,0,50,0,22,282,3
2022-08-26 05,1.685,0,60,0,22,314,2
2022-08-26 06,1.312,0,50,0,22,300,2
2022-08-26 07,1.679,0,55,0,24,313,1
2022-08-26 08,1.91,0,45,0,25,355,2
2022-08-26 09,2.228,0,45,0,26,330,2
2022-08-26 10,2.142,0,50,0,27,337,0
2022-08-26 11,2.077,0,40,0,28,297,0
2022-08-26 12,2.761,0,40,0,29,227,1
2022-08-26 13,2.409,0,45,0,29,198,2
2022-08-26 14,2.008,0,50,0,30,194,3
2022-08-26 15,4.175,0,50,0,30,206,3
2022-08-26 16,3.314,0,50,0,29,211,3
2022-08-26 17,3.765,0,55,0,28,217,3
2022-08-26 18,3.34,0,70,0,25,207,2
2022-08-26 19,2.946,0,70,0,25,257,1
2022-08-26 20,2.739,0,80,0,23,310,1
2022-08-26 21,2.603,0,70,0,23,315,2
2022-08-26 22,2.242,0,75,0,23,268,0
2022-08-26 23,2.141,0,70,0,23,283,1
2022-08-27 00,1.903,0,75,0,23,290,2
2022-08-27 01,2.11,0,80,0,21,287,2
2022-08-27 02,1.846,0,80,0,21,294,1
2022-08-27 03,1.343,0,85,0,21,287,1
2022-08-27 04,1.758,0,85,0,20,282,1
2022-08-27 05,1.601,0,85,0,21,313,2
2022-08-27 06,1.429,0,80,0,22,298,2
2022-08-27 07,1.748,0,80,0,23,41,0
2022-08-27 08,2.031,0,70,0,24,300,1
2022-08-27 09,2.793,0,60,0,27,355,2
2022-08-27 10,3.39,0,55,0,28,335,2
2022-08-27 11,2.588,0,55,0,28,346,3
2022-08-27 12,2.94,0,50,0,28,316,3
2022-08-27 13,1.997,0,40,0,29,300,3
2022-08-27 14,1.623,0,40,0,29,314,3
2022-08-27 15,2.21,0,40,0,28,336,3
2022-08-27 16,2.295,0,35,0,27,336,3
2022-08-27 17,2.771,0,35,0,26,311,3
2022-08-27 18,1.99,0,45,0,24,302,2
2022-08-27 19,2.932,0,50,0,22,310,2
2022-08-27 20,1.998,0,50,0,21,317,2
2022-08-27 21,1.747,0,55,0,21,320,2
2022-08-27 22,1.901,0,65,0,20,305,1
2022-08-27 23,2.095,0,65,0,20,321,2
2022-08-28 00,1.932,0,70,0,19,327,2
2022-08-28 01,1.688,0,70,0,19,321,1
2022-08-28 02,1.683,0,75,0,18,335,1
2022-08-28 03,1.788,0,80,0,17,334,2
2022-08-28 04,1.776,0,80,0,17,5,1
2022-08-28 05,1.575,0,75,0,18,28,2
2022-08-28 06,1.306,0,75,0,18,32,1
2022-08-28 07,2.006,0,70,0,20,36,2
2022-08-28 08,1.74,0,60,0,22,27,2
2022-08-28 09,1.62,0,50,0,25,72,3
2022-08-28 10,1.855,0,45,0,26,103,3
2022-08-28 11,1.751,0,45,0,26,102,3
2022-08-28 12,2.336,0,45,0,26,110,3
2022-08-28 13,3.274,0,45,0,27,103,3
2022-08-28 14,3.072,0,45,0,27,111,2
2022-08-28 15,4.259,0,40,0,28,99,2
2022-08-28 16,3.529,0,45,0,26,113,2
2022-08-28 17,4.351,0,50,0,26,104,2
2022-08-28 18,2.753,0,60,0,24,255,2
2022-08-28 19,3.149,0,70,0,23,132,0
2022-08-28 20,2.659,0,75,0,22,343,1
2022-08-28 21,2.258,0,75,0,21,313,1
2022-08-28 22,2.837,0,75,0,21,348,1
2022-08-28 23,2.524,0,75,0,21,25,1
2022-08-29 00,2.496,0,80,0,20,7,1
2022-08-29 01,2.091,0,80,0,20,354,1
2022-08-29 02,1.651,0,80,0,19,47,0
2022-08-29 03,1.558,0,80,0,19,3,1
2022-08-29 04,1.268,0,80,0,19,343,1
2022-08-29 05,1.236,0,80,0,19,358,1
2022-08-29 06,1.186,0,80,0,20,16,1
2022-08-29 07,1.445,0,75,0,22,31,1
2022-08-29 08,1.681,0,60,0,25,87,1
2022-08-29 09,1.802,0,55,0,26,87,2
2022-08-29 10,1.964,0,55,0,26,97,2
2022-08-29 11,1.66,0,55,0,27,44,1
2022-08-29 12,2.107,5,60,0.1,26,69,2
2022-08-29 13,2.195,5,60,0.2,26,64,2
2022-08-29 14,2.24,0,60,0,27,72,2
2022-08-29 15,2.079,5,60,0.1,26,69,3
2022-08-29 16,2.311,0,60,0,25,59,3
2022-08-29 17,1.893,5,65,0.2,25,58,2
2022-08-29 18,1.892,0,65,0,24,31,2
2022-08-29 19,2.272,0,65,0,24,81,1
2022-08-29 20,1.863,0,65,0,24,73,1
2022-08-29 21,1.841,0,70,0,24,126,0
2022-08-29 22,2.093,0,70,0,24,326,0
2022-08-29 23,1.609,0,75,0,23,34,0
2022-08-30 00,2.977,0,75,0,23,352,0
2022-08-30 01,3.469,0,75,0,23,30,1
2022-08-30 02,3.418,5,80,0.1,23,325,0
2022-08-30 03,3.204,0,80,0,23,73,1
2022-08-30 04,3.16,0,80,0,23,69,1
2022-08-30 05,3.184,0,80,0,23,34,1
2022-08-30 06,2.372,5,80,0.1,23,19,0
2022-08-30 07,3.135,0,75,0,24,12,0
2022-08-30 08,3.211,0,75,0,24,112,1
2022-08-30 09,3.279,1,80,0.5,24,121,2
2022-08-30 10,3.268,1,85,0.9,23,81,1
2022-08-30 11,1.554,1,90,1,23,244,0
2022-08-30 12,3.469,1,90,0.3,23,79,1
2022-08-30 13,1.111,0,90,0,23,80,1
2022-08-30 14,1.541,5,90,0.1,24,73,1
2022-08-30 15,5.104,0,85,0,24,97,1
2022-08-30 16,5.067,5,85,0.1,24,114,2
2022-08-30 17,4.468,0,85,0,24,96,1
2022-08-30 18,2.671,1,90,0.4,24,94,1
2022-08-30 19,2.806,5,90,0.1,24,68,0
2022-08-30 20,2.985,5,90,0.2,24,66,0
2022-08-30 21,2.532,0,90,0,23,325,1
2022-08-30 22,2.272,0,90,0,24,336,0
2022-08-30 23,2.666,0,90,0,23,355,0
2022-08-31 00,1.995,0,90,0,23,140,0
2022-08-31 01,1.48,0,90,0,23,257,0
2022-08-31 02,1.487,0,90,0,24,207,0
2022-08-31 03,1.381,5,90,0.1,23,313,0
2022-08-31 04,1.171,5,95,0.2,23,305,0
2022-08-31 05,1.403,1,95,0.3,23,209,1
2022-08-31 06,1.086,0,90,0,24,192,1
2022-08-31 07,1.36,0,90,0,24,168,0
2022-08-31 08,1.554,0,90,0,25,274,1
2022-08-31 09,1.99,0,75,0,26,340,2
2022-08-31 10,2.481,0,65,0,27,330,3
2022-08-31 11,2.005,0,65,0,27,298,3
2022-08-31 12,4.521,0,65,0,27,296,3
2022-08-31 13,4.519,0,60,0,28,334,2
2022-08-31 14,3.088,0,60,0,28,310,3
2022-08-31 15,4.136,0,60,0,27,330,3
2022-08-31 16,3.084,0,60,0,27,321,2
2022-08-31 17,2.674,0,65,0,26,313,2
2022-08-31 18,2.83,0,70,0,25,334,2
2022-08-31 19,2.902,0,75,0,25,342,1
2022-08-31 20,2.175,0,70,0,24,50,1
2022-08-31 21,2.042,0,75,0,24,20,1
2022-08-31 22,1.935,0,80,0,23,335,1
2022-08-31 23,1.585,0,85,0,23,351,1
